ts_code,name,start_date,end_date,change_reason
600228.SH,返利科技,20260609,,撤销*ST
600193.SH,退市创兴,20260608,,终止上市
605081.SH,退市太和,20260608,,终止上市
688347.SH,华虹宏力,20260608,,改名
920206.BJ,彩客科技,20260608,,其他
600608.SH,退市沪科,20260608,,终止上市
688347.SH,华虹宏力,20260608,,改名
920211.BJ,新睿电子,20260605,,其他
000672.SZ,上峰材料,20260605,,改名
001399.SZ,惠科股份,20260604,,其他
688797.SH,臻宝科技,20260604,,其他
002200.SZ,交投生态,20260603,,其他
000736.SZ,中交地产,20260603,,撤销*ST
300175.SZ,朗源股份,20260603,,撤销ST
000668.SZ,荣丰控股,20260603,,撤销*ST
603721.SH,中广天择,20260602,,撤销*ST
002848.SZ,高斯贝尔,20260602,,其他
600636.SH,退市国化,20260601,,终止上市
600696.SH,退市岩石,20260601,,终止上市
600421.SH,退市华嵘,20260601,,终止上市
000691.SZ,亚太实业,20260601,,撤销*ST
600599.SH,退市熊猫,20260601,,终止上市
603991.SH,领先股份,20260529,,改名
920218.BJ,新天力,20260529,,其他
300561.SZ,汇金科技,20260528,,其他
301669.SZ,高特电子,20260528,,其他
920174.BJ,五新智能,20260527,,改名
920161.BJ,龙辰科技,20260527,,其他
688635.SH,长进光子,20260527,,其他
002693.SZ,双成药业,20260525,,撤销*ST
603435.SH,嘉德利,20260522,,其他
920220.BJ,朗信电气,20260522,,其他
001237.SZ,惠康科技,20260522,,其他
002047.SZ,宝鹰股份,20260521,,其他
000608.SZ,阳光股份,20260521,,撤销*ST
301669.SZ,高特电子,20260521,,其他
600360.SH,华微电子,20260520,,其他
603789.SH,ST星农,20260520,,摘星
001270.SZ,铖昌科技,20260520,,撤销*ST
003004.SZ,声迅股份,20260520,,撤销*ST
000518.SZ,四环生物,20260520,,撤销*ST
688287.SH,退市观典,20260519,,终止上市
688287.SH,退市观典,20260519,,终止上市
688287.SH,退市观典,20260519,,终止上市
000430.SZ,张家界,20260518,,撤销ST
920096.BJ,嘉晨智能,20260518,,其他
301617.SZ,博苑新材,20260518,,改名
001365.SZ,天海电子,20260518,,其他
688635.SH,长进光子,20260515,,其他
001393.SZ,维通利,20260515,,其他
603007.SH,顺景科技,20260515,,改名
920178.BJ,锐翔智能,20260515,,其他
300497.SZ,富祥股份,20260515,,其他
300899.SZ,上海凯鑫,20260514,,撤销*ST
301288.SZ,清研环境,20260513,,撤销*ST
002868.SZ,绿康生化,20260513,,其他
300268.SZ,佳沃食品,20260513,,其他
601568.SH,北元化工,20260513,,其他
688496.SH,*ST清越,20260512,,*ST
301139.SZ,*ST元道,20260512,,*ST
600729.SH,重百集团,20260512,,改名
688496.SH,*ST清越,20260512,,*ST
603435.SH,嘉德利,20260512,,其他
688496.SH,*ST清越,20260512,,*ST
001237.SZ,惠康科技,20260512,,其他
603407.SH,长裕集团,20260511,,其他
301531.SZ,春光集团,20260511,,其他
002168.SZ,ST惠程,20260511,,摘星
688635.SH,长进光子,20260508,,其他
920200.BJ,振宏股份,20260507,,其他
001365.SZ,天海电子,20260506,,其他
603189.SH,*ST网达,20260506,,*ST
002667.SZ,*ST威领,20260506,,*ST
688033.SH,*ST天宜,20260506,,*ST
600965.SH,*ST福成,20260506,,*ST
688066.SH,*ST航图,20260506,,*ST
600340.SH,*ST华幸,20260506,,*ST
002883.SZ,*ST中设,20260506,,*ST
603557.SH,*ST起步,20260506,,*ST
002082.SZ,ST万邦,20260506,,ST
002198.SZ,ST嘉应,20260506,,ST
300716.SZ,*ST泉为,20260506,,*ST
000677.SZ,ST海龙,20260506,,ST
301030.SZ,*ST仕净,20260506,,*ST
688022.SH,ST瀚川,20260506,,ST
603378.SH,*ST亚士,20260506,,*ST
603718.SH,*ST海利,20260506,,*ST
300076.SZ,*ST宁视,20260506,,*ST
688066.SH,*ST航图,20260506,,*ST
002514.SZ,*ST宝馨,20260506,,*ST
603021.SH,*ST华鹏,20260506,,*ST
000697.SZ,炼石航空,20260506,,撤销ST
300010.SZ,ST豆神,20260506,,ST
300396.SZ,ST迪瑞,20260506,,ST
600491.SH,ST龙元,20260506,,ST
600187.SH,*ST国中,20260506,,*ST
600745.SH,*ST闻泰,20260506,,*ST
002742.SZ,三圣股份,20260506,,其他
002193.SZ,ST如意,20260506,,ST
600337.SH,ST美克,20260506,,ST
920575.BJ,*ST康乐,20260506,,*ST
688066.SH,*ST航图,20260506,,*ST
600107.SH,*ST尔雅,20260506,,*ST
600302.SH,ST标准,20260506,,ST
000078.SZ,ST海王,20260506,,ST
300352.SZ,ST信源,20260506,,ST
300430.SZ,*ST益通,20260506,,*ST
002109.SZ,ST兴化,20260506,,ST
601718.SH,ST际华,20260506,,ST
603729.SH,ST龙韵,20260430,,ST
000010.SZ,*ST美丽,20260430,,*ST
002726.SZ,ST龙大,20260430,,ST
920023.BJ,*ST田野,20260430,,*ST
000632.SZ,ST三木,20260430,,ST
002856.SZ,*ST美芝,20260430,,*ST
600734.SH,*ST实达,20260430,,*ST
002547.SZ,*ST春兴,20260430,,*ST
600370.SH,*ST三房,20260430,,*ST
002501.SZ,*ST利源,20260430,,*ST
300152.SZ,*ST动力,20260430,,*ST
002630.SZ,*ST华西,20260430,,*ST
002717.SZ,*ST岭南,20260430,,*ST
603435.SH,嘉德利,20260430,,其他
002691.SZ,*ST冀凯,20260430,,*ST
601010.SH,ST文峰,20260430,,ST
688496.SH,ST清越,20260430,20260511,ST
300068.SZ,ST南都,20260430,,ST
300594.SZ,ST朗进,20260430,,ST
600678.SH,ST金顶,20260430,,ST
600239.SH,ST云城,20260430,,ST
603359.SH,*ST东珠,20260430,,*ST
688496.SH,ST清越,20260430,,ST
001237.SZ,惠康科技,20260430,,其他
600053.SH,*ST九鼎,20260430,,*ST
000826.SZ,*ST启环,20260430,,*ST
000639.SZ,ST西王,20260430,,ST
002694.SZ,*ST顾地,20260430,,*ST
002175.SZ,*ST东智,20260430,,*ST
001393.SZ,维通利,20260430,,其他
688622.SH,*ST禾信,20260430,,*ST
002102.SZ,ST能特,20260430,,ST
300212.SZ,*ST易录,20260430,,*ST
688622.SH,*ST禾信,20260430,,*ST
300147.SZ,*ST香雪,20260430,,*ST
002620.SZ,*ST瑞和,20260430,,*ST
000016.SZ,*ST康佳A,20260430,,*ST
603922.SH,ST金鸿顺,20260430,,ST
000911.SZ,*ST广糖,20260430,,*ST
301599.SZ,理奇智能,20260430,,其他
002581.SZ,*ST未名,20260430,,*ST
600080.SH,ST金花,20260430,,ST
600130.SH,波导股份,20260430,,撤销*ST
002528.SZ,*ST英飞,20260430,,*ST
002323.SZ,*ST雅博,20260430,,*ST
600180.SH,*ST瑞茂,20260430,,*ST
300027.SZ,ST华谊,20260430,,ST
600537.SH,*ST亿晶,20260429,,*ST
600759.SH,ST洲际,20260429,,ST
002360.SZ,ST同德,20260429,,ST
600084.SH,*ST尼雅,20260429,,*ST
300338.SZ,*ST开元,20260429,,*ST
600476.SH,*ST湘邮,20260429,,*ST
002207.SZ,*ST准油,20260429,,*ST
603828.SH,*ST利达,20260429,,*ST
002719.SZ,ST麦趣,20260429,,ST
600818.SH,ST中路,20260429,,ST
300245.SZ,ST天玑,20260429,,ST
300198.SZ,*ST纳川,20260429,,*ST
688201.SH,ST信安,20260429,,ST
603272.SH,*ST联翔,20260429,,*ST
920186.BJ,中科仪,20260429,,其他
688280.SH,精进电动-W,20260428,,其他
600730.SH,*ST高科,20260428,,*ST
603008.SH,ST喜临门,20260428,,ST
600423.SH,*ST柳化,20260428,,*ST
002634.SZ,*ST棒杰,20260428,,*ST
688712.SH,北芯生命,20260428,,其他
603959.SH,ST百利,20260428,,ST
002431.SZ,ST棕榈,20260428,,ST
000752.SZ,*ST西发,20260428,,*ST
600119.SH,*ST长投,20260428,,*ST
600265.SH,*ST景谷,20260427,,*ST
920156.BJ,海昌智能,20260427,,其他
000056.SZ,*ST皇庭,20260427,,*ST
000838.SZ,*ST发展,20260427,,*ST
000610.SZ,*ST西旅,20260427,,*ST
600543.SH,*ST莫高,20260427,,*ST
600889.SH,*ST京化,20260424,,*ST
920125.BJ,鸿仕达,20260424,,其他
920090.BJ,*ST同辉,20260424,,*ST
688808.SH,联讯仪器,20260424,,其他
002977.SZ,*ST天箭,20260424,,*ST
603407.SH,长裕集团,20260424,,其他
001365.SZ,天海电子,20260424,,其他
300295.SZ,*ST三六五,20260424,,*ST
000609.SZ,*ST中迪,20260423,,*ST
001393.SZ,维通利,20260423,,其他
605336.SH,*ST帅电,20260423,,*ST
301531.SZ,春光集团,20260423,,其他
002227.SZ,*ST特迅,20260422,,*ST
300044.SZ,*ST赛为,20260422,,*ST
002960.SZ,青鸟智控,20260422,,改名
002932.SZ,*ST明德,20260422,,*ST
002542.SZ,*ST中岩,20260421,,*ST
001312.SZ,福恩股份,20260421,,其他
300123.SZ,ST亚光,20260421,,ST
688820.SH,盛合晶微,20260421,,其他
603007.SH,花王股份,20260421,,其他
688270.SH,ST臻镭,20260421,,ST
300668.SZ,杰恩股份,20260421,,其他
603007.SH,花王股份,20260421,20260514,其他
688511.SH,天微电子,20260421,,撤销*ST
688270.SH,ST臻镭,20260421,,ST
688511.SH,天微电子,20260421,,撤销*ST
688270.SH,ST臻镭,20260421,,ST
688322.SH,奥比中光-W,20260421,,其他
603268.SH,松发股份,20260420,,撤销*ST
002739.SZ,儒意电影,20260420,,改名
002180.SZ,奔图科技,20260420,,改名
600358.SH,国旅联合,20260420,,撤销ST
920191.BJ,瑞尔竞达,20260420,,其他
603407.SH,长裕集团,20260417,,其他
301513.SZ,尚水智能,20260417,,其他
300052.SZ,中青宝,20260416,,撤销ST
688235.SH,百济神州,20260416,,其他
603293.SH,埃泰克,20260416,,其他
603293.SH,埃泰克,20260416,,其他
920177.BJ,恒道科技,20260416,,其他
301666.SZ,大普微-UW,20260416,,其他
301666.SZ,大普微,20260416,,其他
301531.SZ,春光集团,20260416,,其他
300385.SZ,ST雪浪,20260414,,ST
002647.SZ,仁东控股,20260414,,撤销*ST
600082.SH,ST海泰,20260414,,ST
601567.SH,三星电气,20260414,,其他
688808.SH,联讯仪器,20260413,,其他
920012.BJ,创达新材,20260413,,其他
301599.SZ,理奇智能,20260410,,其他
301265.SZ,华新科技,20260410,,改名
301696.SZ,三瑞智能,20260410,,其他
688811.SH,有研复材,20260410,,其他
688811.SH,有研复材,20260410,,其他
920181.BJ,赛英电子,20260410,,其他
001312.SZ,福恩股份,20260409,,其他
300081.SZ,ST恒信,20260408,,ST
603459.SH,红板科技,20260408,,其他
688820.SH,盛合晶微,20260408,,其他
002598.SZ,ST章鼓,20260408,,ST
920011.BJ,晨光电机,20260408,,其他
301513.SZ,尚水智能,20260407,,其他
603293.SH,埃泰克,20260403,,其他
688808.SH,联讯仪器,20260403,,其他
301666.SZ,大普微,20260402,,其他
000909.SZ,*ST数源,20260401,,*ST
301683.SZ,慧谷新材,20260401,,其他
001312.SZ,福恩股份,20260331,,其他
300097.SZ,智云股份,20260331,,撤销ST
600581.SH,*ST八钢,20260331,,*ST
920055.BJ,隆源股份,20260331,,其他
688813.SH,泰金新能,20260331,,其他
688820.SH,盛合晶微,20260331,,其他
001257.SZ,盛龙股份,20260331,,其他
300344.SZ,立方退,20260331,,终止上市
002538.SZ,ST司特,20260331,,ST
300165.SZ,天瑞仪器,20260330,,撤销ST
920188.BJ,悦龙科技,20260330,,其他
920069.BJ,普昂医疗,20260327,,其他
603293.SH,埃泰克,20260327,,其他
301513.SZ,尚水智能,20260327,,其他
688811.SH,有研复材,20260327,,其他
688428.SH,诺诚健华,20260327,,其他
301666.SZ,大普微,20260326,,其他
603459.SH,红板科技,20260326,,其他
300277.SZ,汽轮科技,20260326,,改名
000908.SZ,ST景峰,20260326,,摘星
301696.SZ,三瑞智能,20260326,,其他
301682.SZ,宏明电子,20260325,,其他
603196.SH,璞源材料,20260325,,改名
688781.SH,视涯科技,20260325,,其他
688781.SH,视涯科技-UW,20260325,,其他
603429.SH,*ST集友,20260324,,*ST
688811.SH,有研复材,20260320,,其他
920028.BJ,新恒泰,20260320,,其他
300391.SZ,长药退,20260320,,终止上市
301683.SZ,慧谷新材,20260319,,其他
603459.SH,红板科技,20260319,,其他
688813.SH,泰金新能,20260319,,其他
001257.SZ,盛龙股份,20260319,,其他
920078.BJ,族兴新材,20260318,,其他
688256.SH,寒武纪,20260316,,其他
688256.SH,寒武纪,20260316,,其他
688256.SH,寒武纪,20260316,,其他
301682.SZ,宏明电子,20260313,,其他
688781.SH,视涯科技,20260313,,其他
301683.SZ,慧谷新材,20260312,,其他
688813.SH,泰金新能,20260312,,其他
001257.SZ,盛龙股份,20260312,,其他
920036.BJ,觅睿科技,20260309,,其他
600863.SH,华能蒙电,20260309,,其他
688781.SH,视涯科技,20260306,,其他
301680.SZ,固德电材,20260306,,其他
001369.SZ,双欣材料,20260305,,其他
920187.BJ,通领科技,20260305,,其他
301682.SZ,宏明电子,20260305,,其他
920183.BJ,海菲曼,20260304,,其他
002512.SZ,ST达华,20260303,,ST
000793.SZ,*ST华闻,20260302,,*ST
920168.BJ,通宝光电,20260226,,其他
688579.SH,地纬智能,20260226,,改名
688579.SH,地纬智能,20260226,,改名
301680.SZ,固德电材,20260224,,其他
300209.SZ,行云科技,20260213,,改名
920166.BJ,海圣医疗,20260212,,其他
000430.SZ,ST张家界,20260212,,摘星
000430.SZ,ST张家界,20260212,20260517,摘星
688816.SH,易思维,20260211,,其他
688818.SH,电科蓝天,20260210,,其他
603284.SH,林平发展,20260210,,其他
920180.BJ,爱得科技,20260210,,其他
002731.SZ,ST萃华,20260210,,ST
688818.SH,电科蓝天,20260210,,其他
301680.SZ,固德电材,20260206,,其他
688712.SH,北芯生命-U,20260205,20260427,其他
688712.SH,北芯生命-U,20260205,,其他
688712.SH,北芯生命,20260205,,其他
000875.SZ,电投绿能,20260204,,改名
001220.SZ,世盟股份,20260203,,其他
920119.BJ,美德乐,20260130,,其他
002379.SZ,宏桥控股,20260130,,改名
600750.SH,华润江中,20260130,,改名
688816.SH,易思维,20260130,,其他
601112.SH,振石股份,20260129,,其他
603284.SH,林平发展,20260129,,其他
688818.SH,电科蓝天,20260129,,其他
920159.BJ,农大科技,20260128,,其他
688785.SH,恒运昌,20260128,,其他
688785.SH,恒运昌,20260128,,其他
301028.SZ,鼎熔岩,20260126,,改名
688816.SH,易思维,20260123,,其他
688712.SH,北芯生命,20260123,,其他
001220.SZ,世盟股份,20260122,,其他
688818.SH,电科蓝天,20260122,,其他
920076.BJ,国亮新材,20260122,,其他
603284.SH,林平发展,20260122,,其他
002822.SZ,ST中装,20260122,,摘星
920050.BJ,爱舍伦,20260121,,其他
300078.SZ,思创智联,20260120,,改名
000821.SZ,ST京机,20260120,,ST
300682.SZ,朗新科技,20260119,,其他
920086.BJ,科马材料,20260116,,其他
002150.SZ,正泰电源,20260116,,改名
688712.SH,北芯生命,20260116,,其他
601112.SH,振石股份,20260116,,其他
603352.SH,至信股份,20260115,,其他
300746.SZ,汉嘉数智,20260115,,改名
001220.SZ,世盟股份,20260115,,其他
300919.SZ,中伟新材,20260115,,其他
688785.SH,恒运昌,20260115,,其他
300376.SZ,易事特,20260114,,撤销ST
002310.SZ,东方新能,20260114,,改名
600165.SH,ST宁科,20260114,,摘星
300506.SZ,ST名家汇,20260114,,摘星
600292.SH,电投水电,20260113,,改名
600292.SH,电投水电,20260113,,改名
002388.SZ,新亚制程,20260113,,撤销ST
300692.SZ,中赋科技,20260112,,改名
600936.SH,北投科技,20260109,,改名
601112.SH,振石股份,20260109,,其他
688785.SH,恒运昌,20260108,,其他
002055.SZ,ST得润,20260106,,ST
300091.SZ,*ST金灵,20260106,,*ST
603402.SH,陕西旅游,20260106,,其他
000537.SZ,绿发电力,20260105,,改名
301696.SZ,三瑞智能,20260105,,其他
603352.SH,至信股份,20260105,,其他
920045.BJ,蘅东光,20251231,,其他
600259.SH,中稀有色,20251231,,改名
301687.SZ,新广益,20251231,,其他
600259.SH,中稀有色,20251231,,改名
001369.SZ,双欣环保,20251230,20260304,其他
001369.SZ,双欣环保,20251230,,其他
300379.SZ,东通退,20251230,,终止上市
001396.SZ,誉帆科技,20251230,,其他
688809.SH,强一股份,20251230,,其他
301550.SZ,斯菱智驱,20251229,,改名
300578.SZ,会畅科技,20251226,,改名
000697.SZ,ST炼石,20251225,,摘星
000697.SZ,ST炼石,20251225,20260505,摘星
000697.SZ,ST炼石,20251225,,撤销*ST
603352.SH,至信股份,20251225,,其他
920121.BJ,江天科技,20251225,,其他
688805.SH,健信超导,20251224,,其他
688805.SH,健信超导,20251224,,其他
002197.SZ,证通电子,20251224,,撤销ST
301667.SZ,纳百川,20251223,,其他
301449.SZ,天溯计量,20251223,,其他
300173.SZ,ST福能,20251223,,ST
002424.SZ,ST百灵,20251223,,ST
300173.SZ,ST福能,20251223,,*ST
000590.SZ,古汉医药,20251223,,改名
002586.SZ,ST围海,20251223,,其他
002586.SZ,ST围海,20251223,,摘星
603248.SH,锡华科技,20251223,,其他
688807.SH,优迅股份,20251219,,其他
603402.SH,陕西旅游,20251219,,其他
688807.SH,优迅股份,20251219,,其他
301687.SZ,新广益,20251219,,其他
603402.SH,陕西旅游,20251218,,其他
001396.SZ,誉帆科技,20251218,,其他
001369.SZ,双欣环保,20251218,,其他
688809.SH,强一股份,20251218,,其他
001325.SZ,元创股份,20251218,,其他
300049.SZ,福瑞医科,20251218,,其他
688802.SH,沐曦股份,20251217,,其他
688818.SH,电科蓝天,20251217,,其他
688802.SH,沐曦股份-U,20251217,,其他
688790.SH,昂瑞微,20251216,,其他
301023.SZ,奕帆传动,20251216,,其他
600079.SH,ST人福,20251216,,ST
688790.SH,昂瑞微-UW,20251216,,其他
603284.SH,林平发展,20251213,,其他
301687.SZ,新广益,20251212,,其他
603439.SH,三力制药,20251212,,其他
688805.SH,健信超导,20251212,,其他
002425.SZ,凯撒文化,20251211,,撤销ST
001396.SZ,誉帆科技,20251211,,其他
920680.BJ,广道退,20251211,,终止上市
688809.SH,强一股份,20251211,,其他
603248.SH,锡华科技,20251211,,其他
605286.SH,同力天启,20251211,,改名
603822.SH,ST嘉澳,20251211,,ST
001369.SZ,双欣环保,20251211,,其他
605286.SH,同力天启,20251211,,改名
300460.SZ,ST惠伦,20251211,,ST
301449.SZ,天溯计量,20251211,,其他
688796.SH,百奥赛图,20251210,,其他
600200.SH,退市苏吴,20251209,,终止上市
001325.SZ,元创股份,20251208,,其他
300137.SZ,先河环保,20251208,,撤销ST
301667.SZ,纳百川,20251205,,其他
688805.SH,健信超导,20251205,,其他
688795.SH,摩尔线程-U,20251205,,其他
688807.SH,优迅股份,20251205,,其他
001325.SZ,元创股份,20251205,,其他
688795.SH,摩尔线程,20251205,,其他
301449.SZ,天溯计量,20251204,,其他
688790.SH,昂瑞微,20251204,,其他
603248.SH,锡华科技,20251204,,其他
688802.SH,沐曦股份,20251204,,其他
001280.SZ,中国铀业,20251203,,其他
300344.SZ,*ST立方,20251202,,*ST
002689.SZ,ST远智,20251202,,ST
920035.BJ,精创电气,20251202,,其他
301210.SZ,金杨精密,20251202,,其他
300344.SZ,*ST立方,20251202,20260330,*ST
688807.SH,优迅股份,20251128,,其他
688796.SH,百奥赛图,20251127,,其他
688790.SH,昂瑞微,20251127,,其他
688802.SH,沐曦股份,20251127,,其他
920124.BJ,南特科技,20251127,,其他
301667.SZ,纳百川,20251127,,其他
688335.SH,复洁科技,20251126,,其他
688335.SH,复洁科技,20251126,,其他
001233.SZ,海安集团,20251125,,其他
920091.BJ,大鹏工业,20251121,,其他
688795.SH,摩尔线程,20251121,,其他
688796.SH,百奥赛图,20251120,,其他
001280.SZ,中国铀业,20251120,,其他
601112.SH,振石股份,20251119,,其他
301638.SZ,南网数字,20251118,,其他
688156.SH,路德科技,20251118,,其他
688727.SH,恒坤新材,20251118,,其他
920160.BJ,北矿检测,20251118,,其他
688795.SH,摩尔线程,20251114,,其他
001280.SZ,中国铀业,20251113,,其他
001233.SZ,海安集团,20251113,,其他
600641.SH,先导基电,20251112,,改名
002602.SZ,世纪华通,20251112,,撤销ST
601515.SH,衢州东峰,20251111,,改名
688288.SH,鸿泉技术,20251111,,其他
688288.SH,鸿泉技术,20251111,,其他
600831.SH,广电网络,20251110,,撤销ST
603402.SH,陕西旅游,20251108,,其他
603092.SH,德力佳,20251107,,其他
920003.BJ,中诚咨询,20251107,,其他
603092.SH,德力佳,20251107,,其他
001233.SZ,海安集团,20251106,,其他
600801.SH,华新建材,20251106,,改名
688727.SH,恒坤新材,20251106,,其他
600801.SH,华新建材,20251106,,改名
603376.SH,大明电子,20251106,,其他
301638.SZ,南网数字,20251106,,其他
603334.SH,丰倍生物,20251105,,其他
000430.SZ,*ST张股,20251105,20260211,*ST
000430.SZ,*ST张股,20251105,,*ST
600169.SH,ST太重,20251104,,ST
920009.BJ,丹娜生物,20251103,,其他
688813.SH,泰金新能,20251031,,其他
603595.SH,ST东尼,20251031,,ST
002122.SZ,ST汇洲,20251031,,ST
688727.SH,恒坤新材,20251030,,其他
301638.SZ,南网数字,20251030,,其他
600603.SH,广汇物流,20251029,,撤销ST
688783.SH,西安奕材-U,20251028,,其他
688765.SH,禾元生物-U,20251028,,其他
688783.SH,西安奕材,20251028,,其他
688765.SH,禾元生物,20251028,,其他
688759.SH,必贝特,20251028,,其他
688765.SH,禾元生物-U,20251028,,其他
002670.SZ,国盛证券,20251028,,改名
688759.SH,必贝特-U,20251028,,其他
920020.BJ,泰凯英,20251028,,其他
603092.SH,德力佳,20251027,,其他
603175.SH,超颖电子,20251024,,其他
603334.SH,丰倍生物,20251024,,其他
000908.SZ,*ST景峰,20251023,,*ST
000908.SZ,*ST景峰,20251023,20260325,*ST
603376.SH,大明电子,20251023,,其他
001386.SZ,马可波罗,20251022,,其他
002145.SZ,钛能化学,20251020,,改名
601026.SH,道生天合,20251017,,其他
601026.SH,道生天合,20251017,,其他
603334.SH,丰倍生物,20251017,,其他
601026.SH,道生天合,20251017,,其他
601026.SH,道生天合,20251017,,其他
603092.SH,德力佳,20251017,,其他
603376.SH,大明电子,20251016,,其他
920158.BJ,长江能科,20251016,,其他
688759.SH,必贝特,20251016,,其他
688807.SH,优迅股份,20251015,,其他
688783.SH,西安奕材,20251015,,其他
603175.SH,超颖电子,20251014,,其他
688765.SH,禾元生物,20251013,,其他
000698.SZ,ST沈化,20251010,,ST
920080.BJ,奥美森,20251010,,其他
001386.SZ,马可波罗,20251010,,其他
688759.SH,必贝特,20251009,,其他
300506.SZ,*ST名家,20251009,,*ST
300506.SZ,*ST名家,20251009,20260113,*ST
001285.SZ,瑞立科密,20250930,,其他
600735.SH,ST新华锦,20250930,,ST
301563.SZ,云汉芯城,20250930,,其他
300237.SZ,ST美晨,20250930,,ST
603139.SH,康惠股份,20250929,,其他
603175.SH,超颖电子,20250926,,其他
688796.SH,百奥赛图,20250926,,其他
601026.SH,道生天合,20250926,,其他
600397.SH,江钨装备,20250926,,改名
301668.SZ,昊创瑞通,20250926,,其他
301656.SZ,联合动力,20250925,,其他
920015.BJ,锦华新材,20250925,,其他
001386.SZ,马可波罗,20250925,,其他
301584.SZ,建发致新,20250925,,其他
000697.SZ,*ST炼石,20250925,,*ST
000697.SZ,*ST炼石,20250925,20251224,*ST
688783.SH,西安奕材,20250925,,其他
688765.SH,禾元生物,20250923,,其他
603418.SH,友升股份,20250923,,其他
603418.SH,友升股份,20250923,,其他
300366.SZ,ST创意,20250923,,ST
600624.SH,ST复华,20250923,,ST
603517.SH,ST绝味,20250923,,ST
688053.SH,ST思科瑞,20250923,,ST
600165.SH,*ST宁科,20250919,,*ST
600165.SH,*ST宁科,20250919,20260113,*ST
920022.BJ,世昌股份,20250919,,其他
601026.SH,道生天合,20250919,,其他
600165.SH,*ST宁科,20250919,,*ST
001285.SZ,瑞立科密,20250918,,其他
301563.SZ,云汉芯城,20250918,,其他
600691.SH,潞化科技,20250917,,改名
301584.SZ,建发致新,20250915,,其他
300280.SZ,紫天退,20250915,,终止上市
301656.SZ,联合动力,20250912,,其他
688103.SH,国力电子,20250911,,其他
603418.SH,友升股份,20250911,,其他
001285.SZ,瑞立科密,20250911,,其他
301563.SZ,云汉芯城,20250911,,其他
603337.SH,杰克科技,20250910,,其他
301668.SZ,昊创瑞通,20250910,,其他
301575.SZ,艾芬达,20250910,,其他
600287.SH,苏豪时尚,20250910,,改名
600981.SH,苏豪汇鸿,20250910,,改名
002798.SZ,帝欧水华,20250910,,改名
920100.BJ,三协电机,20250908,,其他
000711.SZ,ST京蓝,20250908,,其他
000711.SZ,ST京蓝,20250908,,摘星
301584.SZ,建发致新,20250905,,其他
603370.SH,华新精科,20250905,,其他
603370.SH,华新精科,20250905,,其他
301656.SZ,联合动力,20250905,,其他
000401.SZ,金隅冀东,20250904,,改名
603418.SH,友升股份,20250904,,其他
000631.SZ,顺发恒能,20250901,,改名
920112.BJ,巴兰仕,20250828,,其他
301668.SZ,昊创瑞通,20250828,,其他
002316.SZ,亚联发展,20250827,,撤销ST
603825.SH,ST华扬,20250826,,ST
600615.SH,鑫源智造,20250822,,改名
603370.SH,华新精科,20250822,,其他
920056.BJ,能之光,20250822,,其他
000713.SZ,国投丰乐,20250822,,改名
002822.SZ,*ST中装,20250821,,*ST
301575.SZ,艾芬达,20250821,,其他
002822.SZ,*ST中装,20250821,20260121,*ST
920018.BJ,宏远股份,20250820,,其他
688783.SH,西安奕材,20250815,,其他
603370.SH,华新精科,20250815,,其他
300300.SZ,海峡创新,20250814,,撤销ST
920101.BJ,志高机械,20250814,,其他
600711.SH,盛屯矿业,20250814,,撤销ST
600711.SH,盛屯矿业,20250814,,撤销ST
301632.SZ,广东建科,20250812,,其他
603092.SH,德力佳,20250808,,其他
920007.BJ,酉立智能,20250808,,其他
603406.SH,天富龙,20250808,,其他
600844.SH,金煤科技,20250807,,改名
301491.SZ,汉桑科技,20250806,,其他
300527.SZ,ST应急,20250801,,ST
920005.BJ,鼎佳精密,20250731,,其他
001221.SZ,悍高集团,20250730,,其他
603406.SH,天富龙,20250725,,其他
688712.SH,北芯生命,20250725,,其他
301491.SZ,汉桑科技,20250724,,其他
301632.SZ,广东建科,20250724,,其他
301609.SZ,山大电力,20250723,,其他
603262.SH,技源集团,20250723,,其他
000506.SZ,招金黄金,20250723,,改名
831834.BJ,三维装备,20250722,,其他
920834.BJ,三维装备,20250722,,其他
688076.SH,ST诺泰,20250722,,ST
001221.SZ,悍高集团,20250718,,其他
830879.BJ,基康技术,20250718,,改名
603406.SH,天富龙,20250718,,其他
603376.SH,大明电子,20250718,,其他
920879.BJ,基康技术,20250718,,改名
301491.SZ,汉桑科技,20250717,,其他
600930.SH,华电新能,20250716,,其他
600287.SH,江苏舜天,20250716,,撤销ST
600930.SH,华电新能,20250716,,其他
600930.SH,华电新能,20250716,,其他
600930.SH,华电新能,20250716,,其他
600287.SH,江苏舜天,20250716,20250909,撤销ST
603959.SH,百利科技,20250715,20260427,撤销ST
601717.SH,中创智领,20250715,,改名
601717.SH,中创智领,20250715,,改名
603959.SH,百利科技,20250715,,撤销ST
603262.SH,技源集团,20250711,,其他
300301.SZ,ST长方,20250711,,撤销*ST
301609.SZ,山大电力,20250711,,其他
300301.SZ,ST长方,20250711,,摘星
001221.SZ,悍高集团,20250711,,其他
000903.SZ,ST云动,20250710,,ST
301630.SZ,同宇新材,20250710,,其他
600289.SH,ST信通,20250709,,撤销*ST
002309.SZ,中利集团,20250709,,撤销ST
600289.SH,ST信通,20250709,,摘星
000070.SZ,特发信息,20250709,,撤销ST
002581.SZ,ST未名,20250708,20260429,ST
300462.SZ,ST华铭,20250708,,ST
000627.SZ,*ST天茂,20250708,,*ST
688729.SH,屹唐股份,20250708,,其他
600777.SH,*ST新潮,20250708,,*ST
002581.SZ,ST未名,20250708,,ST
688729.SH,屹唐股份,20250708,,其他
000839.SZ,国安股份,20250707,,改名
603262.SH,技源集团,20250704,,其他
301609.SZ,山大电力,20250704,,其他
600930.SH,华电新能,20250704,,其他
603559.SH,ST通脉,20250704,,摘星
603559.SH,ST通脉,20250704,,撤销*ST
300225.SZ,*ST金泰,20250703,,*ST
002639.SZ,雪人集团,20250703,,改名
300548.SZ,长芯博创,20250702,,改名
001388.SZ,信通电子,20250701,,其他
002424.SZ,贵州百灵,20250630,,撤销ST
300208.SZ,中程退,20250630,,终止上市
600190.SH,退市锦港,20250630,,终止上市
002141.SZ,贤丰控股,20250630,,其他
301630.SZ,同宇新材,20250630,,其他
002424.SZ,贵州百灵,20250630,20251222,撤销ST
600930.SH,华电新能,20250627,,其他
301630.SZ,同宇新材,20250627,,其他
920037.BJ,广信科技,20250626,,其他
688729.SH,屹唐股份,20250626,,其他
000622.SZ,恒立退,20250625,,终止上市
000620.SZ,盈新发展,20250625,,改名
300311.SZ,ST任子行,20250624,,ST
600462.SH,退市九有,20250624,,终止上市
002217.SZ,合力泰,20250624,,撤销ST
002700.SZ,万憬能源,20250623,,改名
603400.SH,华之杰,20250620,,其他
301678.SZ,新恒汇,20250620,,其他
603501.SH,豪威集团,20250620,,改名
603501.SH,豪威集团,20250620,,改名
603370.SH,华新精科,20250620,,其他
000584.SZ,工智退,20250620,,终止上市
688729.SH,屹唐股份,20250619,,其他
001388.SZ,信通电子,20250619,,其他
002052.SZ,同洲电子,20250617,,其他
300167.SZ,ST迪威迅,20250617,,摘星
300167.SZ,ST迪威迅,20250617,,撤销*ST
002721.SZ,金一文化,20250616,,撤销ST
600387.SH,退市海越,20250616,,终止上市
000908.SZ,ST景峰,20250616,,撤销*ST
000908.SZ,ST景峰,20250616,20251022,摘星
000908.SZ,ST景峰,20250616,20251022,撤销*ST
000525.SZ,红太阳,20250613,,撤销ST
002336.SZ,人乐退,20250613,,终止上市
603382.SH,海阳科技,20250612,,其他
001388.SZ,信通电子,20250612,,其他
603382.SH,海阳科技,20250612,,其他
000609.SZ,ST中迪,20250611,,撤销*ST
600742.SH,富维股份,20250611,,改名
600742.SH,富维股份,20250611,,改名
000609.SZ,ST中迪,20250611,20260422,摘星
000609.SZ,ST中迪,20250611,,摘星
688775.SH,影石创新,20250611,,其他
300338.SZ,ST开元,20250610,,撤销*ST
300338.SZ,ST开元,20250610,20260428,摘星
301678.SZ,新恒汇,20250610,,其他
920027.BJ,交大铁发,20250610,,其他
600804.SH,退市鹏博,20250610,,终止上市
603003.SH,退市龙宇,20250610,,终止上市
300338.SZ,ST开元,20250610,,摘星
603400.SH,华之杰,20250609,,其他
002750.SZ,龙津退,20250606,,终止上市
688033.SH,天宜新材,20250606,20260505,其他
600753.SH,*ST海钦,20250606,,改名
688033.SH,天宜新材,20250606,,其他
603049.SH,中策橡胶,20250605,,其他
000506.SZ,中润资源,20250605,,其他
301590.SZ,优优绿能,20250605,,其他
603049.SH,中策橡胶,20250605,,其他
600743.SH,华远控股,20250605,,改名
000506.SZ,中润资源,20250605,20250722,其他
002309.SZ,ST中利,20250604,,摘星
000889.SZ,中嘉博创,20250604,,撤销ST
603023.SH,威帝股份,20250604,,撤销*ST
002309.SZ,ST中利,20250604,20250708,摘星
300163.SZ,先锋新材,20250603,,撤销ST
300600.SZ,国瑞科技,20250603,,撤销ST
301678.SZ,新恒汇,20250530,,其他
603382.SH,海阳科技,20250530,,其他
603400.SH,华之杰,20250530,,其他
001390.SZ,古麒绒材,20250529,,其他
002310.SZ,东方园林,20250529,,其他
002310.SZ,东方园林,20250529,20260113,其他
688775.SH,影石创新,20250529,,其他
300020.SZ,ST银江,20250527,,撤销*ST
300020.SZ,ST银江,20250527,,摘星
300368.SZ,汇金股份,20250526,,撤销ST
301590.SZ,优优绿能,20250523,,其他
002951.SZ,金时科技,20250523,,其他
603382.SH,海阳科技,20250523,,其他
300536.SZ,农尚环境,20250523,,撤销*ST
603049.SH,中策橡胶,20250522,,其他
002748.SZ,世龙实业,20250522,,撤销ST
688775.SH,影石创新,20250522,,其他
301367.SZ,瑞迈特,20250521,,改名
300145.SZ,南方泵业,20250521,,改名
000683.SZ,博源化工,20250521,,改名
600234.SH,科新发展,20250520,,撤销*ST
300506.SZ,ST名家汇,20250520,,撤销*ST
002092.SZ,中泰化学,20250520,,撤销ST
603363.SH,傲农生物,20250520,,撤销*ST
300280.SZ,*ST紫天,20250520,,*ST
002259.SZ,升达林业,20250520,,撤销ST
300506.SZ,ST名家汇,20250520,20251008,摘星
300280.SZ,*ST紫天,20250520,20250914,*ST
300506.SZ,ST名家汇,20250520,20251008,撤销*ST
600671.SH,天目药业,20250520,,撤销ST
603014.SH,威高血净,20250519,,其他
301595.SZ,太力科技,20250519,,其他
603014.SH,威高血净,20250519,,其他
688021.SH,奥福科技,20250519,,改名
301636.SZ,泽润新能,20250516,,其他
688755.SH,汉邦科技,20250516,,其他
001390.SZ,古麒绒材,20250516,,其他
688755.SH,汉邦科技,20250516,,其他
603049.SH,中策橡胶,20250515,,其他
301590.SZ,优优绿能,20250515,,其他
600173.SH,卧龙新能,20250515,,改名
001236.SZ,苏豪期货,20250515,,其他
300209.SZ,有棵树,20250513,,其他
300209.SZ,有棵树,20250513,20260212,其他
920068.BJ,天工股份,20250513,,其他
001390.SZ,古麒绒材,20250509,,其他
600185.SH,珠免集团,20250508,,改名
000989.SZ,九芝堂,20250507,,撤销ST
301595.SZ,太力科技,20250507,,其他
603014.SH,威高血净,20250507,,其他
603398.SH,*ST沐邦,20250506,,*ST
002124.SZ,天邦食品,20250506,,撤销ST
600892.SH,*ST大晟,20250506,,*ST
002289.SZ,*ST宇顺,20250506,,*ST
300326.SZ,ST凯利,20250506,,ST
300472.SZ,*ST新元,20250506,,*ST
600193.SH,*ST创兴,20250506,,*ST
603007.SH,*ST花王,20250506,,*ST
600599.SH,*ST熊猫,20250506,,*ST
688755.SH,汉邦科技,20250506,,其他
003004.SZ,*ST声迅,20250506,,*ST
603608.SH,天创时尚,20250506,,其他
600165.SH,ST宁科,20250506,,撤销*ST
600360.SH,*ST华微,20250506,,*ST
688511.SH,*ST天微,20250506,,*ST
600200.SH,*ST苏吴,20250506,,*ST
603388.SH,*ST元成,20250506,,*ST
600107.SH,ST尔雅,20250506,,ST
300013.SZ,新宁物流,20250506,,其他
603843.SH,*ST正平,20250506,,*ST
835305.BJ,*ST云创,20250506,,*ST
603721.SH,*ST天择,20250506,,*ST
003004.SZ,*ST声迅,20250506,20260519,*ST
688511.SH,*ST天微,20250506,20260420,*ST
600238.SH,*ST椰岛,20250506,,*ST
835305.BJ,*ST云创,20250506,,ST
688282.SH,理工导航,20250506,,撤销*ST
600715.SH,文投控股,20250506,,其他
300379.SZ,*ST东通,20250506,,*ST
603721.SH,*ST天择,20250506,,*ST
300211.SZ,*ST亿通,20250506,,*ST
603721.SH,*ST天择,20250506,20260601,*ST
920680.BJ,*ST广道,20250506,20251210,*ST
603879.SH,永悦科技,20250506,,撤销ST
688511.SH,*ST天微,20250506,,*ST
688184.SH,ST帕瓦,20250506,,ST
002490.SZ,山东墨龙,20250506,,撤销ST
600190.SH,*ST锦港,20250506,20250629,*ST
688646.SH,ST逸飞,20250506,,ST
603789.SH,*ST星农,20250506,,*ST
688511.SH,*ST天微,20250506,,*ST
600200.SH,*ST苏吴,20250506,20251208,*ST
839680.BJ,ST广道,20250506,,ST
835305.BJ,ST云创,20250506,,ST
600193.SH,*ST创兴,20250506,20260607,*ST
603007.SH,*ST花王,20250506,20260420,*ST
920680.BJ,*ST广道,20250506,,*ST
600360.SH,*ST华微,20250506,,*ST
300379.SZ,*ST东通,20250506,20251229,*ST
688282.SH,理工导航,20250506,,撤销*ST
600107.SH,ST尔雅,20250506,20260505,ST
600190.SH,*ST锦港,20250506,,*ST
839680.BJ,*ST广道,20250506,,*ST
603389.SH,*ST亚振,20250506,,*ST
920305.BJ,*ST云创,20250506,,*ST
600165.SH,ST宁科,20250506,20250918,撤销*ST
300965.SZ,恒宇信通,20250506,,撤销*ST
600165.SH,ST宁科,20250506,20250918,摘星
600360.SH,*ST华微,20250506,20260519,*ST
600599.SH,*ST熊猫,20250506,20260531,*ST
603789.SH,*ST星农,20250506,20260519,*ST
300093.SZ,*ST金刚,20250430,,*ST
605199.SH,ST葫芦娃,20250430,,ST
000615.SZ,*ST美谷,20250430,,*ST
301288.SZ,*ST清研,20250430,,*ST
002868.SZ,*ST绿康,20250430,20260512,*ST
600265.SH,ST景谷,20250430,20260426,ST
688287.SH,*ST观典,20250430,,*ST
000638.SZ,*ST万方,20250430,,*ST
002693.SZ,*ST双成,20250430,,*ST
300198.SZ,ST纳川,20250430,,ST
688287.SH,*ST观典,20250430,,*ST
000504.SZ,*ST生物,20250430,,*ST
000820.SZ,*ST节能,20250430,,*ST
000851.SZ,*ST高鸿,20250430,,*ST
300344.SZ,ST立方,20250430,,ST
000691.SZ,*ST亚太,20250430,,*ST
000004.SZ,*ST国华,20250430,,*ST
600525.SH,ST长园,20250430,,ST
603813.SH,*ST原尚,20250430,,*ST
002630.SZ,ST华西,20250430,,ST
000518.SZ,*ST四环,20250430,,*ST
002168.SZ,*ST惠程,20250430,,*ST
300899.SZ,*ST凯鑫,20250430,20260513,*ST
300205.SZ,*ST天喻,20250430,,*ST
600608.SH,*ST沪科,20250430,20260607,*ST
300899.SZ,*ST凯鑫,20250430,,*ST
000668.SZ,*ST荣控,20250430,,*ST
603580.SH,*ST艾艾,20250430,,*ST
002620.SZ,ST瑞和,20250430,,ST
002058.SZ,*ST威尔,20250430,,*ST
600265.SH,ST景谷,20250430,,ST
002305.SZ,*ST南置,20250430,,*ST
600608.SH,*ST沪科,20250430,,*ST
603580.SH,*ST艾艾,20250430,,*ST
300152.SZ,ST新动力,20250430,20260429,ST
000929.SZ,*ST兰黄,20250430,,*ST
300313.SZ,*ST天山,20250430,,*ST
600381.SH,*ST春天,20250430,,*ST
002816.SZ,*ST和科,20250430,,*ST
300477.SZ,ST合纵,20250430,,ST
002713.SZ,*ST东易,20250430,,*ST
300344.SZ,ST立方,20250430,20251201,ST
002868.SZ,*ST绿康,20250430,,*ST
002168.SZ,*ST惠程,20250430,20260510,*ST
600130.SH,*ST波导,20250430,20260429,*ST
002620.SZ,ST瑞和,20250430,20260429,ST
000518.SZ,*ST四环,20250430,20260519,*ST
000691.SZ,*ST亚太,20250430,20260531,*ST
300198.SZ,ST纳川,20250430,20260428,ST
002717.SZ,ST岭南,20250430,20260429,ST
301288.SZ,*ST清研,20250430,20260512,*ST
002693.SZ,*ST双成,20250430,20260524,*ST
688287.SH,*ST观典,20250430,,*ST
300716.SZ,ST泉为,20250430,20260505,ST
688287.SH,*ST观典,20250430,20260518,*ST
000668.SZ,*ST荣控,20250430,20260602,*ST
300716.SZ,ST泉为,20250430,,ST
002717.SZ,ST岭南,20250430,,ST
002231.SZ,*ST奥维,20250430,,*ST
002630.SZ,ST华西,20250430,20260429,ST
603838.SH,*ST四通,20250430,,*ST
600130.SH,*ST波导,20250430,,*ST
300152.SZ,ST新动力,20250430,,ST
002742.SZ,*ST三圣,20250429,,*ST
603268.SH,*ST松发,20250429,20260419,*ST
600636.SH,*ST国化,20250429,,*ST
002253.SZ,*ST智胜,20250429,,*ST
600421.SH,*ST华嵘,20250429,20260531,*ST
605081.SH,*ST太和,20250429,20260607,*ST
000595.SZ,*ST宝实,20250429,,*ST
600636.SH,*ST国化,20250429,,*ST
002214.SZ,*ST大立,20250429,,*ST
002656.SZ,*ST摩登,20250429,,*ST
603268.SH,*ST松发,20250429,,*ST
002529.SZ,*ST海源,20250429,,*ST
002076.SZ,*ST星光,20250429,,*ST
600421.SH,*ST华嵘,20250429,,*ST
600636.SH,*ST国化,20250429,20260531,*ST
600753.SH,*ST庚星,20250429,20250605,*ST
688520.SH,神州细胞,20250429,,其他
002742.SZ,*ST三圣,20250429,20260505,*ST
688520.SH,神州细胞,20250429,,其他
600355.SH,*ST精伦,20250429,,*ST
605081.SH,*ST太和,20250429,,*ST
301127.SZ,武汉天源,20250429,,改名
600753.SH,*ST庚星,20250429,,*ST
603261.SH,*ST立航,20250429,,*ST
600228.SH,*ST返利,20250428,20260608,*ST
300630.SZ,普利退,20250428,,终止上市
002047.SZ,*ST宝鹰,20250428,,*ST
002047.SZ,*ST宝鹰,20250428,20260520,*ST
002848.SZ,*ST高斯,20250428,20260601,*ST
600228.SH,*ST返利,20250428,,*ST
002789.SZ,*ST建艺,20250428,,*ST
002848.SZ,*ST高斯,20250428,,*ST
002898.SZ,*ST赛隆,20250428,,*ST
002569.SZ,*ST步森,20250428,,*ST
301305.SZ,朗坤科技,20250425,,改名
002662.SZ,峰璟股份,20250425,,改名
301560.SZ,众捷汽车,20250425,,其他
300426.SZ,华智数媒,20250425,,改名
300044.SZ,ST赛为,20250425,,ST
300125.SZ,*ST聆达,20250425,,*ST
002211.SZ,ST宏达,20250425,,ST
002808.SZ,*ST恒久,20250425,,*ST
603014.SH,威高血净,20250425,,其他
000809.SZ,和展能源,20250425,,撤销*ST
301636.SZ,泽润新能,20250425,,其他
300044.SZ,ST赛为,20250425,20260421,ST
001400.SZ,江顺科技,20250424,,其他
300561.SZ,*ST汇科,20250424,,*ST
301115.SZ,联检科技,20250424,,改名
603202.SH,天有为,20250424,,其他
001270.SZ,*ST铖昌,20250424,,*ST
002762.SZ,*ST金比,20250424,,*ST
301595.SZ,太力科技,20250424,,其他
688755.SH,汉邦科技,20250424,,其他
300561.SZ,*ST汇科,20250424,20260527,*ST
001270.SZ,*ST铖昌,20250424,20260519,*ST
003032.SZ,*ST传智,20250423,,*ST
603021.SH,ST华鹏,20250423,,ST
600243.SH,*ST海华,20250423,,*ST
603021.SH,ST华鹏,20250423,20260505,ST
600696.SH,*ST岩石,20250423,20260531,*ST
002496.SZ,*ST辉丰,20250423,,*ST
600696.SH,*ST岩石,20250423,,*ST
300029.SZ,*ST天龙,20250422,,*ST
300391.SZ,*ST长药,20250422,,*ST
000608.SZ,*ST阳光,20250422,,*ST
000608.SZ,*ST阳光,20250422,20260520,*ST
300391.SZ,*ST长药,20250422,20260319,*ST
000697.SZ,ST炼石,20250421,,ST
002251.SZ,步步高,20250421,,撤销ST
000697.SZ,ST炼石,20250421,20250924,ST
600303.SH,曙光股份,20250421,,撤销ST
600375.SH,汉马科技,20250418,,其他
002200.SZ,*ST交投,20250418,,*ST
002200.SZ,*ST交投,20250418,20260602,*ST
301662.SZ,宏工科技,20250417,,其他
301636.SZ,泽润新能,20250417,,其他
000430.SZ,ST张家界,20250417,,ST
000430.SZ,ST张家界,20250417,20251104,ST
603120.SH,肯特催化,20250416,,其他
600520.SH,三佳科技,20250416,,改名
000736.SZ,*ST中地,20250416,20260602,*ST
603120.SH,肯特催化,20250416,,其他
603120.SH,肯特催化,20250416,,其他
002306.SZ,*ST云网,20250416,,*ST
000736.SZ,*ST中地,20250416,,*ST
603120.SH,肯特催化,20250416,,其他
001335.SZ,信凯科技,20250415,,其他
002564.SZ,天沃科技,20250415,,其他
001400.SZ,江顺科技,20250414,,其他
301665.SZ,泰禾股份,20250411,,其他
601211.SH,国泰海通,20250411,,改名
603202.SH,天有为,20250411,,其他
001400.SZ,江顺科技,20250411,,其他
601211.SH,国泰海通,20250411,,改名
603210.SH,泰鸿万立,20250409,,其他
603257.SH,中国瑞林,20250408,,其他
603257.SH,中国瑞林,20250408,,其他
301662.SZ,宏工科技,20250407,,其他
603202.SH,天有为,20250403,,其他
603120.SH,肯特催化,20250403,,其他
838810.BJ,春光智能,20250403,,改名
301560.SZ,众捷汽车,20250403,,其他
920810.BJ,春光智能,20250403,,改名
301658.SZ,首航新能,20250402,,其他
688506.SH,百利天恒,20250401,,其他
000972.SZ,*ST中基,20250401,,*ST
688506.SH,百利天恒,20250401,,撤销ST
688506.SH,百利天恒,20250401,,撤销ST
688351.SH,微电生理,20250331,,其他
688351.SH,微电生理,20250331,,其他
920029.BJ,开发科技,20250328,,其他
301665.SZ,泰禾股份,20250328,,其他
001335.SZ,信凯科技,20250328,,其他
603210.SH,泰鸿万立,20250327,,其他
301535.SZ,浙江华远,20250327,,其他
603120.SH,肯特催化,20250327,,其他
301616.SZ,浙江华业,20250327,,其他
301662.SZ,宏工科技,20250327,,其他
002199.SZ,*ST东晶,20250326,,*ST
300147.SZ,ST香雪,20250325,,ST
300147.SZ,ST香雪,20250325,20260429,ST
688757.SH,胜科纳米,20250325,,其他
300343.SZ,ST联创,20250325,,ST
300175.SZ,ST朗源,20250325,20260602,ST
688757.SH,胜科纳米,20250325,,其他
300175.SZ,ST朗源,20250325,,ST
603257.SH,中国瑞林,20250325,,其他
301629.SZ,矽电股份,20250324,,其他
002700.SZ,新疆浩源,20250324,20250622,撤销ST
002700.SZ,新疆浩源,20250324,,撤销ST
001382.SZ,新亚电缆,20250321,,其他
301658.SZ,首航新能,20250321,,其他
001335.SZ,信凯科技,20250321,,其他
301235.SZ,华康洁净,20250321,,改名
301665.SZ,泰禾股份,20250320,,其他
603319.SH,美湖股份,20250320,,改名
603319.SH,美湖股份,20250320,,改名
603124.SH,江南新材,20250320,,其他
603319.SH,美湖股份,20250320,,改名
603210.SH,泰鸿万立,20250320,,其他
603124.SH,江南新材,20250320,,其他
300159.SZ,*ST新研,20250320,,*ST
301501.SZ,恒鑫生活,20250319,,其他
300052.SZ,ST中青宝,20250318,,ST
300052.SZ,ST中青宝,20250318,20260415,ST
000793.SZ,ST华闻,20250318,,ST
600358.SH,ST联合,20250318,,ST
000793.SZ,ST华闻,20250318,20260301,ST
301479.SZ,弘景光电,20250318,,其他
600358.SH,ST联合,20250318,20260419,ST
600811.SH,*ST东方,20250318,,*ST
603382.SH,海阳科技,20250317,,其他
301616.SZ,浙江华业,20250314,,其他
300268.SZ,*ST佳沃,20250314,,*ST
300268.SZ,*ST佳沃,20250314,20260512,*ST
301658.SZ,首航新能,20250314,,其他
301535.SZ,浙江华远,20250313,,其他
301616.SZ,浙江华业,20250313,,其他
603257.SH,中国瑞林,20250313,,其他
688757.SH,胜科纳米,20250313,,其他
603271.SH,永杰新材,20250311,,其他
301275.SZ,汉朔科技,20250311,,其他
603271.SH,永杰新材,20250311,,其他
603271.SH,永杰新材,20250311,,其他
603271.SH,永杰新材,20250311,,其他
603271.SH,永杰新材,20250311,,其他
603271.SH,永杰新材,20250311,,其他
301629.SZ,矽电股份,20250310,,其他
002656.SZ,ST摩登,20250310,,撤销*ST
002656.SZ,ST摩登,20250310,20250428,撤销*ST
001382.SZ,新亚电缆,20250310,,其他
002656.SZ,ST摩登,20250310,20250428,摘星
603124.SH,江南新材,20250307,,其他
000040.SZ,*ST旭蓝,20250307,,*ST
301629.SZ,矽电股份,20250307,,其他
688757.SH,胜科纳米,20250306,,其他
301535.SZ,浙江华远,20250306,,其他
301501.SZ,恒鑫生活,20250306,,其他
603409.SH,汇通控股,20250304,,其他
301557.SZ,常友科技,20250304,,其他
603409.SH,汇通控股,20250304,,其他
002298.SZ,中电鑫龙,20250303,,改名
301173.SZ,毓恬冠佳,20250303,,其他
301479.SZ,弘景光电,20250303,,其他
603124.SH,江南新材,20250228,,其他
001382.SZ,新亚电缆,20250228,,其他
688775.SH,影石创新,20250227,,其他
301501.SZ,恒鑫生活,20250227,,其他
300893.SZ,松原安全,20250227,,其他
301275.SZ,汉朔科技,20250227,,其他
603271.SH,永杰新材,20250227,,其他
002201.SZ,九鼎新材,20250224,,改名
000488.SZ,ST晨鸣,20250221,,ST
301479.SZ,弘景光电,20250221,,其他
603271.SH,永杰新材,20250220,,其他
603409.SH,汇通控股,20250220,,其他
301275.SZ,汉朔科技,20250220,,其他
301173.SZ,毓恬冠佳,20250219,,其他
601777.SH,千里科技,20250218,,改名
300114.SZ,中航成飞,20250217,,改名
300114.SZ,中航成飞,20250217,,改名
301557.SZ,常友科技,20250217,,其他
302132.SZ,中航成飞,20250217,,改名
301557.SZ,常友科技,20250214,,其他
601456.SH,国联民生,20250214,,改名
601456.SH,国联民生,20250214,,改名
000558.SZ,天府文旅,20250214,,改名
603409.SH,汇通控股,20250213,,其他
301173.SZ,毓恬冠佳,20250212,,其他
600225.SH,退市卓朗,20250207,,终止上市
920108.BJ,宏海科技,20250206,,其他
688411.SH,海博思创,20250127,,其他
688411.SH,海博思创,20250127,,其他
001395.SZ,亚联机械,20250127,,其他
002442.SZ,龙星科技,20250124,,改名
600579.SH,中化装备,20250124,,改名
001356.SZ,富岭股份,20250123,,其他
300587.SZ,天铁科技,20250123,,改名
688545.SH,兴福电子,20250122,,其他
688545.SH,兴福电子,20250122,,其他
301602.SZ,超研股份,20250122,,其他
688583.SH,思看科技,20250115,,其他
688411.SH,海博思创,20250115,,其他
301601.SZ,惠通科技,20250115,,其他
688583.SH,思看科技,20250115,,其他
688583.SH,思看科技,20250115,,其他
001395.SZ,亚联机械,20250115,,其他
688583.SH,思看科技,20250115,,其他
688583.SH,思看科技,20250115,,其他
688583.SH,思看科技,20250115,,其他
002656.SZ,*ST摩登,20250114,20250309,*ST
002656.SZ,*ST摩登,20250114,,*ST
603007.SH,ST花王,20250114,,撤销*ST
603007.SH,ST花王,20250114,20250505,撤销*ST
603007.SH,ST花王,20250114,20250505,摘星
001356.SZ,富岭股份,20250113,,其他
603120.SH,肯特催化,20250113,,其他
301458.SZ,钧崴电子,20250110,,其他
688758.SH,赛分科技,20250110,,其他
688545.SH,兴福电子,20250110,,其他
301602.SZ,超研股份,20250110,,其他
688758.SH,赛分科技,20250110,,其他
300993.SZ,玉马科技,20250109,,其他
688411.SH,海博思创,20250108,,其他
001395.SZ,亚联机械,20250108,,其他
300630.SZ,*ST普利,20250107,,*ST
300630.SZ,*ST普利,20250107,20250427,*ST
603072.SH,天和磁材,20250103,,其他
688583.SH,思看科技,20250103,,其他
301601.SZ,惠通科技,20250103,,其他
001356.SZ,富岭股份,20250103,,其他
603072.SH,天和磁材,20250103,,其他
688545.SH,兴福电子,20250103,,其他
603072.SH,天和磁材,20250103,,其他
002647.SZ,*ST仁东,20250103,20260413,*ST
603072.SH,天和磁材,20250103,,其他
301581.SZ,黄山谷捷,20250103,,其他
002647.SZ,*ST仁东,20250103,,*ST
301602.SZ,超研股份,20250102,,其他
300387.SZ,富邦科技,20250102,,其他
920116.BJ,星图测控,20250102,,其他
001391.SZ,国货航,20241230,,其他
688758.SH,赛分科技,20241227,,其他
301458.SZ,钧崴电子,20241227,,其他
688583.SH,思看科技,20241226,,其他
003027.SZ,同兴科技,20241226,,其他
301601.SZ,惠通科技,20241226,,其他
920082.BJ,方正阀门,20241226,,其他
603194.SH,中力股份,20241224,,其他
603194.SH,中力股份,20241224,,其他
301598.SZ,博科测试,20241220,,其他
301581.SZ,黄山谷捷,20241220,,其他
301458.SZ,钧崴电子,20241220,,其他
688758.SH,赛分科技,20241220,,其他
301585.SZ,蓝宇股份,20241220,,其他
301581.SZ,黄山谷捷,20241219,,其他
603072.SH,天和磁材,20241219,,其他
600807.SH,济高发展,20241219,,其他
000525.SZ,ST红太阳,20241218,20250612,ST
000525.SZ,ST红太阳,20241218,,ST
001391.SZ,国货航,20241218,,其他
920106.BJ,林泰新材,20241218,,其他
603983.SH,丸美生物,20241212,,其他
688605.SH,先锋精科,20241212,,其他
603194.SH,中力股份,20241212,,其他
300097.SZ,ST智云,20241212,,ST
603072.SH,天和磁材,20241212,,其他
603983.SH,丸美生物,20241212,,其他
300097.SZ,ST智云,20241212,20260330,ST
688605.SH,先锋精科,20241212,,其他
001391.SZ,国货航,20241211,,其他
301617.SZ,博苑股份,20241211,,其他
301617.SZ,博苑股份,20241211,20260517,其他
000785.SZ,居然智家,20241210,,改名
300165.SZ,ST天瑞,20241210,20260329,ST
300165.SZ,ST天瑞,20241210,,ST
301598.SZ,博科测试,20241206,,其他
920098.BJ,科隆新材,20241205,,其他
603194.SH,中力股份,20241205,,其他
301585.SZ,蓝宇股份,20241205,,其他
301598.SZ,博科测试,20241205,,其他
688708.SH,佳驰科技,20241205,,其他
688708.SH,佳驰科技,20241205,,其他
301622.SZ,英思特,20241204,,其他
600589.SH,大位科技,20241203,,改名
920128.BJ,胜业电气,20241129,,其他
688605.SH,先锋精科,20241129,,其他
688449.SH,联芸科技,20241129,,其他
688411.SH,海博思创,20241129,,其他
301617.SZ,博苑股份,20241128,,其他
301585.SZ,蓝宇股份,20241128,,其他
603395.SH,红四方,20241126,,其他
603395.SH,红四方,20241126,,其他
603395.SH,红四方,20241126,,其他
603395.SH,红四方,20241126,,其他
301188.SZ,力诺药包,20241125,,改名
301631.SZ,壹连科技,20241122,,其他
688605.SH,先锋精科,20241122,,其他
688708.SH,佳驰科技,20241122,,其他
301622.SZ,英思特,20241121,,其他
300176.SZ,鸿特科技,20241121,,改名
301617.SZ,博苑股份,20241120,,其他
688750.SH,金天钛业,20241120,,其他
688750.SH,金天钛业,20241120,,其他
688750.SH,金天钛业,20241120,,其他
688750.SH,金天钛业,20241120,,其他
600067.SH,冠城新材,20241119,,改名
920060.BJ,万源通,20241119,,其他
600067.SH,冠城新材,20241119,,改名
688708.SH,佳驰科技,20241115,,其他
688449.SH,联芸科技,20241115,,其他
301622.SZ,英思特,20241114,,其他
603395.SH,红四方,20241114,,其他
002388.SZ,ST新亚,20241113,20260112,ST
002388.SZ,ST新亚,20241113,,ST
300137.SZ,ST先河,20241112,,ST
300137.SZ,ST先河,20241112,20251207,ST
920111.BJ,聚星科技,20241111,,其他
688449.SH,联芸科技,20241108,,其他
002602.SZ,ST华通,20241108,20251111,ST
002602.SZ,ST华通,20241108,,ST
301631.SZ,壹连科技,20241107,,其他
301633.SZ,港迪技术,20241107,,其他
603205.SH,健尔康,20241107,,其他
603395.SH,红四方,20241107,,其他
688750.SH,金天钛业,20241107,,其他
603300.SH,海南华铁,20241106,,改名
603300.SH,海南华铁,20241106,,改名
688287.SH,ST观典,20241104,20250429,ST
688287.SH,ST观典,20241104,,其他
688287.SH,ST观典,20241104,,ST
600225.SH,*ST卓朗,20241101,20250206,*ST
600225.SH,*ST卓朗,20241101,,*ST
301631.SZ,壹连科技,20241031,,其他
301628.SZ,强达电路,20241031,,其他
920066.BJ,科拜尔,20241031,,其他
688750.SH,金天钛业,20241031,,其他
688726.SH,拉普拉斯,20241029,,其他
920088.BJ,科力股份,20241029,,其他
000796.SZ,凯撒旅业,20241029,,撤销ST
300419.SZ,ST浩丰,20241029,,ST
688726.SH,拉普拉斯,20241029,,其他
601226.SH,华电科工,20241025,,改名
601226.SH,华电科工,20241025,,改名
301613.SZ,新铝时代,20241025,,其他
301626.SZ,苏州天脉,20241024,,其他
301592.SZ,六九一二,20241024,,其他
301633.SZ,港迪技术,20241024,,其他
603205.SH,健尔康,20241024,,其他
301633.SZ,港迪技术,20241023,,其他
301628.SZ,强达电路,20241018,,其他
688726.SH,拉普拉斯,20241017,,其他
301556.SZ,托普云农,20241017,,其他
603205.SH,健尔康,20241017,,其他
301628.SZ,强达电路,20241017,,其他
301522.SZ,上大股份,20241016,,其他
002251.SZ,ST步步高,20241016,,ST
002251.SZ,ST步步高,20241016,20250420,ST
301613.SZ,新铝时代,20241015,,其他
301626.SZ,苏州天脉,20241014,,其他
920019.BJ,铜冠矿建,20241011,,其他
001279.SZ,强邦新材,20241011,,其他
301592.SZ,六九一二,20241010,,其他
688726.SH,拉普拉斯,20241010,,其他
301592.SZ,六九一二,20241009,,其他
300427.SZ,红相股份,20241009,,撤销*ST
301556.SZ,托普云农,20240930,,其他
301618.SZ,长联科技,20240930,,其他
301626.SZ,苏州天脉,20240927,,其他
301522.SZ,上大股份,20240927,,其他
301613.SZ,新铝时代,20240926,,其他
301551.SZ,无线传媒,20240926,,其他
688615.SH,合合信息,20240926,,其他
688615.SH,合合信息,20240926,,其他
920099.BJ,瑞华技术,20240925,,其他
001279.SZ,强邦新材,20240924,,其他
300378.SZ,鼎捷数智,20240923,,改名
603800.SH,洪田股份,20240920,,改名
603091.SH,众鑫股份,20240920,,其他
301556.SZ,托普云农,20240920,,其他
301522.SZ,上大股份,20240920,,其他
603091.SH,众鑫股份,20240920,,其他
603800.SH,洪田股份,20240920,,改名
002425.SZ,ST凯文,20240919,,ST
002168.SZ,ST惠程,20240919,20250429,ST
000525.SZ,*ST红阳,20240919,20241217,*ST
000525.SZ,*ST红阳,20240919,,*ST
002425.SZ,ST凯文,20240919,20251210,ST
002168.SZ,ST惠程,20240919,,ST
920016.BJ,中草香料,20240913,,其他
301618.SZ,长联科技,20240913,,其他
001279.SZ,强邦新材,20240913,,其他
301551.SZ,无线传媒,20240912,,其他
688615.SH,合合信息,20240912,,其他
603007.SH,*ST花王,20240911,,*ST
603007.SH,*ST花王,20240911,20250113,*ST
301600.SZ,慧翰股份,20240911,,其他
603007.SH,*ST花王,20240911,,*ST
002816.SZ,和科达,20240910,,撤销*ST
002816.SZ,和科达,20240910,20250429,撤销*ST
600208.SH,衢州发展,20240906,,改名
603091.SH,众鑫股份,20240905,,其他
301551.SZ,无线传媒,20240905,,其他
688615.SH,合合信息,20240905,,其他
301607.SZ,富特科技,20240904,,其他
688710.SH,益诺思,20240903,,其他
001277.SZ,速达股份,20240903,,其他
688710.SH,益诺思,20240903,,其他
688710.SH,益诺思,20240903,,其他
600603.SH,ST广物,20240903,,ST
600603.SH,ST广物,20240903,20251028,ST
301600.SZ,慧翰股份,20240830,,其他
920008.BJ,成电光信,20240829,,其他
301600.SZ,慧翰股份,20240829,,其他
603091.SH,众鑫股份,20240829,,其他
301586.SZ,佳力奇,20240828,,其他
603207.SH,小方制药,20240826,,其他
603207.SH,小方制药,20240826,,其他
603207.SH,小方制药,20240826,,其他
603207.SH,小方制药,20240826,,其他
603207.SH,小方制药,20240826,,其他
301607.SZ,富特科技,20240823,,其他
920118.BJ,太湖远大,20240822,,其他
688710.SH,益诺思,20240822,,其他
001277.SZ,速达股份,20240821,,其他
301571.SZ,国科天成,20240821,,其他
603717.SH,天域生物,20240821,,改名
600666.SH,奥瑞德,20240820,,撤销ST
301611.SZ,珂玛科技,20240816,,其他
301586.SZ,佳力奇,20240816,,其他
301607.SZ,富特科技,20240816,,其他
688710.SH,益诺思,20240815,,其他
300237.SZ,美晨科技,20240814,,改名
603207.SH,小方制药,20240814,,其他
603310.SH,巍华新材,20240814,,其他
300237.SZ,美晨科技,20240814,20250929,改名
603222.SH,济民健康,20240813,,改名
301586.SZ,佳力奇,20240809,,其他
301571.SZ,国科天成,20240809,,其他
688779.SH,五矿新能,20240809,,改名
603324.SH,盛剑科技,20240807,,改名
603324.SH,盛剑科技,20240807,,改名
603207.SH,小方制药,20240807,,其他
603324.SH,盛剑科技,20240807,,改名
002316.SZ,ST亚联,20240806,20250826,ST
688721.SH,龙图光罩,20240806,,其他
600396.SH,华电辽能,20240806,,改名
002316.SZ,ST亚联,20240806,,ST
000417.SZ,合百集团,20240806,,改名
688721.SH,龙图光罩,20240806,,其他
600396.SH,华电辽能,20240806,,改名
603310.SH,巍华新材,20240802,,其他
301571.SZ,国科天成,20240802,,其他
603310.SH,巍华新材,20240802,,其他
301611.SZ,珂玛科技,20240802,,其他
301611.SZ,珂玛科技,20240802,,其他
301571.SZ,国科天成,20240802,,其他
301608.SZ,博实结,20240801,,其他
301608.SZ,博实结,20240801,,其他
600711.SH,ST盛屯,20240801,20250813,ST
600711.SH,ST盛屯,20240801,,ST
600711.SH,ST盛屯,20240801,,ST
603391.SH,力聚热能,20240731,,其他
603391.SH,力聚热能,20240731,,其他
603117.SH,万林物流,20240730,,撤销ST
600006.SH,东风股份,20240730,,其他
603117.SH,万林物流,20240730,,撤销ST
600006.SH,东风股份,20240730,,其他
600006.SH,东风股份,20240730,,其他
301606.SZ,绿联科技,20240726,,其他
301611.SZ,珂玛科技,20240726,,其他
603310.SH,巍华新材,20240726,,其他
301606.SZ,绿联科技,20240726,,其他
688721.SH,龙图光罩,20240725,,其他
000975.SZ,山金国际,20240725,,改名
000975.SZ,山金国际,20240725,,改名
301552.SZ,科力装备,20240722,,其他
301608.SZ,博实结,20240722,,其他
301552.SZ,科力装备,20240722,,其他
603399.SH,永杉锂业,20240719,,改名
603399.SH,永杉锂业,20240719,,改名
000752.SZ,ST西发,20240719,20260427,摘星
000752.SZ,ST西发,20240719,,摘星
603391.SH,力聚热能,20240719,,其他
000752.SZ,ST西发,20240719,,撤销*ST
000752.SZ,ST西发,20240719,,撤销*ST
600654.SH,中安科,20240718,,改名
688721.SH,龙图光罩,20240718,,其他
600117.SH,西宁特钢,20240718,,撤销ST
600117.SH,西宁特钢,20240718,,撤销ST
600654.SH,中安科,20240718,,改名
301606.SZ,绿联科技,20240712,,其他
301608.SZ,博实结,20240712,,其他
603391.SH,力聚热能,20240712,,其他
300189.SZ,神农种业,20240711,,改名
300189.SZ,神农种业,20240711,,改名
603030.SH,全筑股份,20240710,,撤销ST
301603.SZ,乔锋智能,20240710,,其他
301552.SZ,科力装备,20240710,,其他
603030.SH,全筑股份,20240710,,撤销ST
301603.SZ,乔锋智能,20240710,,其他
000040.SZ,ST旭蓝,20240709,,ST
000413.SZ,ST旭电,20240709,,ST
000976.SZ,*ST华铁,20240709,,*ST
000040.SZ,ST旭蓝,20240709,20250306,ST
300376.SZ,ST易事特,20240709,20260113,ST
002308.SZ,*ST威创,20240709,,*ST
600831.SH,ST广网,20240709,20251109,ST
300376.SZ,ST易事特,20240709,,ST
600831.SH,ST广网,20240709,,ST
000040.SZ,ST旭蓝,20240709,,ST
600287.SH,ST舜天,20240709,,ST
600831.SH,ST广网,20240709,,ST
000413.SZ,ST旭电,20240709,,ST
600287.SH,ST舜天,20240709,20250715,ST
300376.SZ,ST易事特,20240709,,ST
600287.SH,ST舜天,20240709,,ST
002308.SZ,*ST威创,20240709,,*ST
000976.SZ,*ST华铁,20240709,,*ST
301110.SZ,青木科技,20240708,,改名
600543.SH,莫高股份,20240708,20260426,撤销*ST
600543.SH,莫高股份,20240708,,撤销*ST
300799.SZ,左江退,20240708,,终止上市
600543.SH,莫高股份,20240708,,撤销*ST
301110.SZ,青木科技,20240708,,改名
300799.SZ,左江退,20240708,,终止上市
603285.SH,键邦股份,20240705,,其他
603285.SH,键邦股份,20240705,,其他
301606.SZ,绿联科技,20240705,,其他
600518.SH,康美药业,20240704,,撤销ST
600518.SH,康美药业,20240704,,撤销ST
603350.SH,安乃达,20240703,,其他
603350.SH,安乃达,20240703,,其他
301556.SZ,托普云农,20240702,,其他
000007.SZ,全新好,20240702,,撤销*ST
000007.SZ,全新好,20240702,,撤销*ST
300742.SZ,越博退,20240701,,终止上市
300742.SZ,越博退,20240701,,终止上市
301626.SZ,苏州天脉,20240629,,其他
301603.SZ,乔锋智能,20240628,,其他
000615.SZ,ST美谷,20240628,,摘星
000615.SZ,ST美谷,20240628,,摘星
000615.SZ,ST美谷,20240628,20250429,摘星
300282.SZ,三盛退,20240627,,终止上市
301552.SZ,科力装备,20240627,,其他
300282.SZ,三盛退,20240627,,终止上市
600136.SH,ST明诚,20240626,,摘星
603880.SH,南卫股份,20240626,,撤销ST
603381.SH,永臻股份,20240626,,其他
603001.SH,奥康国际,20240626,,撤销ST
600136.SH,ST明诚,20240626,,摘星
301580.SZ,爱迪特,20240626,,其他
600654.SH,中安消,20240626,20240717,撤销ST
603001.SH,奥康国际,20240626,,撤销ST
600759.SH,洲际油气,20240626,20260428,撤销ST
603880.SH,南卫股份,20240626,,撤销ST
301580.SZ,爱迪特,20240626,,其他
603381.SH,永臻股份,20240626,,其他
600654.SH,中安消,20240626,20240717,撤销ST
603381.SH,永臻股份,20240626,,其他
600759.SH,洲际油气,20240626,,撤销ST
600759.SH,洲际油气,20240626,,撤销ST
000782.SZ,恒申新材,20240626,,改名
000782.SZ,恒申新材,20240626,,改名
600654.SH,中安消,20240626,,撤销ST
603285.SH,键邦股份,20240625,,其他
600078.SH,澄星股份,20240624,,撤销ST
600078.SH,澄星股份,20240624,,撤销ST
600530.SH,交大昂立,20240621,,撤销ST
600530.SH,交大昂立,20240621,,撤销ST
600530.SH,交大昂立,20240621,,撤销ST
603350.SH,安乃达,20240621,,其他
301603.SZ,乔锋智能,20240621,,其他
301565.SZ,中仑新材,20240620,,其他
301565.SZ,中仑新材,20240620,,其他
000796.SZ,ST凯撒,20240619,,摘星
000796.SZ,ST凯撒,20240619,20241028,摘星
000796.SZ,ST凯撒,20240619,,摘星
002482.SZ,广田集团,20240618,,其他
603285.SH,键邦股份,20240618,,其他
002482.SZ,广田集团,20240618,,其他
603180.SH,金牌家居,20240618,,其他
603180.SH,金牌家居,20240618,,其他
301613.SZ,新铝时代,20240617,,其他
600073.SH,光明肉业,20240617,,改名
600073.SH,光明肉业,20240617,,改名
600073.SH,光明肉业,20240617,,改名
002433.SZ,太安退,20240614,,终止上市
600589.SH,广东榕泰,20240614,20241202,其他
301580.SZ,爱迪特,20240614,,其他
600671.SH,ST目药,20240614,,摘星
600589.SH,广东榕泰,20240614,,其他
002433.SZ,太安退,20240614,,终止上市
600589.SH,广东榕泰,20240614,,其他
603381.SH,永臻股份,20240614,,其他
600671.SH,ST目药,20240614,20250519,摘星
600671.SH,ST目药,20240614,,摘星
603350.SH,安乃达,20240614,,其他
300010.SZ,豆神教育,20240613,,其他
300010.SZ,豆神教育,20240613,20260505,其他
002800.SZ,天顺股份,20240613,,撤销ST
300010.SZ,豆神教育,20240613,,其他
300823.SZ,建科智能,20240613,,改名
002800.SZ,天顺股份,20240613,,撤销ST
300823.SZ,建科智能,20240613,,改名
688692.SH,达梦数据,20240612,,其他
603551.SH,奥普科技,20240612,,改名
002721.SZ,ST金一,20240612,,撤销*ST
002086.SZ,东方海洋,20240612,,其他
688692.SH,达梦数据,20240612,,其他
300220.SZ,金运激光,20240612,,撤销ST
688692.SH,达梦数据,20240612,,其他
002721.SZ,ST金一,20240612,20250615,摘星
002157.SZ,正邦科技,20240612,,撤销*ST
002157.SZ,正邦科技,20240612,,撤销*ST
000637.SZ,茂化实华,20240612,,撤销ST
002086.SZ,东方海洋,20240612,,其他
300220.SZ,金运激光,20240612,,撤销ST
688692.SH,达梦数据,20240612,,其他
000637.SZ,茂化实华,20240612,,撤销ST
002721.SZ,ST金一,20240612,20250615,撤销*ST
603551.SH,奥普科技,20240612,,改名
002721.SZ,ST金一,20240612,,撤销*ST
000839.SZ,中信国安,20240611,,撤销ST
688500.SH,慧辰股份,20240611,,撤销*ST
688272.SH,富吉瑞,20240611,,撤销*ST
600734.SH,实达集团,20240611,,撤销ST
600734.SH,实达集团,20240611,20260429,撤销ST
603026.SH,石大胜华,20240611,,改名
688272.SH,富吉瑞,20240611,,撤销*ST
000839.SZ,中信国安,20240611,,撤销ST
000839.SZ,中信国安,20240611,20250706,撤销ST
603026.SH,石大胜华,20240611,,改名
688500.SH,慧辰股份,20240611,,撤销*ST
600734.SH,实达集团,20240611,,撤销ST
300784.SZ,利安科技,20240607,,其他
301565.SZ,中仑新材,20240607,,其他
300784.SZ,利安科技,20240607,,其他
603381.SH,永臻股份,20240606,,其他
301580.SZ,爱迪特,20240606,,其他
000996.SZ,中期退,20240606,,终止上市
002087.SZ,新纺退,20240606,,终止上市
000996.SZ,中期退,20240606,,终止上市
002087.SZ,新纺退,20240606,,终止上市
600265.SH,景谷林业,20240605,,撤销ST
600647.SH,退市同达,20240605,,终止上市
603133.SH,退市碳元,20240605,,终止上市
600265.SH,景谷林业,20240605,20250429,撤销ST
600396.SH,金山股份,20240605,20240805,其他
600647.SH,退市同达,20240605,,终止上市
301392.SZ,汇成真空,20240605,,其他
600396.SH,金山股份,20240605,20240805,其他
600396.SH,金山股份,20240605,,其他
600766.SH,退市园城,20240605,,终止上市
301392.SZ,汇成真空,20240605,,其他
600766.SH,退市园城,20240605,,终止上市
600265.SH,景谷林业,20240605,,撤销ST
603133.SH,退市碳元,20240605,,终止上市
600190.SH,ST锦港,20240604,,ST
600190.SH,ST锦港,20240604,20250505,ST
600190.SH,ST锦港,20240604,,ST
002021.SZ,中捷资源,20240603,,其他
688449.SH,联芸科技,20240603,,其他
002021.SZ,中捷资源,20240603,,其他
000564.SZ,供销大集,20240531,,撤销ST
301565.SZ,中仑新材,20240531,,其他
000564.SZ,供销大集,20240531,,撤销ST
688692.SH,达梦数据,20240530,,其他
920002.BJ,万达轴承,20240530,,其他
300859.SZ,西域旅游,20240530,,撤销*ST
920002.BJ,万达轴承,20240530,,其他
300859.SZ,西域旅游,20240530,,撤销*ST
600306.SH,退市商城,20240529,,终止上市
600186.SH,莲花控股,20240529,,改名
600306.SH,退市商城,20240529,,终止上市
600186.SH,莲花控股,20240529,,改名
000692.SZ,惠天热电,20240529,,撤销*ST
000692.SZ,惠天热电,20240529,,撤销*ST
301600.SZ,慧翰股份,20240528,,其他
300313.SZ,ST天山,20240528,20250429,摘星
300313.SZ,ST天山,20240528,,撤销*ST
300313.SZ,ST天山,20240528,,摘星
300313.SZ,ST天山,20240528,,摘星
301571.SZ,国科天成,20240527,,其他
300784.SZ,利安科技,20240527,,其他
300784.SZ,利安科技,20240524,,其他
000809.SZ,*ST和展,20240523,,改名
301392.SZ,汇成真空,20240523,,其他
000809.SZ,*ST和展,20240523,20250424,改名
000809.SZ,*ST和展,20240523,,改名
688692.SH,达梦数据,20240523,,其他
000620.SZ,新华联,20240521,,其他
300600.SZ,ST瑞科,20240521,20250602,ST
300600.SZ,ST瑞科,20240521,,ST
000620.SZ,新华联,20240521,20250624,其他
002092.SZ,ST中泰,20240521,,ST
002092.SZ,ST中泰,20240521,,ST
002092.SZ,ST中泰,20240521,20250519,ST
000620.SZ,新华联,20240521,,其他
300600.SZ,ST瑞科,20240521,,ST
002748.SZ,ST世龙,20240517,20250521,ST
002748.SZ,ST世龙,20240517,,ST
002748.SZ,ST世龙,20240517,,ST
000697.SZ,炼石航空,20240516,,其他
000697.SZ,炼石航空,20240516,20250420,其他
301392.SZ,汇成真空,20240516,,其他
000697.SZ,炼石航空,20240516,,其他
300268.SZ,ST佳沃,20240515,20250313,摘星
300268.SZ,ST佳沃,20240515,,摘星
300268.SZ,ST佳沃,20240515,,摘星
300268.SZ,ST佳沃,20240515,,撤销*ST
600226.SH,亨通股份,20240514,,改名
300368.SZ,ST汇金,20240514,,ST
300300.SZ,ST峡创,20240514,,ST
300300.SZ,ST峡创,20240514,,ST
000070.SZ,ST特信,20240514,20250708,ST
300368.SZ,ST汇金,20240514,,ST
300300.SZ,ST峡创,20240514,20250813,ST
000070.SZ,ST特信,20240514,,ST
000070.SZ,ST特信,20240514,,ST
300368.SZ,ST汇金,20240514,20250525,ST
600226.SH,亨通股份,20240514,,改名
301596.SZ,瑞迪智驱,20240513,,其他
603205.SH,健尔康,20240513,,其他
301596.SZ,瑞迪智驱,20240513,,其他
002668.SZ,TCL智家,20240510,,改名
002668.SZ,TCL智家,20240510,,改名
600117.SH,ST西钢,20240509,,摘星
688530.SH,欧莱新材,20240509,,其他
603030.SH,ST全筑,20240509,20240709,摘星
603030.SH,ST全筑,20240509,20240709,摘星
688530.SH,欧莱新材,20240509,,其他
600117.SH,ST西钢,20240509,20240717,摘星
603030.SH,ST全筑,20240509,,摘星
600117.SH,ST西钢,20240509,20240717,摘星
603003.SH,*ST龙宇,20240506,20250609,*ST
600823.SH,*ST世茂,20240506,,*ST
002124.SZ,ST天邦,20240506,,ST
688282.SH,*ST导航,20240506,20250505,*ST
002750.SZ,*ST龙津,20240506,,*ST
000622.SZ,*ST恒立,20240506,20250624,*ST
002424.SZ,ST百灵,20240506,20250629,ST
300163.SZ,ST先锋,20240506,,ST
002750.SZ,*ST龙津,20240506,,*ST
002621.SZ,*ST美吉,20240506,,*ST
002280.SZ,ST联络,20240506,,ST
600462.SH,*ST九有,20240506,,*ST
688282.SH,*ST导航,20240506,,*ST
603003.SH,*ST龙宇,20240506,,*ST
000023.SZ,*ST深天,20240506,,*ST
600360.SH,ST华微,20240506,,ST
603828.SH,ST柯利达,20240506,,ST
600289.SH,*ST信通,20240506,,*ST
000908.SZ,*ST景峰,20240506,,*ST
600836.SH,*ST易连,20240506,,*ST
603363.SH,*ST傲农,20240506,,*ST
600804.SH,*ST鹏博,20240506,,*ST
600565.SH,ST迪马,20240506,,ST
603608.SH,*ST天创,20240506,,*ST
000836.SZ,ST富通,20240506,,ST
000851.SZ,ST高鸿,20240506,,ST
002325.SZ,*ST洪涛,20240506,,*ST
000584.SZ,*ST工智,20240506,,*ST
000584.SZ,*ST工智,20240506,20250619,*ST
002325.SZ,*ST洪涛,20240506,,*ST
002750.SZ,*ST龙津,20240506,20250605,*ST
002435.SZ,ST长康,20240506,,ST
002528.SZ,ST英飞拓,20240506,,ST
000908.SZ,*ST景峰,20240506,,*ST
600836.SH,*ST易连,20240506,,*ST
002217.SZ,*ST合泰,20240506,,*ST
000506.SZ,*ST中润,20240506,,*ST
603559.SH,*ST通脉,20240506,,*ST
300020.SZ,*ST银江,20240506,20250526,*ST
603023.SH,*ST威帝,20240506,20250603,*ST
002217.SZ,*ST合泰,20240506,20250623,*ST
603828.SH,ST柯利达,20240506,20260428,ST
300163.SZ,ST先锋,20240506,20250602,ST
600112.SH,*ST天成,20240506,,*ST
600213.SH,*ST亚星,20240506,,*ST
000851.SZ,ST高鸿,20240506,,ST
600381.SH,ST春天,20240506,,ST
600381.SH,ST春天,20240506,,ST
600289.SH,*ST信通,20240506,20250708,*ST
603959.SH,ST百利,20240506,20250714,ST
600804.SH,*ST鹏博,20240506,20250609,*ST
002197.SZ,ST证通,20240506,20251223,ST
688282.SH,*ST导航,20240506,,*ST
002288.SZ,*ST超华,20240506,,*ST
600083.SH,*ST博信,20240506,,*ST
002610.SZ,ST爱康,20240506,,ST
603869.SH,ST智知,20240506,,ST
000908.SZ,*ST景峰,20240506,20250615,*ST
603023.SH,*ST威帝,20240506,,*ST
000851.SZ,ST高鸿,20240506,20250429,ST
603003.SH,*ST龙宇,20240506,,*ST
002435.SZ,ST长康,20240506,,ST
603879.SH,ST永悦,20240506,,ST
002621.SZ,*ST美吉,20240506,,*ST
300020.SZ,*ST银江,20240506,,*ST
300262.SZ,*ST巴安,20240506,,*ST
300020.SZ,*ST银江,20240506,,*ST
300338.SZ,*ST开元,20240506,20250609,*ST
000622.SZ,*ST恒立,20240506,,*ST
600823.SH,*ST世茂,20240506,,*ST
603828.SH,ST柯利达,20240506,,ST
000836.SZ,ST富通,20240506,,ST
600360.SH,ST华微,20240506,,ST
600289.SH,*ST信通,20240506,,*ST
603608.SH,*ST天创,20240506,20250505,*ST
600220.SH,ST阳光,20240506,,ST
002288.SZ,*ST超华,20240506,,*ST
603559.SH,*ST通脉,20240506,20250703,*ST
600277.SH,ST亿利,20240506,,ST
603559.SH,*ST通脉,20240506,,*ST
603869.SH,ST智知,20240506,,ST
002124.SZ,ST天邦,20240506,,ST
000023.SZ,*ST深天,20240506,,*ST
002528.SZ,ST英飞拓,20240506,20260429,ST
000622.SZ,*ST恒立,20240506,,*ST
002217.SZ,*ST合泰,20240506,,*ST
002424.SZ,ST百灵,20240506,,ST
600277.SH,ST亿利,20240506,,ST
603959.SH,ST百利,20240506,,ST
002197.SZ,ST证通,20240506,,ST
000506.SZ,*ST中润,20240506,20250604,*ST
603559.SH,*ST通脉,20240506,,*ST
300262.SZ,*ST巴安,20240506,,*ST
600220.SH,ST阳光,20240506,,ST
600565.SH,ST迪马,20240506,,ST
002280.SZ,ST联络,20240506,,ST
000584.SZ,*ST工智,20240506,,*ST
603879.SH,ST永悦,20240506,,ST
002341.SZ,ST新纶,20240506,,ST
603879.SH,ST永悦,20240506,20250505,ST
600360.SH,ST华微,20240506,20250505,ST
603377.SH,ST东时,20240506,,ST
603363.SH,*ST傲农,20240506,,*ST
603377.SH,ST东时,20240506,,ST
600462.SH,*ST九有,20240506,20250623,*ST
603608.SH,*ST天创,20240506,,*ST
300163.SZ,ST先锋,20240506,,ST
300338.SZ,*ST开元,20240506,,*ST
600112.SH,*ST天成,20240506,,*ST
600381.SH,ST春天,20240506,20250429,ST
000506.SZ,*ST中润,20240506,,*ST
002341.SZ,ST新纶,20240506,,ST
600213.SH,*ST亚星,20240506,,*ST
002610.SZ,ST爱康,20240506,,ST
603363.SH,*ST傲农,20240506,20250519,*ST
300338.SZ,*ST开元,20240506,,*ST
002124.SZ,ST天邦,20240506,20250505,ST
603959.SH,ST百利,20240506,,ST
600083.SH,*ST博信,20240506,,*ST
002424.SZ,ST百灵,20240506,,ST
603023.SH,*ST威帝,20240506,,*ST
600462.SH,*ST九有,20240506,,*ST
002197.SZ,ST证通,20240506,,ST
600804.SH,*ST鹏博,20240506,,*ST
002528.SZ,ST英飞拓,20240506,,ST
300536.SZ,*ST农尚,20240430,20250522,*ST
600234.SH,*ST科新,20240430,20250519,*ST
600070.SH,*ST富润,20240430,,*ST
300208.SZ,*ST中程,20240430,20250629,*ST
300536.SZ,*ST农尚,20240430,,*ST
300208.SZ,*ST中程,20240430,,*ST
600777.SH,ST新潮,20240430,,ST
300125.SZ,ST聆达,20240430,,ST
000971.SZ,*ST高升,20240430,,*ST
300125.SZ,ST聆达,20240430,20250424,ST
300013.SZ,*ST新宁,20240430,20250505,*ST
600777.SH,ST新潮,20240430,,ST
600165.SH,*ST宁科,20240430,,*ST
002310.SZ,*ST东园,20240430,20250528,*ST
300108.SZ,*ST吉药,20240430,,*ST
300013.SZ,*ST新宁,20240430,,*ST
002650.SZ,ST加加,20240430,,ST
603388.SH,ST元成,20240430,20250505,ST
600165.SH,*ST宁科,20240430,20250505,*ST
000971.SZ,*ST高升,20240430,,*ST
002310.SZ,*ST东园,20240430,,*ST
002650.SZ,ST加加,20240430,,ST
300125.SZ,ST聆达,20240430,,ST
300116.SZ,*ST保力,20240430,,*ST
300167.SZ,*ST迪威,20240430,20250616,*ST
300167.SZ,*ST迪威,20240430,,*ST
600234.SH,*ST科新,20240430,,*ST
600777.SH,ST新潮,20240430,20250707,ST
603388.SH,ST元成,20240430,,ST
300536.SZ,*ST农尚,20240430,,*ST
300116.SZ,*ST保力,20240430,,*ST
300108.SZ,*ST吉药,20240430,,*ST
300013.SZ,*ST新宁,20240430,,*ST
600070.SH,*ST富润,20240430,,*ST
600234.SH,*ST科新,20240430,,*ST
600165.SH,*ST宁科,20240430,,*ST
002665.SZ,ST航高,20240430,,ST
002665.SZ,ST航高,20240430,,ST
603388.SH,ST元成,20240430,,ST
300208.SZ,*ST中程,20240430,,*ST
002310.SZ,*ST东园,20240430,,*ST
300167.SZ,*ST迪威,20240430,,*ST
600715.SH,*ST文投,20240429,20250505,*ST
000609.SZ,*ST中迪,20240429,,*ST
000809.SZ,*ST新城,20240429,,*ST
000609.SZ,*ST中迪,20240429,,*ST
000809.SZ,*ST新城,20240429,20240522,*ST
600715.SH,*ST文投,20240429,,*ST
600715.SH,*ST文投,20240429,,*ST
002141.SZ,*ST贤丰,20240429,,*ST
000809.SZ,*ST新城,20240429,20240522,*ST
300506.SZ,*ST名家,20240429,,*ST
300506.SZ,*ST名家,20240429,20250519,*ST
002141.SZ,*ST贤丰,20240429,,*ST
300209.SZ,*ST有树,20240429,20250512,*ST
603963.SH,*ST大药,20240429,,*ST
600715.SH,*ST文投,20240429,,*ST
002141.SZ,*ST贤丰,20240429,20250629,*ST
300209.SZ,*ST有树,20240429,,*ST
300117.SZ,*ST嘉寓,20240429,,*ST
000609.SZ,*ST中迪,20240429,20250610,*ST
300209.SZ,*ST有树,20240429,,*ST
300117.SZ,*ST嘉寓,20240429,,*ST
603963.SH,*ST大药,20240429,,*ST
300506.SZ,*ST名家,20240429,,*ST
300965.SZ,*ST恒宇,20240426,20250505,*ST
300965.SZ,*ST恒宇,20240426,,*ST
301596.SZ,瑞迪智驱,20240426,,其他
300965.SZ,*ST恒宇,20240426,,*ST
000989.SZ,ST九芝,20240426,,ST
000989.SZ,ST九芝,20240426,,ST
000989.SZ,ST九芝,20240426,20250506,ST
688710.SH,益诺思,20240426,,其他
600898.SH,*ST美讯,20240426,,*ST
688361.SH,中科飞测,20240426,,其他
600898.SH,*ST美讯,20240426,,*ST
688361.SH,中科飞测,20240426,,其他
002309.SZ,*ST中利,20240425,20250603,*ST
002309.SZ,*ST中利,20240425,,*ST
301596.SZ,瑞迪智驱,20240425,,其他
002309.SZ,*ST中利,20240425,,*ST
000656.SZ,*ST金科,20240424,,*ST
000656.SZ,*ST金科,20240424,,*ST
000961.SZ,ST中南,20240424,,ST
000961.SZ,ST中南,20240424,,ST
688530.SH,欧莱新材,20240424,,其他
600387.SH,*ST海越,20240423,,*ST
002052.SZ,*ST同洲,20240423,20250616,*ST
600387.SH,*ST海越,20240423,,*ST
002102.SZ,能特科技,20240423,,改名
002052.SZ,*ST同洲,20240423,,*ST
002102.SZ,能特科技,20240423,,改名
600387.SH,*ST海越,20240423,20250615,*ST
000961.SZ,ST中南,20240423,,ST
002102.SZ,能特科技,20240423,20260429,改名
002052.SZ,*ST同洲,20240423,,*ST
002336.SZ,*ST人乐,20240422,20250612,*ST
002336.SZ,*ST人乐,20240422,,*ST
002336.SZ,*ST人乐,20240422,,*ST
301611.SZ,珂玛科技,20240417,,其他
688530.SH,欧莱新材,20240417,,其他
603194.SH,中力股份,20240415,,其他
301539.SZ,宏鑫科技,20240415,,其他
301539.SZ,宏鑫科技,20240415,,其他
301560.SZ,众捷汽车,20240414,,其他
688750.SH,金天钛业,20240413,,其他
688691.SH,灿芯股份,20240411,,其他
688691.SH,灿芯股份,20240411,,其他
688691.SH,灿芯股份,20240411,,其他
688691.SH,灿芯股份,20240411,,其他
002716.SZ,湖南白银,20240410,,改名
002716.SZ,湖南白银,20240410,,改名
688726.SH,拉普拉斯,20240409,,其他
920931.BJ,无锡鼎邦,20240408,,其他
872931.BJ,无锡鼎邦,20240408,,其他
000755.SZ,山西高速,20240408,,改名
301587.SZ,中瑞股份,20240408,,其他
872931.BJ,无锡鼎邦,20240408,,其他
600165.SH,ST宁科,20240408,20240429,ST
600165.SH,ST宁科,20240408,,ST
600165.SH,ST宁科,20240408,20240429,ST
000755.SZ,山西高速,20240408,,改名
301587.SZ,中瑞股份,20240408,,其他
300420.SZ,五洋自控,20240402,,改名
300420.SZ,五洋自控,20240402,,改名
001389.SZ,广合科技,20240402,,其他
001389.SZ,广合科技,20240402,,其他
600375.SH,*ST汉马,20240401,20250417,*ST
600375.SH,*ST汉马,20240401,,*ST
002490.SZ,ST墨龙,20240401,20250505,ST
002490.SZ,ST墨龙,20240401,,ST
600375.SH,*ST汉马,20240401,,*ST
002490.SZ,ST墨龙,20240401,,ST
600375.SH,*ST汉马,20240401,,*ST
301565.SZ,中仑新材,20240330,,其他
301552.SZ,科力股份,20240330,,其他
002951.SZ,*ST金时,20240329,20250522,*ST
837023.BJ,芭薇股份,20240329,,其他
002951.SZ,*ST金时,20240329,,*ST
002951.SZ,*ST金时,20240329,,*ST
837023.BJ,芭薇股份,20240329,,其他
920123.BJ,芭薇股份,20240329,,其他
301539.SZ,宏鑫科技,20240329,,其他
001359.SZ,平安电工,20240328,,其他
001359.SZ,平安电工,20240328,,其他
688691.SH,灿芯股份,20240328,,其他
301536.SZ,星宸科技,20240328,,其他
301536.SZ,星宸科技,20240328,,其他
603603.SH,退市博天,20240327,,终止上市
603603.SH,退市博天,20240327,,终止上市
002089.SZ,新海退,20240326,,终止上市
002089.SZ,新海退,20240326,,终止上市
000981.SZ,山子高科,20240325,,其他
920438.BJ,戈碧迦,20240325,,其他
000981.SZ,山子高科,20240325,,其他
835438.BJ,戈碧迦,20240325,,其他
835438.BJ,戈碧迦,20240325,,其他
301587.SZ,中瑞股份,20240322,,其他
301539.SZ,宏鑫科技,20240321,,其他
688691.SH,灿芯股份,20240321,,其他
001389.SZ,广合科技,20240321,,其他
603344.SH,星德胜,20240320,,其他
301538.SZ,骏鼎达,20240320,,其他
603344.SH,星德胜,20240320,,其他
603344.SH,星德胜,20240320,,其他
603344.SH,星德胜,20240320,,其他
301538.SZ,骏鼎达,20240320,,其他
301587.SZ,中瑞股份,20240315,,其他
301536.SZ,星宸科技,20240315,,其他
001389.SZ,广合科技,20240314,,其他
001359.SZ,平安电工,20240314,,其他
688695.SH,中创股份,20240313,,其他
301588.SZ,美新科技,20240313,,其他
301588.SZ,美新科技,20240313,,其他
688695.SH,中创股份,20240313,,其他
301538.SZ,骏鼎达,20240308,,其他
873706.BJ,铁拓机械,20240308,,其他
873706.BJ,铁拓机械,20240308,,其他
920706.BJ,铁拓机械,20240308,,其他
301536.SZ,星宸科技,20240308,,其他
603344.SH,星德胜,20240308,,其他
001359.SZ,平安电工,20240307,,其他
603344.SH,星德胜,20240301,,其他
688695.SH,中创股份,20240301,,其他
603341.SH,龙旗科技,20240301,,其他
603341.SH,龙旗科技,20240301,,其他
301588.SZ,美新科技,20240301,,其他
301538.SZ,骏鼎达,20240301,,其他
301591.SZ,肯特股份,20240228,,其他
301591.SZ,肯特股份,20240228,,其他
002822.SZ,ST中装,20240227,20250820,ST
002822.SZ,ST中装,20240227,,ST
002822.SZ,ST中装,20240227,,ST
301588.SZ,美新科技,20240223,,其他
688695.SH,中创股份,20240223,,其他
603341.SH,龙旗科技,20240220,,其他
688584.SH,上海合晶,20240208,,其他
688584.SH,上海合晶,20240208,,其他
688584.SH,上海合晶,20240208,,其他
688584.SH,上海合晶,20240208,,其他
301589.SZ,诺瓦星云,20240208,,其他
301589.SZ,诺瓦星云,20240208,,其他
688709.SH,成都华微,20240207,,其他
688709.SH,成都华微,20240207,,其他
002060.SZ,广东建工,20240207,,改名
002060.SZ,广东建工,20240207,,改名
301591.SZ,肯特股份,20240207,,其他
301502.SZ,华阳智能,20240202,,其他
920656.BJ,海昇药业,20240202,,其他
870656.BJ,海昇药业,20240202,,其他
870656.BJ,海昇药业,20240202,,其他
301502.SZ,华阳智能,20240202,,其他
603341.SH,龙旗科技,20240131,,其他
301591.SZ,肯特股份,20240131,,其他
603082.SH,北自科技,20240130,,其他
603082.SH,北自科技,20240130,,其他
603082.SH,北自科技,20240130,,其他
603082.SH,北自科技,20240130,,其他
300205.SZ,ST天喻,20240129,20250429,ST
300205.SZ,ST天喻,20240129,,ST
688584.SH,上海合晶,20240129,,其他
301589.SZ,诺瓦星云,20240129,,其他
300205.SZ,ST天喻,20240129,,ST
831396.BJ,许昌智能,20240126,,其他
688709.SH,成都华微,20240126,,其他
920496.BJ,许昌智能,20240126,,其他
831396.BJ,许昌智能,20240126,,其他
301577.SZ,美信科技,20240124,,其他
603375.SH,盛景微,20240124,,其他
603375.SH,盛景微,20240124,,其他
301577.SZ,美信科技,20240124,,其他
603375.SH,盛景微,20240124,,其他
603375.SH,盛景微,20240124,,其他
301502.SZ,华阳智能,20240123,,其他
301589.SZ,诺瓦星云,20240123,,其他
688584.SH,上海合晶,20240122,,其他
603395.SH,红四方,20240119,,其他
001379.SZ,腾达科技,20240119,,其他
688709.SH,成都华微,20240119,,其他
001379.SZ,腾达科技,20240119,,其他
601033.SH,永兴股份,20240118,,其他
837403.BJ,康农种业,20240118,,其他
920403.BJ,康农种业,20240118,,其他
837403.BJ,康农种业,20240118,,其他
601033.SH,永兴股份,20240118,,其他
603082.SH,北自科技,20240118,,其他
301567.SZ,贝隆精密,20240116,,其他
301502.SZ,华阳智能,20240116,,其他
301567.SZ,贝隆精密,20240116,,其他
600759.SH,ST洲际,20240115,20240625,摘星
600759.SH,ST洲际,20240115,,摘星
600759.SH,ST洲际,20240115,20240625,摘星
600759.SH,ST洲际,20240115,,撤销*ST
603375.SH,盛景微,20240112,,其他
301577.SZ,美信科技,20240112,,其他
001387.SZ,雪祺电气,20240111,,其他
301577.SZ,美信科技,20240111,,其他
873806.BJ,云星宇,20240111,,其他
603312.SH,西典新能,20240111,,其他
920806.BJ,云星宇,20240111,,其他
873806.BJ,云星宇,20240111,,其他
001387.SZ,雪祺电气,20240111,,其他
603312.SH,西典新能,20240111,,其他
603082.SH,北自科技,20240111,,其他
603325.SH,博隆技术,20240110,,其他
603325.SH,博隆技术,20240110,,其他
603325.SH,博隆技术,20240110,,其他
603325.SH,博隆技术,20240110,,其他
601033.SH,永兴股份,20240108,,其他
001379.SZ,腾达科技,20240108,,其他
873690.BJ,捷众科技,20240105,,其他
688691.SH,灿芯股份,20240105,,其他
920690.BJ,捷众科技,20240105,,其他
873690.BJ,捷众科技,20240105,,其他
603375.SH,盛景微,20240105,,其他
301567.SZ,贝隆精密,20240104,,其他
688717.SH,艾罗能源,20240103,,其他
688717.SH,艾罗能源,20240103,,其他
688717.SH,艾罗能源,20240103,,其他
301567.SZ,贝隆精密,20240103,,其他
300096.SZ,ST易联众,20240102,,ST
300188.SZ,国投智能,20240102,,改名
300096.SZ,ST易联众,20240102,,ST
002775.SZ,文科股份,20240102,,改名
300682.SZ,朗新集团,20240102,20260118,其他
300682.SZ,朗新集团,20240102,,其他
002775.SZ,文科股份,20240102,,改名
300682.SZ,朗新集团,20240102,,其他
300188.SZ,国投智能,20240102,,改名
603312.SH,西典新能,20231229,,其他
301566.SZ,达利凯普,20231229,,其他
001387.SZ,雪祺电气,20231229,,其他
601033.SH,永兴股份,20231229,,其他
301566.SZ,达利凯普,20231229,,其他
871263.BJ,莱赛激光,20231228,,其他
301578.SZ,辰奕智能,20231228,,其他
600720.SH,中交设计,20231228,,改名
920363.BJ,莱赛激光,20231228,,其他
001379.SZ,腾达科技,20231228,,其他
871263.BJ,莱赛激光,20231228,,其他
603325.SH,博隆技术,20231228,,其他
600720.SH,中交设计,20231228,,改名
301578.SZ,辰奕智能,20231228,,其他
603004.SH,鼎龙科技,20231227,,其他
603004.SH,鼎龙科技,20231227,,其他
301526.SZ,国际复材,20231226,,其他
301526.SZ,国际复材,20231226,,其他
301526.SZ,国际复材,20231225,,其他
002485.SZ,ST雪发,20231225,,摘星
002485.SZ,ST雪发,20231225,,摘星
601096.SH,宏盛华源,20231222,,其他
601096.SH,宏盛华源,20231222,,其他
001387.SZ,雪祺电气,20231222,,其他
601096.SH,宏盛华源,20231222,,其他
688721.SH,龙图光罩,20231222,,其他
603312.SH,西典新能,20231222,,其他
601096.SH,宏盛华源,20231222,,其他
836961.BJ,西磁科技,20231221,,其他
836961.BJ,西磁科技,20231221,,其他
001358.SZ,兴欣新材,20231221,,其他
603325.SH,博隆技术,20231221,,其他
920061.BJ,西磁科技,20231221,,其他
001358.SZ,兴欣新材,20231221,,其他
688717.SH,艾罗能源,20231221,,其他
603373.SH,安邦护卫,20231220,,其他
603373.SH,安邦护卫,20231220,,其他
603373.SH,安邦护卫,20231220,,其他
603373.SH,安邦护卫,20231220,,其他
603373.SH,安邦护卫,20231220,,其他
603373.SH,安邦护卫,20231220,,其他
301566.SZ,达利凯普,20231219,,其他
833284.BJ,灵鸽科技,20231219,,其他
833284.BJ,灵鸽科技,20231219,,其他
920284.BJ,灵鸽科技,20231219,,其他
301413.SZ,安培龙,20231218,,其他
301578.SZ,辰奕智能,20231218,,其他
301413.SZ,安培龙,20231218,,其他
603231.SH,索宝蛋白,20231215,,其他
603231.SH,索宝蛋白,20231215,,其他
603004.SH,鼎龙科技,20231215,,其他
688717.SH,艾罗能源,20231214,,其他
831175.BJ,派诺科技,20231214,,其他
920375.BJ,派诺科技,20231214,,其他
301526.SZ,国际复材,20231214,,其他
831175.BJ,派诺科技,20231214,,其他
000537.SZ,中绿电,20231213,20260104,改名
000523.SZ,红棉股份,20231213,,改名
301459.SZ,丰茂股份,20231213,,其他
000523.SZ,红棉股份,20231213,,改名
000537.SZ,中绿电,20231213,,改名
000537.SZ,中绿电,20231213,,改名
301459.SZ,丰茂股份,20231213,,其他
601096.SH,宏盛华源,20231212,,其他
688529.SH,豪森智能,20231212,,改名
001239.SZ,永达股份,20231212,,其他
688529.SH,豪森智能,20231212,,改名
836547.BJ,无锡晶海,20231212,,其他
001239.SZ,永达股份,20231212,,其他
920547.BJ,无锡晶海,20231212,,其他
836547.BJ,无锡晶海,20231212,,其他
301566.SZ,达利凯普,20231212,,其他
301578.SZ,辰奕智能,20231211,,其他
001358.SZ,兴欣新材,20231211,,其他
688692.SH,达梦数据,20231208,,其他
301516.SZ,中远通,20231208,,其他
301516.SZ,中远通,20231208,,其他
603004.SH,鼎龙科技,20231208,,其他
603373.SH,安邦护卫,20231208,,其他
301526.SZ,国际复材,20231207,,其他
301413.SZ,安培龙,20231206,,其他
688469.SH,芯联集成,20231206,,改名
688720.SH,艾森股份,20231206,,其他
688720.SH,艾森股份,20231206,,其他
688469.SH,芯联集成-U,20231206,,改名
688469.SH,芯联集成-U,20231206,,改名
920703.BJ,广厦环能,20231205,,其他
873703.BJ,广厦环能,20231205,,其他
601096.SH,宏盛华源,20231205,,其他
601083.SH,锦江航运,20231205,,其他
873703.BJ,广厦环能,20231205,,其他
601083.SH,锦江航运,20231205,,其他
603373.SH,安邦护卫,20231201,,其他
301459.SZ,丰茂股份,20231201,,其他
001358.SZ,兴欣新材,20231201,,其他
301508.SZ,中机认检,20231201,,其他
603231.SH,索宝蛋白,20231201,,其他
301508.SZ,中机认检,20231201,,其他
835579.BJ,机科股份,20231130,,其他
835579.BJ,机科股份,20231130,,其他
920579.BJ,机科股份,20231130,,其他
688652.SH,京仪装备,20231129,,其他
001239.SZ,永达股份,20231129,,其他
688652.SH,京仪装备,20231129,,其他
301413.SZ,安培龙,20231129,,其他
603778.SH,国晟科技,20231128,,改名
301568.SZ,思泰克,20231128,,其他
301568.SZ,思泰克,20231128,,其他
301516.SZ,中远通,20231128,,其他
603778.SH,国晟科技,20231128,,改名
301577.SZ,美信科技,20231128,,其他
301459.SZ,丰茂股份,20231124,,其他
688720.SH,艾森股份,20231124,,其他
603350.SH,安乃达,20231124,,其他
603231.SH,索宝蛋白,20231124,,其他
873570.BJ,坤博精工,20231123,,其他
873570.BJ,坤博精工,20231123,,其他
601083.SH,锦江航运,20231123,,其他
920570.BJ,坤博精工,20231123,,其他
001239.SZ,永达股份,20231122,,其他
600250.SH,南京商旅,20231121,,改名
600250.SH,南京商旅,20231121,,改名
301508.SZ,中机认检,20231120,,其他
688653.SH,康希通信,20231117,,其他
688653.SH,康希通信,20231117,,其他
688720.SH,艾森股份,20231117,,其他
688652.SH,京仪装备,20231117,,其他
920522.BJ,纳科诺尔,20231116,,其他
001306.SZ,夏厦精密,20231116,,其他
001306.SZ,夏厦精密,20231116,,其他
601083.SH,锦江航运,20231116,,其他
873132.BJ,泰鹏智能,20231116,,其他
832522.BJ,纳科诺尔,20231116,,其他
301568.SZ,思泰克,20231116,,其他
832522.BJ,纳科诺尔,20231116,,其他
873132.BJ,泰鹏智能,20231116,,其他
920132.BJ,泰鹏智能,20231116,,其他
601515.SH,东峰集团,20231115,,改名
601515.SH,东峰集团,20231115,,改名
301516.SZ,中远通,20231115,,其他
601515.SH,东峰集团,20231115,20251110,改名
688648.SH,中邮科技,20231113,,其他
300446.SZ,航天智造,20231113,,改名
300446.SZ,航天智造,20231113,,改名
688648.SH,中邮科技,20231113,,其他
873679.BJ,前进科技,20231110,,其他
920679.BJ,前进科技,20231110,,其他
873679.BJ,前进科技,20231110,,其他
301508.SZ,中机认检,20231110,,其他
688652.SH,京仪装备,20231110,,其他
001326.SZ,联域股份,20231109,,其他
001326.SZ,联域股份,20231109,,其他
301568.SZ,思泰克,20231109,,其他
873833.BJ,美心翼申,20231108,,其他
920833.BJ,美心翼申,20231108,,其他
873833.BJ,美心翼申,20231108,,其他
603062.SH,麦加芯彩,20231107,,其他
001389.SZ,广合科技,20231107,,其他
600816.SH,建元信托,20231107,,其他
002692.SZ,远程股份,20231107,,撤销ST
603062.SH,麦加芯彩,20231107,,其他
002692.SZ,远程股份,20231107,,撤销ST
688653.SH,康希通信,20231107,,其他
600816.SH,建元信托,20231107,,其他
001306.SZ,夏厦精密,20231106,,其他
603391.SH,力聚热能,20231103,,其他
002313.SZ,日海智能,20231103,,其他
001376.SZ,百通能源,20231103,,其他
001376.SZ,百通能源,20231103,,其他
002313.SZ,日海智能,20231103,,其他
920130.BJ,立方控股,20231102,,其他
833030.BJ,立方控股,20231102,,其他
833030.BJ,立方控股,20231102,,其他
600084.SH,中信尼雅,20231101,,改名
839493.BJ,并行科技,20231101,,其他
603107.SH,上海汽配,20231101,,其他
600084.SH,中信尼雅,20231101,20260428,改名
603107.SH,上海汽配,20231101,,其他
920493.BJ,并行科技,20231101,,其他
600084.SH,中信尼雅,20231101,,改名
839493.BJ,并行科技,20231101,,其他
300099.SZ,尤洛卡,20231101,,其他
688648.SH,中邮科技,20231101,,其他
300099.SZ,尤洛卡,20231101,,其他
002251.SZ,*ST步高,20231031,20241015,*ST
301555.SZ,惠柏新材,20231031,,其他
301555.SZ,惠柏新材,20231031,,其他
300518.SZ,新迅达,20231031,,改名
300518.SZ,新迅达,20231031,,改名
002251.SZ,*ST步高,20231031,,*ST
688653.SH,康希通信,20231031,,其他
002251.SZ,*ST步高,20231031,,*ST
001378.SZ,德冠新材,20231030,,其他
300817.SZ,双飞集团,20231030,,改名
300817.SZ,双飞集团,20231030,,改名
001378.SZ,德冠新材,20231030,,其他
001326.SZ,联域股份,20231027,,其他
873693.BJ,阿为特,20231027,,其他
873693.BJ,阿为特,20231027,,其他
920693.BJ,阿为特,20231027,,其他
001306.SZ,夏厦精密,20231027,,其他
603062.SH,麦加芯彩,20231026,,其他
688648.SH,中邮科技,20231025,,其他
300108.SZ,ST吉药,20231025,,摘星
300108.SZ,ST吉药,20231025,20240429,摘星
300108.SZ,ST吉药,20231025,20240429,摘星
301489.SZ,思泉新材,20231024,,其他
001376.SZ,百通能源,20231024,,其他
301489.SZ,思泉新材,20231024,,其他
603273.SH,天元智能,20231023,,其他
603273.SH,天元智能,20231023,,其他
603344.SH,星德胜,20231020,,其他
001326.SZ,联域股份,20231020,,其他
603107.SH,上海汽配,20231020,,其他
301555.SZ,惠柏新材,20231019,,其他
000911.SZ,广农糖业,20231019,,改名
000546.SZ,金圆股份,20231019,,撤销ST
000546.SZ,金圆股份,20231019,,撤销ST
603062.SH,麦加芯彩,20231019,,其他
873726.BJ,卓兆点胶,20231019,,其他
920026.BJ,卓兆点胶,20231019,,其他
000911.SZ,广农糖业,20231019,,改名
873726.BJ,卓兆点胶,20231019,,其他
000911.SZ,广农糖业,20231019,20260429,改名
001378.SZ,德冠新材,20231018,,其他
603193.SH,润本股份,20231017,,其他
603193.SH,润本股份,20231017,,其他
603193.SH,润本股份,20231017,,其他
603193.SH,润本股份,20231017,,其他
301517.SZ,陕西华达,20231017,,其他
301517.SZ,陕西华达,20231017,,其他
001376.SZ,百通能源,20231017,,其他
603193.SH,润本股份,20231017,,其他
603193.SH,润本股份,20231017,,其他
603193.SH,润本股份,20231017,,其他
600322.SH,津投城开,20231016,,改名
600322.SH,津投城开,20231016,,改名
920786.BJ,骑士乳业,20231013,,其他
832786.BJ,骑士乳业,20231013,,其他
603107.SH,上海汽配,20231013,,其他
603341.SH,龙旗科技,20231013,,其他
832786.BJ,骑士乳业,20231013,,其他
002002.SZ,ST鸿达,20231012,,ST
002002.SZ,ST鸿达,20231012,,ST
301555.SZ,惠柏新材,20231012,,其他
603273.SH,天元智能,20231011,,其他
301489.SZ,思泉新材,20231011,,其他
301559.SZ,中集环科,20231011,,其他
001378.SZ,德冠新材,20231011,,其他
301559.SZ,中集环科,20231011,,其他
688657.SH,浩辰软件,20231010,,其他
688657.SH,浩辰软件,20231010,,其他
688657.SH,浩辰软件,20231010,,其他
688657.SH,浩辰软件,20231010,,其他
600530.SH,ST交昂,20231009,20240620,摘星
600530.SH,ST交昂,20231009,,摘星
600530.SH,ST交昂,20231009,20240620,摘星
688709.SH,成都华微,20231008,,其他
603361.SH,浙江国祥,20230928,,其他
688719.SH,爱科赛博,20230928,,其他
301558.SZ,三态股份,20230928,,其他
920978.BJ,开特股份,20230928,,其他
832978.BJ,开特股份,20230928,,其他
688719.SH,爱科赛博,20230928,,其他
832978.BJ,开特股份,20230928,,其他
301567.SZ,贝隆精密,20230928,,其他
301558.SZ,三态股份,20230928,,其他
603361.SH,浙江国祥,20230928,,其他
301566.SZ,达利凯普,20230927,,其他
301591.SZ,肯特股份,20230927,,其他
301517.SZ,陕西华达,20230926,,其他
873665.BJ,科强股份,20230926,,其他
603273.SH,天元智能,20230926,,其他
873665.BJ,科强股份,20230926,,其他
603193.SH,润本股份,20230926,,其他
920665.BJ,科强股份,20230926,,其他
603276.SH,恒兴新材,20230925,,其他
603276.SH,恒兴新材,20230925,,其他
603276.SH,恒兴新材,20230925,,其他
301520.SZ,万邦医药,20230925,,其他
300972.SZ,万辰集团,20230925,,改名
301489.SZ,思泉新材,20230925,,其他
300972.SZ,万辰集团,20230925,,改名
301502.SZ,华阳股份,20230925,,其他
301520.SZ,万邦医药,20230925,,其他
603276.SH,恒兴新材,20230925,,其他
600759.SH,*ST洲际,20230922,20240114,*ST
600759.SH,*ST洲际,20230922,,*ST
600759.SH,*ST洲际,20230922,20240114,*ST
301559.SZ,中集环科,20230921,,其他
603361.SH,浙江国祥,20230921,,其他
301500.SZ,飞南资源,20230921,,其他
301500.SZ,飞南资源,20230921,,其他
002182.SZ,宝武镁业,20230920,,改名
688716.SH,中研股份,20230920,,其他
688657.SH,浩辰软件,20230920,,其他
688716.SH,中研股份,20230920,,其他
002182.SZ,宝武镁业,20230920,,改名
301548.SZ,崇德科技,20230920,,其他
603107.SH,上海汽配,20230920,,其他
301548.SZ,崇德科技,20230920,,其他
603193.SH,润本股份,20230919,,其他
920469.BJ,富恒新材,20230918,,其他
301517.SZ,陕西华达,20230918,,其他
301558.SZ,三态股份,20230918,,其他
832469.BJ,富恒新材,20230918,,其他
832469.BJ,富恒新材,20230918,,其他
920519.BJ,万德股份,20230915,,其他
301550.SZ,斯菱股份,20230915,,其他
688719.SH,爱科赛博,20230915,,其他
301550.SZ,斯菱股份,20230915,20251228,其他
836419.BJ,万德股份,20230915,,其他
301550.SZ,斯菱股份,20230915,,其他
836419.BJ,万德股份,20230915,,其他
688702.SH,盛科通信,20230914,,其他
688702.SH,盛科通信-U,20230914,,其他
688702.SH,盛科通信-U,20230914,,其他
301559.SZ,中集环科,20230914,,其他
603276.SH,恒兴新材,20230913,,其他
688657.SH,浩辰软件,20230913,,其他
301520.SZ,万邦医药,20230913,,其他
603075.SH,热威股份,20230911,,其他
603075.SH,热威股份,20230911,,其他
301529.SZ,福赛科技,20230911,,其他
300051.SZ,琏升科技,20230911,,改名
300051.SZ,琏升科技,20230911,,改名
603075.SH,热威股份,20230911,,其他
603075.SH,热威股份,20230911,,其他
603075.SH,热威股份,20230911,,其他
603075.SH,热威股份,20230911,,其他
301529.SZ,福赛科技,20230911,,其他
301558.SZ,三态股份,20230911,,其他
688549.SH,中巨芯,20230908,,其他
688549.SH,中巨芯-U,20230908,,其他
688549.SH,中巨芯-U,20230908,,其他
688615.SH,合合信息,20230908,,其他
300140.SZ,节能环境,20230908,,改名
300140.SZ,节能环境,20230908,,改名
688719.SH,爱科赛博,20230908,,其他
688716.SH,中研股份,20230908,,其他
301500.SZ,飞南资源,20230908,,其他
688549.SH,中巨芯-U,20230908,,其他
688549.SH,中巨芯-U,20230908,,其他
831627.BJ,力王股份,20230907,,其他
920627.BJ,力王股份,20230907,,其他
831627.BJ,力王股份,20230907,,其他
000520.SZ,凤凰航运,20230906,,改名
301251.SZ,威尔高,20230906,,其他
301251.SZ,威尔高,20230906,,其他
603276.SH,恒兴新材,20230906,,其他
301548.SZ,崇德科技,20230906,,其他
000520.SZ,凤凰航运,20230906,,改名
301507.SZ,民生健康,20230905,,其他
300338.SZ,开元教育,20230905,,撤销ST
300256.SZ,星星科技,20230905,,其他
300256.SZ,星星科技,20230905,,其他
300338.SZ,开元教育,20230905,20240505,撤销ST
301507.SZ,民生健康,20230905,,其他
600372.SH,中航机载,20230905,,改名
301520.SZ,万邦医药,20230905,,其他
600372.SH,中航机载,20230905,,改名
300338.SZ,开元教育,20230905,20240505,撤销ST
300157.SZ,新锦动力,20230904,,改名
300157.SZ,新锦动力,20230904,,改名
603270.SH,金帝股份,20230901,,其他
603270.SH,金帝股份,20230901,,其他
603270.SH,金帝股份,20230901,,其他
603270.SH,金帝股份,20230901,,其他
603270.SH,金帝股份,20230901,,其他
603207.SH,小方制药,20230901,,其他
603270.SH,金帝股份,20230901,,其他
920976.BJ,视声智能,20230901,,其他
301550.SZ,斯菱股份,20230901,,其他
603270.SH,金帝股份,20230901,,其他
603270.SH,金帝股份,20230901,,其他
688702.SH,盛科通信,20230901,,其他
603270.SH,金帝股份,20230901,,其他
870976.BJ,视声智能,20230901,,其他
603270.SH,金帝股份,20230901,,其他
870976.BJ,视声智能,20230901,,其他
603270.SH,金帝股份,20230901,,其他
688716.SH,中研股份,20230901,,其他
603270.SH,金帝股份,20230901,,其他
688584.SH,上海合晶,20230901,,其他
301500.SZ,飞南资源,20230831,,其他
301525.SZ,儒竞科技,20230830,,其他
301548.SZ,崇德科技,20230830,,其他
301525.SZ,儒竞科技,20230830,,其他
603075.SH,热威股份,20230829,,其他
301528.SZ,多浦乐,20230828,,其他
301528.SZ,多浦乐,20230828,,其他
301529.SZ,福赛科技,20230828,,其他
688591.SH,泰凌微,20230825,,其他
688591.SH,泰凌微,20230825,,其他
688549.SH,中巨芯,20230825,,其他
603285.SH,键邦股份,20230825,,其他
301251.SZ,威尔高,20230825,,其他
688702.SH,盛科通信,20230825,,其他
301550.SZ,斯菱股份,20230824,,其他
603275.SH,众辰科技,20230823,,其他
603275.SH,众辰科技,20230823,,其他
603275.SH,众辰科技,20230823,,其他
301421.SZ,波长光电,20230823,,其他
920953.BJ,国子软件,20230823,,其他
603275.SH,众辰科技,20230823,,其他
603275.SH,众辰科技,20230823,,其他
603275.SH,众辰科技,20230823,,其他
301421.SZ,波长光电,20230823,,其他
872953.BJ,国子软件,20230823,,其他
872953.BJ,国子软件,20230823,,其他
603270.SH,金帝股份,20230822,,其他
603075.SH,热威股份,20230822,,其他
301507.SZ,民生健康,20230821,,其他
301529.SZ,福赛科技,20230821,,其他
301469.SZ,恒达新材,20230821,,其他
301418.SZ,协昌科技,20230821,,其他
301418.SZ,协昌科技,20230821,,其他
301469.SZ,恒达新材,20230821,,其他
000995.SZ,皇台酒业,20230818,,撤销*ST
837174.BJ,宏裕包材,20230818,,其他
920274.BJ,宏裕包材,20230818,,其他
301533.SZ,威马农机,20230818,,其他
688693.SH,锴威特,20230818,,其他
603312.SH,西典新能,20230818,,其他
837174.BJ,宏裕包材,20230818,,其他
301533.SZ,威马农机,20230818,,其他
000995.SZ,皇台酒业,20230818,,撤销*ST
688549.SH,中巨芯,20230818,,其他
301525.SZ,儒竞科技,20230818,,其他
603082.SH,北自科技,20230818,,其他
688693.SH,锴威特,20230818,,其他
836504.BJ,博迅生物,20230817,,其他
836504.BJ,博迅生物,20230817,,其他
688573.SH,信宇人,20230817,,其他
301511.SZ,德福科技,20230817,,其他
301511.SZ,德福科技,20230817,,其他
688573.SH,信宇人,20230817,,其他
920504.BJ,博迅生物,20230817,,其他
837748.BJ,路桥信息,20230816,,其他
920748.BJ,路桥信息,20230816,,其他
837748.BJ,路桥信息,20230816,,其他
688592.SH,司南导航,20230816,,其他
301498.SZ,乖宝宠物,20230816,,其他
688592.SH,司南导航,20230816,,其他
688592.SH,司南导航,20230816,,其他
301498.SZ,乖宝宠物,20230816,,其他
301251.SZ,威尔高,20230816,,其他
688548.SH,广钢气体,20230815,,其他
688548.SH,广钢气体,20230815,,其他
301510.SZ,固高科技,20230815,,其他
688548.SH,广钢气体,20230815,,其他
688716.SH,中研股份,20230815,,其他
688548.SH,广钢气体,20230815,,其他
688548.SH,广钢气体,20230815,,其他
688591.SH,泰凌微,20230815,,其他
301510.SZ,固高科技,20230815,,其他
603270.SH,金帝股份,20230815,,其他
688548.SH,广钢气体,20230815,,其他
301528.SZ,多浦乐,20230814,,其他
601033.SH,永兴股份,20230811,,其他
301372.SZ,科净源,20230811,,其他
603193.SH,润本股份,20230811,,其他
601096.SH,宏盛华源,20230811,,其他
603275.SH,众辰科技,20230811,,其他
301372.SZ,科净源,20230811,,其他
301421.SZ,波长光电,20230811,,其他
301525.SZ,儒竞科技,20230811,,其他
301507.SZ,民生健康,20230811,,其他
603325.SH,博隆技术,20230811,,其他
920058.BJ,华洋赛车,20230810,,其他
603276.SH,恒兴科技,20230810,,其他
301348.SZ,蓝箭电子,20230810,,其他
301348.SZ,蓝箭电子,20230810,,其他
834058.BJ,华洋赛车,20230810,,其他
834058.BJ,华洋赛车,20230810,,其他
300904.SZ,威力传动,20230809,,其他
688671.SH,碧兴物联,20230809,,其他
301487.SZ,盟固利,20230809,,其他
688671.SH,碧兴物联,20230809,,其他
301487.SZ,盟固利,20230809,,其他
300904.SZ,威力传动,20230809,,其他
920926.BJ,鸿智科技,20230808,,其他
870726.BJ,鸿智科技,20230808,,其他
870726.BJ,鸿智科技,20230808,,其他
603296.SH,华勤技术,20230808,,其他
688591.SH,泰凌微,20230808,,其他
603296.SH,华勤技术,20230808,,其他
301469.SZ,恒达新材,20230807,,其他
688347.SH,华虹公司,20230807,,其他
002195.SZ,岩山科技,20230807,,改名
688347.SH,华虹公司,20230807,20260607,其他
688347.SH,华虹公司,20230807,,其他
002195.SZ,岩山科技,20230807,,改名
301418.SZ,协昌科技,20230807,,其他
688693.SH,锴威特,20230807,,其他
301362.SZ,民爆光电,20230804,,其他
301528.SZ,多浦乐,20230804,,其他
301362.SZ,民爆光电,20230804,,其他
603275.SH,众辰科技,20230804,,其他
688573.SH,信宇人,20230804,,其他
301498.SZ,乖宝宠物,20230804,,其他
301518.SZ,长华化学,20230803,,其他
301509.SZ,金凯生科,20230803,,其他
688548.SH,广钢气体,20230803,,其他
301511.SZ,德福科技,20230803,,其他
601083.SH,锦江航运,20230803,,其他
301509.SZ,金凯生科,20230803,,其他
603373.SH,安邦股份,20230803,,其他
301518.SZ,长华化学,20230803,,其他
301533.SZ,威马农机,20230802,,其他
688592.SH,司南导航,20230802,,其他
301421.SZ,波长光电,20230802,,其他
603119.SH,浙江荣泰,20230801,,其他
603119.SH,浙江荣泰,20230801,,其他
603119.SH,浙江荣泰,20230801,,其他
301510.SZ,固高科技,20230801,,其他
603119.SH,浙江荣泰,20230801,,其他
301371.SZ,敷尔佳,20230801,,其他
603119.SH,浙江荣泰,20230801,,其他
603119.SH,浙江荣泰,20230801,,其他
301371.SZ,敷尔佳,20230801,,其他
688693.SH,锴威特,20230731,,其他
301372.SZ,科净源,20230731,,其他
301469.SZ,恒达新材,20230731,,其他
688646.SH,逸飞激光,20230728,20250505,其他
603231.SH,索宝股份,20230728,,其他
688646.SH,逸飞激光,20230728,,其他
300159.SZ,新研股份,20230728,20250319,撤销ST
688652.SH,京仪装备,20230728,,其他
300159.SZ,新研股份,20230728,,撤销ST
300332.SZ,天壕能源,20230728,,改名
688646.SH,逸飞激光,20230728,,其他
688671.SH,碧兴物联,20230728,,其他
300159.SZ,新研股份,20230728,,撤销ST
688573.SH,信宇人,20230728,,其他
300904.SZ,威力传动,20230728,,其他
300332.SZ,天壕能源,20230728,,改名
001358.SZ,兴欣新材,20230728,,其他
603296.SH,华勤技术,20230727,,其他
301498.SZ,乖宝宠物,20230727,,其他
688548.SH,广钢气体,20230727,,其他
301348.SZ,蓝箭电子,20230727,,其他
301487.SZ,盟固利,20230727,,其他
688530.SH,欧莱新材,20230727,,其他
301519.SZ,舜禹股份,20230727,,其他
301519.SZ,舜禹股份,20230727,,其他
688612.SH,威迈斯,20230726,,其他
688651.SH,盛邦安全,20230726,,其他
688592.SH,司南导航,20230726,,其他
301172.SZ,君逸数码,20230726,,其他
301418.SZ,协昌科技,20230726,,其他
688612.SH,威迈斯,20230726,,其他
688651.SH,盛邦安全,20230726,,其他
301172.SZ,君逸数码,20230726,,其他
301510.SZ,固高科技,20230725,,其他
301511.SZ,德福科技,20230725,,其他
301515.SZ,港通医疗,20230725,,其他
301446.SZ,福事特,20230725,,其他
301515.SZ,港通医疗,20230725,,其他
301533.SZ,威马农机,20230725,,其他
301446.SZ,福事特,20230725,,其他
002470.SZ,金正大,20230724,,撤销ST
301362.SZ,民爆光电,20230724,,其他
301468.SZ,博盈特焊,20230724,,其他
688450.SH,光格科技,20230724,,其他
600128.SH,苏豪弘业,20230724,,改名
688450.SH,光格科技,20230724,,其他
301468.SZ,博盈特焊,20230724,,其他
002470.SZ,金正大,20230724,,撤销ST
688347.SH,华虹公司,20230724,,其他
600128.SH,苏豪弘业,20230724,,改名
301372.SZ,科净源,20230721,,其他
603273.SH,天元智能,20230721,,其他
300904.SZ,威力传动,20230721,,其他
002265.SZ,建设工业,20230721,,改名
688702.SH,盛科通信,20230721,,其他
688671.SH,碧兴物联,20230721,,其他
301499.SZ,维科精密,20230721,,其他
002265.SZ,建设工业,20230721,,改名
301518.SZ,长华化学,20230721,,其他
301509.SZ,金凯生科,20230721,,其他
301499.SZ,维科精密,20230721,,其他
301487.SZ,盟固利,20230720,,其他
603062.SH,麦加芯彩,20230720,,其他
920982.BJ,锦波生物,20230720,,其他
603375.SH,盛景微,20230720,,其他
301512.SZ,智信精密,20230720,,其他
001378.SZ,德冠新材,20230720,,其他
832982.BJ,锦波生物,20230720,,其他
301512.SZ,智信精密,20230720,,其他
832982.BJ,锦波生物,20230720,,其他
688602.SH,康鹏科技,20230720,,其他
688602.SH,康鹏科技,20230720,,其他
688563.SH,航材股份,20230719,,其他
002951.SZ,ST金时,20230719,20240328,ST
688563.SH,航材股份,20230719,,其他
688563.SH,航材股份,20230719,,其他
688563.SH,航材股份,20230719,,其他
688610.SH,埃科光电,20230719,,其他
002951.SZ,ST金时,20230719,20240328,ST
838701.BJ,豪声电子,20230719,,其他
688610.SH,埃科光电,20230719,,其他
688563.SH,航材股份,20230719,,其他
301371.SZ,敷尔佳,20230719,,其他
920701.BJ,豪声电子,20230719,,其他
838701.BJ,豪声电子,20230719,,其他
002951.SZ,ST金时,20230719,,ST
301348.SZ,蓝箭电子,20230719,,其他
688563.SH,航材股份,20230719,,其他
301505.SZ,苏州规划,20230719,,其他
301505.SZ,苏州规划,20230719,,其他
603119.SH,浙江荣泰,20230718,,其他
688627.SH,精智达,20230718,,其他
688627.SH,精智达,20230718,,其他
688627.SH,精智达,20230718,,其他
688347.SH,华虹公司,20230718,,其他
688646.SH,逸飞激光,20230718,,其他
688563.SH,航材股份,20230718,,其他
688627.SH,精智达,20230718,,其他
301329.SZ,信音电子,20230717,,其他
833751.BJ,惠同新材,20230717,,其他
301329.SZ,信音电子,20230717,,其他
920751.BJ,惠同新材,20230717,,其他
301503.SZ,智迪科技,20230717,,其他
600388.SH,龙净环保,20230717,,撤销ST
600388.SH,龙净环保,20230717,,撤销ST
833751.BJ,惠同新材,20230717,,其他
301503.SZ,智迪科技,20230717,,其他
301362.SZ,民爆光电,20230717,,其他
301456.SZ,盘古智能,20230714,,其他
301456.SZ,盘古智能,20230714,,其他
301172.SZ,君逸数码,20230714,,其他
688651.SH,盛邦安全,20230714,,其他
688612.SH,威迈斯,20230714,,其他
301509.SZ,金凯生科,20230714,,其他
301519.SZ,舜禹股份,20230714,,其他
301518.SZ,长华化学,20230713,,其他
301272.SZ,英华特,20230713,,其他
301272.SZ,英华特,20230713,,其他
603361.SH,浙江国祥,20230713,,其他
920576.BJ,天力复合,20230712,,其他
301393.SZ,昊帆生物,20230712,,其他
301370.SZ,国科恒泰,20230712,,其他
873576.BJ,天力复合,20230712,,其他
688638.SH,誉辰智能,20230712,,其他
301370.SZ,国科恒泰,20230712,,其他
301381.SZ,赛维时代,20230712,,其他
873576.BJ,天力复合,20230712,,其他
301393.SZ,昊帆生物,20230712,,其他
301381.SZ,赛维时代,20230712,,其他
688450.SH,光格科技,20230712,,其他
688638.SH,誉辰智能,20230712,,其他
688646.SH,逸飞激光,20230711,,其他
603119.SH,浙江荣泰,20230711,,其他
301371.SZ,敷尔佳,20230711,,其他
688603.SH,天承科技,20230710,,其他
688603.SH,天承科技,20230710,,其他
837592.BJ,华信永道,20230710,,其他
300297.SZ,蓝盾退,20230710,,终止上市
688603.SH,天承科技,20230710,,其他
301261.SZ,恒工精密,20230710,,其他
688603.SH,天承科技,20230710,,其他
301499.SZ,维科精密,20230710,,其他
920592.BJ,华信永道,20230710,,其他
688602.SH,康鹏科技,20230710,,其他
301446.SZ,福事特,20230710,,其他
837592.BJ,华信永道,20230710,,其他
301515.SZ,港通医疗,20230710,,其他
300297.SZ,蓝盾退,20230710,,终止上市
301261.SZ,恒工精密,20230710,,其他
301446.SZ,福事特,20230707,,其他
301292.SZ,海科新源,20230707,,其他
301519.SZ,舜禹股份,20230707,,其他
688651.SH,盛邦安全,20230707,,其他
001326.SZ,联域光电,20230707,,其他
301486.SZ,致尚科技,20230707,,其他
301292.SZ,海科新源,20230707,,其他
301505.SZ,苏州规划,20230707,,其他
301512.SZ,智信精密,20230707,,其他
301468.SZ,博盈特焊,20230707,,其他
688612.SH,威迈斯,20230707,,其他
688563.SH,航材股份,20230707,,其他
301486.SZ,致尚科技,20230707,,其他
002096.SZ,易普力,20230706,,改名
301512.SZ,智信精密,20230706,,其他
002096.SZ,易普力,20230706,,改名
688627.SH,精智达,20230706,,其他
301202.SZ,朗威股份,20230705,,其他
600530.SH,*ST交昂,20230705,,*ST
301202.SZ,朗威股份,20230705,,其他
600530.SH,*ST交昂,20230705,20231008,*ST
688610.SH,埃科光电,20230705,,其他
688450.SH,光格科技,20230705,,其他
600530.SH,*ST交昂,20230705,20231008,*ST
301488.SZ,豪恩汽电,20230704,,其他
600816.SH,ST建元,20230704,20231106,改名
301488.SZ,豪恩汽电,20230704,,其他
600816.SH,ST建元,20230704,,改名
600816.SH,ST建元,20230704,20231106,改名
301172.SZ,君逸数码,20230704,,其他
301395.SZ,仁信新材,20230703,,其他
836717.BJ,瑞星股份,20230703,,其他
836717.BJ,瑞星股份,20230703,,其他
688602.SH,康鹏科技,20230703,,其他
301456.SZ,盘古智能,20230703,,其他
301515.SZ,港通医疗,20230703,,其他
301272.SZ,英华特,20230703,,其他
920717.BJ,瑞星股份,20230703,,其他
301395.SZ,仁信新材,20230703,,其他
688563.SH,航材股份,20230630,,其他
301393.SZ,昊帆生物,20230630,,其他
600310.SH,广西能源,20230630,,改名
301468.SZ,博盈特焊,20230630,,其他
920175.BJ,东方碳素,20230630,,其他
002564.SZ,*ST天沃,20230630,,*ST
002564.SZ,*ST天沃,20230630,20250414,*ST
832175.BJ,东方碳素,20230630,,其他
301381.SZ,赛维时代,20230630,,其他
688582.SH,芯动联科,20230630,,其他
301291.SZ,明阳电气,20230630,,其他
301499.SZ,维科精密,20230630,,其他
301210.SZ,金杨股份,20230630,,其他
301329.SZ,信音电子,20230630,,其他
301210.SZ,金杨股份,20230630,20251201,其他
600310.SH,广西能源,20230630,,改名
688582.SH,芯动联科,20230630,,其他
002564.SZ,*ST天沃,20230630,,*ST
832175.BJ,东方碳素,20230630,,其他
301291.SZ,明阳电气,20230630,,其他
301210.SZ,金杨股份,20230630,,其他
301555.SZ,惠柏新材,20230629,,其他
836208.BJ,青矩技术,20230629,,其他
301516.SZ,中远通,20230629,,其他
688638.SH,誉辰智能,20230629,,其他
688429.SH,时创能源,20230629,,其他
836208.BJ,青矩技术,20230629,,其他
688627.SH,精智达,20230629,,其他
301503.SZ,智迪科技,20230629,,其他
301505.SZ,苏州规划,20230629,,其他
688429.SH,时创能源,20230629,,其他
301251.SZ,威尔高,20230629,,其他
920208.BJ,青矩技术,20230629,,其他
000004.SZ,国华网安,20230628,,撤销ST
000004.SZ,国华网安,20230628,20250429,撤销ST
688610.SH,埃科光电,20230628,,其他
000571.SZ,新大洲A,20230628,,撤销ST
000004.SZ,国华网安,20230628,,撤销ST
301295.SZ,美硕科技,20230628,,其他
000571.SZ,新大洲A,20230628,,撤销ST
301397.SZ,溯联股份,20230628,,其他
301370.SZ,国科恒泰,20230628,,其他
301503.SZ,智迪科技,20230628,,其他
300053.SZ,航宇微,20230628,,改名
688631.SH,莱斯信息,20230628,,其他
688631.SH,莱斯信息,20230628,,其他
300053.SZ,航宇微,20230628,,改名
301295.SZ,美硕科技,20230628,,其他
301397.SZ,溯联股份,20230628,,其他
832651.BJ,天罡股份,20230627,,其他
688629.SH,华丰科技,20230627,,其他
688620.SH,安凯微,20230627,,其他
300804.SZ,广康生化,20230627,,其他
301170.SZ,锡南科技,20230627,,其他
920651.BJ,天罡股份,20230627,,其他
301486.SZ,致尚科技,20230627,,其他
832651.BJ,天罡股份,20230627,,其他
688629.SH,华丰科技,20230627,,其他
688620.SH,安凯微,20230627,,其他
688603.SH,天承科技,20230627,,其他
301170.SZ,锡南科技,20230627,,其他
300804.SZ,广康生化,20230627,,其他
301261.SZ,恒工精密,20230626,,其他
301292.SZ,海科新源,20230626,,其他
603075.SH,热威电热,20230625,,其他
688719.SH,爱科赛博,20230625,,其他
301508.SZ,中机认检,20230621,,其他
920455.BJ,汇隆活塞,20230621,,其他
301578.SZ,辰奕智能,20230621,,其他
833455.BJ,汇隆活塞,20230621,,其他
301202.SZ,朗威股份,20230621,,其他
833455.BJ,汇隆活塞,20230621,,其他
688543.SH,国科军工,20230621,,其他
301315.SZ,威士顿,20230621,,其他
301376.SZ,致欧科技,20230621,,其他
002211.SZ,宏达新材,20230621,,撤销ST
301381.SZ,赛维时代,20230621,,其他
002211.SZ,宏达新材,20230621,20250424,撤销ST
688543.SH,国科军工,20230621,,其他
301376.SZ,致欧科技,20230621,,其他
301315.SZ,威士顿,20230621,,其他
002211.SZ,宏达新材,20230621,,撤销ST
301329.SZ,信音电子,20230620,,其他
688443.SH,智翔金泰-U,20230620,,其他
301262.SZ,海看股份,20230620,,其他
300356.SZ,光一退,20230620,,终止上市
600248.SH,陕建股份,20230620,,其他
688638.SH,誉辰智能,20230620,,其他
688443.SH,智翔金泰,20230620,,其他
002751.SZ,易尚退,20230620,,终止上市
300089.SZ,文化退,20230620,,终止上市
600248.SH,陕建股份,20230620,,其他
688443.SH,智翔金泰-U,20230620,,其他
301393.SZ,昊帆生物,20230620,,其他
301262.SZ,海看股份,20230620,,其他
002751.SZ,易尚退,20230620,,终止上市
300356.SZ,光一退,20230620,,终止上市
300089.SZ,文化退,20230620,,终止上市
301448.SZ,开创电气,20230619,,其他
688334.SH,西高院,20230619,,其他
300370.SZ,安控科技,20230619,,其他
300526.SZ,中潜退,20230619,,终止上市
002076.SZ,星光股份,20230619,20250428,改名
000038.SZ,大通退,20230619,,终止上市
301456.SZ,盘古智能,20230619,,其他
000038.SZ,大通退,20230619,,终止上市
002411.SZ,必康退,20230619,,终止上市
002411.SZ,必康退,20230619,,终止上市
300526.SZ,中潜退,20230619,,终止上市
300370.SZ,安控科技,20230619,,其他
002076.SZ,星光股份,20230619,,改名
301272.SZ,英华特,20230619,,其他
301488.SZ,豪恩汽电,20230619,,其他
688334.SH,西高院,20230619,,其他
002076.SZ,星光股份,20230619,,改名
301448.SZ,开创电气,20230619,,其他
301370.SZ,国科恒泰,20230616,,其他
000546.SZ,ST金圆,20230616,20231018,ST
000546.SZ,ST金圆,20230616,20231018,ST
688603.SH,天承科技,20230616,,其他
301291.SZ,明阳电气,20230616,,其他
301225.SZ,恒勃股份,20230616,,其他
301210.SZ,金杨股份,20230616,,其他
301395.SZ,仁信新材,20230616,,其他
688582.SH,芯动联科,20230616,,其他
000546.SZ,ST金圆,20230616,,ST
301225.SZ,恒勃股份,20230616,,其他
002417.SZ,深南退,20230615,,终止上市
600666.SH,ST瑞德,20230615,,摘星
002535.SZ,林州重机,20230615,,撤销*ST
301232.SZ,飞沃科技,20230615,,其他
300392.SZ,腾信退,20230615,,终止上市
600666.SH,ST瑞德,20230615,20240819,摘星
002535.SZ,林州重机,20230615,,撤销*ST
603275.SH,众辰科技,20230615,,其他
301486.SZ,致尚科技,20230615,,其他
300392.SZ,腾信退,20230615,,终止上市
002417.SZ,*ST深南,20230615,,终止上市
002417.SZ,深南退,20230615,,终止上市
688429.SH,时创能源,20230615,,其他
301232.SZ,飞沃科技,20230615,,其他
688548.SH,广钢气体,20230615,,其他
600666.SH,ST瑞德,20230615,,摘星
600601.SH,方正科技,20230614,,其他
301295.SZ,美硕科技,20230614,,其他
301287.SZ,康力源,20230614,,其他
600601.SH,方正科技,20230614,,其他
688631.SH,莱斯信息,20230614,,其他
301202.SZ,朗威股份,20230614,,其他
301261.SZ,恒工精密,20230614,,其他
301287.SZ,康力源,20230614,,其他
300273.SZ,和佳退,20230613,,终止上市
000606.SZ,顺利退,20230613,,终止上市
000806.SZ,银河退,20230613,,终止上市
002667.SZ,威领股份,20230613,20260505,改名
000806.SZ,银河退,20230613,,终止上市
300273.SZ,和佳退,20230613,,终止上市
301170.SZ,锡南科技,20230613,,其他
000606.SZ,顺利退,20230613,,终止上市
600726.SH,华电能源,20230613,,其他
688629.SH,华丰科技,20230613,,其他
002667.SZ,威领股份,20230613,,改名
600726.SH,华电能源,20230613,,其他
002667.SZ,威领股份,20230613,,改名
300336.SZ,新文退,20230612,,终止上市
301355.SZ,南王科技,20230612,,其他
000426.SZ,兴业银锡,20230612,,改名
000426.SZ,兴业银锡,20230612,,改名
002781.SZ,奇信退,20230612,,终止上市
002177.SZ,御银股份,20230612,,撤销*ST
301488.SZ,豪恩汽电,20230612,,其他
002781.SZ,奇信退,20230612,,终止上市
300336.SZ,新文退,20230612,,终止上市
002177.SZ,御银股份,20230612,,撤销*ST
301355.SZ,南王科技,20230612,,其他
688620.SH,安凯微,20230612,,其他
301397.SZ,溯联股份,20230612,,其他
301292.SZ,海科新源,20230612,,其他
300804.SZ,广康生化,20230612,,其他
600654.SH,ST中安,20230609,20240625,摘星
688472.SH,阿特斯,20230609,,其他
600654.SH,ST中安,20230609,20240625,摘星
688472.SH,阿特斯,20230609,,其他
688472.SH,阿特斯,20230609,,其他
002366.SZ,融发核电,20230609,,改名
301320.SZ,豪江智能,20230609,,其他
301383.SZ,天键股份,20230609,,其他
600654.SH,ST中安,20230609,,摘星
688582.SH,芯动联科,20230609,,其他
688543.SH,国科军工,20230609,,其他
301210.SZ,金杨股份,20230609,,其他
301376.SZ,致欧科技,20230609,,其他
002366.SZ,融发核电,20230609,,改名
301320.SZ,豪江智能,20230609,,其他
301383.SZ,天键股份,20230609,,其他
688472.SH,阿特斯,20230609,,其他
603296.SH,华勤技术,20230608,,其他
301315.SZ,威士顿,20230608,,其他
920221.BJ,易实精密,20230608,,其他
603072.SH,天和磁材,20230608,,其他
688623.SH,双元科技,20230608,,其他
688555.SH,退市泽达,20230608,,终止上市
688555.SH,退市泽达,20230608,,终止上市
836221.BJ,易实精密,20230608,,其他
688086.SH,退市紫晶,20230608,,终止上市
688086.SH,退市紫晶,20230608,,终止上市
836221.BJ,易实精密,20230608,,其他
688623.SH,双元科技,20230608,,其他
688443.SH,智翔金泰,20230608,,其他
301262.SZ,海看股份,20230608,,其他
301395.SZ,仁信新材,20230608,,其他
301291.SZ,明阳电气,20230608,,其他
688429.SH,时创能源,20230608,,其他
002321.SZ,华英农业,20230607,,撤销ST
688631.SH,莱斯信息,20230607,,其他
301448.SZ,开创电气,20230607,,其他
002321.SZ,华英农业,20230607,,撤销ST
600227.SH,赤天化,20230607,,改名
600227.SH,赤天化,20230607,,改名
600301.SH,华锡有色,20230606,,改名
301295.SZ,美硕科技,20230606,,其他
688576.SH,西山科技,20230606,,其他
301323.SZ,新莱福,20230606,,其他
688334.SH,西高院,20230606,,其他
688629.SH,华丰科技,20230606,,其他
301448.SZ,开创电气,20230606,,其他
600301.SH,华锡有色,20230606,,改名
688576.SH,西山科技,20230606,,其他
301323.SZ,新莱福,20230606,,其他
002122.SZ,汇洲智能,20230605,,改名
688620.SH,安凯微,20230605,,其他
688570.SH,天玛智控,20230605,,其他
688570.SH,天玛智控,20230605,,其他
002122.SZ,汇洲智能,20230605,20251030,改名
300804.SZ,广康生化,20230605,,其他
301225.SZ,恒勃股份,20230605,,其他
301170.SZ,锡南科技,20230605,,其他
002122.SZ,汇洲智能,20230605,,改名
301232.SZ,飞沃科技,20230605,,其他
301310.SZ,鑫宏业,20230602,,其他
000809.SZ,铁岭新城,20230602,20240428,撤销ST
301397.SZ,溯联股份,20230602,,其他
688523.SH,航天环宇,20230602,,其他
688523.SH,航天环宇,20230602,,其他
000809.SZ,铁岭新城,20230602,20240428,撤销ST
301310.SZ,鑫宏业,20230602,,其他
301287.SZ,康力源,20230602,,其他
688543.SH,国科军工,20230602,,其他
000809.SZ,铁岭新城,20230602,,撤销ST
920779.BJ,武汉蓝电,20230601,,其他
830779.BJ,武汉蓝电,20230601,,其他
001373.SZ,翔腾新材,20230601,,其他
603119.SH,荣泰电工,20230601,,其他
688443.SH,智翔金泰,20230601,,其他
600382.SH,广东明珠,20230601,,撤销ST
688593.SH,新相微,20230601,,其他
001373.SZ,翔腾新材,20230601,,其他
301315.SZ,威士顿,20230601,,其他
301287.SZ,康力源,20230601,,其他
301376.SZ,致欧科技,20230601,,其他
830779.BJ,武汉蓝电,20230601,,其他
301446.SZ,福事特,20230601,,其他
600382.SH,广东明珠,20230601,,撤销ST
688593.SH,新相微,20230601,,其他
600767.SH,退市运盛,20230531,,终止上市
600241.SH,时代万恒,20230531,,撤销ST
600242.SH,退市中昌,20230531,,终止上市
688671.SH,碧兴科技,20230531,,其他
600242.SH,退市中昌,20230531,,终止上市
430017.BJ,星昊医药,20230531,,其他
600241.SH,时代万恒,20230531,,撤销ST
301262.SZ,海看股份,20230531,,其他
600767.SH,退市运盛,20230531,,终止上市
430017.BJ,星昊医药,20230531,,其他
920017.BJ,星昊医药,20230531,,其他
301355.SZ,南王科技,20230530,,其他
600532.SH,退市未来,20230530,,终止上市
002069.SZ,獐子岛,20230530,,撤销ST
300530.SZ,领湃科技,20230530,,改名
301353.SZ,普莱得,20230530,,其他
600781.SH,退市辅仁,20230530,,终止上市
002069.SZ,獐子岛,20230530,,撤销ST
301353.SZ,普莱得,20230530,,其他
300530.SZ,领湃科技,20230530,,改名
688334.SH,西高院,20230530,,其他
688472.SH,阿特斯,20230530,,其他
600532.SH,退市未来,20230530,,终止上市
600781.SH,退市辅仁,20230530,,终止上市
301320.SZ,豪江智能,20230529,,其他
301225.SZ,恒勃股份,20230529,,其他
839719.BJ,宁新新材,20230526,,其他
301520.SZ,万邦医药,20230526,,其他
301337.SZ,亚华电子,20230526,,其他
920719.BJ,宁新新材,20230526,,其他
301548.SZ,崇德科技,20230526,,其他
301550.SZ,斯菱股份,20230526,,其他
839719.BJ,宁新新材,20230526,,其他
688623.SH,双元科技,20230526,,其他
301383.SZ,天键股份,20230526,,其他
301232.SZ,飞沃科技,20230526,,其他
301337.SZ,亚华电子,20230526,,其他
920471.BJ,美邦科技,20230525,,其他
001210.SZ,金房能源,20230525,,改名
301252.SZ,同星科技,20230525,,其他
832471.BJ,美邦科技,20230525,,其他
001210.SZ,金房能源,20230525,,改名
301252.SZ,同星科技,20230525,,其他
832471.BJ,美邦科技,20230525,,其他
300455.SZ,航天智装,20230525,,改名
600155.SH,华创云信,20230525,,改名
300455.SZ,航天智装,20230525,,改名
301172.SZ,君逸数码,20230525,,其他
301517.SZ,华达股份,20230525,,其他
688576.SH,西山科技,20230525,,其他
600155.SH,华创云信,20230525,,改名
301529.SZ,福赛科技,20230525,,其他
688591.SH,泰凌微,20230525,,其他
301323.SZ,新莱福,20230524,,其他
001282.SZ,三联锻造,20230524,,其他
001282.SZ,三联锻造,20230524,,其他
688570.SH,天玛智控,20230524,,其他
688562.SH,航天软件,20230524,,其他
688562.SH,航天软件,20230524,,其他
000410.SZ,沈阳机床,20230523,,撤销*ST
301305.SZ,朗坤环境,20230523,20250424,其他
301305.SZ,朗坤环境,20230523,,其他
000410.SZ,沈阳机床,20230523,,撤销*ST
301305.SZ,朗坤环境,20230523,,其他
301399.SZ,英特科技,20230523,,其他
688523.SH,航天环宇,20230523,,其他
688472.SH,阿特斯,20230523,,其他
301310.SZ,鑫宏业,20230523,,其他
301399.SZ,英特科技,20230523,,其他
688458.SH,美芯晟,20230522,,其他
301512.SZ,智信精密,20230522,,其他
001324.SZ,长青科技,20230522,,其他
688458.SH,美芯晟,20230522,,其他
688593.SH,新相微,20230522,,其他
301355.SZ,南王科技,20230522,,其他
001324.SZ,长青科技,20230522,,其他
002366.SZ,台海核电,20230519,20230608,其他
600223.SH,福瑞达,20230519,,改名
002501.SZ,利源股份,20230519,20260429,改名
688581.SH,安杰思,20230519,,其他
301320.SZ,豪江智能,20230519,,其他
301383.SZ,天键股份,20230519,,其他
301558.SZ,三态股份,20230519,,其他
002501.SZ,利源股份,20230519,,改名
001373.SZ,翔腾新材,20230519,,其他
688361.SH,中科飞测-U,20230519,20240425,其他
688581.SH,安杰思,20230519,,其他
688623.SH,双元科技,20230519,,其他
688581.SH,安杰思,20230519,,其他
688361.SH,中科飞测-U,20230519,20240425,其他
600861.SH,北京人力,20230519,,改名
600223.SH,福瑞达,20230519,,改名
002366.SZ,台海核电,20230519,,其他
688581.SH,安杰思,20230519,,其他
688361.SH,中科飞测,20230519,,其他
002501.SZ,利源股份,20230519,,改名
688361.SH,中科飞测-U,20230519,,其他
301533.SZ,威马农机,20230519,,其他
301428.SZ,世纪恒通,20230519,,其他
301428.SZ,世纪恒通,20230519,,其他
002366.SZ,台海核电,20230519,20230608,其他
600861.SH,北京人力,20230519,,改名
688552.SH,航天南湖,20230518,,其他
920006.BJ,晟楠科技,20230518,,其他
301332.SZ,德尔玛,20230518,,其他
837006.BJ,晟楠科技,20230518,,其他
301353.SZ,普莱得,20230518,,其他
001373.SZ,翔腾新材,20230518,,其他
688552.SH,航天南湖,20230518,,其他
301332.SZ,德尔玛,20230518,,其他
837006.BJ,晟楠科技,20230518,,其他
688576.SH,西山科技,20230518,,其他
600182.SH,S佳通,20230517,,其他
301382.SZ,蜂助手,20230517,,其他
301353.SZ,普莱得,20230517,,其他
688570.SH,天玛智控,20230517,,其他
301505.SZ,苏州规划,20230517,,其他
301323.SZ,新莱福,20230517,,其他
301382.SZ,蜂助手,20230517,,其他
600182.SH,S佳通,20230517,,其他
301202.SZ,朗威股份,20230517,,其他
001380.SZ,华纬科技,20230516,,其他
688512.SH,慧智微-U,20230516,,其他
301310.SZ,鑫宏业,20230516,,其他
001380.SZ,华纬科技,20230516,,其他
688523.SH,航天环宇,20230516,,其他
688512.SH,慧智微-U,20230516,,其他
688512.SH,慧智微,20230516,,其他
838837.BJ,华原股份,20230515,,其他
838837.BJ,华原股份,20230515,,其他
301418.SZ,协昌科技,20230515,,其他
688593.SH,新相微,20230515,,其他
920837.BJ,华原股份,20230515,,其他
002427.SZ,尤夫股份,20230512,,其他
301500.SZ,飞南资源,20230512,,其他
871478.BJ,巨能股份,20230512,,其他
002427.SZ,尤夫股份,20230512,,其他
301325.SZ,曼恩斯特,20230512,,其他
301252.SZ,同星科技,20230512,,其他
301503.SZ,智迪科技,20230512,,其他
920578.BJ,巨能股份,20230512,,其他
301325.SZ,曼恩斯特,20230512,,其他
871478.BJ,巨能股份,20230512,,其他
688479.SH,友车科技,20230511,,其他
002102.SZ,冠福股份,20230511,20240422,撤销ST
688479.SH,友车科技,20230511,,其他
301252.SZ,同星科技,20230511,,其他
688479.SH,友车科技,20230511,,其他
002102.SZ,冠福股份,20230511,20240422,撤销ST
301399.SZ,英特科技,20230511,,其他
301337.SZ,亚华电子,20230511,,其他
688479.SH,友车科技,20230511,,其他
688479.SH,友车科技,20230511,,其他
002102.SZ,冠福股份,20230511,,撤销ST
688479.SH,友车科技,20230511,,其他
600239.SH,云南城投,20230510,,撤销ST
603172.SH,万丰股份,20230510,,其他
600226.SH,瀚叶股份,20230510,20240513,撤销ST
603172.SH,万丰股份,20230510,,其他
001282.SZ,三联锻造,20230510,,其他
603172.SH,万丰股份,20230510,,其他
688469.SH,中芯集成-U,20230510,20231205,其他
688469.SH,中芯集成-U,20230510,20231205,其他
600226.SH,瀚叶股份,20230510,20240513,撤销ST
600239.SH,云南城投,20230510,20260429,撤销ST
603172.SH,万丰股份,20230510,,其他
600239.SH,云南城投,20230510,,撤销ST
600226.SH,瀚叶股份,20230510,,撤销ST
688458.SH,美芯晟,20230510,,其他
301305.SZ,朗坤环境,20230510,,其他
301498.SZ,乖宝宠物,20230510,,其他
688469.SH,中芯集成-U,20230510,,其他
688469.SH,中芯集成,20230510,,其他
688562.SH,航天软件,20230510,,其他
920699.BJ,海达尔,20230509,,其他
300309.SZ,吉艾退,20230509,,终止上市
836699.BJ,海达尔,20230509,,其他
300309.SZ,吉艾退,20230509,,终止上市
836699.BJ,海达尔,20230509,,其他
688581.SH,安杰思,20230509,,其他
688361.SH,中科飞测,20230509,,其他
001324.SZ,长青科技,20230509,,其他
301329.SZ,信音电子,20230508,,其他
688309.SH,恒誉环保,20230508,,撤销*ST
301390.SZ,经纬股份,20230508,,其他
688309.SH,恒誉环保,20230508,,撤销*ST
301390.SZ,经纬股份,20230508,,其他
002586.SZ,*ST围海,20230505,20251222,*ST
000023.SZ,ST深天,20230505,20240505,ST
600647.SH,*ST同达,20230505,20240604,*ST
600766.SH,*ST园城,20230505,20240604,*ST
000996.SZ,*ST中期,20230505,20240605,*ST
002433.SZ,*ST太安,20230505,20240613,*ST
688500.SH,*ST慧辰,20230505,20240610,*ST
002721.SZ,*ST金一,20230505,20240611,*ST
000637.SZ,ST实华,20230505,20240611,ST
002482.SZ,*ST广田,20230505,20240617,*ST
002740.SZ,*ST爱迪,20230505,,*ST
000620.SZ,*ST新联,20230505,20240520,*ST
000796.SZ,*ST凯撒,20230505,,*ST
002586.SZ,*ST围海,20230505,,*ST
600077.SH,*ST宋都,20230505,,*ST
002808.SZ,ST恒久,20230505,,ST
002482.SZ,*ST广田,20230505,20240617,*ST
002808.SZ,ST恒久,20230505,20250424,ST
688249.SH,晶合集成,20230505,,其他
300427.SZ,*ST红相,20230505,20241008,*ST
600823.SH,ST世茂,20230505,20240505,ST
301293.SZ,三博脑科,20230505,,其他
688249.SH,晶合集成,20230505,,其他
002699.SZ,*ST美盛,20230505,,*ST
300427.SZ,*ST红相,20230505,,*ST
600766.SH,*ST园城,20230505,20240604,*ST
000046.SZ,*ST泛海,20230505,,*ST
600647.SH,*ST同达,20230505,20240604,*ST
002721.SZ,*ST金一,20230505,20240611,*ST
603030.SH,*ST全筑,20230505,,*ST
002086.SZ,*ST东洋,20230505,20240611,*ST
002157.SZ,*ST正邦,20230505,20240611,*ST
300427.SZ,*ST红相,20230505,,*ST
600393.SH,ST粤泰,20230505,,ST
301499.SZ,维科精密,20230505,,其他
002502.SZ,ST鼎龙,20230505,,ST
000667.SZ,ST美置,20230505,,ST
603030.SH,*ST全筑,20230505,20240508,*ST
600766.SH,*ST园城,20230505,,*ST
002086.SZ,*ST东洋,20230505,20240611,*ST
601258.SH,*ST庞大,20230505,,*ST
600898.SH,ST美讯,20230505,,ST
002118.SZ,*ST紫鑫,20230505,,*ST
000007.SZ,*ST全新,20230505,20240701,*ST
000540.SZ,*ST中天,20230505,,*ST
002433.SZ,*ST太安,20230505,20240613,*ST
000671.SZ,ST阳光城,20230505,,ST
000023.SZ,ST深天,20230505,20240505,ST
600898.SH,ST美讯,20230505,20240425,ST
002113.SZ,*ST天润,20230505,,*ST
600387.SH,ST海越,20230505,20240422,ST
000796.SZ,*ST凯撒,20230505,20240618,*ST
301293.SZ,三博脑科,20230505,,其他
688249.SH,晶合集成,20230505,,其他
603030.SH,*ST全筑,20230505,20240508,*ST
600117.SH,*ST西钢,20230505,20240508,*ST
000667.SZ,ST美置,20230505,,ST
600387.SH,ST海越,20230505,,ST
000620.SZ,*ST新联,20230505,,*ST
000584.SZ,ST工智,20230505,20240505,ST
000671.SZ,ST阳光城,20230505,,ST
600823.SH,ST世茂,20230505,,ST
000796.SZ,*ST凯撒,20230505,20240618,*ST
000615.SZ,*ST美谷,20230505,20240627,*ST
600077.SH,*ST宋都,20230505,,*ST
600387.SH,ST海越,20230505,20240422,ST
301509.SZ,金凯生科,20230505,,其他
000976.SZ,ST华铁,20230505,20240708,ST
688500.SH,*ST慧辰,20230505,20240610,*ST
000976.SZ,ST华铁,20230505,,ST
000637.SZ,ST实华,20230505,,ST
601258.SH,*ST庞大,20230505,,*ST
002118.SZ,*ST紫鑫,20230505,,*ST
002586.SZ,*ST围海,20230505,,*ST
002699.SZ,*ST美盛,20230505,,*ST
002482.SZ,*ST广田,20230505,,*ST
002740.SZ,*ST爱迪,20230505,,*ST
000615.SZ,*ST美谷,20230505,,*ST
000007.SZ,*ST全新,20230505,,*ST
000996.SZ,*ST中期,20230505,,*ST
000584.SZ,ST工智,20230505,,ST
002113.SZ,*ST天润,20230505,,*ST
002086.SZ,*ST东洋,20230505,,*ST
002433.SZ,*ST太安,20230505,,*ST
000023.SZ,ST深天,20230505,,ST
002808.SZ,ST恒久,20230505,,ST
002087.SZ,*ST新纺,20230505,,*ST
600117.SH,*ST西钢,20230505,,*ST
002087.SZ,*ST新纺,20230505,20240605,*ST
000046.SZ,*ST泛海,20230505,,*ST
301515.SZ,港通医疗,20230505,,其他
600823.SH,ST世茂,20230505,20240505,ST
000996.SZ,*ST中期,20230505,20240605,*ST
600393.SH,ST粤泰,20230505,,ST
301362.SZ,民爆光电,20230505,,其他
688500.SH,*ST慧辰,20230505,,*ST
000637.SZ,ST实华,20230505,20240611,ST
000620.SZ,*ST新联,20230505,20240520,*ST
000007.SZ,*ST全新,20230505,20240701,*ST
002721.SZ,*ST金一,20230505,,*ST
002502.SZ,ST鼎龙,20230505,,ST
600647.SH,*ST同达,20230505,,*ST
301428.SZ,世纪恒通,20230505,,其他
600898.SH,ST美讯,20230505,20240425,ST
000584.SZ,ST工智,20230505,20240505,ST
002087.SZ,*ST新纺,20230505,20240605,*ST
000976.SZ,ST华铁,20230505,20240708,ST
002157.SZ,*ST正邦,20230505,20240611,*ST
000615.SZ,*ST美谷,20230505,20240627,*ST
600117.SH,*ST西钢,20230505,20240508,*ST
002157.SZ,*ST正邦,20230505,,*ST
000540.SZ,*ST中天,20230505,,*ST
300220.SZ,ST金运,20230504,20240611,ST
300282.SZ,*ST三盛,20230504,20240626,*ST
300742.SZ,*ST越博,20230504,20240630,*ST
603880.SH,ST南卫,20230504,20240625,ST
002021.SZ,*ST中捷,20230504,20240602,*ST
000711.SZ,*ST京蓝,20230504,,*ST
000616.SZ,*ST海投,20230504,,*ST
600070.SH,ST富润,20230504,20240429,ST
300799.SZ,*ST左江,20230504,20240707,*ST
002052.SZ,ST同洲,20230504,20240422,摘星
600070.SH,ST富润,20230504,20240429,ST
603880.SH,ST南卫,20230504,20240625,ST
000711.SZ,*ST京蓝,20230504,20250907,*ST
000918.SZ,*ST嘉凯,20230504,,*ST
000616.SZ,*ST海投,20230504,,*ST
300742.SZ,*ST越博,20230504,20240630,*ST
002021.SZ,*ST中捷,20230504,,*ST
002052.SZ,ST同洲,20230504,20240422,摘星
300799.SZ,*ST左江,20230504,20240707,*ST
600466.SH,*ST蓝光,20230504,,*ST
300282.SZ,*ST三盛,20230504,20240626,*ST
600290.SH,*ST华仪,20230504,,*ST
603559.SH,ST通脉,20230504,20240505,ST
002052.SZ,ST同洲,20230504,,摘星
300220.SZ,ST金运,20230504,20240611,ST
600543.SH,*ST莫高,20230504,20240707,*ST
600466.SH,*ST蓝光,20230504,,*ST
002776.SZ,*ST柏龙,20230504,,*ST
000711.SZ,*ST京蓝,20230504,,*ST
000909.SZ,ST数源,20230504,,ST
002021.SZ,*ST中捷,20230504,20240602,*ST
600543.SH,*ST莫高,20230504,20240707,*ST
600290.SH,*ST华仪,20230504,,*ST
603880.SH,ST南卫,20230504,,ST
600543.SH,*ST莫高,20230504,,*ST
600070.SH,ST富润,20230504,,ST
603559.SH,ST通脉,20230504,,ST
002776.SZ,*ST柏龙,20230504,,*ST
301332.SZ,德尔玛,20230504,,其他
001380.SZ,华纬科技,20230504,,其他
301382.SZ,蜂助手,20230504,,其他
000909.SZ,ST数源,20230504,,ST
300282.SZ,*ST三盛,20230504,,*ST
603559.SH,ST通脉,20230504,20240505,ST
000918.SZ,*ST嘉凯,20230504,,*ST
000909.SZ,ST数源,20230504,20260331,ST
300220.SZ,ST金运,20230504,,ST
300799.SZ,*ST左江,20230504,,*ST
300742.SZ,*ST越博,20230504,,*ST
688578.SH,艾力斯,20230428,,其他
002800.SZ,ST天顺,20230428,20240612,ST
603133.SH,*ST碳元,20230428,20240604,*ST
688578.SH,艾力斯,20230428,,其他
002816.SZ,*ST和科,20230428,20240909,*ST
002289.SZ,ST宇顺,20230428,20250505,ST
688578.SH,艾力斯,20230428,,其他
688578.SH,艾力斯,20230428,,其他
002289.SZ,ST宇顺,20230428,,ST
688552.SH,航天南湖,20230428,,其他
002816.SZ,*ST和科,20230428,,*ST
002504.SZ,*ST弘高,20230428,,*ST
688578.SH,艾力斯,20230428,,其他
301399.SZ,英特科技,20230428,,其他
300859.SZ,*ST西域,20230428,20240529,*ST
688153.SH,唯捷创芯,20230428,,其他
603133.SH,*ST碳元,20230428,20240604,*ST
688717.SH,艾罗能源,20230428,,其他
688578.SH,艾力斯,20230428,,其他
600136.SH,*ST明诚,20230428,20240625,*ST
600136.SH,*ST明诚,20230428,20240625,*ST
603555.SH,ST贵人,20230428,,ST
300167.SZ,ST迪威迅,20230428,20240429,ST
002800.SZ,ST天顺,20230428,20240612,ST
002289.SZ,ST宇顺,20230428,,ST
300330.SZ,计通退,20230428,,终止上市
603133.SH,*ST碳元,20230428,,*ST
688153.SH,唯捷创芯,20230428,,其他
300167.SZ,ST迪威迅,20230428,,ST
002816.SZ,*ST和科,20230428,,*ST
002504.SZ,*ST弘高,20230428,,*ST
603555.SH,ST贵人,20230428,,ST
300859.SZ,*ST西域,20230428,,*ST
002800.SZ,ST天顺,20230428,,ST
688562.SH,航天软件,20230428,,其他
688458.SH,美芯晟,20230428,,其他
688512.SH,慧智微,20230428,,其他
301305.SZ,朗坤环境,20230428,,其他
688578.SH,艾力斯,20230428,,其他
300330.SZ,计通退,20230428,,终止上市
688578.SH,艾力斯,20230428,,其他
600136.SH,*ST明诚,20230428,,*ST
001282.SZ,三联锻造,20230428,,其他
300859.SZ,*ST西域,20230428,20240529,*ST
688592.SH,司南导航,20230428,,其他
300167.SZ,ST迪威迅,20230428,20240429,ST
300313.SZ,*ST天山,20230427,20240527,*ST
688648.SH,中邮科技,20230427,,其他
688272.SH,*ST富吉,20230427,20240610,*ST
300010.SZ,*ST豆神,20230427,20240612,*ST
600671.SH,*ST目药,20230427,,*ST
300209.SZ,ST有棵树,20230427,20240428,ST
600589.SH,*ST榕泰,20230427,20240613,*ST
300313.SZ,*ST天山,20230427,20240527,*ST
600671.SH,*ST目药,20230427,20240613,*ST
600671.SH,*ST目药,20230427,20240613,*ST
603001.SH,ST奥康,20230427,,ST
603001.SH,ST奥康,20230427,20240625,ST
300010.SZ,*ST豆神,20230427,20240612,*ST
688272.SH,*ST富吉,20230427,20240610,*ST
001324.SZ,长青科技,20230427,,其他
600589.SH,*ST榕泰,20230427,20240613,*ST
688695.SH,中创股份,20230427,,其他
000416.SZ,*ST民控,20230427,,*ST
603399.SH,永杉锂业,20230427,,其他
300209.SZ,ST有棵树,20230427,20240428,ST
688272.SH,*ST富吉,20230427,,*ST
600589.SH,*ST榕泰,20230427,,*ST
000416.SZ,*ST民控,20230427,,*ST
300313.SZ,*ST天山,20230427,,*ST
300209.SZ,ST有棵树,20230427,,ST
688581.SH,安杰思,20230427,,其他
688361.SH,中科飞测,20230427,,其他
301337.SZ,亚华电子,20230427,,其他
300010.SZ,*ST豆神,20230427,,*ST
603001.SH,ST奥康,20230427,20240625,ST
000692.SZ,*ST惠天,20230426,20240528,*ST
688107.SH,安路科技,20230426,,其他
002503.SZ,*ST搜特,20230426,,*ST
000692.SZ,*ST惠天,20230426,20240528,*ST
603185.SH,弘元绿能,20230426,,其他
688107.SH,安路科技,20230426,,其他
000692.SZ,*ST惠天,20230426,,*ST
002503.SZ,*ST搜特,20230426,,*ST
688479.SH,友车科技,20230426,,其他
301325.SZ,曼恩斯特,20230426,,其他
301210.SZ,金杨股份,20230426,,其他
603185.SH,弘元绿能,20230426,,其他
833394.BJ,民士达,20230425,,其他
301360.SZ,荣旗科技,20230425,,其他
920394.BJ,民士达,20230425,,其他
833394.BJ,民士达,20230425,,其他
301360.SZ,荣旗科技,20230425,,其他
603172.SH,万丰股份,20230425,,其他
688543.SH,国科军工,20230425,,其他
688469.SH,中芯集成,20230425,,其他
600396.SH,*ST金山,20230424,20240604,*ST
688478.SH,晶升股份,20230424,,其他
920694.BJ,中裕科技,20230424,,其他
600396.SH,*ST金山,20230424,20240604,*ST
301307.SZ,美利信,20230424,,其他
871694.BJ,中裕科技,20230424,,其他
688478.SH,晶升股份,20230424,,其他
301307.SZ,美利信,20230424,,其他
301332.SZ,德尔玛,20230424,,其他
301428.SZ,世纪恒通,20230424,,其他
600396.SH,*ST金山,20230424,,*ST
301383.SZ,天键股份,20230424,,其他
301488.SZ,豪恩汽电,20230424,,其他
871694.BJ,中裕科技,20230424,,其他
301382.SZ,蜂助手,20230421,,其他
001380.SZ,华纬科技,20230421,,其他
688146.SH,中船特气,20230421,,其他
688146.SH,中船特气,20230421,,其他
688207.SH,格灵深瞳,20230421,,其他
688207.SH,格灵深瞳,20230421,,其他
688146.SH,中船特气,20230421,,其他
688146.SH,中船特气,20230421,,其他
688512.SH,慧智微,20230421,,其他
688552.SH,航天南湖,20230421,,其他
600122.SH,*ST宏图,20230420,,*ST
688352.SH,颀中科技,20230420,,其他
688352.SH,颀中科技,20230420,,其他
300201.SZ,海伦哲,20230420,,撤销*ST
600122.SH,*ST宏图,20230420,,*ST
301293.SZ,三博脑科,20230420,,其他
301390.SZ,经纬股份,20230420,,其他
688443.SH,智翔金泰,20230420,,其他
300201.SZ,海伦哲,20230420,,撤销*ST
603137.SH,恒尚节能,20230419,,其他
603137.SH,恒尚节能,20230419,,其他
688249.SH,晶合集成,20230419,,其他
920896.BJ,旺成科技,20230419,,其他
830896.BJ,旺成科技,20230419,,其他
688479.SH,友车科技,20230419,,其他
830896.BJ,旺成科技,20230419,,其他
688072.SH,拓荆科技,20230419,,其他
688072.SH,拓荆科技,20230419,,其他
688072.SH,拓荆科技,20230419,,其他
301390.SZ,经纬股份,20230419,,其他
603137.SH,恒尚节能,20230419,,其他
688539.SH,高华科技,20230418,,其他
688539.SH,高华科技,20230418,,其他
920304.BJ,迪尔化工,20230418,,其他
000552.SZ,甘肃能化,20230418,,改名
301357.SZ,北方长龙,20230418,,其他
688507.SH,索辰科技,20230418,,其他
831304.BJ,迪尔化工,20230418,,其他
603172.SH,万丰股份,20230418,,其他
301325.SZ,曼恩斯特,20230418,,其他
000552.SZ,甘肃能化,20230418,,改名
301357.SZ,北方长龙,20230418,,其他
688469.SH,中芯集成,20230418,,其他
301387.SZ,光大同创,20230418,,其他
688507.SH,索辰科技,20230418,,其他
688539.SH,高华科技,20230418,,其他
831304.BJ,迪尔化工,20230418,,其他
301387.SZ,光大同创,20230418,,其他
000972.SZ,中基健康,20230417,,撤销ST
688433.SH,华曙高科,20230417,,其他
000972.SZ,中基健康,20230417,20250331,撤销ST
000972.SZ,中基健康,20230417,,撤销ST
688433.SH,华曙高科,20230417,,其他
301429.SZ,森泰股份,20230417,,其他
002316.SZ,亚联发展,20230417,,其他
002316.SZ,亚联发展,20230417,20240805,其他
301429.SZ,森泰股份,20230417,,其他
920593.BJ,鼎智科技,20230413,,其他
873593.BJ,鼎智科技,20230413,,其他
688638.SH,誉辰智能,20230413,,其他
873593.BJ,鼎智科技,20230413,,其他
002076.SZ,雪莱特,20230413,,其他
002076.SZ,雪莱特,20230413,20230618,其他
688429.SH,时创能源,20230413,,其他
301293.SZ,三博脑科,20230413,,其他
688610.SH,埃科光电,20230413,,其他
002076.SZ,雪莱特,20230413,20230618,其他
688126.SH,沪硅产业,20230412,,其他
688249.SH,晶合集成,20230412,,其他
301360.SZ,荣旗科技,20230412,,其他
688570.SH,天玛智控,20230412,,其他
688523.SH,航天环宇,20230412,,其他
688126.SH,沪硅产业,20230412,,其他
002893.SZ,京能热力,20230411,,改名
002893.SZ,京能热力,20230411,,改名
301307.SZ,美利信,20230411,,其他
601065.SH,江盐集团,20230410,,其他
300268.SZ,*ST佳沃,20230410,20240514,*ST
601065.SH,江盐集团,20230410,,其他
603125.SH,常青科技,20230410,,其他
601065.SH,江盐集团,20230410,,其他
601065.SH,江盐集团,20230410,,其他
601133.SH,柏诚股份,20230410,,其他
001286.SZ,陕西能源,20230410,,其他
603125.SH,常青科技,20230410,,其他
603135.SH,中重科技,20230410,,其他
001360.SZ,南矿集团,20230410,,其他
601061.SH,中信金属,20230410,,其他
001367.SZ,海森药业,20230410,,其他
688603.SH,天承科技,20230410,,其他
603135.SH,中重科技,20230410,,其他
601133.SH,柏诚股份,20230410,,其他
300268.SZ,*ST佳沃,20230410,,*ST
001328.SZ,登康口腔,20230410,,其他
001360.SZ,南矿集团,20230410,,其他
001287.SZ,中电港,20230410,,其他
688478.SH,晶升股份,20230410,,其他
001286.SZ,陕西能源,20230410,,其他
688146.SH,中船特气,20230410,,其他
001328.SZ,登康口腔,20230410,,其他
603135.SH,中重科技,20230410,,其他
688576.SH,西山科技,20230410,,其他
688623.SH,双元科技,20230410,,其他
688629.SH,华丰科技,20230410,,其他
688631.SH,莱斯信息,20230410,,其他
603125.SH,常青科技,20230410,,其他
601061.SH,中信金属,20230410,,其他
601133.SH,柏诚股份,20230410,,其他
603125.SH,常青科技,20230410,,其他
001367.SZ,海森药业,20230410,,其他
603125.SH,常青科技,20230410,,其他
601133.SH,柏诚股份,20230410,,其他
001287.SZ,中电港,20230410,,其他
300268.SZ,*ST佳沃,20230410,20240514,*ST
603125.SH,常青科技,20230410,,其他
688484.SH,南芯科技,20230407,,其他
688484.SH,南芯科技,20230407,,其他
920895.BJ,花溪科技,20230406,,其他
301357.SZ,北方长龙,20230406,,其他
872895.BJ,花溪科技,20230406,,其他
872895.BJ,花溪科技,20230406,,其他
688552.SH,航天南湖,20230406,,其他
688458.SH,美芯晟,20230406,,其他
688593.SH,新相微,20230406,,其他
688539.SH,高华科技,20230406,,其他
688352.SH,颀中科技,20230406,,其他
688343.SH,云天励飞-U,20230404,,其他
002022.SZ,科华生物,20230404,,其他
301281.SZ,科源制药,20230404,,其他
688535.SH,华海诚科,20230404,,其他
688507.SH,索辰科技,20230404,,其他
688343.SH,云天励飞-U,20230404,,其他
301203.SZ,国泰环保,20230404,,其他
688535.SH,华海诚科,20230404,,其他
688535.SH,华海诚科,20230404,,其他
688535.SH,华海诚科,20230404,,其他
688535.SH,华海诚科,20230404,,其他
301203.SZ,国泰环保,20230404,,其他
002022.SZ,科华生物,20230404,,其他
688535.SH,华海诚科,20230404,,其他
688343.SH,云天励飞,20230404,,其他
603137.SH,恒尚节能,20230404,,其他
301429.SZ,森泰股份,20230404,,其他
301387.SZ,光大同创,20230404,,其他
688512.SH,慧智微,20230404,,其他
301281.SZ,科源制药,20230404,,其他
920261.BJ,一诺威,20230403,,其他
834261.BJ,一诺威,20230403,,其他
600719.SH,大连热电,20230403,,撤销ST
603039.SH,泛微网络,20230403,,撤销ST
603039.SH,泛微网络,20230403,,撤销ST
834261.BJ,一诺威,20230403,,其他
600719.SH,大连热电,20230403,,撤销ST
301141.SZ,中科磁业,20230403,,其他
688433.SH,华曙高科,20230403,,其他
603039.SH,泛微网络,20230403,,撤销ST
301141.SZ,中科磁业,20230403,,其他
301370.SZ,国科恒泰,20230331,,其他
688531.SH,日联科技,20230331,,其他
600306.SH,*ST商城,20230331,20240528,*ST
688531.SH,日联科技,20230331,,其他
688531.SH,日联科技,20230331,,其他
600306.SH,*ST商城,20230331,,*ST
688531.SH,日联科技,20230331,,其他
688478.SH,晶升股份,20230331,,其他
002006.SZ,精工科技,20230331,,改名
301307.SZ,美利信,20230331,,其他
688146.SH,中船特气,20230331,,其他
301360.SZ,荣旗科技,20230331,,其他
301320.SZ,豪江智能,20230331,,其他
600306.SH,*ST商城,20230331,20240528,*ST
301272.SZ,英华特,20230331,,其他
301510.SZ,固高科技,20230331,,其他
301468.SZ,博盈特焊,20230331,,其他
002006.SZ,精工科技,20230331,,改名
839792.BJ,东和新材,20230330,,其他
688337.SH,普源精电,20230330,,其他
301353.SZ,普莱得,20230330,,其他
920792.BJ,东和新材,20230330,,其他
301170.SZ,锡南科技,20230330,,其他
839792.BJ,东和新材,20230330,,其他
301225.SZ,恒勃股份,20230330,,其他
301315.SZ,威士顿,20230330,,其他
301397.SZ,溯联股份,20230330,,其他
301486.SZ,致尚科技,20230330,,其他
301456.SZ,盘古智能,20230330,,其他
688337.SH,普源精电,20230330,,其他
600925.SH,苏能股份,20230329,,其他
603162.SH,海通发展,20230329,,其他
301386.SZ,未来电器,20230329,,其他
301261.SZ,恒工精密,20230329,,其他
301287.SZ,康力源,20230329,,其他
300804.SZ,广康生化,20230329,,其他
603162.SH,海通发展,20230329,,其他
600925.SH,苏能股份,20230329,,其他
301386.SZ,未来电器,20230329,,其他
688352.SH,颀中科技,20230329,,其他
688539.SH,高华科技,20230329,,其他
688469.SH,中芯集成,20230329,,其他
301393.SZ,昊帆生物,20230329,,其他
603162.SH,海通发展,20230329,,其他
603162.SH,海通发展,20230329,,其他
301314.SZ,科瑞思,20230328,,其他
688521.SH,芯原股份,20230328,,其他
301314.SZ,科瑞思,20230328,,其他
688521.SH,芯原股份,20230328,,其他
688507.SH,索辰科技,20230328,,其他
603137.SH,恒尚节能,20230328,,其他
601065.SH,江盐集团,20230328,,其他
001360.SZ,南矿集团,20230328,,其他
001286.SZ,陕西能源,20230328,,其他
601133.SH,柏诚股份,20230328,,其他
301387.SZ,光大同创,20230328,,其他
301357.SZ,北方长龙,20230328,,其他
688581.SH,安杰思,20230328,,其他
603291.SH,联合水务,20230327,,其他
603291.SH,联合水务,20230327,,其他
001287.SZ,中电港,20230327,,其他
002499.SZ,科林退,20230327,,终止上市
002499.SZ,科林退,20230327,,终止上市
688433.SH,华曙高科,20230327,,其他
601061.SH,中信金属,20230327,,其他
001367.SZ,海森药业,20230327,,其他
603125.SH,常青科技,20230327,,其他
301429.SZ,森泰股份,20230327,,其他
301390.SZ,经纬股份,20230327,,其他
603135.SH,中重科技,20230324,,其他
001328.SZ,登康口腔,20230324,,其他
000697.SZ,*ST炼石,20230323,20240515,*ST
000697.SZ,*ST炼石,20230323,20240515,*ST
830809.BJ,安达科技,20230323,,其他
830809.BJ,安达科技,20230323,,其他
000697.SZ,*ST炼石,20230323,,*ST
688535.SH,华海诚科,20230323,,其他
301281.SZ,科源制药,20230323,,其他
301203.SZ,国泰环保,20230323,,其他
688484.SH,南芯科技,20230323,,其他
920809.BJ,安达科技,20230323,,其他
688343.SH,云天励飞,20230323,,其他
301141.SZ,中科磁业,20230322,,其他
688478.SH,晶升装备,20230322,,其他
301292.SZ,海科新源,20230322,,其他
688472.SH,阿特斯,20230322,,其他
301376.SZ,致欧科技,20230321,,其他
301345.SZ,涛涛车业,20230321,,其他
688531.SH,日联科技,20230321,,其他
002358.SZ,森源电气,20230321,,撤销ST
603065.SH,宿迁联盛,20230321,,其他
601065.SH,江盐集团,20230321,,其他
002358.SZ,森源电气,20230321,,撤销ST
301345.SZ,涛涛车业,20230321,,其他
601133.SH,柏诚股份,20230321,,其他
001360.SZ,南矿集团,20230321,,其他
300390.SZ,天华新能,20230321,,改名
001286.SZ,陕西能源,20230321,,其他
603065.SH,宿迁联盛,20230321,,其他
300390.SZ,天华新能,20230321,,改名
301378.SZ,通达海,20230320,,其他
001328.SZ,登康口腔,20230320,,其他
600753.SH,庚星股份,20230320,,改名
001287.SZ,中电港,20230320,,其他
600753.SH,庚星股份,20230320,20250428,改名
600506.SH,统一股份,20230320,,改名
001367.SZ,海森药业,20230320,,其他
600506.SH,统一股份,20230320,,改名
600753.SH,庚星股份,20230320,,改名
301378.SZ,通达海,20230320,,其他
603125.SH,常青科技,20230320,,其他
603135.SH,中重科技,20230320,,其他
600506.SH,统一股份,20230320,,改名
601061.SH,中信金属,20230320,,其他
688484.SH,南芯科技,20230317,,其他
688352.SH,颀中科技,20230317,,其他
301439.SZ,泓淋电力,20230317,,其他
600877.SH,电科芯片,20230317,,改名
430556.BJ,雅达股份,20230317,,其他
301439.SZ,泓淋电力,20230317,,其他
301281.SZ,科源制药,20230317,,其他
301246.SZ,宏源药业,20230317,,其他
920556.BJ,雅达股份,20230317,,其他
600877.SH,电科芯片,20230317,,改名
301246.SZ,宏源药业,20230317,,其他
430556.BJ,雅达股份,20230317,,其他
603073.SH,彩蝶实业,20230316,,其他
603073.SH,彩蝶实业,20230316,,其他
688535.SH,华海诚科,20230316,,其他
688343.SH,云天励飞,20230316,,其他
600925.SH,苏能股份,20230316,,其他
603162.SH,海通发展,20230316,,其他
301386.SZ,未来电器,20230316,,其他
301314.SZ,科瑞思,20230316,,其他
301203.SZ,国泰环保,20230316,,其他
920575.BJ,康乐卫士,20230315,,其他
301141.SZ,中科磁业,20230315,,其他
920575.BJ,康乐卫士,20230315,20260505,其他
833575.BJ,康乐卫士,20230315,,其他
603282.SH,亚光股份,20230315,,其他
603282.SH,亚光股份,20230315,,其他
837663.BJ,明阳科技,20230315,,其他
833575.BJ,康乐卫士,20230315,,其他
920663.BJ,明阳科技,20230315,,其他
837663.BJ,明阳科技,20230315,,其他
603282.SH,亚光股份,20230315,,其他
603291.SH,联合水务,20230315,,其他
301314.SZ,科瑞思,20230315,,其他
603172.SH,万丰股份,20230315,,其他
603282.SH,亚光股份,20230315,,其他
001380.SZ,华纬科技,20230314,,其他
835857.BJ,百甲科技,20230314,,其他
835857.BJ,百甲科技,20230314,,其他
603137.SH,恒尚股份,20230314,,其他
688531.SH,日联科技,20230314,,其他
601133.SH,柏诚股份,20230314,,其他
601065.SH,江盐集团,20230314,,其他
001286.SZ,陕能股份,20230314,,其他
920057.BJ,百甲科技,20230314,,其他
603153.SH,上海建科,20230313,,其他
300716.SZ,泉为科技,20230313,20250429,改名
001368.SZ,通达创智,20230313,,其他
603153.SH,上海建科,20230313,,其他
603153.SH,上海建科,20230313,,其他
300716.SZ,泉为科技,20230313,,改名
603153.SH,上海建科,20230313,,其他
300716.SZ,泉为科技,20230313,,改名
001368.SZ,通达创智,20230313,,其他
688479.SH,用友汽车,20230310,,其他
872541.BJ,铁大科技,20230310,,其他
872541.BJ,铁大科技,20230310,,其他
920541.BJ,铁大科技,20230310,,其他
688502.SH,茂莱光学,20230309,,其他
301157.SZ,华塑科技,20230309,,其他
601121.SH,宝地矿业,20230309,,其他
601121.SH,宝地矿业,20230309,,其他
688502.SH,茂莱光学,20230309,,其他
301157.SZ,华塑科技,20230309,,其他
301386.SZ,未来电器,20230309,,其他
603065.SH,宿迁联盛,20230309,,其他
830974.BJ,凯大催化,20230308,,其他
920974.BJ,凯大催化,20230308,,其他
830974.BJ,凯大催化,20230308,,其他
001278.SZ,一彬科技,20230308,,其他
001278.SZ,一彬科技,20230308,,其他
001366.SZ,播恩集团,20230307,,其他
920021.BJ,流金科技,20230307,,改名
834021.BJ,流金科技,20230307,,改名
834021.BJ,流金科技,20230307,,改名
001366.SZ,播恩集团,20230307,,其他
301439.SZ,泓淋电力,20230307,,其他
301345.SZ,涛涛车业,20230307,,其他
301246.SZ,宏源药业,20230307,,其他
301322.SZ,绿通科技,20230306,,其他
301322.SZ,绿通科技,20230306,,其他
603073.SH,彩蝶实业,20230306,,其他
603061.SH,金海通,20230303,,其他
603061.SH,金海通,20230303,,其他
603061.SH,金海通,20230303,,其他
001337.SZ,四川黄金,20230303,,其他
600876.SH,凯盛新能,20230303,,改名
600876.SH,凯盛新能,20230303,,改名
300391.SZ,长药控股,20230303,20250421,改名
603061.SH,金海通,20230303,,其他
300391.SZ,长药控股,20230303,,改名
603061.SH,金海通,20230303,,其他
603061.SH,金海通,20230303,,其他
300391.SZ,长药控股,20230303,,改名
001337.SZ,四川黄金,20230303,,其他
301378.SZ,通达海,20230302,,其他
603282.SH,亚光股份,20230302,,其他
688091.SH,上海谊众,20230302,,其他
688091.SH,上海谊众,20230302,,其他
688522.SH,纳睿雷达,20230301,,其他
688522.SH,纳睿雷达,20230301,,其他
920422.BJ,润普食品,20230301,,其他
688522.SH,纳睿雷达,20230301,,其他
836422.BJ,润普食品,20230301,,其他
603203.SH,快克智能,20230301,,其他
688522.SH,纳睿雷达,20230301,,其他
836422.BJ,润普食品,20230301,,其他
688522.SH,纳睿雷达,20230301,,其他
301408.SZ,华人健康,20230301,,其他
301378.SZ,通达海,20230301,,其他
301382.SZ,蜂助手,20230301,,其他
301332.SZ,德尔玛,20230301,,其他
603203.SH,快克智能,20230301,,其他
301408.SZ,华人健康,20230301,,其他
834770.BJ,艾能聚,20230228,,其他
603153.SH,上海建科,20230228,,其他
002122.SZ,天马股份,20230228,20230604,撤销ST
002122.SZ,天马股份,20230228,,撤销ST
301439.SZ,泓淋电力,20230228,,其他
001368.SZ,通达创智,20230228,,其他
834770.BJ,艾能聚,20230228,,其他
002122.SZ,天马股份,20230228,20230604,撤销ST
920770.BJ,艾能聚,20230228,,其他
001311.SZ,多利科技,20230227,,其他
301345.SZ,涛涛车业,20230227,,其他
301246.SZ,宏源药业,20230227,,其他
001311.SZ,多利科技,20230227,,其他
601121.SH,宝地矿业,20230224,,其他
301157.SZ,华塑科技,20230224,,其他
430478.BJ,峆一药业,20230223,,其他
920478.BJ,峆一药业,20230223,,其他
430478.BJ,峆一药业,20230223,,其他
688502.SH,茂莱光学,20230223,,其他
301357.SZ,北方长龙,20230223,,其他
920906.BJ,舜宇精工,20230222,,其他
831906.BJ,舜宇精工,20230222,,其他
001225.SZ,和泰机电,20230222,,其他
001225.SZ,和泰机电,20230222,,其他
831906.BJ,舜宇精工,20230222,,其他
301322.SZ,绿通科技,20230222,,其他
603282.SH,亚光股份,20230222,,其他
001337.SZ,四川黄金,20230221,,其他
688486.SH,龙迅股份,20230221,,其他
920273.BJ,一致魔芋,20230221,,其他
839273.BJ,一致魔芋,20230221,,其他
688486.SH,龙迅股份,20230221,,其他
001366.SZ,播恩集团,20230221,,其他
603153.SH,上海建科,20230221,,其他
688507.SH,索辰科技,20230221,,其他
839273.BJ,一致魔芋,20230221,,其他
001368.SZ,通达创智,20230220,,其他
603003.SH,龙宇股份,20230220,20240505,改名
301303.SZ,真兰仪表,20230220,,其他
603003.SH,龙宇股份,20230220,,改名
001278.SZ,一彬科技,20230220,,其他
688361.SH,中科飞测,20230220,,其他
301303.SZ,真兰仪表,20230220,,其他
603003.SH,龙宇股份,20230220,20240505,改名
688539.SH,高华科技,20230218,,其他
688531.SH,日联科技,20230218,,其他
688146.SH,派瑞特气,20230218,,其他
301387.SZ,光大同创,20230218,,其他
603190.SH,亚通精工,20230217,,其他
603190.SH,亚通精工,20230217,,其他
832149.BJ,利尔达,20230217,,其他
603190.SH,亚通精工,20230217,,其他
603190.SH,亚通精工,20230217,,其他
603190.SH,亚通精工,20230217,,其他
603190.SH,亚通精工,20230217,,其他
688522.SH,纳睿雷达,20230217,,其他
603190.SH,亚通精工,20230217,,其他
920249.BJ,利尔达,20230217,,其他
603162.SH,海通发展,20230217,,其他
600925.SH,苏能股份,20230217,,其他
603061.SH,金海通,20230217,,其他
301408.SZ,华人健康,20230217,,其他
301157.SZ,华塑科技,20230217,,其他
000791.SZ,甘肃能源,20230217,,其他
832149.BJ,利尔达,20230217,,其他
601121.SH,宝地矿业,20230217,,其他
603190.SH,亚通精工,20230217,,其他
000791.SZ,甘肃能源,20230217,,其他
688307.SH,中润光学,20230216,,其他
001260.SZ,坤泰股份,20230216,,其他
603061.SH,金海通,20230216,,其他
920407.BJ,驰诚股份,20230216,,其他
603307.SH,扬州金泉,20230216,,其他
834407.BJ,驰诚股份,20230216,,其他
603307.SH,扬州金泉,20230216,,其他
001260.SZ,坤泰股份,20230216,,其他
688307.SH,中润光学,20230216,,其他
603065.SH,宿迁联盛,20230216,,其他
603291.SH,联合水务,20230216,,其他
834407.BJ,驰诚股份,20230216,,其他
688502.SH,茂莱光学,20230216,,其他
688307.SH,中润光学,20230216,,其他
301322.SZ,绿通科技,20230215,,其他
001337.SZ,四川黄金,20230214,,其他
001314.SZ,亿道信息,20230214,,其他
001314.SZ,亿道信息,20230214,,其他
001366.SZ,播恩集团,20230214,,其他
603073.SH,彩蝶实业,20230213,,其他
001311.SZ,多利科技,20230213,,其他
688515.SH,裕太微-U,20230210,,其他
001278.SZ,一彬科技,20230210,,其他
688515.SH,裕太微,20230210,,其他
301408.SZ,华人健康,20230210,,其他
688522.SH,纳睿雷达,20230210,,其他
688515.SH,裕太微-U,20230210,,其他
873167.BJ,新赣江,20230209,,其他
301419.SZ,阿莱德,20230209,,其他
920367.BJ,新赣江,20230209,,其他
873167.BJ,新赣江,20230209,,其他
301419.SZ,阿莱德,20230209,,其他
301358.SZ,湖南裕能,20230209,,其他
603065.SH,宿迁联盛,20230209,,其他
301358.SZ,湖南裕能,20230209,,其他
301373.SZ,凌玮科技,20230208,,其他
301260.SZ,格力博,20230208,,其他
301260.SZ,格力博,20230208,,其他
301373.SZ,凌玮科技,20230208,,其他
301303.SZ,真兰仪表,20230208,,其他
688486.SH,龙迅股份,20230207,,其他
001225.SZ,和泰机电,20230207,,其他
603190.SH,亚通精工,20230207,,其他
001225.SZ,和泰机电,20230206,,其他
920802.BJ,保丽洁,20230206,,其他
832802.BJ,保丽洁,20230206,,其他
600165.SH,宁科生物,20230206,20240407,改名
600165.SH,宁科生物,20230206,,改名
832802.BJ,保丽洁,20230206,,其他
001260.SZ,坤泰股份,20230206,,其他
603307.SH,扬州金泉,20230206,,其他
603073.SH,彩蝶实业,20230206,,其他
001311.SZ,多利科技,20230206,,其他
600165.SH,宁科生物,20230206,20240407,改名
688307.SH,中润光学,20230203,,其他
920023.BJ,田野股份,20230202,20260429,其他
832023.BJ,田野股份,20230202,,其他
920023.BJ,田野股份,20230202,,其他
832023.BJ,田野股份,20230202,,其他
300555.SZ,ST路通,20230201,,ST
300555.SZ,ST路通,20230201,,ST
301303.SZ,真兰仪表,20230131,,其他
603281.SH,江瀚新材,20230131,,其他
601059.SH,信达证券,20230131,,其他
603281.SH,江瀚新材,20230131,,其他
688486.SH,龙迅股份,20230131,,其他
601059.SH,信达证券,20230131,,其他
603190.SH,亚通精工,20230131,,其他
603173.SH,福斯达,20230130,,其他
603173.SH,福斯达,20230130,,其他
430425.BJ,乐创技术,20230130,,其他
920425.BJ,乐创技术,20230130,,其他
603173.SH,福斯达,20230130,,其他
001314.SZ,亿道信息,20230130,,其他
301419.SZ,阿莱德,20230130,,其他
001260.SZ,坤泰股份,20230130,,其他
603173.SH,福斯达,20230130,,其他
430425.BJ,乐创技术,20230130,,其他
301358.SZ,湖南裕能,20230120,,其他
688307.SH,中润光学,20230120,,其他
688515.SH,裕太微,20230120,,其他
301246.SZ,宏源药业,20230120,,其他
301317.SZ,鑫磊股份,20230119,,其他
920252.BJ,天宏锂电,20230119,,其他
873152.BJ,天宏锂电,20230119,,其他
301317.SZ,鑫磊股份,20230119,,其他
873152.BJ,天宏锂电,20230119,,其他
688435.SH,英方软件,20230119,,其他
688435.SH,英方软件,20230119,,其他
688485.SH,九州一轨,20230118,,其他
688485.SH,九州一轨,20230118,,其他
920371.BJ,欧福蛋业,20230118,,其他
002089.SZ,*ST新海,20230118,20240325,*ST
688485.SH,九州一轨,20230118,,其他
839371.BJ,欧福蛋业,20230118,,其他
002089.SZ,*ST新海,20230118,20240325,*ST
839371.BJ,欧福蛋业,20230118,,其他
002089.SZ,*ST新海,20230118,,*ST
688485.SH,九州一轨,20230118,,其他
688502.SH,茂莱光学,20230118,,其他
301373.SZ,凌玮科技,20230117,,其他
301260.SZ,格力博,20230117,,其他
001314.SZ,亿道信息,20230116,,其他
301419.SZ,阿莱德,20230116,,其他
601059.SH,信达证券,20230113,,其他
301358.SZ,湖南裕能,20230113,,其他
688515.SH,裕太微,20230113,,其他
000981.SZ,山子股份,20230112,20240324,改名
000981.SZ,山子股份,20230112,,改名
301345.SZ,涛涛车业,20230112,,其他
603281.SH,江瀚新材,20230112,,其他
000981.SZ,山子股份,20230112,20240324,改名
002268.SZ,电科网安,20230111,,改名
920950.BJ,迅安科技,20230111,,其他
834950.BJ,迅安科技,20230111,,其他
834950.BJ,迅安科技,20230111,,其他
603307.SH,扬州金泉,20230111,,其他
688343.SH,云天励飞,20230111,,其他
002268.SZ,电科网安,20230111,,改名
002122.SZ,ST天马,20230110,20230227,摘星
002122.SZ,ST天马,20230110,20230227,摘星
301260.SZ,格力博,20230110,,其他
002122.SZ,ST天马,20230110,,撤销*ST
002122.SZ,ST天马,20230110,20230227,撤销*ST
603307.SH,扬州金泉,20230110,,其他
301373.SZ,凌玮科技,20230110,,其他
600901.SH,江苏金租,20230109,,其他
603173.SH,福斯达,20230109,,其他
688435.SH,英方软件,20230109,,其他
301317.SZ,鑫磊股份,20230109,,其他
600901.SH,江苏金租,20230109,,其他
688506.SH,百利天恒-U,20230106,,其他
688506.SH,百利天恒,20230106,,其他
688506.SH,百利天恒-U,20230106,20250331,其他
688485.SH,九州一轨,20230106,,其他
688506.SH,百利天恒-U,20230106,,其他
603281.SH,江瀚新材,20230105,,其他
872392.BJ,佳合科技,20221230,,其他
831195.BJ,三祥科技,20221230,,其他
301297.SZ,富乐德,20221230,,其他
301105.SZ,鸿铭股份,20221230,,其他
920262.BJ,太湖雪,20221230,,其他
688525.SH,佰维存储,20221230,,其他
831195.BJ,三祥科技,20221230,,其他
301317.SZ,鑫磊股份,20221230,,其他
301105.SZ,鸿铭股份,20221230,,其他
838262.BJ,太湖雪,20221230,,其他
838262.BJ,太湖雪,20221230,,其他
301297.SZ,富乐德,20221230,,其他
688435.SH,英方软件,20221230,,其他
920195.BJ,三祥科技,20221230,,其他
872392.BJ,佳合科技,20221230,,其他
920392.BJ,佳合科技,20221230,,其他
688525.SH,佰维存储,20221230,,其他
872351.BJ,华光源海,20221229,,其他
831855.BJ,浙江大农,20221229,,其他
920855.BJ,浙江大农,20221229,,其他
872351.BJ,华光源海,20221229,,其他
831855.BJ,浙江大农,20221229,,其他
603173.SH,福斯达,20221229,,其他
920351.BJ,华光源海,20221229,,其他
688475.SH,萤石网络,20221228,,其他
688496.SH,清越科技,20221228,20260429,其他
838227.BJ,美登科技,20221228,,其他
688496.SH,清越科技,20221228,,其他
688485.SH,九州一轨,20221228,,其他
688475.SH,萤石网络,20221228,,其他
688496.SH,清越科技,20221228,,其他
001301.SZ,尚太科技,20221228,,其他
838227.BJ,美登科技,20221228,,其他
688475.SH,萤石网络,20221228,,其他
920227.BJ,美登科技,20221228,,其他
001301.SZ,尚太科技,20221228,,其他
873001.BJ,纬达光电,20221227,,其他
301301.SZ,川宁生物,20221227,,其他
301255.SZ,通力科技,20221227,,其他
301301.SZ,川宁生物,20221227,,其他
873001.BJ,纬达光电,20221227,,其他
301255.SZ,通力科技,20221227,,其他
920001.BJ,纬达光电,20221227,,其他
688410.SH,山外山,20221226,,其他
833781.BJ,瑞奇智造,20221226,,其他
833781.BJ,瑞奇智造,20221226,,其他
688410.SH,山外山,20221226,,其他
301280.SZ,珠城科技,20221226,,其他
920781.BJ,瑞奇智造,20221226,,其他
688410.SH,山外山,20221226,,其他
688410.SH,山外山,20221226,,其他
301280.SZ,珠城科技,20221226,,其他
688147.SH,微导纳米,20221223,,其他
688141.SH,杰华特,20221223,,其他
688147.SH,微导纳米,20221223,,其他
920190.BJ,雷神科技,20221223,,其他
688141.SH,杰华特,20221223,,其他
688147.SH,微导纳米,20221223,,其他
688147.SH,微导纳米,20221223,,其他
872190.BJ,雷神科技,20221223,,其他
836247.BJ,华密新材,20221223,,其他
836247.BJ,华密新材,20221223,,其他
920247.BJ,华密新材,20221223,,其他
872190.BJ,雷神科技,20221223,,其他
688506.SH,百利天恒,20221223,,其他
920718.BJ,合肥高科,20221222,,其他
601136.SH,首创证券,20221222,,其他
430718.BJ,合肥高科,20221222,,其他
831526.BJ,凯华材料,20221222,,其他
920526.BJ,凯华材料,20221222,,其他
430718.BJ,合肥高科,20221222,,其他
831526.BJ,凯华材料,20221222,,其他
601136.SH,首创证券,20221222,,其他
920505.BJ,九菱科技,20221221,,其他
600361.SH,创新新材,20221221,,改名
688498.SH,源杰科技,20221221,,其他
834033.BJ,康普化学,20221221,,其他
600361.SH,创新新材,20221221,,改名
873305.BJ,九菱科技,20221221,,其他
834033.BJ,康普化学,20221221,,其他
920033.BJ,康普化学,20221221,,其他
688498.SH,源杰科技,20221221,,其他
873305.BJ,九菱科技,20221221,,其他
920807.BJ,奔朗新材,20221220,,其他
830879.BJ,基康仪器,20221220,,其他
830879.BJ,基康仪器,20221220,,其他
830879.BJ,基康仪器,20221220,20250717,其他
920879.BJ,基康仪器,20221220,20250717,其他
836807.BJ,奔朗新材,20221220,,其他
836807.BJ,奔朗新材,20221220,,其他
301297.SZ,富乐德,20221220,,其他
688525.SH,佰维存储,20221220,,其他
688506.SH,百利天恒,20221219,,其他
301105.SZ,鸿铭股份,20221219,,其他
838810.BJ,春光药装,20221216,20250402,其他
688496.SH,清越科技,20221216,,其他
301265.SZ,华新环保,20221216,20260409,其他
838810.BJ,春光药装,20221216,,其他
870508.BJ,丰安股份,20221216,,其他
920810.BJ,春光药装,20221216,20250402,其他
688172.SH,燕东微,20221216,,其他
920608.BJ,丰安股份,20221216,,其他
301265.SZ,华新环保,20221216,,其他
301265.SZ,华新环保,20221216,,其他
001301.SZ,尚太科技,20221216,,其他
838810.BJ,春光药装,20221216,,其他
870508.BJ,丰安股份,20221216,,其他
601059.SH,信达证券,20221216,,其他
301105.SZ,鸿铭股份,20221216,,其他
688172.SH,燕东微,20221216,,其他
301368.SZ,丰立智能,20221215,,其他
301398.SZ,星源卓镁,20221215,,其他
833171.BJ,国航远洋,20221215,,其他
833429.BJ,康比特,20221215,,其他
920571.BJ,国航远洋,20221215,,其他
301368.SZ,丰立智能,20221215,,其他
833429.BJ,康比特,20221215,,其他
301398.SZ,星源卓镁,20221215,,其他
301301.SZ,川宁生物,20221215,,其他
920429.BJ,康比特,20221215,,其他
688475.SH,萤石网络,20221215,,其他
833171.BJ,国航远洋,20221215,,其他
836957.BJ,汉维科技,20221214,,其他
920075.BJ,柏星龙,20221214,,其他
920957.BJ,汉维科技,20221214,,其他
836957.BJ,汉维科技,20221214,,其他
833075.BJ,柏星龙,20221214,,其他
688410.SH,山外山,20221214,,其他
301280.SZ,珠城科技,20221214,,其他
833075.BJ,柏星龙,20221214,,其他
688141.SH,杰华特,20221213,,其他
002622.SZ,皓宸医疗,20221213,,改名
002622.SZ,皓宸医疗,20221213,,改名
834014.BJ,特瑞斯,20221213,,其他
688147.SH,微导纳米,20221213,,其他
688525.SH,佰维存储,20221213,,其他
834014.BJ,特瑞斯,20221213,,其他
920014.BJ,特瑞斯,20221213,,其他
688143.SH,长盈通,20221212,,其他
688143.SH,长盈通,20221212,,其他
836414.BJ,欧普泰,20221212,,其他
688143.SH,长盈通,20221212,,其他
001223.SZ,欧克科技,20221212,,其他
920414.BJ,欧普泰,20221212,,其他
688143.SH,长盈通,20221212,,其他
300269.SZ,联建光电,20221212,,撤销ST
301358.SZ,湖南裕能,20221212,,其他
301297.SZ,富乐德,20221212,,其他
300269.SZ,联建光电,20221212,,撤销ST
001223.SZ,欧克科技,20221212,,其他
601136.SH,首创证券,20221212,,其他
836414.BJ,欧普泰,20221212,,其他
688503.SH,聚和材料,20221209,,其他
688420.SH,美腾科技,20221209,,其他
688503.SH,聚和材料,20221209,,其他
301255.SZ,通力科技,20221209,,其他
688498.SH,源杰科技,20221209,,其他
920230.BJ,欧康医药,20221209,,其他
000987.SZ,越秀资本,20221209,,改名
833230.BJ,欧康医药,20221209,,其他
870866.BJ,绿亨科技,20221209,,其他
833230.BJ,欧康医药,20221209,,其他
870866.BJ,绿亨科技,20221209,,其他
688503.SH,聚和材料,20221209,,其他
688420.SH,美腾科技,20221209,,其他
000987.SZ,越秀资本,20221209,,改名
688496.SH,清越科技,20221209,,其他
920866.BJ,绿亨科技,20221209,,其他
688420.SH,美腾科技,20221209,,其他
688420.SH,美腾科技,20221209,,其他
688503.SH,聚和材料,20221209,,其他
601022.SH,宁波远洋,20221208,,其他
601022.SH,宁波远洋,20221208,,其他
001333.SZ,光华股份,20221208,,其他
688084.SH,晶品特装,20221208,,其他
688410.SH,山外山,20221208,,其他
688084.SH,晶品特装,20221208,,其他
301255.SZ,通力科技,20221208,,其他
920942.BJ,恒立钻具,20221208,,其他
001333.SZ,光华股份,20221208,,其他
688475.SH,萤石网络,20221208,,其他
836942.BJ,恒立钻具,20221208,,其他
836942.BJ,恒立钻具,20221208,,其他
831087.BJ,秋乐种业,20221207,,其他
920087.BJ,秋乐种业,20221207,,其他
430300.BJ,辰光医疗,20221207,,其他
430300.BJ,辰光医疗,20221207,,其他
831087.BJ,秋乐种业,20221207,,其他
920300.BJ,辰光医疗,20221207,,其他
301301.SZ,川宁生物,20221207,,其他
920110.BJ,雷特科技,20221206,,其他
832110.BJ,雷特科技,20221206,,其他
688141.SH,杰华特,20221206,,其他
688147.SH,微导纳米,20221206,,其他
688172.SH,燕东微,20221206,,其他
832110.BJ,雷特科技,20221206,,其他
001256.SZ,炜冈科技,20221205,,其他
301398.SZ,星源卓镁,20221205,,其他
301265.SZ,华新环保,20221205,,其他
001256.SZ,炜冈科技,20221205,,其他
301368.SZ,丰立智能,20221202,,其他
301280.SZ,珠城科技,20221202,,其他
688489.SH,三未信安,20221202,,其他
920641.BJ,格利尔,20221202,,其他
688489.SH,三未信安,20221202,,其他
831641.BJ,格利尔,20221202,,其他
688410.SH,山外山,20221202,,其他
688498.SH,源杰科技,20221202,,其他
831641.BJ,格利尔,20221202,,其他
688489.SH,三未信安,20221202,,其他
002291.SZ,遥望科技,20221201,,改名
870199.BJ,倍益康,20221201,,其他
920199.BJ,倍益康,20221201,,其他
301391.SZ,卡莱特,20221201,,其他
301391.SZ,卡莱特,20221201,,其他
002291.SZ,遥望科技,20221201,,改名
870199.BJ,倍益康,20221201,,其他
301290.SZ,东星医疗,20221130,,其他
600576.SH,祥源文旅,20221130,,改名
600576.SH,祥源文旅,20221130,,改名
301311.SZ,昆船智能,20221130,,其他
301290.SZ,东星医疗,20221130,,其他
688172.SH,燕东微,20221130,,其他
688506.SH,百利天恒,20221130,,其他
001223.SZ,欧克科技,20221130,,其他
301373.SZ,凌玮科技,20221130,,其他
301311.SZ,昆船智能,20221130,,其他
920374.BJ,云里物里,20221129,,其他
300256.SZ,ST星星,20221129,20230904,摘星
872374.BJ,云里物里,20221129,,其他
300256.SZ,ST星星,20221129,20230904,摘星
872374.BJ,云里物里,20221129,,其他
688503.SH,聚和材料,20221129,,其他
001223.SZ,欧克科技,20221129,,其他
300256.SZ,ST星星,20221129,,摘星
832662.BJ,方盛股份,20221128,,其他
832662.BJ,方盛股份,20221128,,其他
688084.SH,晶品特装,20221128,,其他
688143.SH,长盈通,20221128,,其他
301398.SZ,星源卓镁,20221128,,其他
301265.SZ,华新环保,20221128,,其他
920662.BJ,方盛股份,20221128,,其他
688420.SH,美腾科技,20221128,,其他
688480.SH,赛恩斯,20221125,,其他
688480.SH,赛恩斯,20221125,,其他
835237.BJ,力佳科技,20221125,,其他
688480.SH,赛恩斯,20221125,,其他
001333.SZ,光华股份,20221125,,其他
301368.SZ,丰立智能,20221125,,其他
001301.SZ,尚太科技,20221125,,其他
601022.SH,宁波远洋,20221125,,其他
688480.SH,赛恩斯,20221125,,其他
920237.BJ,力佳科技,20221125,,其他
835237.BJ,力佳科技,20221125,,其他
920634.BJ,新威凌,20221124,,其他
600387.SH,海越能源,20221124,20230504,撤销ST
871634.BJ,新威凌,20221124,,其他
871634.BJ,新威凌,20221124,,其他
600387.SH,海越能源,20221124,,撤销ST
600387.SH,海越能源,20221124,20230504,撤销ST
688475.SH,萤石网络,20221123,,其他
688555.SH,*ST泽达,20221122,,*ST
301365.SZ,矩阵股份,20221122,,其他
688503.SH,聚和材料,20221122,,其他
688489.SH,三未信安,20221122,,其他
301377.SZ,鼎泰高科,20221122,,其他
688555.SH,*ST泽达,20221122,20230607,*ST
301365.SZ,矩阵股份,20221122,,其他
301377.SZ,鼎泰高科,20221122,,其他
688555.SH,*ST泽达,20221122,20230607,*ST
301165.SZ,锐捷网络,20221121,,其他
002586.SZ,ST围海,20221121,20230504,摘星
688084.SH,晶品特装,20221121,,其他
301165.SZ,锐捷网络,20221121,,其他
002586.SZ,ST围海,20221121,,摘星
001256.SZ,炜冈科技,20221121,,其他
301391.SZ,卡莱特,20221121,,其他
002586.SZ,ST围海,20221121,20230504,摘星
688420.SH,美腾科技,20221121,,其他
603130.SH,云中马,20221118,,其他
603130.SH,云中马,20221118,,其他
603130.SH,云中马,20221118,,其他
603130.SH,云中马,20221118,,其他
301335.SZ,天元宠物,20221118,,其他
920357.BJ,雅葆轩,20221118,,其他
870357.BJ,雅葆轩,20221118,,其他
603130.SH,云中马,20221118,,其他
920808.BJ,曙光数创,20221118,,其他
872808.BJ,曙光数创,20221118,,其他
688376.SH,美埃科技,20221118,,其他
301335.SZ,天元宠物,20221118,,其他
688143.SH,长盈通,20221118,,其他
301311.SZ,昆船智能,20221118,,其他
001301.SZ,尚太科技,20221118,,其他
301290.SZ,东星医疗,20221118,,其他
688498.SH,源杰科技,20221118,,其他
603130.SH,云中马,20221118,,其他
870357.BJ,雅葆轩,20221118,,其他
872808.BJ,曙光数创,20221118,,其他
688376.SH,美埃科技,20221118,,其他
920339.BJ,恒太照明,20221117,,其他
873339.BJ,恒太照明,20221117,,其他
002072.SZ,凯瑞德,20221117,,其他
873339.BJ,恒太照明,20221117,,其他
002072.SZ,凯瑞德,20221117,,其他
301361.SZ,众智科技,20221116,,其他
301277.SZ,新天地,20221116,,其他
688362.SH,甬矽电子,20221116,,其他
001338.SZ,永顺泰,20221116,,其他
301277.SZ,新天地,20221116,,其他
688147.SH,微导纳米,20221116,,其他
688362.SH,甬矽电子,20221116,,其他
301361.SZ,众智科技,20221116,,其他
001338.SZ,永顺泰,20221116,,其他
603032.SH,德新科技,20221115,,改名
603032.SH,德新科技,20221115,,改名
688489.SH,三未信安,20221115,,其他
688480.SH,赛恩斯,20221115,,其他
603032.SH,德新科技,20221115,,改名
001256.SZ,炜冈科技,20221114,,其他
301356.SZ,天振股份,20221114,,其他
301391.SZ,卡莱特,20221114,,其他
601136.SH,首创证券,20221114,,其他
301356.SZ,天振股份,20221114,,其他
300209.SZ,有棵树,20221111,20230426,改名
833914.BJ,远航精密,20221111,,其他
920914.BJ,远航精密,20221111,,其他
301396.SZ,宏景科技,20221111,,其他
603305.SH,旭升集团,20221111,,改名
833914.BJ,远航精密,20221111,,其他
301396.SZ,宏景科技,20221111,,其他
301311.SZ,昆船智能,20221111,,其他
300209.SZ,有棵树,20221111,20230426,改名
603305.SH,旭升集团,20221111,,改名
300209.SZ,有棵树,20221111,,改名
301290.SZ,东星医疗,20221110,,其他
688432.SH,有研硅,20221110,,其他
688489.SH,三未信安,20221110,,其他
688432.SH,有研硅,20221110,,其他
301388.SZ,欣灵电气,20221109,,其他
832876.BJ,慧为智能,20221109,,其他
301359.SZ,东南电子,20221109,,其他
832876.BJ,慧为智能,20221109,,其他
000981.SZ,银亿股份,20221109,,撤销*ST
301388.SZ,欣灵电气,20221109,,其他
301359.SZ,东南电子,20221109,,其他
301365.SZ,矩阵股份,20221109,,其他
000981.SZ,银亿股份,20221109,20230111,撤销*ST
688496.SH,清越科技,20221109,,其他
000981.SZ,银亿股份,20221109,20230111,撤销*ST
301165.SZ,锐捷网络,20221109,,其他
920876.BJ,慧为智能,20221109,,其他
603280.SH,南方路机,20221108,,其他
301377.SZ,鼎泰高科,20221108,,其他
603280.SH,南方路机,20221108,,其他
603130.SH,云中马,20221108,,其他
688480.SH,赛恩斯,20221108,,其他
301335.SZ,天元宠物,20221108,,其他
603280.SH,南方路机,20221108,,其他
603280.SH,南方路机,20221108,,其他
301267.SZ,华厦眼科,20221107,,其他
688419.SH,耐科装备,20221107,,其他
301267.SZ,华厦眼科,20221107,,其他
688376.SH,美埃科技,20221107,,其他
688419.SH,耐科装备,20221107,,其他
688535.SH,华海诚科,20221107,,其他
688419.SH,耐科装备,20221107,,其他
603330.SH,天洋新材,20221104,,改名
603330.SH,天洋新材,20221104,,改名
688362.SH,甬矽电子,20221104,,其他
301277.SZ,新天地,20221104,,其他
001333.SZ,光华股份,20221104,,其他
688084.SH,晶品特装,20221104,,其他
000980.SZ,众泰汽车,20221103,,撤销ST
000980.SZ,众泰汽车,20221103,,撤销ST
301361.SZ,众智科技,20221103,,其他
002122.SZ,*ST天马,20221102,,*ST
688420.SH,美腾科技,20221102,,其他
002122.SZ,*ST天马,20221102,20230109,*ST
002122.SZ,*ST天马,20221102,20230109,*ST
001338.SZ,永顺泰,20221101,,其他
301367.SZ,怡和嘉业,20221101,,其他
002175.SZ,东方智造,20221101,,改名
002175.SZ,东方智造,20221101,20260429,改名
301230.SZ,泓博医药,20221101,,其他
301367.SZ,怡和嘉业,20221101,20250520,其他
301379.SZ,天山电子,20221101,,其他
301367.SZ,怡和嘉业,20221101,,其他
002175.SZ,东方智造,20221101,,改名
301396.SZ,宏景科技,20221101,,其他
301230.SZ,泓博医药,20221101,,其他
301379.SZ,天山电子,20221101,,其他
871753.BJ,天纺标,20221031,,其他
001298.SZ,好上好,20221031,,其他
301389.SZ,隆扬电子,20221031,,其他
920753.BJ,天纺标,20221031,,其他
001299.SZ,美能能源,20221031,,其他
871753.BJ,天纺标,20221031,,其他
001299.SZ,美能能源,20221031,,其他
688376.SH,美埃科技,20221031,,其他
301165.SZ,锐捷网络,20221031,,其他
301356.SZ,天振股份,20221031,,其他
601022.SH,宁波远洋,20221031,,其他
301335.SZ,天元宠物,20221031,,其他
301377.SZ,鼎泰高科,20221031,,其他
688432.SH,有研硅,20221031,,其他
001298.SZ,好上好,20221031,,其他
301365.SZ,矩阵股份,20221031,,其他
301389.SZ,隆扬电子,20221031,,其他
688152.SH,麒麟信安,20221028,,其他
430139.BJ,华岭股份,20221028,,其他
920139.BJ,华岭股份,20221028,,其他
301359.SZ,东南电子,20221028,,其他
688152.SH,麒麟信安,20221028,,其他
430139.BJ,华岭股份,20221028,,其他
688152.SH,麒麟信安,20221028,,其他
688362.SH,甬矽电子,20221028,,其他
301277.SZ,新天地,20221028,,其他
001333.SZ,光华股份,20221028,,其他
873527.BJ,夜光明,20221027,,其他
873527.BJ,夜光明,20221027,,其他
920527.BJ,夜光明,20221027,,其他
688291.SH,金橙子,20221026,,其他
688291.SH,金橙子,20221026,,其他
600515.SH,海南机场,20221026,,改名
688291.SH,金橙子,20221026,,其他
688291.SH,金橙子,20221026,,其他
688291.SH,金橙子,20221026,,其他
688291.SH,金橙子,20221026,,其他
688372.SH,伟测科技,20221026,,其他
301223.SZ,中荣股份,20221026,,其他
688291.SH,金橙子,20221026,,其他
688372.SH,伟测科技,20221026,,其他
001322.SZ,箭牌家居,20221026,,其他
603280.SH,南方路机,20221026,,其他
301361.SZ,众智科技,20221026,,其他
688419.SH,耐科装备,20221026,,其他
301223.SZ,中荣股份,20221026,,其他
688291.SH,金橙子,20221026,,其他
600515.SH,海南机场,20221026,,改名
688372.SH,伟测科技,20221026,,其他
600515.SH,海南机场,20221026,,改名
001322.SZ,箭牌家居,20221026,,其他
688426.SH,康为世纪,20221025,,其他
301380.SZ,挖金客,20221025,,其他
301273.SZ,瑞晨环保,20221025,,其他
688426.SH,康为世纪,20221025,,其他
301380.SZ,挖金客,20221025,,其他
301273.SZ,瑞晨环保,20221025,,其他
001338.SZ,永顺泰,20221025,,其他
301396.SZ,宏景科技,20221025,,其他
000717.SZ,中南股份,20221024,,改名
000717.SZ,中南股份,20221024,,改名
688432.SH,有研硅,20221024,,其他
600488.SH,津药药业,20221021,,改名
301388.SZ,欣灵电气,20221021,,其他
301356.SZ,天振股份,20221021,,其他
301267.SZ,华厦眼科,20221021,,其他
688376.SH,美埃科技,20221021,,其他
600488.SH,津药药业,20221021,,改名
301299.SZ,卓创资讯,20221019,,其他
603280.SH,南方路机,20221019,,其他
603026.SH,胜华新材,20221019,,改名
603151.SH,邦基科技,20221019,,其他
688419.SH,耐科装备,20221019,,其他
301299.SZ,卓创资讯,20221019,,其他
603151.SH,邦基科技,20221019,,其他
688244.SH,永信至诚,20221019,,其他
001300.SZ,三柏硕,20221019,,其他
688141.SH,杰华特,20221019,,其他
603151.SH,邦基科技,20221019,,其他
603026.SH,胜华新材,20221019,20240610,改名
603151.SH,邦基科技,20221019,,其他
688244.SH,永信至诚,20221019,,其他
603026.SH,胜华新材,20221019,20240610,改名
603151.SH,邦基科技,20221019,,其他
603151.SH,邦基科技,20221019,,其他
001300.SZ,三柏硕,20221019,,其他
920992.BJ,中科美菱,20221018,,其他
603130.SH,云中马,20221018,,其他
688061.SH,灿瑞科技,20221018,,其他
835892.BJ,中科美菱,20221018,,其他
688031.SH,星环科技,20221018,,其他
688061.SH,灿瑞科技,20221018,,其他
301359.SZ,东南电子,20221018,,其他
301367.SZ,怡和嘉业,20221018,,其他
301230.SZ,泓博医药,20221018,,其他
688031.SH,星环科技-U,20221018,,其他
835892.BJ,中科美菱,20221018,,其他
688031.SH,星环科技-U,20221018,,其他
001299.SZ,美能能源,20221017,,其他
001298.SZ,好上好,20221017,,其他
301379.SZ,天山电子,20221014,,其他
430476.BJ,海能技术,20221014,,其他
600515.SH,海航基础,20221014,20221025,撤销ST
430476.BJ,海能技术,20221014,,其他
600515.SH,海航基础,20221014,,撤销ST
600515.SH,海航基础,20221014,20221025,撤销ST
301267.SZ,华厦眼科,20221014,,其他
688372.SH,伟测科技,20221014,,其他
920476.BJ,海能技术,20221014,,其他
301388.SZ,欣灵电气,20221014,,其他
603163.SH,圣晖集成,20221013,,其他
000831.SZ,中国稀土,20221013,,改名
301316.SZ,慧博云通,20221013,,其他
603163.SH,圣晖集成,20221013,,其他
603163.SH,圣晖集成,20221013,,其他
837046.BJ,亿能电力,20221013,,其他
837046.BJ,亿能电力,20221013,,其他
688152.SH,麒麟信安,20221013,,其他
301316.SZ,慧博云通,20221013,,其他
688426.SH,康为世纪,20221013,,其他
301389.SZ,隆扬电子,20221013,,其他
000831.SZ,中国稀土,20221013,,改名
001322.SZ,箭牌家居,20221013,,其他
920046.BJ,亿能电力,20221013,,其他
603163.SH,圣晖集成,20221013,,其他
603163.SH,圣晖集成,20221013,,其他
603163.SH,圣晖集成,20221013,,其他
688459.SH,哈铁科技,20221012,,其他
688143.SH,长盈通,20221012,,其他
301363.SZ,美好医疗,20221012,,其他
688291.SH,金橙子,20221012,,其他
688459.SH,哈铁科技,20221012,,其他
301363.SZ,美好医疗,20221012,,其他
688073.SH,毕得医药,20221011,,其他
688073.SH,毕得医药,20221011,,其他
603130.SH,云中马,20221011,,其他
603052.SH,可川科技,20221011,,其他
688073.SH,毕得医药,20221011,,其他
603052.SH,可川科技,20221011,,其他
688073.SH,毕得医药,20221011,,其他
301223.SZ,中荣股份,20221010,,其他
300093.SZ,金刚光伏,20221010,20250429,改名
000638.SZ,万方发展,20221010,,撤销*ST
300093.SZ,金刚光伏,20221010,,改名
688409.SH,富创精密,20221010,,其他
920685.BJ,新芝生物,20221010,,其他
000638.SZ,万方发展,20221010,,撤销*ST
300093.SZ,金刚光伏,20221010,,改名
430685.BJ,新芝生物,20221010,,其他
688409.SH,富创精密,20221010,,其他
000638.SZ,万方发展,20221010,20250429,撤销*ST
430685.BJ,新芝生物,20221010,,其他
002640.SZ,跨境通,20220930,,撤销*ST
001255.SZ,博菲电气,20220930,,其他
001269.SZ,欧晶科技,20220930,,其他
301313.SZ,凡拓数创,20220930,,其他
002640.SZ,跨境通,20220930,,撤销*ST
688244.SH,永信至诚,20220930,,其他
603151.SH,邦基科技,20220930,,其他
001300.SZ,三柏硕,20220930,,其他
301367.SZ,怡和嘉业,20220930,,其他
688372.SH,伟测科技,20220930,,其他
301313.SZ,凡拓数创,20220930,,其他
001269.SZ,欧晶科技,20220930,,其他
301230.SZ,泓博医药,20220930,,其他
600221.SH,海航控股,20220930,,撤销ST
600221.SH,海航控股,20220930,,撤销ST
001255.SZ,博菲电气,20220930,,其他
688152.SH,麒麟信安,20220929,,其他
688426.SH,康为世纪,20220929,,其他
688031.SH,星环科技,20220929,,其他
301260.SZ,格力博,20220929,,其他
301319.SZ,唯特偶,20220929,,其他
688275.SH,万润新能,20220929,,其他
688275.SH,万润新能,20220929,,其他
301319.SZ,唯特偶,20220929,,其他
688137.SH,近岸蛋白,20220929,,其他
688137.SH,近岸蛋白,20220929,,其他
301380.SZ,挖金客,20220929,,其他
301273.SZ,瑞晨环保,20220929,,其他
301379.SZ,天山电子,20220929,,其他
688061.SH,灿瑞科技,20220929,,其他
301389.SZ,隆扬电子,20220928,,其他
600995.SH,南网储能,20220928,,改名
301285.SZ,鸿日达,20220928,,其他
301176.SZ,逸豪新材,20220928,,其他
688291.SH,金橙子,20220928,,其他
301285.SZ,鸿日达,20220928,,其他
838402.BJ,硅烷科技,20220928,,其他
301380.SZ,挖金客,20220928,,其他
301277.SZ,新天地,20220928,,其他
600995.SH,南网储能,20220928,,改名
920402.BJ,硅烷科技,20220928,,其他
002433.SZ,ST太安,20220928,20230504,ST
002433.SZ,ST太安,20220928,20230504,ST
301176.SZ,逸豪新材,20220928,,其他
688419.SH,耐科装备,20220928,,其他
301365.SZ,矩阵股份,20220928,,其他
301377.SZ,鼎泰高科,20220928,,其他
838402.BJ,硅烷科技,20220928,,其他
002433.SZ,ST太安,20220928,,ST
688392.SH,骄成超声,20220927,,其他
301299.SZ,卓创资讯,20220927,,其他
838971.BJ,天马新材,20220927,,其他
002742.SZ,ST三圣,20220927,,ST
688392.SH,骄成超声,20220927,,其他
688392.SH,骄成超声,20220927,,其他
688392.SH,骄成超声,20220927,,其他
688392.SH,骄成超声,20220927,,其他
688392.SH,骄成超声,20220927,,其他
920971.BJ,天马新材,20220927,,其他
688252.SH,天德钰,20220927,,其他
002742.SZ,ST三圣,20220927,20250428,ST
838971.BJ,天马新材,20220927,,其他
688392.SH,骄成超声,20220927,,其他
688252.SH,天德钰,20220927,,其他
873122.BJ,中纺标,20220927,,其他
688392.SH,骄成超声,20220927,,其他
873122.BJ,中纺标,20220927,,其他
002742.SZ,ST三圣,20220927,,ST
873122.BJ,中纺标,20220927,,其他
688252.SH,天德钰,20220927,,其他
920122.BJ,中纺标,20220927,,其他
688252.SH,天德钰,20220927,,其他
603057.SH,紫燕食品,20220926,,其他
301227.SZ,森鹰窗业,20220926,,其他
301366.SZ,一博科技,20220926,,其他
603057.SH,紫燕食品,20220926,,其他
002219.SZ,新里程,20220926,,改名
301366.SZ,一博科技,20220926,,其他
920163.BJ,方大新材,20220926,,改名
838163.BJ,方大新材,20220926,,改名
301299.SZ,卓创资讯,20220926,,其他
688387.SH,信科移动,20220926,,其他
688387.SH,信科移动-U,20220926,,其他
301316.SZ,慧博云通,20220926,,其他
603057.SH,紫燕食品,20220926,,其他
001299.SZ,美能能源,20220926,,其他
301227.SZ,森鹰窗业,20220926,,其他
002219.SZ,新里程,20220926,,改名
838163.BJ,方大新材,20220926,,改名
688387.SH,信科移动-U,20220926,,其他
603057.SH,紫燕食品,20220926,,其他
301223.SZ,中荣股份,20220923,,其他
002668.SZ,奥马电器,20220923,20240509,撤销ST
688132.SH,邦彦技术,20220923,,其他
920207.BJ,众诚科技,20220923,,其他
001300.SZ,三柏硕,20220923,,其他
835207.BJ,众诚科技,20220923,,其他
002668.SZ,奥马电器,20220923,20240509,撤销ST
688244.SH,永信至诚,20220923,,其他
688132.SH,邦彦技术,20220923,,其他
835207.BJ,众诚科技,20220923,,其他
603151.SH,邦基科技,20220923,,其他
688459.SH,哈铁科技,20220923,,其他
002668.SZ,奥马电器,20220923,,撤销ST
301363.SZ,美好医疗,20220923,,其他
301369.SZ,联动科技,20220922,,其他
301058.SZ,中粮科工,20220922,,改名
301058.SZ,中粮科工,20220922,,改名
301273.SZ,瑞晨环保,20220922,,其他
603163.SH,圣晖集成,20220922,,其他
603052.SH,可川科技,20220922,,其他
688031.SH,星环科技,20220922,,其他
301369.SZ,联动科技,20220922,,其他
688061.SH,灿瑞科技,20220922,,其他
300152.SZ,新动力,20220922,,改名
300152.SZ,新动力,20220922,20250429,改名
688073.SH,毕得医药,20220922,,其他
300152.SZ,新动力,20220922,,改名
688428.SH,诺诚健华-U,20220921,,其他
301331.SZ,恩威医药,20220921,,其他
301331.SZ,恩威医药,20220921,,其他
688448.SH,磁谷科技,20220921,,其他
301326.SZ,捷邦科技,20220921,,其他
688448.SH,磁谷科技,20220921,,其他
688448.SH,磁谷科技,20220921,,其他
603052.SH,可川科技,20220921,,其他
688428.SH,诺诚健华-U,20220921,,其他
688448.SH,磁谷科技,20220921,,其他
688480.SH,赛恩斯,20220921,,其他
688448.SH,磁谷科技,20220921,,其他
688428.SH,诺诚健华-U,20220921,20260326,其他
688409.SH,富创精密,20220921,,其他
688428.SH,诺诚健华,20220921,,其他
301326.SZ,捷邦科技,20220921,,其他
688448.SH,磁谷科技,20220921,,其他
001269.SZ,欧晶科技,20220920,,其他
001332.SZ,锡装股份,20220920,,其他
002664.SZ,信质集团,20220920,,改名
001298.SZ,好上好,20220920,,其他
001332.SZ,锡装股份,20220920,,其他
002664.SZ,信质集团,20220920,,改名
688035.SH,德邦科技,20220919,,其他
688184.SH,帕瓦股份,20220919,20250505,其他
688035.SH,德邦科技,20220919,,其他
688035.SH,德邦科技,20220919,,其他
600225.SH,卓朗科技,20220919,,改名
001255.SZ,博菲电气,20220919,,其他
688035.SH,德邦科技,20220919,,其他
600225.SH,卓朗科技,20220919,20241031,改名
688035.SH,德邦科技,20220919,,其他
301313.SZ,凡拓数创,20220919,,其他
001238.SZ,浙江正特,20220919,,其他
688432.SH,有研硅,20220919,,其他
001299.SZ,美能能源,20220919,,其他
688184.SH,帕瓦股份,20220919,,其他
688035.SH,德邦科技,20220919,,其他
301319.SZ,唯特偶,20220919,,其他
600225.SH,卓朗科技,20220919,,改名
688035.SH,德邦科技,20220919,,其他
301327.SZ,华宝新能,20220919,,其他
688137.SH,近岸蛋白,20220919,,其他
301309.SZ,万得凯,20220919,,其他
688184.SH,帕瓦股份,20220919,,其他
301309.SZ,万得凯,20220919,,其他
688035.SH,德邦科技,20220919,,其他
301327.SZ,华宝新能,20220919,,其他
001238.SZ,浙江正特,20220919,,其他
301176.SZ,逸豪新材,20220916,,其他
301316.SZ,慧博云通,20220916,,其他
301363.SZ,美好医疗,20220916,,其他
301285.SZ,鸿日达,20220916,,其他
688459.SH,哈铁科技,20220916,,其他
688275.SH,万润新能,20220916,,其他
600766.SH,园城黄金,20220915,20230504,撤销*ST
600766.SH,园城黄金,20220915,20230504,撤销*ST
600766.SH,园城黄金,20220915,,撤销*ST
688252.SH,天德钰,20220915,,其他
001322.SZ,箭牌家居,20220915,,其他
688073.SH,毕得医药,20220915,,其他
688455.SH,科捷智能,20220915,,其他
688455.SH,科捷智能,20220915,,其他
603057.SH,紫燕食品,20220914,,其他
301161.SZ,唯万密封,20220914,,其他
688372.SH,伟测科技,20220914,,其他
600112.SH,ST天成,20220914,20240505,摘星
301077.SZ,星华新材,20220914,,改名
600112.SH,ST天成,20220914,,摘星
301161.SZ,唯万密封,20220914,,其他
688387.SH,信科移动,20220914,,其他
688409.SH,富创精密,20220914,,其他
688392.SH,骄成超声,20220914,,其他
301366.SZ,一博科技,20220914,,其他
600112.SH,ST天成,20220914,20240505,摘星
301077.SZ,星华新材,20220914,,改名
688391.SH,钜泉科技,20220913,,其他
300442.SZ,润泽科技,20220913,,改名
300442.SZ,润泽科技,20220913,,改名
301205.SZ,联特科技,20220913,,其他
605198.SH,安德利,20220913,,其他
688132.SH,邦彦技术,20220913,,其他
605198.SH,安德利,20220913,,其他
688391.SH,钜泉科技,20220913,,其他
001298.SZ,好上好,20220913,,其他
688391.SH,钜泉科技,20220913,,其他
301205.SZ,联特科技,20220913,,其他
301227.SZ,森鹰窗业,20220913,,其他
688031.SH,星环科技,20220909,,其他
603182.SH,嘉华股份,20220909,,其他
301339.SZ,通行宝,20220909,,其他
600640.SH,国脉文化,20220909,,其他
301276.SZ,嘉曼服饰,20220909,,其他
603182.SH,嘉华股份,20220909,,其他
301349.SZ,信德新材,20220909,,其他
301276.SZ,嘉曼服饰,20220909,,其他
603182.SH,嘉华股份,20220909,,其他
301349.SZ,信德新材,20220909,,其他
600640.SH,国脉文化,20220909,,其他
605018.SH,长华集团,20220909,,改名
688114.SH,华大智造,20220909,,其他
688137.SH,近岸蛋白,20220909,,其他
301313.SZ,凡拓数创,20220909,,其他
603182.SH,嘉华股份,20220909,,其他
603182.SH,嘉华股份,20220909,,其他
301339.SZ,通行宝,20220909,,其他
603182.SH,嘉华股份,20220909,,其他
605018.SH,长华集团,20220909,,改名
688114.SH,华大智造,20220909,,其他
000629.SZ,钒钛股份,20220908,,其他
301231.SZ,荣信文化,20220908,,其他
688275.SH,万润新能,20220908,,其他
688428.SH,诺诚健华,20220908,,其他
000629.SZ,钒钛股份,20220908,,其他
301328.SZ,维峰电子,20220908,,其他
301328.SZ,维峰电子,20220908,,其他
001331.SZ,胜通能源,20220908,,其他
301369.SZ,联动科技,20220908,,其他
688073.SH,毕得医药,20220908,,其他
301176.SZ,逸豪新材,20220908,,其他
301285.SZ,鸿日达,20220908,,其他
301231.SZ,荣信文化,20220908,,其他
001331.SZ,胜通能源,20220908,,其他
688291.SH,金橙子,20220907,,其他
001322.SZ,箭牌家居,20220907,,其他
688061.SH,灿瑞科技,20220907,,其他
301369.SZ,联动科技,20220907,,其他
688448.SH,磁谷科技,20220907,,其他
301380.SZ,挖金客,20220907,,其他
688252.SH,天德钰,20220907,,其他
301319.SZ,唯特偶,20220907,,其他
688387.SH,信科移动,20220906,,其他
001238.SZ,浙江正特,20220906,,其他
688184.SH,帕瓦股份,20220906,,其他
001332.SZ,锡装股份,20220906,,其他
301366.SZ,一博科技,20220906,,其他
301326.SZ,捷邦科技,20220906,,其他
688035.SH,德邦科技,20220906,,其他
688137.SH,近岸蛋白,20220906,,其他
688392.SH,骄成超声,20220906,,其他
001332.SZ,锡装股份,20220905,,其他
301309.SZ,万得凯,20220905,,其他
603057.SH,紫燕食品,20220905,,其他
301327.SZ,华宝新能,20220905,,其他
688132.SH,邦彦技术,20220905,,其他
301331.SZ,恩威医药,20220905,,其他
001283.SZ,豪鹏科技,20220905,,其他
001283.SZ,豪鹏科技,20220905,,其他
839790.BJ,联迪信息,20220902,,其他
688293.SH,奥浦迈,20220902,,其他
920270.BJ,天铭科技,20220902,,其他
688293.SH,奥浦迈,20220902,,其他
301283.SZ,聚胶股份,20220902,,其他
920790.BJ,联迪信息,20220902,,其他
688293.SH,奥浦迈,20220902,,其他
839790.BJ,联迪信息,20220902,,其他
836270.BJ,天铭科技,20220902,,其他
301283.SZ,聚胶股份,20220902,,其他
688455.SH,科捷智能,20220902,,其他
301227.SZ,森鹰窗业,20220902,,其他
836270.BJ,天铭科技,20220902,,其他
301331.SZ,恩威医药,20220902,,其他
688293.SH,奥浦迈,20220902,,其他
688293.SH,奥浦迈,20220902,,其他
688293.SH,奥浦迈,20220902,,其他
301296.SZ,新巨丰,20220902,,其他
301296.SZ,新巨丰,20220902,,其他
831152.BJ,昆工科技,20220901,,其他
920395.BJ,朗鸿科技,20220901,,其他
836395.BJ,朗鸿科技,20220901,,其他
603163.SH,圣晖集成,20220901,,其他
301161.SZ,唯万密封,20220901,,其他
688428.SH,诺诚健华,20220901,,其他
831152.BJ,昆工科技,20220901,,其他
839680.BJ,广道数字,20220901,,其他
920152.BJ,昆工科技,20220901,,其他
920680.BJ,广道数字,20220901,20250505,其他
839680.BJ,广道数字,20220901,,其他
836395.BJ,朗鸿科技,20220901,,其他
839680.BJ,广道数字,20220901,20250505,其他
688351.SH,微电生理-U,20220831,20250330,其他
001259.SZ,利仁科技,20220831,,其他
301115.SZ,建科股份,20220831,20250423,其他
688351.SH,微电生理,20220831,,其他
688391.SH,钜泉科技,20220831,,其他
000803.SZ,山高环能,20220831,,改名
000803.SZ,山高环能,20220831,,改名
001259.SZ,利仁科技,20220831,,其他
688351.SH,微电生理-U,20220831,,其他
301115.SZ,建科股份,20220831,,其他
301270.SZ,汉仪股份,20220831,,其他
688448.SH,磁谷科技,20220831,,其他
301270.SZ,汉仪股份,20220831,,其他
603237.SH,五芳斋,20220831,,其他
301115.SZ,建科股份,20220831,,其他
603163.SH,圣晖集成,20220831,,其他
688351.SH,微电生理-U,20220831,,其他
603237.SH,五芳斋,20220831,,其他
002188.SZ,中天服务,20220830,,改名
301339.SZ,通行宝,20220830,,其他
688184.SH,帕瓦股份,20220830,,其他
001238.SZ,浙江正特,20220830,,其他
301326.SZ,捷邦科技,20220830,,其他
002188.SZ,中天服务,20220830,,改名
301205.SZ,联特科技,20220830,,其他
688114.SH,华大智造,20220830,,其他
688035.SH,德邦科技,20220830,,其他
603182.SH,嘉华股份,20220830,,其他
301309.SZ,万得凯,20220829,,其他
001269.SZ,欧晶科技,20220829,,其他
301276.SZ,嘉曼服饰,20220829,,其他
301205.SZ,联特科技,20220829,,其他
301152.SZ,天力锂能,20220829,,其他
301327.SZ,华宝新能,20220829,,其他
001331.SZ,胜通能源,20220829,,其他
688416.SH,恒烁股份,20220829,,其他
301152.SZ,天力锂能,20220829,,其他
688416.SH,恒烁股份,20220829,,其他
301282.SZ,金禄电子,20220826,,其他
301282.SZ,金禄电子,20220826,,其他
301231.SZ,荣信文化,20220826,,其他
688439.SH,振华风光,20220826,,其他
688455.SH,科捷智能,20220826,,其他
688439.SH,振华风光,20220826,,其他
001255.SZ,博菲电气,20220826,,其他
688370.SH,丛麟科技,20220825,,其他
301328.SZ,维峰电子,20220825,,其他
688370.SH,丛麟科技,20220825,,其他
301349.SZ,信德新材,20220825,,其他
301161.SZ,唯万密封,20220825,,其他
301209.SZ,联合化学,20220825,,其他
301209.SZ,联合化学,20220825,,其他
688370.SH,丛麟科技,20220825,,其他
688247.SH,宣泰医药,20220825,,其他
688247.SH,宣泰医药,20220825,,其他
688370.SH,丛麟科技,20220825,,其他
600615.SH,丰华股份,20220824,,撤销*ST
600615.SH,丰华股份,20220824,20250821,撤销*ST
688409.SH,富创精密,20220824,,其他
600615.SH,丰华股份,20220824,,撤销*ST
301299.SZ,卓创资讯,20220824,,其他
600615.SH,丰华股份,20220824,,撤销*ST
600615.SH,丰华股份,20220824,,撤销*ST
688381.SH,帝奥微,20220823,,其他
688381.SH,帝奥微,20220823,,其他
688293.SH,奥浦迈,20220823,,其他
301339.SZ,通行宝,20220823,,其他
688381.SH,帝奥微,20220823,,其他
688381.SH,帝奥微,20220823,,其他
001283.SZ,豪鹏科技,20220823,,其他
301283.SZ,聚胶股份,20220823,,其他
301296.SZ,新巨丰,20220823,,其他
603182.SH,嘉华股份,20220823,,其他
831834.BJ,三维股份,20220822,20250721,其他
920834.BJ,三维股份,20220822,20250721,其他
301276.SZ,嘉曼服饰,20220822,,其他
000670.SZ,盈方微,20220822,,其他
000670.SZ,盈方微,20220822,,其他
688428.SH,诺诚健华,20220822,,其他
831834.BJ,三维股份,20220822,,其他
001269.SZ,欧晶科技,20220822,,其他
001283.SZ,豪鹏科技,20220822,,其他
688391.SH,钜泉科技,20220822,,其他
688271.SH,联影医疗,20220822,,其他
831834.BJ,三维股份,20220822,,其他
688271.SH,联影医疗,20220822,,其他
301171.SZ,易点天下,20220819,,其他
301300.SZ,远翔新材,20220819,,其他
603237.SH,五芳斋,20220819,,其他
301300.SZ,远翔新材,20220819,,其他
001231.SZ,农心科技,20220819,,其他
301231.SZ,荣信文化,20220819,,其他
301171.SZ,易点天下,20220819,,其他
001231.SZ,农心科技,20220819,,其他
688109.SH,品茗科技,20220818,,改名
688292.SH,浩瀚深度,20220818,,其他
000820.SZ,神雾节能,20220818,20250429,撤销*ST
301115.SZ,建科股份,20220818,,其他
603255.SH,鼎际得,20220818,,其他
688403.SH,汇成股份,20220818,,其他
000820.SZ,神雾节能,20220818,,撤销*ST
688351.SH,微电生理,20220818,,其他
688292.SH,浩瀚深度,20220818,,其他
688292.SH,浩瀚深度,20220818,,其他
001330.SZ,博纳影业,20220818,,其他
688109.SH,品茗科技,20220818,,改名
603255.SH,鼎际得,20220818,,其他
001330.SZ,博纳影业,20220818,,其他
301321.SZ,翰博高新,20220818,,其他
301321.SZ,翰博高新,20220818,,其他
001222.SZ,源飞宠物,20220818,,其他
688292.SH,浩瀚深度,20220818,,其他
000820.SZ,神雾节能,20220818,,撤销*ST
001222.SZ,源飞宠物,20220818,,其他
688403.SH,汇成股份,20220818,,其他
301330.SZ,熵基科技,20220817,,其他
688132.SH,邦彦技术,20220817,,其他
301330.SZ,熵基科技,20220817,,其他
688416.SH,恒烁股份,20220817,,其他
301349.SZ,信德新材,20220817,,其他
688392.SH,骄成股份,20220817,,其他
688401.SH,路维光电,20220817,,其他
688459.SH,国铁科技,20220817,,其他
688401.SH,路维光电,20220817,,其他
301328.SZ,维峰电子,20220817,,其他
600083.SH,博信股份,20220816,20240505,撤销*ST
688439.SH,振华风光,20220816,,其他
600078.SH,ST澄星,20220816,20240623,摘星
688203.SH,海正生材,20220816,,其他
301338.SZ,凯格精机,20220816,,其他
600083.SH,博信股份,20220816,20240505,撤销*ST
600078.SH,ST澄星,20220816,,摘星
688293.SH,奥浦迈,20220816,,其他
301283.SZ,聚胶股份,20220816,,其他
301270.SZ,汉仪股份,20220816,,其他
001259.SZ,利仁科技,20220816,,其他
600191.SH,华资实业,20220816,,撤销*ST
600083.SH,博信股份,20220816,,撤销*ST
600191.SH,华资实业,20220816,,撤销*ST
688203.SH,海正生材,20220816,,其他
301338.SZ,凯格精机,20220816,,其他
301152.SZ,天力锂能,20220816,,其他
600078.SH,ST澄星,20220816,20240623,摘星
688247.SH,宣泰医药,20220815,,其他
301296.SZ,新巨丰,20220815,,其他
603237.SH,五芳斋,20220815,,其他
001339.SZ,智微智能,20220815,,其他
001259.SZ,利仁科技,20220815,,其他
301282.SZ,金禄电子,20220815,,其他
001339.SZ,智微智能,20220815,,其他
301336.SZ,趣睡科技,20220812,,其他
301209.SZ,联合化学,20220812,,其他
688275.SH,湖北万润,20220812,,其他
688370.SH,丛麟科技,20220812,,其他
688041.SH,海光信息,20220812,,其他
301336.SZ,趣睡科技,20220812,,其他
688041.SH,海光信息,20220812,,其他
688273.SH,麦澜德,20220811,,其他
301115.SZ,建科股份,20220811,,其他
688273.SH,麦澜德,20220811,,其他
688273.SH,麦澜德,20220811,,其他
688273.SH,麦澜德,20220811,,其他
688273.SH,麦澜德,20220811,,其他
688273.SH,麦澜德,20220811,,其他
688455.SH,科捷智能,20220811,,其他
688273.SH,麦澜德,20220811,,其他
301192.SZ,泰祥股份,20220811,,其他
688351.SH,微电生理,20220811,,其他
301192.SZ,泰祥股份,20220811,,其他
301209.SZ,联合化学,20220811,,其他
688273.SH,麦澜德,20220811,,其他
301318.SZ,维海德,20220810,,其他
301318.SZ,维海德,20220810,,其他
688416.SH,恒烁股份,20220810,,其他
301132.SZ,满坤科技,20220810,,其他
688381.SH,帝奥微,20220810,,其他
301132.SZ,满坤科技,20220810,,其他
688205.SH,德科立,20220809,,其他
688205.SH,德科立,20220809,,其他
688439.SH,振华风光,20220809,,其他
688271.SH,联影医疗,20220809,,其他
688205.SH,德科立,20220809,,其他
688205.SH,德科立,20220809,,其他
688205.SH,德科立,20220809,,其他
301270.SZ,汉仪股份,20220809,,其他
688205.SH,德科立,20220809,,其他
300330.SZ,*ST计通,20220808,20230427,*ST
920985.BJ,海泰新能,20220808,,其他
001330.SZ,博纳影业,20220808,,其他
001231.SZ,农心科技,20220808,,其他
301152.SZ,天力锂能,20220808,,其他
300330.SZ,*ST计通,20220808,,*ST
001331.SZ,胜通能源,20220808,,其他
688247.SH,宣泰医药,20220808,,其他
301121.SZ,紫建电子,20220808,,其他
001229.SZ,魅视科技,20220808,,其他
300330.SZ,*ST计通,20220808,20230427,*ST
835985.BJ,海泰新能,20220808,,其他
603255.SH,鼎际得,20220808,,其他
301197.SZ,工大科雅,20220808,,其他
835985.BJ,海泰新能,20220808,,其他
301121.SZ,紫建电子,20220808,,其他
301197.SZ,工大科雅,20220808,,其他
001229.SZ,魅视科技,20220808,,其他
301095.SZ,广立微,20220805,,其他
688373.SH,盟科药业,20220805,,其他
001236.SZ,弘业期货,20220805,,其他
001236.SZ,弘业期货,20220805,,其他
001236.SZ,弘业期货,20220805,20250514,其他
688373.SH,盟科药业-U,20220805,,其他
688380.SH,中微半导,20220805,,其他
688373.SH,盟科药业-U,20220805,,其他
001236.SZ,弘业期货,20220805,,其他
301095.SZ,广立微,20220805,,其他
301308.SZ,江波龙,20220805,,其他
688380.SH,中微半导,20220805,,其他
301171.SZ,易点天下,20220805,,其他
688401.SH,路维光电,20220805,,其他
301330.SZ,熵基科技,20220805,,其他
688403.SH,汇成股份,20220805,,其他
688370.SH,丛麟科技,20220805,,其他
301308.SZ,江波龙,20220805,,其他
301278.SZ,快可电子,20220804,,其他
301278.SZ,快可电子,20220804,,其他
688203.SH,海正生材,20220804,,其他
688292.SH,浩瀚深度,20220804,,其他
301300.SZ,远翔新材,20220804,,其他
301338.SZ,凯格精机,20220803,,其他
001339.SZ,智微智能,20220803,,其他
688381.SH,帝奥微,20220803,,其他
301282.SZ,金禄电子,20220803,,其他
688391.SH,钜泉光电,20220803,,其他
301339.SZ,通行宝,20220803,,其他
688371.SH,菲沃泰,20220802,,其他
688371.SH,菲沃泰,20220802,,其他
301333.SZ,诺思格,20220802,,其他
688041.SH,海光信息,20220802,,其他
601127.SH,赛力斯,20220802,,其他
301333.SZ,诺思格,20220802,,其他
601127.SH,赛力斯,20220802,,其他
001222.SZ,源飞宠物,20220802,,其他
001331.SZ,胜通能源,20220801,,其他
002723.SZ,小崧股份,20220801,,改名
688273.SH,麦澜德,20220801,,其他
002723.SZ,小崧股份,20220801,,改名
301195.SZ,北路智控,20220801,,其他
301336.SZ,趣睡科技,20220801,,其他
001330.SZ,博纳影业,20220801,,其他
301195.SZ,北路智控,20220801,,其他
688351.SH,电生理,20220729,,其他
688130.SH,晶华微,20220729,,其他
301269.SZ,华大九天,20220729,,其他
688130.SH,晶华微,20220729,,其他
603201.SH,常润股份,20220729,,其他
603201.SH,常润股份,20220729,,其他
301269.SZ,华大九天,20220729,,其他
603201.SH,常润股份,20220729,,其他
688130.SH,晶华微,20220729,,其他
688403.SH,汇成股份,20220729,,其他
688271.SH,联影医疗,20220729,,其他
688130.SH,晶华微,20220729,,其他
301132.SZ,满坤科技,20220729,,其他
301318.SZ,维海德,20220729,,其他
301336.SZ,趣睡科技,20220729,,其他
688401.SH,路维光电,20220729,,其他
603201.SH,常润股份,20220729,,其他
688253.SH,英诺特,20220728,,其他
688253.SH,英诺特,20220728,,其他
688203.SH,海正生材,20220728,,其他
301171.SZ,易点天下,20220728,,其他
301330.SZ,熵基科技,20220728,,其他
688205.SH,德科立,20220728,,其他
688253.SH,英诺特,20220728,,其他
688253.SH,英诺特,20220728,,其他
001258.SZ,立新能源,20220727,,其他
001229.SZ,魅视科技,20220727,,其他
301338.SZ,凯格精机,20220727,,其他
301300.SZ,远翔新材,20220727,,其他
001339.SZ,智微智能,20220727,,其他
688292.SH,浩瀚深度,20220727,,其他
688114.SH,华大智造,20220727,,其他
301121.SZ,紫建电子,20220727,,其他
688293.SH,奥浦迈,20220727,,其他
001258.SZ,立新能源,20220727,,其他
301306.SZ,西测测试,20220726,,其他
600265.SH,ST景谷,20220726,20240604,摘星
301197.SZ,工大科雅,20220726,,其他
600265.SH,ST景谷,20220726,,摘星
301306.SZ,西测测试,20220726,,其他
688380.SH,中微半导,20220726,,其他
001222.SZ,源飞宠物,20220726,,其他
600265.SH,ST景谷,20220726,20240604,摘星
688373.SH,盟科药业,20220726,,其他
001236.SZ,弘业期货,20220726,,其他
688271.SH,联影医疗,20220726,,其他
688041.SH,海光信息,20220726,,其他
001336.SZ,楚环科技,20220725,,其他
603211.SH,晋拓股份,20220725,,其他
688382.SH,益方生物-U,20220725,,其他
603211.SH,晋拓股份,20220725,,其他
688382.SH,益方生物,20220725,,其他
688382.SH,益方生物-U,20220725,,其他
603211.SH,晋拓股份,20220725,,其他
301095.SZ,广立微,20220725,,其他
301278.SZ,快可电子,20220725,,其他
001336.SZ,楚环科技,20220725,,其他
603211.SH,晋拓股份,20220725,,其他
688231.SH,隆达股份,20220722,,其他
688375.SH,国博电子,20220722,,其他
688375.SH,国博电子,20220722,,其他
688231.SH,隆达股份,20220722,,其他
688231.SH,隆达股份,20220722,,其他
688416.SH,恒烁股份,20220722,,其他
301132.SZ,满坤科技,20220722,,其他
301278.SZ,快可电子,20220722,,其他
688231.SH,隆达股份,20220722,,其他
301308.SZ,江波龙,20220722,,其他
920871.BJ,派特尔,20220722,,其他
688273.SH,麦澜德,20220722,,其他
688231.SH,隆达股份,20220722,,其他
688231.SH,隆达股份,20220722,,其他
836871.BJ,派特尔,20220722,,其他
836871.BJ,派特尔,20220722,,其他
688231.SH,隆达股份,20220722,,其他
688231.SH,隆达股份,20220722,,其他
301333.SZ,诺思格,20220721,,其他
688205.SH,德科立,20220721,,其他
688371.SH,菲沃泰,20220721,,其他
301333.SZ,诺思格,20220720,,其他
300072.SZ,海新能科,20220720,,改名
301195.SZ,北路智控,20220720,,其他
300072.SZ,海新能科,20220720,,改名
688373.SH,盟科药业,20220719,,其他
688380.SH,中微半导,20220719,,其他
001229.SZ,魅视科技,20220719,,其他
301318.SZ,维海德,20220719,,其他
603201.SH,常润股份,20220719,,其他
301197.SZ,工大科雅,20220719,,其他
688130.SH,晶华微,20220719,,其他
839725.BJ,惠丰钻石,20220718,,其他
301095.SZ,广立微,20220718,,其他
688253.SH,英诺特,20220718,,其他
001231.SZ,农心科技,20220718,,其他
603255.SH,鼎际得,20220718,,其他
301269.SZ,华大九天,20220718,,其他
603201.SH,常润股份,20220718,,其他
920725.BJ,惠丰钻石,20220718,,其他
839725.BJ,惠丰钻石,20220718,,其他
603170.SH,宝立食品,20220715,,其他
603170.SH,宝立食品,20220715,,其他
603170.SH,宝立食品,20220715,,其他
603170.SH,宝立食品,20220715,,其他
603170.SH,宝立食品,20220715,,其他
001230.SZ,劲旅环境,20220715,,其他
603170.SH,宝立食品,20220715,,其他
688332.SH,中科蓝讯,20220715,,其他
002200.SZ,ST交投,20220715,,改名
603170.SH,宝立食品,20220715,,其他
603170.SH,宝立食品,20220715,,其他
301308.SZ,江波龙,20220715,,其他
002200.SZ,ST交投,20220715,,改名
002200.SZ,ST交投,20220715,20250417,改名
688332.SH,中科蓝讯,20220715,,其他
301121.SZ,紫建电子,20220715,,其他
001230.SZ,劲旅环境,20220715,,其他
301306.SZ,西测测试,20220714,,其他
688371.SH,菲沃泰,20220714,,其他
834062.BJ,科润智控,20220713,,其他
688353.SH,华盛锂电,20220713,,其他
688353.SH,华盛锂电,20220713,,其他
688401.SH,路维光电,20220713,,其他
000972.SZ,ST中基,20220713,20230416,摘星
688382.SH,益方生物,20220713,,其他
603211.SH,晋拓股份,20220713,,其他
000972.SZ,ST中基,20220713,20230416,摘星
920062.BJ,科润智控,20220713,,其他
000972.SZ,ST中基,20220713,,摘星
688403.SH,汇成股份,20220713,,其他
834062.BJ,科润智控,20220713,,其他
688353.SH,华盛锂电,20220713,,其他
920639.BJ,晨光电缆,20220712,,其他
834639.BJ,晨光电缆,20220712,,其他
688130.SH,晶华微,20220712,,其他
001258.SZ,立新能源,20220712,,其他
001336.SZ,楚环科技,20220712,,其他
301195.SZ,北路智控,20220712,,其他
603235.SH,天新药业,20220712,,其他
002722.SZ,物产金轮,20220712,,改名
834639.BJ,晨光电缆,20220712,,其他
002482.SZ,ST广田,20220712,,ST
002482.SZ,ST广田,20220712,20230504,ST
002482.SZ,ST广田,20220712,20230504,ST
002722.SZ,物产金轮,20220712,,改名
603235.SH,天新药业,20220712,,其他
688253.SH,英诺特,20220711,,其他
301312.SZ,智立方,20220711,,其他
603255.SH,鼎际得,20220711,,其他
001231.SZ,农心科技,20220711,,其他
301312.SZ,智立方,20220711,,其他
301269.SZ,华大九天,20220711,,其他
688231.SH,隆达股份,20220708,,其他
301175.SZ,中科环保,20220708,,其他
301139.SZ,元道通信,20220708,,其他
688053.SH,思科瑞,20220708,,其他
688375.SH,国博电子,20220708,,其他
301175.SZ,中科环保,20220708,,其他
301139.SZ,元道通信,20220708,20260511,其他
688053.SH,思科瑞,20220708,,其他
301139.SZ,元道通信,20220708,,其他
688053.SH,思科瑞,20220708,20250922,其他
688322.SH,奥比中光-UW,20220707,20260420,其他
688373.SH,盟科药业,20220707,,其他
301208.SZ,中亦科技,20220707,,其他
301208.SZ,中亦科技,20220707,,其他
688322.SH,奥比中光-UW,20220707,,其他
688322.SH,奥比中光-UW,20220707,,其他
688322.SH,奥比中光,20220707,,其他
301233.SZ,盛帮股份,20220706,,其他
688400.SH,凌云光,20220706,,其他
603211.SH,晋拓股份,20220706,,其他
837821.BJ,则成电子,20220706,,其他
301233.SZ,盛帮股份,20220706,,其他
920821.BJ,则成电子,20220706,,其他
837821.BJ,则成电子,20220706,,其他
688382.SH,益方生物,20220706,,其他
688273.SH,麦澜德,20220706,,其他
688400.SH,凌云光,20220706,,其他
301306.SZ,西测测试,20220706,,其他
688400.SH,凌云光,20220706,,其他
688400.SH,凌云光,20220706,,其他
301239.SZ,普瑞眼科,20220705,,其他
688332.SH,中科蓝讯,20220705,,其他
301239.SZ,普瑞眼科,20220705,,其他
002356.SZ,赫美集团,20220705,,其他
838670.BJ,恒进感应,20220705,,其他
603170.SH,宝立食品,20220705,,其他
920870.BJ,恒进感应,20220705,,其他
001236.SZ,弘业期货,20220705,,其他
301234.SZ,五洲医疗,20220705,,其他
001258.SZ,立新能源,20220705,,其他
688370.SH,丛麟环保,20220705,,其他
838670.BJ,恒进感应,20220705,,其他
002356.SZ,赫美集团,20220705,,其他
301234.SZ,五洲医疗,20220705,,其他
601609.SH,金田股份,20220704,,其他
601609.SH,金田股份,20220704,,其他
002219.SZ,恒康医疗,20220704,,其他
300071.SZ,福石控股,20220704,,改名
001336.SZ,楚环科技,20220704,,其他
001230.SZ,劲旅环境,20220704,,其他
002219.SZ,恒康医疗,20220704,20220925,其他
002219.SZ,恒康医疗,20220704,20220925,其他
300071.SZ,福石控股,20220704,,改名
002411.SZ,*ST必康,20220701,20230618,*ST
688237.SH,超卓航科,20220701,,其他
002501.SZ,利源精制,20220701,20230518,撤销*ST
920961.BJ,创远信科,20220701,,改名
600532.SH,*ST未来,20220701,20230529,*ST
000007.SZ,全新好,20220701,,撤销*ST
688237.SH,超卓航科,20220701,,其他
600532.SH,*ST未来,20220701,,*ST
688353.SH,华盛锂电,20220701,,其他
688231.SH,隆达股份,20220701,,其他
831961.BJ,创远信科,20220701,,改名
831961.BJ,创远信科,20220701,,改名
002501.SZ,利源精制,20220701,,撤销*ST
001309.SZ,德明利,20220701,,其他
002501.SZ,利源精制,20220701,20230518,撤销*ST
002411.SZ,*ST必康,20220701,,*ST
001309.SZ,德明利,20220701,,其他
600781.SH,*ST辅仁,20220701,20230529,*ST
600781.SH,*ST辅仁,20220701,20230529,*ST
600532.SH,*ST未来,20220701,20230529,*ST
002411.SZ,*ST必康,20220701,20230618,*ST
000509.SZ,华塑控股,20220701,,撤销*ST
000509.SZ,华塑控股,20220701,,撤销*ST
600781.SH,*ST辅仁,20220701,,*ST
000007.SZ,全新好,20220701,20230504,撤销*ST
688375.SH,国博电子,20220701,,其他
000007.SZ,全新好,20220701,20230504,撤销*ST
300108.SZ,*ST吉药,20220630,20231024,*ST
300108.SZ,*ST吉药,20220630,20231024,*ST
603235.SH,天新药业,20220630,,其他
601089.SH,福元医药,20220630,,其他
300108.SZ,*ST吉药,20220630,,*ST
001268.SZ,联合精密,20220630,,其他
001268.SZ,联合精密,20220630,,其他
601089.SH,福元医药,20220630,,其他
688297.SH,中无人机,20220629,,其他
688297.SH,中无人机,20220629,,其他
301112.SZ,信邦智能,20220629,,其他
301112.SZ,信邦智能,20220629,,其他
688297.SH,中无人机,20220629,,其他
688297.SH,中无人机,20220629,,其他
600896.SH,退市海医,20220628,,终止上市
600896.SH,退市海医,20220628,,终止上市
688053.SH,思科瑞,20220628,,其他
001236.SZ,弘业期货,20220628,,其他
688332.SH,中科蓝讯,20220628,,其他
603170.SH,宝立食品,20220628,,其他
603031.SH,安孚科技,20220628,,改名
300949.SZ,奥雅股份,20220628,,其他
301312.SZ,智立方,20220628,,其他
603031.SH,安孚科技,20220628,,改名
603031.SH,安孚科技,20220628,,改名
300949.SZ,奥雅股份,20220628,,其他
603031.SH,安孚科技,20220628,,改名
002321.SZ,ST华英,20220627,20230606,摘星
688322.SH,奥比中光,20220627,,其他
601113.SH,华鼎股份,20220627,,撤销ST
601113.SH,华鼎股份,20220627,,撤销ST
301139.SZ,元道通信,20220627,,其他
301312.SZ,智立方,20220627,,其他
301175.SZ,中科环保,20220627,,其他
001230.SZ,劲旅环境,20220627,,其他
002321.SZ,ST华英,20220627,20230606,摘星
002321.SZ,ST华英,20220627,,摘星
688047.SH,龙芯中科,20220624,,其他
001316.SZ,润贝航科,20220624,,其他
833943.BJ,优机股份,20220624,,其他
920943.BJ,优机股份,20220624,,其他
001316.SZ,润贝航科,20220624,,其他
000802.SZ,北京文化,20220624,,撤销ST
301208.SZ,中亦科技,20220624,,其他
688382.SH,益方生物,20220624,,其他
000802.SZ,北京文化,20220624,,撤销ST
833943.BJ,优机股份,20220624,,其他
688353.SH,华盛锂电,20220624,,其他
688047.SH,龙芯中科,20220624,,其他
000564.SZ,ST大集,20220623,20240530,摘星
002188.SZ,巴士在线,20220623,20220829,其他
002188.SZ,巴士在线,20220623,,其他
301302.SZ,华如科技,20220623,,其他
000564.SZ,ST大集,20220623,,摘星
301234.SZ,五洲医疗,20220623,,其他
301208.SZ,中亦科技,20220623,,其他
301302.SZ,华如科技,20220623,,其他
002188.SZ,巴士在线,20220623,20220829,其他
000564.SZ,ST大集,20220623,20240530,摘星
603235.SH,天新药业,20220623,,其他
001323.SZ,慕思股份,20220623,,其他
001323.SZ,慕思股份,20220623,,其他
301220.SZ,亚香股份,20220622,,其他
688349.SH,三一重能,20220622,,其他
688041.SH,海光信息,20220622,,其他
001226.SZ,拓山重工,20220622,,其他
688400.SH,凌云光,20220622,,其他
688349.SH,三一重能,20220622,,其他
301220.SZ,亚香股份,20220622,,其他
301289.SZ,国缆检测,20220622,,其他
301234.SZ,五洲医疗,20220622,,其他
301289.SZ,国缆检测,20220622,,其他
688371.SH,菲沃泰,20220622,,其他
001226.SZ,拓山重工,20220622,,其他
002124.SZ,天邦食品,20220621,20240505,改名
001309.SZ,德明利,20220621,,其他
002124.SZ,天邦食品,20220621,,改名
301233.SZ,盛帮股份,20220621,,其他
688053.SH,思科瑞,20220621,,其他
688237.SH,超卓航科,20220621,,其他
002124.SZ,天邦食品,20220621,20240505,改名
001309.SZ,德明利,20220620,,其他
002129.SZ,TCL中环,20220620,,改名
920378.BJ,泰德股份,20220620,,其他
688322.SH,奥比中光,20220620,,其他
831278.BJ,泰德股份,20220620,,其他
001268.SZ,联合精密,20220620,,其他
831278.BJ,泰德股份,20220620,,其他
601089.SH,福元医药,20220620,,其他
301139.SZ,元道通信,20220620,,其他
002129.SZ,TCL中环,20220620,,改名
301239.SZ,普瑞眼科,20220617,,其他
301175.SZ,中科环保,20220617,,其他
301156.SZ,美农生物,20220617,,其他
301238.SZ,瑞泰新材,20220617,,其他
301156.SZ,美农生物,20220617,,其他
920564.BJ,天润科技,20220617,,其他
430564.BJ,天润科技,20220617,,其他
301238.SZ,瑞泰新材,20220617,,其他
430564.BJ,天润科技,20220617,,其他
600555.SH,退市海创,20220616,,终止上市
600212.SH,绿能慧充,20220616,,改名
600555.SH,退市海创,20220616,,终止上市
688184.SH,帕瓦股份,20220616,,其他
600212.SH,绿能慧充,20220616,,改名
600393.SH,粤泰股份,20220615,20230504,撤销ST
600734.SH,ST实达,20220615,20240610,摘星
600393.SH,粤泰股份,20220615,,撤销ST
688400.SH,凌云光,20220615,,其他
600393.SH,粤泰股份,20220615,20230504,撤销ST
600734.SH,ST实达,20220615,,摘星
301112.SZ,信邦智能,20220615,,其他
688380.SH,中微半导,20220615,,其他
600734.SH,ST实达,20220615,20240610,摘星
688237.SH,超卓航科,20220614,,其他
832491.BJ,奥迪威,20220614,,其他
301286.SZ,侨源股份,20220614,,其他
688297.SH,中无人机,20220614,,其他
688249.SH,晶合集成,20220614,,其他
001316.SZ,润贝航科,20220614,,其他
688047.SH,龙芯中科,20220614,,其他
832491.BJ,奥迪威,20220614,,其他
301286.SZ,侨源股份,20220614,,其他
920491.BJ,奥迪威,20220614,,其他
300202.SZ,聚龙退,20220613,,终止上市
300029.SZ,ST天龙,20220613,,摘星
300029.SZ,ST天龙,20220613,,摘星
002858.SZ,力盛体育,20220613,,改名
301302.SZ,华如科技,20220613,,其他
300312.SZ,邦讯退,20220613,,终止上市
000673.SZ,当代退,20220613,,终止上市
000673.SZ,当代退,20220613,,终止上市
300029.SZ,ST天龙,20220613,20250421,摘星
300312.SZ,邦讯退,20220613,,终止上市
300202.SZ,聚龙退,20220613,,终止上市
300029.SZ,ST天龙,20220613,,撤销*ST
601089.SH,福元医药,20220613,,其他
001323.SZ,慕思股份,20220613,,其他
001268.SZ,联合精密,20220613,,其他
002858.SZ,力盛体育,20220613,,改名
300044.SZ,赛为智能,20220610,20250424,其他
300044.SZ,赛为智能,20220610,,其他
600385.SH,退市金泰,20220610,,终止上市
301239.SZ,普瑞眼科,20220610,,其他
920299.BJ,灿能电力,20220610,,其他
870299.BJ,灿能电力,20220610,,其他
688349.SH,三一重能,20220610,,其他
301220.SZ,亚香股份,20220610,,其他
301289.SZ,国缆检测,20220610,,其他
600090.SH,退市济堂,20220610,,终止上市
600385.SH,退市金泰,20220610,,终止上市
300044.SZ,赛为智能,20220610,,其他
600090.SH,退市济堂,20220610,,终止上市
870299.BJ,灿能电力,20220610,,其他
300367.SZ,网力退,20220609,,终止上市
873223.BJ,荣亿精密,20220609,,其他
300038.SZ,数知退,20220609,,终止上市
301233.SZ,盛帮股份,20220609,,其他
301289.SZ,国缆检测,20220609,,其他
688231.SH,隆达股份,20220609,,其他
873223.BJ,荣亿精密,20220609,,其他
688053.SH,思科瑞,20220609,,其他
300367.SZ,网力退,20220609,,终止上市
300038.SZ,数知退,20220609,,终止上市
920223.BJ,荣亿精密,20220609,,其他
301125.SZ,腾亚精工,20220608,,其他
688120.SH,华海清科,20220608,,其他
301266.SZ,宇邦新材,20220608,,其他
688348.SH,昱能科技,20220608,,其他
300023.SZ,宝德退,20220608,,终止上市
688332.SH,中科蓝讯,20220608,,其他
000613.SZ,东海A退,20220608,,终止上市
301125.SZ,腾亚精工,20220608,,其他
000613.SZ,东海A退,20220608,,终止上市
300023.SZ,宝德退,20220608,,终止上市
688120.SH,华海清科,20220608,,其他
688348.SH,昱能科技,20220608,,其他
301266.SZ,宇邦新材,20220608,,其他
688348.SH,昱能科技,20220608,,其他
688322.SH,奥比中光,20220608,,其他
688047.SH,龙芯中科,20220607,,其他
301238.SZ,瑞泰新材,20220607,,其他
000611.SZ,天首退,20220607,,终止上市
002464.SZ,众应退,20220607,,终止上市
002464.SZ,众应退,20220607,,终止上市
300325.SZ,德威退,20220607,,终止上市
300325.SZ,德威退,20220607,,终止上市
000611.SZ,天首退,20220607,,终止上市
301156.SZ,美农生物,20220607,,其他
688297.SH,中无人机,20220607,,其他
688251.SH,井松智能,20220606,,其他
001270.SZ,铖昌科技,20220606,20250423,其他
688251.SH,井松智能,20220606,,其他
001323.SZ,慕思股份,20220606,,其他
301298.SZ,东利机械,20220606,,其他
688119.SH,中钢洛耐,20220606,,其他
688251.SH,井松智能,20220606,,其他
002699.SZ,ST美盛,20220606,,ST
002684.SZ,猛狮退,20220606,,终止上市
002447.SZ,晨鑫退,20220606,,终止上市
002699.SZ,ST美盛,20220606,20230504,ST
002447.SZ,晨鑫退,20220606,,终止上市
688119.SH,中钢洛耐,20220606,,其他
600721.SH,百花医药,20220606,,其他
688251.SH,井松智能,20220606,,其他
002575.SZ,群兴玩具,20220606,,其他
300064.SZ,金刚退,20220606,,终止上市
600721.SH,百花医药,20220606,,其他
000502.SZ,绿景退,20220606,,终止上市
301160.SZ,翔楼新材,20220606,,其他
301156.SZ,美农生物,20220606,,其他
301298.SZ,东利机械,20220606,,其他
600721.SH,百花医药,20220606,,其他
002544.SZ,普天科技,20220606,,改名
002544.SZ,普天科技,20220606,,改名
002699.SZ,ST美盛,20220606,20230504,ST
002684.SZ,猛狮退,20220606,,终止上市
001270.SZ,铖昌科技,20220606,,其他
688251.SH,井松智能,20220606,,其他
688251.SH,井松智能,20220606,,其他
000502.SZ,绿景退,20220606,,终止上市
002575.SZ,群兴玩具,20220606,,其他
300064.SZ,金刚退,20220606,,终止上市
301160.SZ,翔楼新材,20220606,,其他
001270.SZ,铖昌科技,20220606,,其他
688375.SH,国博电子,20220603,,其他
920271.BJ,邦德股份,20220602,,其他
600146.SH,退市环球,20220602,,终止上市
600870.SH,退市厦华,20220602,,终止上市
600146.SH,退市环球,20220602,,终止上市
838171.BJ,邦德股份,20220602,,其他
600870.SH,退市厦华,20220602,,终止上市
002323.SZ,雅博股份,20220602,,其他
002323.SZ,雅博股份,20220602,,其他
688349.SH,三一重能,20220602,,其他
301112.SZ,信邦智能,20220602,,其他
838171.BJ,邦德股份,20220602,,其他
301302.SZ,华如科技,20220602,,其他
002323.SZ,雅博股份,20220602,20260429,其他
002770.SZ,科迪退,20220601,,终止上市
688253.SH,英诺特,20220601,,其他
002147.SZ,新光退,20220601,,终止上市
300291.SZ,百纳千成,20220601,,改名
300291.SZ,百纳千成,20220601,,改名
002147.SZ,新光退,20220601,,终止上市
600382.SH,ST广珠,20220601,20230531,摘星
002770.SZ,科迪退,20220601,,终止上市
300291.SZ,百纳千成,20220601,,改名
600382.SH,ST广珠,20220601,20230531,摘星
600382.SH,ST广珠,20220601,,摘星
301220.SZ,亚香股份,20220601,,其他
603729.SH,龙韵股份,20220531,,撤销ST
002309.SZ,ST中利,20220531,20240424,ST
603729.SH,龙韵股份,20220531,,撤销ST
300178.SZ,腾邦退,20220531,,终止上市
002618.SZ,丹邦退,20220531,,终止上市
300282.SZ,ST三盛,20220531,,ST
002309.SZ,ST中利,20220531,20240424,ST
300178.SZ,腾邦退,20220531,,终止上市
603729.SH,龙韵股份,20220531,,撤销ST
002309.SZ,ST中利,20220531,,ST
301286.SZ,侨源股份,20220531,,其他
603729.SH,龙韵股份,20220531,20260429,撤销ST
002618.SZ,丹邦退,20220531,,终止上市
300592.SZ,华凯易佰,20220531,,改名
002473.SZ,圣莱退,20220531,,终止上市
300592.SZ,华凯易佰,20220531,,改名
300282.SZ,ST三盛,20220531,20230503,ST
300282.SZ,ST三盛,20220531,20230503,ST
002473.SZ,圣莱退,20220531,,终止上市
301238.SZ,瑞泰新材,20220530,,其他
600301.SH,南化股份,20220527,20230605,其他
688327.SH,云从科技-UW,20220527,,其他
603909.SH,建发合诚,20220527,,改名
688327.SH,云从科技-UW,20220527,,其他
603368.SH,柳药集团,20220527,,改名
831167.BJ,鑫汇科,20220527,,其他
600301.SH,南化股份,20220527,20230605,其他
603909.SH,建发合诚,20220527,,改名
300859.SZ,西域旅游,20220527,,撤销*ST
600301.SH,南化股份,20220527,,其他
300859.SZ,西域旅游,20220527,20230427,撤销*ST
831167.BJ,鑫汇科,20220527,,其他
603368.SH,柳药集团,20220527,,改名
688327.SH,云从科技,20220527,,其他
920267.BJ,鑫汇科,20220527,,其他
300859.SZ,西域旅游,20220527,20230427,撤销*ST
301191.SZ,菲菱科思,20220526,,其他
000523.SZ,广州浪奇,20220526,20231212,撤销*ST
688348.SH,昱能科技,20220526,,其他
600329.SH,达仁堂,20220526,,改名
000687.SZ,华讯退,20220526,,终止上市
600093.SH,退市易见,20220526,,终止上市
300530.SZ,达志科技,20220526,,撤销*ST
000687.SZ,华讯退,20220526,,终止上市
688045.SH,必易微,20220526,,其他
000523.SZ,广州浪奇,20220526,,撤销*ST
688045.SH,必易微,20220526,,其他
601020.SH,华钰矿业,20220526,,撤销ST
600093.SH,退市易见,20220526,,终止上市
000523.SZ,广州浪奇,20220526,20231212,撤销*ST
601020.SH,华钰矿业,20220526,,撤销ST
301191.SZ,菲菱科思,20220526,,其他
688045.SH,必易微,20220526,,其他
300530.SZ,达志科技,20220526,20230529,撤销*ST
600329.SH,达仁堂,20220526,,改名
300530.SZ,达志科技,20220526,20230529,撤销*ST
688045.SH,必易微,20220526,,其他
600091.SH,退市明科,20220525,,终止上市
688287.SH,观典防务,20220525,20241103,其他
688287.SH,观典防务,20220525,,其他
600890.SH,退市中房,20220525,,终止上市
600091.SH,退市明科,20220525,,终止上市
688120.SH,华海清科,20220525,,其他
600652.SH,退市游久,20220525,,终止上市
600856.SH,退市中天,20220525,,终止上市
603555.SH,贵人鸟,20220525,,撤销ST
301266.SZ,宇邦新材,20220525,,其他
603555.SH,贵人鸟,20220525,20230427,撤销ST
600275.SH,退市昌鱼,20220525,,终止上市
600652.SH,退市游久,20220525,,终止上市
600209.SH,退市罗顿,20220525,,终止上市
688287.SH,观典防务,20220525,,其他
600209.SH,退市罗顿,20220525,,终止上市
600856.SH,退市中天,20220525,,终止上市
603555.SH,贵人鸟,20220525,20230427,撤销ST
600890.SH,退市中房,20220525,,终止上市
600275.SH,退市昌鱼,20220525,,终止上市
301183.SZ,东田微,20220524,,其他
833533.BJ,骏创科技,20220524,,其他
301286.SZ,侨源股份,20220524,,其他
301298.SZ,东利机械,20220524,,其他
688119.SH,中钢洛耐,20220524,,其他
301107.SZ,瑜欣电子,20220524,,其他
301183.SZ,东田微,20220524,,其他
301286.SZ,侨源股份,20220524,,其他
688251.SH,井松智能,20220524,,其他
920533.BJ,骏创科技,20220524,,其他
301125.SZ,腾亚精工,20220524,,其他
301107.SZ,瑜欣电子,20220524,,其他
833533.BJ,骏创科技,20220524,,其他
603386.SH,骏亚科技,20220523,,其他
002058.SZ,威尔泰,20220523,20250429,撤销*ST
300446.SZ,乐凯新材,20220523,,其他
300446.SZ,乐凯新材,20220523,20231112,其他
002058.SZ,威尔泰,20220523,,撤销*ST
001316.SZ,润贝航科,20220523,,其他
002058.SZ,威尔泰,20220523,,撤销*ST
300446.SZ,乐凯新材,20220523,20231112,其他
001270.SZ,铖昌科技,20220523,,其他
603386.SH,骏亚科技,20220523,,其他
688213.SH,思特威-W,20220520,,其他
300071.SZ,华谊嘉信,20220520,,其他
300071.SZ,华谊嘉信,20220520,20220703,其他
688213.SH,思特威-W,20220520,,其他
688213.SH,思特威-W,20220520,,其他
600518.SH,ST康美,20220520,,摘星
600593.SH,大连圣亚,20220520,,撤销*ST
001318.SZ,阳光乳业,20220520,,其他
688213.SH,思特威-W,20220520,,其他
688213.SH,思特威-W,20220520,,其他
603272.SH,联翔股份,20220520,20260428,其他
300071.SZ,华谊嘉信,20220520,20220703,其他
688213.SH,思特威-W,20220520,,其他
600593.SH,大连圣亚,20220520,,撤销*ST
000980.SZ,ST众泰,20220520,20221102,摘星
600518.SH,ST康美,20220520,20240703,摘星
600595.SH,中孚实业,20220520,,撤销ST
000980.SZ,ST众泰,20220520,20221102,摘星
300051.SZ,三五互联,20220520,,撤销ST
300051.SZ,三五互联,20220520,20230910,撤销ST
600518.SH,ST康美,20220520,20240703,摘星
600595.SH,中孚实业,20220520,,撤销ST
301160.SZ,翔楼新材,20220520,,其他
603272.SH,联翔股份,20220520,,其他
688213.SH,思特威-W,20220520,,其他
000980.SZ,ST众泰,20220520,,摘星
300051.SZ,三五互联,20220520,20230910,撤销ST
688213.SH,思特威,20220520,,其他
001318.SZ,阳光乳业,20220520,,其他
688213.SH,思特威-W,20220520,,其他
603272.SH,联翔股份,20220520,,其他
600595.SH,中孚实业,20220520,,撤销ST
600515.SH,ST基础,20220519,20221013,ST
600515.SH,ST基础,20220519,20221013,ST
688348.SH,昱能科技,20220519,,其他
600221.SH,ST海航,20220519,20220929,ST
600221.SH,ST海航,20220519,,ST
600515.SH,ST基础,20220519,,ST
301321.SZ,翰博高新,20220519,,其他
600221.SH,ST海航,20220519,20220929,ST
871970.BJ,大禹生物,20220518,,其他
920970.BJ,大禹生物,20220518,,其他
300278.SZ,华昌达,20220518,,撤销*ST
603682.SH,锦和商管,20220518,,其他
871970.BJ,大禹生物,20220518,,其他
688120.SH,华海清科,20220518,,其他
300278.SZ,华昌达,20220518,,撤销*ST
001226.SZ,拓山重工,20220518,,其他
301266.SZ,宇邦新材,20220518,,其他
301153.SZ,中科江南,20220518,,其他
603682.SH,锦和商管,20220518,,其他
301153.SZ,中科江南,20220518,,其他
301192.SZ,泰祥股份,20220517,,其他
301257.SZ,普蕊斯,20220517,,其他
600695.SH,退市绿庭,20220517,,终止上市
688327.SH,云从科技,20220517,,其他
301298.SZ,东利机械,20220517,,其他
301125.SZ,腾亚精工,20220517,,其他
688348.SH,昱能科技,20220517,,其他
301257.SZ,普蕊斯,20220517,,其他
688297.SH,无人机,20220517,,其他
688119.SH,中钢洛耐,20220517,,其他
688251.SH,井松智能,20220517,,其他
600291.SH,退市西水,20220517,,终止上市
600695.SH,退市绿庭,20220517,,终止上市
600291.SH,退市西水,20220517,,终止上市
000609.SZ,中迪投资,20220516,20240428,撤销*ST
301191.SZ,菲菱科思,20220516,,其他
000609.SZ,中迪投资,20220516,,撤销*ST
001270.SZ,铖昌科技,20220516,,其他
601012.SH,隆基绿能,20220516,,其他
601012.SH,隆基绿能,20220516,,其他
688045.SH,必易微,20220516,,其他
000609.SZ,中迪投资,20220516,20240428,撤销*ST
002496.SZ,辉丰股份,20220513,20250422,撤销ST
833580.BJ,科创新材,20220513,,其他
600239.SH,ST云城,20220513,20230509,摘星
002496.SZ,辉丰股份,20220513,,撤销ST
600239.SH,ST云城,20220513,,摘星
301191.SZ,菲菱科思,20220513,,其他
688439.SH,振华风光,20220513,,其他
301160.SZ,翔楼新材,20220513,,其他
688066.SH,北京航天宏图,20220513,,其他
688185.SH,康希诺生物,20220513,,其他
600938.SH,中国海洋石油,20220513,,其他
688060.SH,江苏云涌电子科技,20220513,,其他
600239.SH,ST云城,20220513,20230509,摘星
920580.BJ,科创新材,20220513,,其他
000958.SZ,电投产融,20220513,,改名
002496.SZ,辉丰股份,20220513,,撤销ST
000958.SZ,电投产融,20220513,,改名
833580.BJ,科创新材,20220513,,其他
301107.SZ,瑜欣电子,20220512,,其他
688349.SH,三一重能,20220512,,其他
600084.SH,中葡股份,20220512,,撤销*ST
001319.SZ,铭科精技,20220512,,其他
603529.SH,爱玛科技集团股份,20220512,,其他
301183.SZ,东田微,20220512,,其他
600084.SH,中葡股份,20220512,20231031,撤销*ST
603097.SH,江苏华辰,20220512,,其他
600084.SH,中葡股份,20220512,20231031,撤销*ST
603097.SH,江苏华辰,20220512,,其他
001319.SZ,铭科精技,20220512,,其他
002766.SZ,索菱股份,20220511,,其他
301183.SZ,东田微,20220511,,其他
002766.SZ,索菱股份,20220511,,其他
600225.SH,天津松江,20220511,20220918,撤销*ST
301107.SZ,瑜欣电子,20220511,,其他
600225.SH,天津松江,20220511,,撤销*ST
600225.SH,天津松江,20220511,20220918,撤销*ST
600506.SH,香梨股份,20220510,,撤销*ST
603032.SH,德新交运,20220510,,撤销*ST
600506.SH,香梨股份,20220510,20230319,撤销*ST
603032.SH,德新交运,20220510,20221114,撤销*ST
600506.SH,香梨股份,20220510,20230319,撤销*ST
688213.SH,思特威,20220510,,其他
600319.SH,亚星化学,20220510,,其他
600319.SH,亚星化学,20220510,,其他
603032.SH,德新交运,20220510,20221114,撤销*ST
688045.SH,必易微,20220509,,其他
603272.SH,联翔股份,20220509,,其他
600388.SH,ST龙净,20220506,20230716,ST
000889.SZ,ST中嘉,20220506,20250603,ST
600408.SH,安泰集团,20220506,,撤销ST
002751.SZ,*ST易尚,20220506,20230619,*ST
000839.SZ,ST国安,20220506,20240610,ST
688086.SH,*ST紫晶,20220506,20230607,*ST
603603.SH,*ST博天,20220506,20240326,*ST
002485.SZ,*ST雪发,20220506,20231224,*ST
002022.SZ,*ST科华,20220506,,*ST
600303.SH,ST曙光,20220506,20250420,ST
300301.SZ,*ST长方,20220506,20250710,*ST
002751.SZ,*ST易尚,20220506,20230619,*ST
000839.SZ,ST国安,20220506,20240610,ST
600242.SH,*ST中昌,20220506,20230530,*ST
000038.SZ,*ST大通,20220506,20230618,*ST
000004.SZ,ST国华,20220506,20230627,ST
000889.SZ,ST中嘉,20220506,,ST
000732.SZ,ST泰禾,20220506,,ST
000796.SZ,ST凯撒,20220506,,ST
000806.SZ,*ST银河,20220506,,*ST
002024.SZ,ST易购,20220506,,ST
002751.SZ,*ST易尚,20220506,,*ST
002366.SZ,*ST海核,20220506,,*ST
603603.SH,*ST博天,20220506,,*ST
000038.SZ,*ST大通,20220506,,*ST
000004.SZ,ST国华,20220506,,ST
603206.SH,嘉环科技,20220506,,其他
600139.SH,*ST西源,20220506,,*ST
600242.SH,*ST中昌,20220506,,*ST
001235.SZ,里得电科,20220506,,其他
002069.SZ,ST獐子岛,20220506,,ST
002366.SZ,*ST海核,20220506,20230518,*ST
002211.SZ,ST宏达,20220506,,ST
600139.SH,*ST西源,20220506,,*ST
002452.SZ,长高电新,20220506,,改名
600303.SH,ST曙光,20220506,,ST
000839.SZ,ST国安,20220506,,ST
002022.SZ,*ST科华,20220506,20230403,*ST
000150.SZ,*ST宜康,20220506,,*ST
600260.SH,*ST凯乐,20220506,,*ST
000796.SZ,ST凯撒,20220506,20230504,ST
300089.SZ,*ST文化,20220506,20230619,*ST
002781.SZ,*ST奇信,20220506,,*ST
002069.SZ,ST獐子岛,20220506,20230529,ST
600260.SH,*ST凯乐,20220506,,*ST
600311.SH,*ST荣华,20220506,,*ST
600388.SH,ST龙净,20220506,,ST
000004.SZ,ST国华,20220506,20230627,ST
000806.SZ,*ST银河,20220506,20230612,*ST
600654.SH,*ST中安,20220506,20230608,*ST
002313.SZ,*ST日海,20220506,20231102,*ST
001318.SZ,阳光乳业,20220506,,其他
002316.SZ,*ST亚联,20220506,20230416,*ST
600388.SH,ST龙净,20220506,20230716,ST
600136.SH,ST明诚,20220506,20230427,ST
002313.SZ,*ST日海,20220506,,*ST
002316.SZ,*ST亚联,20220506,,*ST
300089.SZ,*ST文化,20220506,,*ST
002022.SZ,*ST科华,20220506,20230403,*ST
002316.SZ,*ST亚联,20220506,20230416,*ST
600601.SH,*ST方科,20220506,20230613,*ST
600136.SH,ST明诚,20220506,20230427,ST
000606.SZ,*ST顺利,20220506,,*ST
600654.SH,*ST中安,20220506,20230608,*ST
600654.SH,*ST中安,20220506,,*ST
000889.SZ,ST中嘉,20220506,,ST
002366.SZ,*ST海核,20220506,20230518,*ST
600242.SH,*ST中昌,20220506,20230530,*ST
002069.SZ,ST獐子岛,20220506,20230529,ST
688086.SH,*ST紫晶,20220506,20230607,*ST
000606.SZ,*ST顺利,20220506,20230612,*ST
002781.SZ,*ST奇信,20220506,20230611,*ST
000806.SZ,*ST银河,20220506,20230612,*ST
000038.SZ,*ST大通,20220506,20230618,*ST
300089.SZ,*ST文化,20220506,20230619,*ST
600408.SH,安泰集团,20220506,,撤销ST
002211.SZ,ST宏达,20220506,20230620,ST
603603.SH,*ST博天,20220506,20240326,*ST
000796.SZ,ST凯撒,20220506,20230504,ST
000732.SZ,ST泰禾,20220506,,ST
688086.SH,*ST紫晶,20220506,,*ST
300301.SZ,*ST长方,20220506,,*ST
600601.SH,*ST方科,20220506,,*ST
002452.SZ,长高电新,20220506,,改名
600601.SH,*ST方科,20220506,20230613,*ST
600136.SH,ST明诚,20220506,,ST
600303.SH,ST曙光,20220506,,ST
002485.SZ,*ST雪发,20220506,20231224,*ST
300301.SZ,*ST长方,20220506,,*ST
002313.SZ,*ST日海,20220506,20231102,*ST
002211.SZ,ST宏达,20220506,20230620,ST
603206.SH,嘉环科技,20220506,,其他
600311.SH,*ST荣华,20220506,,*ST
001235.SZ,里得电科,20220506,,其他
002024.SZ,ST易购,20220506,,ST
000150.SZ,*ST宜康,20220506,,*ST
002781.SZ,*ST奇信,20220506,20230611,*ST
002485.SZ,*ST雪发,20220506,,*ST
000606.SZ,*ST顺利,20220506,20230612,*ST
600182.SH,S*ST佳通,20220505,,*ST
603117.SH,ST万林,20220505,20240729,ST
002740.SZ,ST爱迪尔,20220505,20230504,ST
002260.SZ,德奥退,20220505,,终止上市
300338.SZ,ST开元,20220505,20230904,ST
300338.SZ,ST开元,20220505,,ST
301257.SZ,普蕊斯,20220505,,其他
300273.SZ,*ST和佳,20220505,20230612,*ST
600721.SH,百花村,20220505,20220605,撤销*ST
600719.SH,ST热电,20220505,,撤销ST
600719.SH,ST热电,20220505,,ST
300392.SZ,*ST腾信,20220505,20230614,*ST
002260.SZ,德奥退,20220505,,终止上市
600721.SH,百花村,20220505,20220605,撤销*ST
688177.SH,百奥泰,20220505,,其他
603117.SH,ST万林,20220505,20240729,ST
603039.SH,ST泛微,20220505,,ST
300392.SZ,*ST腾信,20220505,20230614,*ST
600182.SH,S*ST佳通,20220505,20230516,*ST
688086.SH,*ST紫晶,20220505,,*ST
600721.SH,百花村,20220505,,撤销*ST
600719.SH,ST热电,20220505,20230402,ST
603039.SH,ST泛微,20220505,20230402,ST
002177.SZ,*ST御银,20220505,20230611,*ST
300392.SZ,*ST腾信,20220505,,*ST
002740.SZ,ST爱迪尔,20220505,20230504,ST
600182.SH,S*ST佳通,20220505,20230516,*ST
300273.SZ,*ST和佳,20220505,20230612,*ST
688177.SH,百奥泰,20220505,,其他
600719.SH,ST热电,20220505,20230402,ST
300273.SZ,*ST和佳,20220505,,*ST
603117.SH,ST万林,20220505,,ST
002740.SZ,ST爱迪尔,20220505,,ST
688237.SH,超卓航科,20220505,,其他
301153.SZ,中科江南,20220505,,其他
300338.SZ,ST开元,20220505,20230904,ST
002177.SZ,*ST御银,20220505,,*ST
603039.SH,ST泛微,20220505,20230402,ST
002177.SZ,*ST御银,20220505,20230611,*ST
000809.SZ,ST新城,20220429,20230601,ST
688170.SH,德龙激光,20220429,,其他
300201.SZ,*ST海伦,20220429,20230419,*ST
001228.SZ,永泰运,20220429,,其他
301162.SZ,国能日新,20220429,,其他
002076.SZ,*ST雪莱,20220429,20230412,*ST
600804.SH,ST鹏博士,20220429,,ST
300297.SZ,*ST蓝盾,20220429,,*ST
300356.SZ,*ST光一,20220429,,*ST
301162.SZ,国能日新,20220429,,其他
000995.SZ,*ST皇台,20220429,,*ST
688327.SH,云从科技,20220429,,其他
300309.SZ,*ST吉艾,20220429,,*ST
600804.SH,ST鹏博士,20220429,20240505,ST
301257.SZ,普蕊斯,20220429,,其他
000995.SZ,*ST皇台,20220429,20230817,*ST
300356.SZ,*ST光一,20220429,20230619,*ST
300356.SZ,*ST光一,20220429,20230619,*ST
600726.SH,*ST华源,20220429,20230612,*ST
001228.SZ,永泰运,20220429,,其他
300336.SZ,*ST新文,20220429,20230611,*ST
300309.SZ,*ST吉艾,20220429,20230508,*ST
002076.SZ,*ST雪莱,20220429,20230412,*ST
300201.SZ,*ST海伦,20220429,20230419,*ST
300309.SZ,*ST吉艾,20220429,20230508,*ST
600804.SH,ST鹏博士,20220429,20240505,ST
000809.SZ,ST新城,20220429,20230601,ST
300336.SZ,*ST新文,20220429,20230611,*ST
002076.SZ,*ST雪莱,20220429,,*ST
600726.SH,*ST华源,20220429,20230612,*ST
300297.SZ,*ST蓝盾,20220429,20230709,*ST
300201.SZ,*ST海伦,20220429,,*ST
300159.SZ,ST新研,20220429,20230727,ST
300336.SZ,*ST新文,20220429,,*ST
000995.SZ,*ST皇台,20220429,20230817,*ST
000809.SZ,ST新城,20220429,,ST
300159.SZ,ST新研,20220429,,ST
688170.SH,德龙激光,20220429,,其他
688290.SH,景业智能,20220429,,其他
600726.SH,*ST华源,20220429,,*ST
688290.SH,景业智能,20220429,,其他
300297.SZ,*ST蓝盾,20220429,20230709,*ST
300159.SZ,ST新研,20220429,20230727,ST
688309.SH,*ST恒誉,20220428,20230507,*ST
688213.SH,思特威,20220428,,其他
688047.SH,龙芯中科,20220428,,其他
688205.SH,德科立,20220428,,其他
603191.SH,望变电气,20220428,,其他
600767.SH,*ST运盛,20220428,20230530,*ST
688320.SH,禾川科技,20220428,,其他
688120.SH,华海清科,20220428,,其他
688309.SH,*ST恒誉,20220428,20230507,*ST
000585.SZ,东电退,20220428,,终止上市
688309.SH,*ST恒誉,20220428,,*ST
688320.SH,禾川科技,20220428,,其他
600767.SH,*ST运盛,20220428,,*ST
600767.SH,*ST运盛,20220428,20230530,*ST
000585.SZ,东电退,20220428,,终止上市
603191.SH,望变电气,20220428,,其他
600898.SH,国美通讯,20220427,,撤销ST
600898.SH,国美通讯,20220427,20230504,撤销ST
000619.SZ,海螺新材,20220427,,改名
600898.SH,国美通讯,20220427,20230504,撤销ST
000835.SZ,长动退,20220427,,终止上市
603097.SH,江苏华辰,20220427,,其他
000619.SZ,海螺新材,20220427,,改名
603272.SH,联翔股份,20220427,,其他
000835.SZ,长动退,20220427,,终止上市
301259.SZ,艾布鲁,20220426,,其他
301259.SZ,艾布鲁,20220426,,其他
600759.SH,ST洲际,20220426,20230921,ST
000501.SZ,武商集团,20220426,,改名
600666.SH,*ST瑞德,20220426,20230614,*ST
688049.SH,炬芯科技,20220426,,其他
688049.SH,炬芯科技,20220426,,其他
600759.SH,ST洲际,20220426,20230921,ST
600666.SH,*ST瑞德,20220426,20230614,*ST
600666.SH,*ST瑞德,20220426,,*ST
600759.SH,ST洲际,20220426,,ST
688049.SH,炬芯科技,20220426,,其他
001318.SZ,阳光乳业,20220426,,其他
001235.SZ,里得电科,20220426,,其他
000501.SZ,武商集团,20220426,,改名
001319.SZ,铭科精技,20220425,,其他
688173.SH,希荻微,20220425,,其他
002427.SZ,*ST尤夫,20220425,20230511,*ST
300370.SZ,*ST安控,20220425,20230618,*ST
002427.SZ,*ST尤夫,20220425,,*ST
002427.SZ,*ST尤夫,20220425,20230511,*ST
300526.SZ,*ST中潜,20220425,20230618,*ST
300526.SZ,*ST中潜,20220425,20230618,*ST
688046.SH,药康生物,20220425,,其他
300370.SZ,*ST安控,20220425,,*ST
300526.SZ,*ST中潜,20220425,,*ST
688173.SH,希荻微,20220425,,其他
301153.SZ,中科江南,20220425,,其他
300370.SZ,*ST安控,20220425,20230618,*ST
688046.SH,药康生物,20220425,,其他
603996.SH,退市中新,20220422,,终止上市
301187.SZ,欧圣电气,20220422,,其他
301288.SZ,清研环境,20220422,20250429,其他
603157.SH,退市拉夏,20220422,,终止上市
688325.SH,赛微微电,20220422,,其他
688325.SH,赛微微电,20220422,,其他
688325.SH,赛微微电,20220422,,其他
301288.SZ,清研环境,20220422,,其他
688052.SH,纳芯微,20220422,,其他
301187.SZ,欧圣电气,20220422,,其他
688325.SH,赛微微电,20220422,,其他
603996.SH,退市中新,20220422,,终止上市
603157.SH,退市拉夏,20220422,,终止上市
688325.SH,赛微微电,20220422,,其他
301288.SZ,清研环境,20220422,,其他
002553.SZ,南方精工,20220422,,改名
688052.SH,纳芯微,20220422,,其他
002553.SZ,南方精工,20220422,,改名
301148.SZ,嘉戎技术,20220421,,其他
301150.SZ,中一科技,20220421,,其他
002052.SZ,*ST同洲,20220421,20230503,*ST
600198.SH,大唐电信,20220421,,其他
301150.SZ,中一科技,20220421,,其他
002417.SZ,*ST深南,20220421,,*ST
600938.SH,中国海油,20220421,20220512,其他
002417.SZ,*ST深南,20220421,20230614,*ST
002052.SZ,*ST同洲,20220421,20230503,*ST
600938.SH,中国海油,20220421,,其他
002417.SZ,*ST深南,20220421,20230614,*ST
600938.SH,中国海油,20220421,,其他
600198.SH,大唐电信,20220421,,其他
600938.SH,中国海油,20220421,,其他
301148.SZ,嘉戎技术,20220421,,其他
002052.SZ,*ST同洲,20220421,,*ST
301248.SZ,杰创智能,20220420,,其他
002781.SZ,ST奇信,20220420,20220505,ST
300273.SZ,ST和佳,20220420,20220504,ST
002781.SZ,ST奇信,20220420,20220505,ST
688072.SH,拓荆科技,20220420,,其他
300273.SZ,ST和佳,20220420,20220504,ST
688072.SH,拓荆科技-U,20220420,20230418,其他
688119.SH,中钢洛耐,20220420,,其他
688045.SH,必易微,20220420,,其他
603157.SH,退市拉夏,20220420,,终止上市
300273.SZ,ST和佳,20220420,,ST
688279.SH,峰岹科技,20220420,,其他
301248.SZ,杰创智能,20220420,,其他
002781.SZ,ST奇信,20220420,,ST
603097.SH,江苏华辰,20220420,,其他
688072.SH,拓荆科技-U,20220420,,其他
688279.SH,峰岹科技,20220420,,其他
688072.SH,拓荆科技-U,20220420,20230418,其他
301120.SZ,新特电气,20220419,,其他
688209.SH,英集芯,20220419,,其他
688209.SH,英集芯,20220419,,其他
301163.SZ,宏德股份,20220419,,其他
000410.SZ,*ST沈机,20220419,20230522,*ST
688326.SH,经纬恒润,20220419,,其他
688326.SH,经纬恒润-W,20220419,,其他
603863.SH,松炀资源,20220419,,撤销ST
000410.SZ,*ST沈机,20220419,20230522,*ST
000410.SZ,*ST沈机,20220419,,*ST
301120.SZ,新特电气,20220419,,其他
301163.SZ,宏德股份,20220419,,其他
301212.SZ,联盛化学,20220419,,其他
688209.SH,英集芯,20220419,,其他
603863.SH,松炀资源,20220419,,撤销ST
688170.SH,德龙激光,20220419,,其他
001228.SZ,永泰运,20220419,,其他
603206.SH,嘉环科技,20220419,,其他
688326.SH,经纬恒润-W,20220419,,其他
688209.SH,英集芯,20220419,,其他
301212.SZ,联盛化学,20220419,,其他
001319.SZ,铭科精技,20220418,,其他
600403.SH,大有能源,20220418,,撤销ST
000516.SZ,国际医学,20220418,,撤销ST
000516.SZ,国际医学,20220418,,撤销ST
688320.SH,禾川科技,20220418,,其他
688290.SH,景业智能,20220418,,其他
600403.SH,大有能源,20220418,,撤销ST
873169.BJ,七丰精工,20220415,,其他
873169.BJ,七丰精工,20220415,,其他
603191.SH,望变电气,20220415,,其他
688125.SH,安达智能,20220415,,其他
920169.BJ,七丰精工,20220415,,其他
688125.SH,安达智能,20220415,,其他
301162.SZ,国能日新,20220414,,其他
301109.SZ,军信股份,20220413,,其他
301259.SZ,艾布鲁,20220413,,其他
301279.SZ,金道科技,20220413,,其他
301109.SZ,军信股份,20220413,,其他
301279.SZ,金道科技,20220413,,其他
688325.SH,赛微微电,20220412,,其他
688153.SH,唯捷创芯-U,20220412,,其他
688153.SH,唯捷创芯-U,20220412,20230427,其他
300795.SZ,米奥会展,20220412,,撤销*ST
688302.SH,海创药业-U,20220412,,其他
688170.SH,德龙激光,20220412,,其他
688153.SH,唯捷创芯,20220412,,其他
301135.SZ,瑞德智能,20220412,,其他
600300.SH,维维股份,20220412,,撤销ST
300795.SZ,米奥会展,20220412,,撤销*ST
688302.SH,海创药业,20220412,,其他
301135.SZ,瑞德智能,20220412,,其他
600300.SH,维维股份,20220412,,撤销ST
001228.SZ,永泰运,20220412,,其他
603206.SH,嘉环科技,20220412,,其他
688302.SH,海创药业-U,20220412,,其他
688153.SH,唯捷创芯-U,20220412,20230427,其他
688290.SH,景业智能,20220411,,其他
002175.SZ,东方网络,20220411,20221031,其他
688707.SH,振华新材,20220411,,其他
301288.SZ,清研环境,20220411,,其他
301151.SZ,冠龙节能,20220411,,其他
301151.SZ,冠龙节能,20220411,,其他
688046.SH,药康生物,20220411,,其他
600938.SH,中国海油,20220411,,其他
301150.SZ,中一科技,20220411,,其他
301205.SZ,联特科技,20220411,,其他
002175.SZ,东方网络,20220411,20221031,其他
002175.SZ,东方网络,20220411,,其他
301148.SZ,嘉戎技术,20220411,,其他
688320.SH,禾川科技,20220411,,其他
688707.SH,振华新材,20220411,,其他
688337.SH,普源精电,20220408,,其他
300367.SZ,*ST网力,20220408,20220608,*ST
688337.SH,普源精电-U,20220408,,其他
688337.SH,普源精电-U,20220408,20230329,其他
300367.SZ,*ST网力,20220408,,*ST
301187.SZ,欧圣电气,20220408,,其他
301248.SZ,杰创智能,20220408,,其他
688279.SH,峰岹科技,20220408,,其他
300367.SZ,*ST网力,20220408,20220608,*ST
688337.SH,普源精电-U,20220408,20230329,其他
301268.SZ,铭利达,20220407,,其他
301097.SZ,天益医疗,20220407,,其他
688327.SH,云从科技,20220407,,其他
301268.SZ,铭利达,20220407,,其他
688209.SH,英集芯,20220407,,其他
688072.SH,拓荆科技,20220407,,其他
301097.SZ,天益医疗,20220407,,其他
688295.SH,中复神鹰,20220406,,其他
688234.SH,天岳先进,20220406,,其他
301163.SZ,宏德股份,20220406,,其他
688295.SH,中复神鹰,20220406,,其他
688234.SH,天岳先进,20220406,,其他
688295.SH,中复神鹰,20220406,,其他
300540.SZ,蜀道装备,20220406,,改名
301120.SZ,新特电气,20220406,,其他
688326.SH,经纬恒润,20220406,,其他
301259.SZ,艾布鲁,20220406,,其他
688295.SH,中复神鹰,20220406,,其他
300540.SZ,蜀道装备,20220406,,改名
688048.SH,长光华芯,20220401,,其他
688048.SH,长光华芯,20220401,,其他
688125.SH,安达智能,20220401,,其他
301212.SZ,联盛化学,20220331,,其他
301288.SZ,清研环境,20220331,,其他
301150.SZ,中一科技,20220331,,其他
301231.SZ,荣信教育,20220331,,其他
688287.SH,观典防务,20220331,,其他
301335.SZ,天元宠物,20220331,,其他
688331.SH,荣昌生物,20220331,,其他
688325.SH,赛微微电,20220331,,其他
688046.SH,药康生物,20220331,,其他
301148.SZ,嘉戎技术,20220331,,其他
688052.SH,纳芯微,20220331,,其他
600938.SH,中国海油,20220331,,其他
688331.SH,荣昌生物,20220331,,其他
600841.SH,动力新科,20220330,,改名
301109.SZ,军信股份,20220330,,其他
688279.SH,峰岹科技,20220330,,其他
301270.SZ,汉仪股份,20220330,,其他
688193.SH,仁度生物,20220330,,其他
600145.SH,退市新亿,20220330,,终止上市
600841.SH,动力新科,20220330,,改名
688193.SH,仁度生物,20220330,,其他
301187.SZ,欧圣电气,20220330,,其他
301162.SZ,国能日新,20220330,,其他
301248.SZ,杰创智能,20220330,,其他
301279.SZ,金道科技,20220330,,其他
600145.SH,退市新亿,20220330,,终止上市
688153.SH,唯捷创芯,20220329,,其他
301263.SZ,泰恩康,20220329,,其他
301312.SZ,智立方,20220329,,其他
301258.SZ,富士莱,20220329,,其他
688302.SH,海创药业,20220329,,其他
301135.SZ,瑞德智能,20220329,,其他
688209.SH,英集芯,20220329,,其他
688185.SH,康希诺,20220329,,其他
688185.SH,康希诺,20220329,,其他
301258.SZ,富士莱,20220329,,其他
688185.SH,康希诺,20220329,20220512,其他
301216.SZ,万凯新材,20220329,,其他
301263.SZ,泰恩康,20220329,,其他
688185.SH,康希诺,20220329,,其他
688072.SH,拓荆科技,20220329,,其他
301216.SZ,万凯新材,20220329,,其他
603899.SH,晨光股份,20220328,,其他
603899.SH,晨光股份,20220328,,其他
603322.SH,超讯通信,20220328,,撤销ST
000707.SZ,双环科技,20220328,,其他
301102.SZ,兆讯传媒,20220328,,其他
688326.SH,经纬恒润,20220328,,其他
603322.SH,超讯通信,20220328,,撤销ST
000707.SZ,双环科技,20220328,,其他
301102.SZ,兆讯传媒,20220328,,其他
600306.SH,ST商城,20220325,20230330,摘星
688125.SH,安达智能,20220325,,其他
301226.SZ,祥明智能,20220325,,其他
301226.SZ,祥明智能,20220325,,其他
603051.SH,鹿山新材,20220325,,其他
600306.SH,ST商城,20220325,20230330,摘星
603051.SH,鹿山新材,20220325,,其他
600306.SH,ST商城,20220325,,摘星
688337.SH,普源精电,20220325,,其他
301163.SZ,宏德股份,20220325,,其他
301120.SZ,新特电气,20220325,,其他
603191.SH,望变电气,20220325,,其他
301151.SZ,冠龙节能,20220325,,其他
603051.SH,鹿山新材,20220325,,其他
603209.SH,兴通股份,20220324,,其他
603209.SH,兴通股份,20220324,,其他
301268.SZ,铭利达,20220324,,其他
688197.SH,首药控股-U,20220323,,其他
301237.SZ,和顺科技,20220323,,其他
301109.SZ,军信股份,20220323,,其他
301237.SZ,和顺科技,20220323,,其他
688197.SH,首药控股,20220323,,其他
688295.SH,中复神鹰,20220323,,其他
301279.SZ,金道科技,20220323,,其他
688197.SH,首药控股-U,20220323,,其他
301097.SZ,天益医疗,20220322,,其他
688238.SH,和元生物,20220322,,其他
688302.SH,海创药业,20220322,,其他
301103.SZ,何氏眼科,20220322,,其他
301256.SZ,华融化学,20220322,,其他
301137.SZ,哈焊华通,20220322,,其他
688306.SH,均普智能-U,20220322,,其他
688251.SH,井松智能,20220322,,其他
688306.SH,均普智能,20220322,,其他
301103.SZ,何氏眼科,20220322,,其他
301256.SZ,华融化学,20220322,,其他
301137.SZ,哈焊华通,20220322,,其他
688306.SH,均普智能,20220322,,其他
688048.SH,长光华芯,20220322,,其他
688153.SH,唯捷创芯,20220322,,其他
688306.SH,均普智能,20220322,,其他
688238.SH,和元生物,20220322,,其他
688331.SH,荣昌生物,20220321,,其他
301212.SZ,联盛化学,20220321,,其他
301135.SZ,瑞德智能,20220321,,其他
831689.BJ,克莱特,20220321,,其他
831689.BJ,克莱特,20220321,,其他
920689.BJ,克莱特,20220321,,其他
688150.SH,莱特光电,20220318,,其他
688282.SH,理工导航,20220318,20240505,其他
001308.SZ,康冠科技,20220318,,其他
688150.SH,莱特光电,20220318,,其他
688150.SH,莱特光电,20220318,,其他
688150.SH,莱特光电,20220318,,其他
688282.SH,理工导航,20220318,20240505,其他
688282.SH,理工导航,20220318,,其他
688150.SH,莱特光电,20220318,,其他
688150.SH,莱特光电,20220318,,其他
688193.SH,仁度生物,20220318,,其他
603191.SH,望变电气,20220318,,其他
001308.SZ,康冠科技,20220318,,其他
688207.SH,格灵深瞳-U,20220317,,其他
688207.SH,格灵深瞳-U,20220317,20230420,其他
301219.SZ,腾远钴业,20220317,,其他
301263.SZ,泰恩康,20220317,,其他
301151.SZ,冠龙节能,20220317,,其他
688207.SH,格灵深瞳-U,20220317,20230420,其他
688207.SH,格灵深瞳,20220317,,其他
301219.SZ,腾远钴业,20220317,,其他
688337.SH,普源精电,20220317,,其他
301268.SZ,铭利达,20220317,,其他
688102.SH,斯瑞新材,20220316,,其他
688102.SH,斯瑞新材,20220316,,其他
688102.SH,斯瑞新材,20220316,,其他
688102.SH,斯瑞新材,20220316,,其他
301216.SZ,万凯新材,20220316,,其他
688102.SH,斯瑞新材,20220316,,其他
688102.SH,斯瑞新材,20220316,,其他
688102.SH,斯瑞新材,20220316,,其他
301258.SZ,富士莱,20220316,,其他
688295.SH,中复神鹰,20220316,,其他
688102.SH,斯瑞新材,20220316,,其他
688175.SH,高凌信息,20220315,,其他
301236.SZ,软通动力,20220315,,其他
688175.SH,高凌信息,20220315,,其他
603261.SH,立航科技,20220315,,其他
688175.SH,高凌信息,20220315,,其他
688175.SH,高凌信息,20220315,,其他
603261.SH,立航科技,20220315,20250428,其他
301236.SZ,软通动力,20220315,,其他
603261.SH,立航科技,20220315,,其他
688048.SH,长光华芯,20220315,,其他
301097.SZ,天益医疗,20220315,,其他
603051.SH,鹿山新材,20220315,,其他
688115.SH,思林杰,20220314,,其他
688115.SH,思林杰,20220314,,其他
688115.SH,思林杰,20220314,,其他
301131.SZ,聚赛龙,20220314,,其他
688115.SH,思林杰,20220314,,其他
688331.SH,荣昌生物,20220314,,其他
603209.SH,兴通股份,20220314,,其他
301131.SZ,聚赛龙,20220314,,其他
688115.SH,思林杰,20220314,,其他
688115.SH,思林杰,20220314,,其他
301110.SZ,青木股份,20220311,20240707,其他
301110.SZ,青木股份,20220311,20240707,其他
920419.BJ,路斯股份,20220311,,其他
688163.SH,赛伦生物,20220311,,其他
301237.SZ,和顺科技,20220311,,其他
832419.BJ,路斯股份,20220311,,其他
832419.BJ,路斯股份,20220311,,其他
688163.SH,赛伦生物,20220311,,其他
301110.SZ,青木股份,20220311,,其他
688193.SH,仁度生物,20220311,,其他
688197.SH,首药控股,20220311,,其他
301263.SZ,泰恩康,20220310,,其他
603070.SH,万控智造,20220310,,其他
688306.SH,均普智能,20220310,,其他
688238.SH,和元生物,20220310,,其他
301226.SZ,祥明智能,20220310,,其他
301102.SZ,兆讯传媒,20220310,,其他
603070.SH,万控智造,20220310,,其他
301103.SZ,何氏眼科,20220309,,其他
301222.SZ,浙江恒威,20220309,,其他
301222.SZ,浙江恒威,20220309,,其他
301256.SZ,华融化学,20220309,,其他
301137.SZ,哈焊华通,20220309,,其他
301216.SZ,万凯新材,20220309,,其他
301258.SZ,富士莱,20220309,,其他
301226.SZ,祥明智能,20220309,,其他
301215.SZ,中汽股份,20220308,,其他
603051.SH,鹿山新材,20220308,,其他
301215.SZ,中汽股份,20220308,,其他
688281.SH,华秦科技,20220307,,其他
688281.SH,华秦科技,20220307,,其他
688281.SH,华秦科技,20220307,,其他
688281.SH,华秦科技,20220307,,其他
688281.SH,华秦科技,20220307,,其他
688281.SH,华秦科技,20220307,,其他
688281.SH,华秦科技,20220307,,其他
688281.SH,华秦科技,20220307,,其他
688281.SH,华秦科技,20220307,,其他
688281.SH,华秦科技,20220307,,其他
688281.SH,华秦科技,20220307,,其他
301218.SZ,华是科技,20220307,,其他
688150.SH,莱特光电,20220307,,其他
001308.SZ,康冠科技,20220307,,其他
301219.SZ,腾远钴业,20220307,,其他
688282.SH,理工导航,20220307,,其他
301218.SZ,华是科技,20220307,,其他
835179.BJ,凯德石英,20220304,,其他
688207.SH,格灵深瞳,20220304,,其他
688102.SH,斯瑞新材,20220304,,其他
920179.BJ,凯德石英,20220304,,其他
835179.BJ,凯德石英,20220304,,其他
301237.SZ,和顺科技,20220304,,其他
688197.SH,首药控股,20220304,,其他
688306.SH,均普智能,20220303,,其他
301102.SZ,兆讯传媒,20220303,,其他
688238.SH,和元生物,20220303,,其他
301236.SZ,软通动力,20220303,,其他
688175.SH,高凌信息,20220303,,其他
301103.SZ,何氏眼科,20220302,,其他
603261.SH,立航科技,20220302,,其他
688115.SH,思林杰,20220302,,其他
301256.SZ,华融化学,20220302,,其他
301137.SZ,哈焊华通,20220302,,其他
301110.SZ,青木股份,20220301,,其他
603261.SH,立航科技,20220301,,其他
688170.SH,德龙激光,20220301,,其他
301131.SZ,聚赛龙,20220301,,其他
301219.SZ,腾远钴业,20220301,,其他
871857.BJ,泓禧科技,20220228,,其他
688150.SH,莱特光电,20220228,,其他
001308.SZ,康冠科技,20220228,,其他
603070.SH,万控智造,20220228,,其他
920857.BJ,泓禧科技,20220228,,其他
301200.SZ,大族数控,20220228,,其他
871857.BJ,泓禧科技,20220228,,其他
301200.SZ,大族数控,20220228,,其他
001266.SZ,宏英智能,20220228,,其他
688282.SH,理工导航,20220228,,其他
001266.SZ,宏英智能,20220228,,其他
688163.SH,赛伦生物,20220225,,其他
688102.SH,斯瑞新材,20220225,,其他
301222.SZ,浙江恒威,20220225,,其他
688207.SH,格灵深瞳,20220225,,其他
301236.SZ,软通动力,20220224,,其他
000737.SZ,北方铜业,20220224,,改名
688175.SH,高凌信息,20220224,,其他
000737.SZ,北方铜业,20220224,,改名
301215.SZ,中汽股份,20220223,,其他
920346.BJ,威贸电子,20220223,,其他
833346.BJ,威贸电子,20220223,,其他
301130.SZ,西点药业,20220223,,其他
833346.BJ,威贸电子,20220223,,其他
301130.SZ,西点药业,20220223,,其他
688281.SH,华秦科技,20220223,,其他
688115.SH,思林杰,20220223,,其他
301229.SZ,纽泰格,20220222,,其他
603132.SH,金徽股份,20220222,,其他
603132.SH,金徽股份,20220222,,其他
301110.SZ,青木股份,20220222,,其他
301218.SZ,华是科技,20220222,,其他
301229.SZ,纽泰格,20220222,,其他
301181.SZ,标榜股份,20220221,,其他
301181.SZ,标榜股份,20220221,,其他
603070.SH,万控智造,20220221,,其他
301218.SZ,华是科技,20220221,,其他
603209.SH,兴通股份,20220221,,其他
301222.SZ,浙江恒威,20220218,,其他
002354.SZ,天娱数科,20220218,,改名
301207.SZ,华兰疫苗,20220218,,其他
603215.SH,比依股份,20220218,,其他
301207.SZ,华兰疫苗,20220218,,其他
603215.SH,比依股份,20220218,,其他
688163.SH,赛伦生物,20220218,,其他
002354.SZ,天娱数科,20220218,,改名
688267.SH,中触媒,20220216,,其他
603122.SH,合富中国,20220216,,其他
002534.SZ,西子洁能,20220216,,改名
688267.SH,中触媒,20220216,,其他
688267.SH,中触媒,20220216,,其他
688267.SH,中触媒,20220216,,其他
688267.SH,中触媒,20220216,,其他
001313.SZ,粤海饲料,20220216,,其他
301215.SZ,中汽股份,20220216,,其他
001266.SZ,宏英智能,20220216,,其他
603122.SH,合富中国,20220216,,其他
688281.SH,华秦科技,20220216,,其他
002534.SZ,西子洁能,20220216,,改名
688267.SH,中触媒,20220216,,其他
001313.SZ,粤海饲料,20220216,,其他
688283.SH,坤恒顺维,20220215,,其他
688283.SH,坤恒顺维,20220215,,其他
301200.SZ,大族数控,20220215,,其他
688282.SH,理工导航,20220215,,其他
688283.SH,坤恒顺维,20220215,,其他
002322.SZ,理工能科,20220214,,其他
002322.SZ,理工能科,20220214,,其他
603209.SH,兴通股份,20220214,,其他
301130.SZ,西点药业,20220211,,其他
688261.SH,东微半导,20220210,,其他
688261.SH,东微半导,20220210,,其他
688261.SH,东微半导,20220210,,其他
301206.SZ,三元生物,20220210,,其他
603132.SH,金徽股份,20220210,,其他
688261.SH,东微半导,20220210,,其他
301206.SZ,三元生物,20220210,,其他
603322.SH,ST超讯,20220209,20220327,ST
603322.SH,ST超讯,20220209,20220327,ST
688225.SH,亚信安全,20220209,,其他
603322.SH,ST超讯,20220209,,ST
301229.SZ,纽泰格,20220209,,其他
001266.SZ,宏英智能,20220209,,其他
688225.SH,亚信安全,20220209,,其他
301181.SZ,标榜股份,20220208,,其他
603215.SH,比依股份,20220208,,其他
000593.SZ,德龙汇能,20220208,,改名
000593.SZ,德龙汇能,20220208,,改名
301207.SZ,华兰疫苗,20220207,,其他
301235.SZ,华康医疗,20220128,,其他
301106.SZ,骏成科技,20220128,,其他
301228.SZ,实朴检测,20220128,,其他
301235.SZ,华康医疗,20220128,20250320,其他
301235.SZ,华康医疗,20220128,,其他
688267.SH,中触媒,20220128,,其他
301228.SZ,实朴检测,20220128,,其他
301106.SZ,骏成科技,20220128,,其他
301200.SZ,大族数控,20220128,,其他
301130.SZ,西点药业,20220128,,其他
603122.SH,合富中国,20220128,,其他
688283.SH,坤恒顺维,20220127,,其他
688171.SH,纬德信息,20220127,,其他
688171.SH,纬德信息,20220127,,其他
301217.SZ,铜冠铜箔,20220127,,其他
002646.SZ,天佑德酒,20220127,,改名
301217.SZ,铜冠铜箔,20220127,,其他
603132.SH,金徽股份,20220127,,其他
688270.SH,臻镭科技,20220127,,其他
002646.SZ,天佑德酒,20220127,,改名
688270.SH,臻镭科技,20220127,20260420,其他
688270.SH,臻镭科技,20220127,,其他
688223.SH,晶科能源,20220126,,其他
301122.SZ,采纳股份,20220126,,其他
688223.SH,晶科能源,20220126,,其他
301122.SZ,采纳股份,20220126,,其他
001313.SZ,粤海饲料,20220126,,其他
301123.SZ,奕东电子,20220125,,其他
603102.SH,百合股份,20220125,,其他
301123.SZ,奕东电子,20220125,,其他
603102.SH,百合股份,20220125,,其他
301181.SZ,标榜股份,20220125,,其他
603215.SH,比依股份,20220125,,其他
603150.SH,万朗磁塑,20220124,,其他
001289.SZ,龙源电力,20220124,,其他
001289.SZ,龙源电力,20220124,,其他
603150.SH,万朗磁塑,20220124,,其他
301207.SZ,华兰疫苗,20220124,,其他
688267.SH,中触媒,20220121,,其他
002641.SZ,公元股份,20220121,,改名
688261.SH,东微半导,20220121,,其他
002641.SZ,公元股份,20220121,,改名
688173.SH,希荻微-U,20220121,20220424,其他
688173.SH,希荻微,20220121,,其他
688225.SH,亚信安全,20220121,,其他
301206.SZ,三元生物,20220121,,其他
688173.SH,希荻微-U,20220121,,其他
688173.SH,希荻微-U,20220121,20220424,其他
600052.SH,东望时代,20220120,,改名
301201.SZ,诚达药业,20220120,,其他
301201.SZ,诚达药业,20220120,,其他
688283.SH,坤恒顺维,20220120,,其他
600052.SH,东望时代,20220120,,改名
001313.SZ,粤海集团,20220119,,其他
870204.BJ,沪江材料,20220118,,其他
603279.SH,景津装备,20220118,,改名
301116.SZ,益客食品,20220118,,其他
301116.SZ,益客食品,20220118,,其他
603201.SH,常润股份,20220118,,其他
002683.SZ,广东宏大,20220118,,改名
920204.BJ,沪江材料,20220118,,其他
603279.SH,景津装备,20220118,,改名
688062.SH,迈威生物,20220118,,其他
002683.SZ,广东宏大,20220118,,改名
688062.SH,迈威生物-U,20220118,,其他
301228.SZ,实朴检测,20220118,,其他
301235.SZ,华康医疗,20220118,,其他
870204.BJ,沪江材料,20220118,,其他
688062.SH,迈威生物-U,20220118,,其他
301117.SZ,佳缘科技,20220117,,其他
301106.SZ,骏成科技,20220117,,其他
301217.SZ,铜冠铜箔,20220117,,其他
301158.SZ,德石股份,20220117,,其他
301117.SZ,佳缘科技,20220117,,其他
000859.SZ,国风新材,20220117,,改名
000516.SZ,ST国医,20220117,20220417,ST
001227.SZ,兰州银行,20220117,,其他
000516.SZ,ST国医,20220117,,ST
301158.SZ,德石股份,20220117,,其他
000859.SZ,国风新材,20220117,,改名
688171.SH,纬德信息,20220117,,其他
688270.SH,臻镭科技,20220117,,其他
001227.SZ,兰州银行,20220117,,其他
000516.SZ,ST国医,20220117,20220417,ST
688220.SH,翱捷科技-U,20220114,,其他
600595.SH,ST中孚,20220114,20220519,摘星
688220.SH,翱捷科技,20220114,,其他
688225.SH,亚信安全,20220114,,其他
600595.SH,ST中孚,20220114,,摘星
688223.SH,晶科能源,20220114,,其他
870204.BJ,沪江材料,20220114,,其他
301122.SZ,采纳股份,20220114,,其他
688261.SH,东微半导,20220114,,其他
301206.SZ,三元生物,20220114,,其他
301106.SZ,骏成科技,20220114,,其他
688220.SH,翱捷科技-U,20220114,,其他
600595.SH,ST中孚,20220114,20220519,摘星
300834.SZ,星辉环材,20220113,,其他
300834.SZ,星辉环材,20220113,,其他
603102.SH,百合股份,20220113,,其他
688259.SH,创耀科技,20220112,,其他
688234.SH,天岳先进-U,20220112,20220405,其他
688259.SH,创耀科技,20220112,,其他
688259.SH,创耀科技,20220112,,其他
688259.SH,创耀科技,20220112,,其他
688259.SH,创耀科技,20220112,,其他
688234.SH,天岳先进,20220112,,其他
688259.SH,创耀科技,20220112,,其他
603102.SH,百合股份,20220112,,其他
603150.SH,万朗磁塑,20220112,,其他
688234.SH,天岳先进-U,20220112,20220405,其他
688259.SH,创耀科技,20220112,,其他
301235.SZ,华康医疗,20220112,,其他
688234.SH,天岳先进-U,20220112,,其他
688259.SH,创耀科技,20220112,,其他
301136.SZ,招标股份,20220111,,其他
301196.SZ,唯科科技,20220111,,其他
001234.SZ,泰慕士,20220111,,其他
301228.SZ,实朴检测,20220111,,其他
301136.SZ,招标股份,20220111,,其他
001234.SZ,泰慕士,20220111,,其他
301196.SZ,唯科科技,20220111,,其他
301123.SZ,奕东电子,20220111,,其他
688173.SH,希荻微,20220110,,其他
688171.SH,纬德信息,20220110,,其他
301217.SZ,铜冠铜箔,20220110,,其他
301122.SZ,采纳股份,20220110,,其他
688270.SH,臻镭科技,20220110,,其他
688176.SH,亚虹医药,20220107,,其他
301159.SZ,三维天地,20220107,,其他
301201.SZ,诚达药业,20220107,,其他
688223.SH,晶科能源,20220107,,其他
301159.SZ,三维天地,20220107,,其他
603122.SH,合富中国,20220107,,其他
688176.SH,亚虹医药-U,20220107,,其他
688176.SH,亚虹医药-U,20220107,,其他
871245.BJ,威博液压,20220106,,其他
871245.BJ,威博液压,20220106,,其他
688262.SH,国芯科技,20220106,,其他
871245.BJ,威博液压,20220106,,其他
920245.BJ,威博液压,20220106,,其他
688262.SH,国芯科技,20220106,,其他
301116.SZ,益客食品,20220105,,其他
600941.SH,中国移动,20220105,,其他
603150.SH,万朗磁塑,20220105,,其他
600941.SH,中国移动,20220105,,其他
301158.SZ,德石股份,20220104,,其他
603686.SH,福龙马,20220104,,改名
301117.SZ,佳缘科技,20220104,,其他
001227.SZ,兰州银行,20220104,,其他
603686.SH,福龙马,20220104,,改名
688173.SH,希荻微,20211231,,其他
688326.SH,经纬恒润,20211231,,其他
002976.SZ,瑞玛精密,20211231,,其他
603176.SH,汇通集团,20211231,,其他
603176.SH,汇通集团,20211231,,其他
300834.SZ,星辉环材,20211231,,其他
688173.SH,希荻微,20211231,,其他
002976.SZ,瑞玛精密,20211231,,其他
300834.SZ,星辉环材,20211231,,其他
603176.SH,汇通集团,20211231,,其他
688062.SH,迈威生物,20211231,,其他
688220.SH,翱捷科技,20211231,,其他
301123.SZ,奕东电子,20211231,,其他
002976.SZ,瑞玛精密,20211231,,其他
688062.SH,迈威生物,20211231,,其他
688220.SH,翱捷科技,20211231,,其他
301123.SZ,奕东电子,20211231,,其他
688227.SH,品高股份,20211230,,其他
688236.SH,春立医疗,20211230,,其他
688236.SH,春立医疗,20211230,,其他
688259.SH,创耀科技,20211230,,其他
688234.SH,天岳先进,20211230,,其他
301127.SZ,天源环保,20211230,20250428,其他
301127.SZ,天源环保,20211230,,其他
688234.SH,天岳先进,20211230,,其他
603122.SH,合富中国,20211230,,其他
688259.SH,创耀科技,20211230,,其他
603122.SH,合富中国,20211230,,其他
688236.SH,春立医疗,20211230,,其他
688236.SH,春立医疗,20211230,,其他
301127.SZ,天源环保,20211230,,其他
688236.SH,春立医疗,20211230,,其他
688236.SH,春立医疗,20211230,,其他
688227.SH,品高股份,20211230,,其他
002470.SZ,ST金正,20211229,20230723,摘星
002470.SZ,ST金正,20211229,,摘星
301201.SZ,诚达药业,20211229,,其他
301196.SZ,唯科科技,20211229,,其他
002470.SZ,ST金正,20211229,20230723,摘星
688206.SH,概伦电子,20211228,,其他
301166.SZ,优宁维,20211228,,其他
688206.SH,概伦电子,20211228,,其他
688265.SH,南模生物,20211228,,其他
301136.SZ,招标股份,20211228,,其他
301166.SZ,优宁维,20211228,,其他
301189.SZ,奥尼电子,20211228,,其他
001234.SZ,泰慕士,20211228,,其他
301189.SZ,奥尼电子,20211228,,其他
688265.SH,南模生物,20211228,,其他
688210.SH,统联精密,20211227,,其他
002086.SZ,ST东洋,20211227,20230504,摘星
002086.SZ,ST东洋,20211227,20230504,摘星
002086.SZ,ST东洋,20211227,,撤销*ST
301116.SZ,益客食品,20211227,,其他
688210.SH,统联精密,20211227,,其他
688210.SH,统联精密,20211227,,其他
301158.SZ,德石股份,20211227,,其他
002086.SZ,ST东洋,20211227,20230504,撤销*ST
688210.SH,统联精密,20211227,,其他
688167.SH,炬光科技,20211224,,其他
688220.SH,翱捷科技,20211224,,其他
603230.SH,内蒙新华,20211224,,其他
301190.SZ,善水科技,20211224,,其他
688167.SH,炬光科技,20211224,,其他
002726.SZ,龙大美食,20211224,,改名
301117.SZ,佳缘科技,20211224,,其他
001296.SZ,长江材料,20211224,,其他
002726.SZ,龙大美食,20211224,20260429,改名
301190.SZ,善水科技,20211224,,其他
001296.SZ,长江材料,20211224,,其他
688176.SH,亚虹医药,20211224,,其他
688062.SH,迈威生物,20211224,,其他
301159.SZ,三维天地,20211224,,其他
002726.SZ,龙大美食,20211224,,改名
603230.SH,内蒙新华,20211224,,其他
301182.SZ,凯旺科技,20211223,,其他
688259.SH,创耀科技,20211223,,其他
600927.SH,永安期货,20211223,,其他
688262.SH,国芯科技,20211223,,其他
301186.SZ,超达装备,20211223,,其他
301186.SZ,超达装备,20211223,,其他
600927.SH,永安期货,20211223,,其他
301182.SZ,凯旺科技,20211223,,其他
301159.SZ,三维天地,20211223,,其他
688234.SH,天岳先进,20211223,,其他
300834.SZ,星辉环材,20211222,,其他
688248.SH,南网科技,20211222,,其他
688248.SH,南网科技,20211222,,其他
688248.SH,南网科技,20211222,,其他
301221.SZ,光庭信息,20211222,,其他
688248.SH,南网科技,20211222,,其他
688248.SH,南网科技,20211222,,其他
688248.SH,南网科技,20211222,,其他
301113.SZ,雅艺科技,20211222,,其他
301211.SZ,亨迪药业,20211222,,其他
301211.SZ,亨迪药业,20211222,,其他
301113.SZ,雅艺科技,20211222,,其他
301221.SZ,光庭信息,20211222,,其他
600941.SH,中国移动,20211221,,其他
002726.SZ,龙大美食,20211221,,改名
603176.SH,汇通集团,20211221,,其他
688032.SH,禾迈股份,20211220,,其他
002719.SZ,麦趣尔,20211220,,撤销*ST
301096.SZ,百诚医药,20211220,,其他
002719.SZ,麦趣尔,20211220,,撤销*ST
301127.SZ,天源环保,20211220,,其他
002719.SZ,麦趣尔,20211220,20260428,撤销*ST
688032.SH,禾迈股份,20211220,,其他
688227.SH,品高股份,20211220,,其他
688236.SH,春立医疗,20211220,,其他
301136.SZ,招标股份,20211220,,其他
301096.SZ,百诚医药,20211220,,其他
688032.SH,禾迈股份,20211220,,其他
688176.SH,亚虹医药,20211217,,其他
301196.SZ,唯科科技,20211217,,其他
002629.SZ,仁智股份,20211217,,撤销ST
301100.SZ,风光股份,20211217,,其他
002629.SZ,仁智股份,20211217,,撤销ST
301100.SZ,风光股份,20211217,,其他
688265.SH,南模生物,20211216,,其他
301101.SZ,明月镜片,20211216,,其他
301166.SZ,优宁维,20211216,,其他
301189.SZ,奥尼电子,20211216,,其他
688262.SH,国芯科技,20211216,,其他
603071.SH,物产环能,20211216,,其他
603071.SH,物产环能,20211216,,其他
301101.SZ,明月镜片,20211216,,其他
688235.SH,百济神州-U,20211215,20260415,其他
688206.SH,概伦电子,20211215,,其他
301138.SZ,华研精机,20211215,,其他
603216.SH,梦天家居,20211215,,其他
301138.SZ,华研精机,20211215,,其他
688235.SH,百济神州,20211215,,其他
301177.SZ,迪阿股份,20211215,,其他
301177.SZ,迪阿股份,20211215,,其他
603216.SH,梦天家居,20211215,,其他
688210.SH,统联精密,20211215,,其他
688235.SH,百济神州-U,20211215,,其他
688235.SH,百济神州-U,20211215,,其他
603230.SH,内蒙新华,20211214,,其他
688167.SH,炬光科技,20211214,,其他
600941.SH,中国移动,20211214,,其他
688246.SH,嘉和美康,20211214,,其他
688246.SH,嘉和美康,20211214,,其他
301190.SZ,善水科技,20211214,,其他
603176.SH,汇通集团,20211214,,其他
688227.SH,品高股份,20211214,,其他
688236.SH,春立医疗,20211214,,其他
001296.SZ,长江材料,20211214,,其他
001227.SZ,兰州银行,20211214,,其他
301182.SZ,凯旺科技,20211213,,其他
688110.SH,东芯股份,20211210,,其他
688192.SH,迪哲医药-U,20211210,,其他
301168.SZ,通灵股份,20211210,,其他
688110.SH,东芯股份,20211210,,其他
688192.SH,迪哲医药,20211210,,其他
301168.SZ,通灵股份,20211210,,其他
301221.SZ,光庭信息,20211210,,其他
301127.SZ,天源环保,20211210,,其他
688192.SH,迪哲医药-U,20211210,,其他
301186.SZ,超达装备,20211209,,其他
301193.SZ,家联科技,20211209,,其他
600188.SH,兖矿能源,20211209,,改名
301189.SZ,奥尼电子,20211209,,其他
301211.SZ,亨迪药业,20211209,,其他
688248.SH,南网科技,20211209,,其他
600188.SH,兖矿能源,20211209,,改名
301166.SZ,优宁维,20211209,,其他
688265.SH,南模生物,20211209,,其他
301193.SZ,家联科技,20211209,,其他
688206.SH,概伦电子,20211208,,其他
301179.SZ,泽宇智能,20211208,,其他
688032.SH,禾迈股份,20211208,,其他
301179.SZ,泽宇智能,20211208,,其他
600877.SH,声光电科,20211208,20230316,改名
600877.SH,声光电科,20211208,,改名
000408.SZ,藏格矿业,20211208,,改名
301113.SZ,雅艺科技,20211208,,其他
600877.SH,声光电科,20211208,20230316,改名
000408.SZ,藏格矿业,20211208,,改名
600215.SH,派斯林,20211207,,改名
600215.SH,派斯林,20211207,,改名
301111.SZ,粤万年青,20211207,,其他
301126.SZ,达嘉维康,20211207,,其他
301111.SZ,粤万年青,20211207,,其他
301199.SZ,迈赫股份,20211207,,其他
001234.SZ,泰慕士,20211207,,其他
600927.SH,永安期货,20211207,,其他
001227.SZ,兰州银行,20211207,,其他
688167.SH,炬光科技,20211207,,其他
301100.SZ,风光股份,20211207,,其他
301199.SZ,迈赫股份,20211207,,其他
301126.SZ,达嘉维康,20211207,,其他
688151.SH,华强科技,20211206,,其他
301213.SZ,观想科技,20211206,,其他
688151.SH,华强科技,20211206,,其他
301167.SZ,建研设计,20211206,,其他
688210.SH,统联精密,20211206,,其他
301101.SZ,明月镜片,20211206,,其他
301213.SZ,观想科技,20211206,,其他
301167.SZ,建研设计,20211206,,其他
603071.SH,物产环能,20211203,,其他
301138.SZ,华研精机,20211203,,其他
301108.SZ,洁雅股份,20211203,,其他
301190.SZ,善水科技,20211203,,其他
301177.SZ,迪阿股份,20211203,,其他
301108.SZ,洁雅股份,20211203,,其他
688246.SH,嘉和美康,20211202,,其他
301198.SZ,喜悦智行,20211202,,其他
301182.SZ,凯旺科技,20211202,,其他
301211.SZ,亨迪药业,20211202,,其他
002210.SZ,飞马国际,20211202,,撤销*ST
301198.SZ,喜悦智行,20211202,,其他
688248.SH,南网科技,20211202,,其他
002210.SZ,飞马国际,20211202,,撤销*ST
688230.SH,芯导科技,20211201,,其他
688112.SH,鼎阳科技,20211201,,其他
688235.SH,百济神州,20211201,,其他
603216.SH,梦天家居,20211201,,其他
688032.SH,禾迈股份,20211201,,其他
688230.SH,芯导科技,20211201,,其他
688112.SH,鼎阳科技,20211201,,其他
001317.SZ,三羊马,20211130,,其他
688192.SH,迪哲医药,20211130,,其他
001234.SZ,泰慕士,20211130,,其他
688110.SH,东芯股份,20211130,,其他
301100.SZ,风光股份,20211130,,其他
301221.SZ,光庭信息,20211130,,其他
001317.SZ,三羊马,20211130,,其他
301168.SZ,通灵股份,20211129,,其他
688049.SH,炬芯科技-U,20211129,20220425,其他
688049.SH,炬芯科技-U,20211129,,其他
688049.SH,炬芯科技,20211129,,其他
688049.SH,炬芯科技-U,20211129,20220425,其他
301193.SZ,家联科技,20211129,,其他
301101.SZ,明月镜片,20211129,,其他
688190.SH,云路股份,20211126,,其他
301179.SZ,泽宇智能,20211126,,其他
688190.SH,云路股份,20211126,,其他
600935.SH,华塑股份,20211126,,其他
688190.SH,云路股份,20211126,,其他
688190.SH,云路股份,20211126,,其他
301133.SZ,金钟股份,20211126,,其他
688190.SH,云路股份,20211126,,其他
301177.SZ,迪阿股份,20211126,,其他
603071.SH,物产环能,20211126,,其他
301096.SZ,百诚医药,20211126,,其他
688190.SH,云路股份,20211126,,其他
600935.SH,华塑股份,20211126,,其他
688190.SH,云路股份,20211126,,其他
688190.SH,云路股份,20211126,,其他
301133.SZ,金钟股份,20211126,,其他
301199.SZ,迈赫股份,20211125,,其他
301138.SZ,华研精机,20211125,,其他
688246.SH,嘉和美康,20211125,,其他
301126.SZ,达嘉维康,20211125,,其他
301111.SZ,粤万年青,20211125,,其他
688151.SH,华强科技,20211124,,其他
836720.BJ,吉冈精密,20211124,,其他
300489.SZ,光智科技,20211124,,改名
836720.BJ,吉冈精密,20211124,,其他
920720.BJ,吉冈精密,20211124,,其他
301155.SZ,海力风电,20211124,,其他
688235.SH,百济神州,20211124,,其他
301167.SZ,建研设计,20211124,,其他
300489.SZ,光智科技,20211124,,改名
301155.SZ,海力风电,20211124,,其他
688110.SH,东芯股份,20211123,,其他
688192.SH,迪哲医药,20211123,,其他
603398.SH,沐邦高科,20211123,,改名
301167.SZ,建研设计,20211123,,其他
603216.SH,梦天家居,20211123,,其他
603230.SH,内蒙新华,20211123,,其他
001296.SZ,长江材料,20211123,,其他
603398.SH,沐邦高科,20211123,20250505,改名
603398.SH,沐邦高科,20211123,,改名
301099.SZ,雅创电子,20211122,,其他
301193.SZ,家联科技,20211122,,其他
301119.SZ,正强股份,20211122,,其他
603219.SH,富佳股份,20211122,,其他
301168.SZ,通灵股份,20211122,,其他
301198.SZ,喜悦智行,20211122,,其他
301108.SZ,洁雅股份,20211122,,其他
301099.SZ,雅创电子,20211122,,其他
603219.SH,富佳股份,20211122,,其他
301119.SZ,正强股份,20211122,,其他
301185.SZ,鸥玛软件,20211119,,其他
688230.SH,芯导科技,20211119,,其他
688112.SH,鼎阳科技,20211119,,其他
301213.SZ,观想科技,20211119,,其他
301185.SZ,鸥玛软件,20211119,,其他
301118.SZ,恒光股份,20211118,,其他
688075.SH,安旭生物,20211118,,其他
600856.SH,*ST中天,20211118,20220524,*ST
301213.SZ,观想科技,20211118,,其他
688082.SH,盛美上海,20211118,,其他
688075.SH,安旭生物,20211118,,其他
688082.SH,盛美上海,20211118,,其他
002128.SZ,电投能源,20211118,,改名
600856.SH,*ST中天,20211118,,*ST
002128.SZ,电投能源,20211118,,改名
301199.SZ,迈赫股份,20211118,,其他
301179.SZ,泽宇智能,20211118,,其他
600856.SH,*ST中天,20211118,20220524,*ST
301118.SZ,恒光股份,20211118,,其他
688151.SH,华强科技,20211117,,其他
688232.SH,新点软件,20211117,,其他
688232.SH,新点软件,20211117,,其他
600279.SH,重庆港,20211117,,改名
688232.SH,新点软件,20211117,,其他
001267.SZ,汇绿生态,20211117,,ST
001267.SZ,汇绿生态,20211117,,ST
688049.SH,炬芯科技,20211117,,其他
301111.SZ,粤万年青,20211117,,其他
600279.SH,重庆港,20211117,,改名
688232.SH,新点软件,20211117,,其他
688232.SH,新点软件,20211117,,其他
001317.SZ,三羊马,20211117,,其他
688232.SH,新点软件,20211117,,其他
688182.SH,灿勤科技,20211116,,其他
001296.SZ,长江材料,20211116,,其他
301180.SZ,万祥科技,20211116,,其他
603230.SH,内蒙新华,20211116,,其他
301180.SZ,万祥科技,20211116,,其他
688182.SH,灿勤科技,20211116,,其他
603048.SH,浙江黎明,20211116,,其他
600927.SH,永安期货,20211116,,其他
600935.SH,华塑股份,20211116,,其他
603048.SH,浙江黎明,20211116,,其他
688105.SH,诺唯赞,20211115,,其他
831832.BJ,科达自控,20211115,,其他
833873.BJ,中设咨询,20211115,,其他
833873.BJ,中设咨询,20211115,,其他
301108.SZ,洁雅股份,20211115,,其他
688105.SH,诺唯赞,20211115,,其他
920436.BJ,大地电气,20211115,,其他
836260.BJ,中寰股份,20211115,,其他
920092.BJ,汉鑫科技,20211115,,其他
920981.BJ,晶赛科技,20211115,,其他
920171.BJ,志晟信息,20211115,,其他
920680.BJ,广道高新,20211115,20220831,其他
688105.SH,诺唯赞,20211115,,其他
832145.BJ,恒合股份,20211115,,其他
831832.BJ,科达自控,20211115,,其他
837092.BJ,汉鑫科技,20211115,,其他
688105.SH,诺唯赞,20211115,,其他
301126.SZ,达嘉维康,20211115,,其他
920260.BJ,中寰股份,20211115,,其他
688105.SH,诺唯赞,20211115,,其他
688105.SH,诺唯赞,20211115,,其他
688105.SH,诺唯赞,20211115,,其他
832171.BJ,志晟信息,20211115,,其他
836260.BJ,中寰股份,20211115,,其他
870436.BJ,大地电气,20211115,,其他
833454.BJ,同心传动,20211115,,其他
920932.BJ,科达自控,20211115,,其他
688212.SH,澳华内镜,20211115,,其他
688190.SH,云路股份,20211115,,其他
301198.SZ,喜悦智行,20211115,,其他
832145.BJ,恒合股份,20211115,,其他
833454.BJ,同心传动,20211115,,其他
837092.BJ,汉鑫科技,20211115,,其他
839680.BJ,广道高新,20211115,,其他
871981.BJ,晶赛科技,20211115,,其他
839680.BJ,广道高新,20211115,20220831,其他
920873.BJ,中设咨询,20211115,,其他
920454.BJ,同心传动,20211115,,其他
920145.BJ,恒合股份,20211115,,其他
688105.SH,诺唯赞,20211115,,其他
688212.SH,澳华内镜,20211115,,其他
832171.BJ,志晟信息,20211115,,其他
839680.BJ,广道高新,20211115,20220831,其他
870436.BJ,大地电气,20211115,,其他
871981.BJ,晶赛科技,20211115,,其他
688112.SH,鼎阳科技,20211112,,其他
301098.SZ,金埔园林,20211112,,其他
688107.SH,安路科技-U,20211112,,其他
688107.SH,安路科技-U,20211112,20230425,其他
301098.SZ,金埔园林,20211112,,其他
688107.SH,安路科技,20211112,,其他
301178.SZ,天亿马,20211112,,其他
301155.SZ,海力风电,20211112,,其他
301178.SZ,天亿马,20211112,,其他
688107.SH,安路科技-U,20211112,20230425,其他
002201.SZ,正威新材,20211111,20250223,改名
301188.SZ,力诺特玻,20211111,,其他
301188.SZ,力诺特玻,20211111,20241124,其他
603213.SH,镇洋发展,20211111,,其他
002420.SZ,毅昌科技,20211111,,其他
301188.SZ,力诺特玻,20211111,,其他
002201.SZ,正威新材,20211111,,改名
603213.SH,镇洋发展,20211111,,其他
002201.SZ,正威新材,20211111,,改名
002420.SZ,毅昌科技,20211111,,其他
301128.SZ,强瑞技术,20211110,,其他
603219.SH,富佳股份,20211110,,其他
688162.SH,巨一科技,20211110,,其他
301149.SZ,隆华新材,20211110,,其他
688049.SH,炬芯科技,20211110,,其他
688162.SH,巨一科技,20211110,,其他
301149.SZ,隆华新材,20211110,,其他
301128.SZ,强瑞技术,20211110,,其他
832089.BJ,禾昌聚合,20211109,,其他
600935.SH,华塑股份,20211109,,其他
301119.SZ,正强股份,20211109,,其他
600927.SH,永安期货,20211109,,其他
832089.BJ,禾昌聚合,20211109,,其他
920089.BJ,禾昌聚合,20211109,,其他
688230.SH,芯导科技,20211108,,其他
301185.SZ,鸥玛软件,20211108,,其他
688190.SH,云路股份,20211108,,其他
920405.BJ,海希通讯,20211105,,其他
301099.SZ,雅创电子,20211105,,其他
688082.SH,盛美上海,20211105,,其他
688075.SH,安旭生物,20211105,,其他
688232.SH,新点软件,20211105,,其他
301155.SZ,海力风电,20211105,,其他
831305.BJ,海希通讯,20211105,,其他
831305.BJ,海希通讯,20211105,,其他
300475.SZ,香农芯创,20211104,,改名
301118.SZ,恒光股份,20211104,,其他
300475.SZ,香农芯创,20211104,,改名
301133.SZ,金钟股份,20211104,,其他
301180.SZ,万祥科技,20211104,,其他
688182.SH,灿勤科技,20211104,,其他
301169.SZ,零点有数,20211103,,其他
920924.BJ,广脉科技,20211103,,其他
838924.BJ,广脉科技,20211103,,其他
301169.SZ,零点有数,20211103,,其他
688212.SH,澳华内镜,20211103,,其他
603048.SH,浙江黎明,20211103,,其他
603219.SH,富佳股份,20211103,,其他
838924.BJ,广脉科技,20211103,,其他
301092.SZ,争光股份,20211102,,其他
301092.SZ,争光股份,20211102,,其他
688107.SH,安路科技,20211102,,其他
688210.SH,泛海统联,20211102,,其他
301129.SZ,瑞纳智能,20211102,,其他
688105.SH,诺唯赞,20211102,,其他
301129.SZ,瑞纳智能,20211102,,其他
001288.SZ,运机集团,20211101,,其他
301093.SZ,华兰股份,20211101,,其他
301098.SZ,金埔园林,20211101,,其他
001288.SZ,运机集团,20211101,,其他
301188.SZ,力诺特玻,20211101,,其他
301093.SZ,华兰股份,20211101,,其他
301091.SZ,深城交,20211029,,其他
600662.SH,外服控股,20211029,,改名
301178.SZ,天亿马,20211029,,其他
301099.SZ,雅创电子,20211029,,其他
603213.SH,镇洋发展,20211029,,其他
688075.SH,安旭生物,20211029,,其他
301185.SZ,鸥玛软件,20211029,,其他
688232.SH,新点软件,20211029,,其他
688082.SH,盛美上海,20211029,,其他
688162.SH,巨一科技,20211029,,其他
301091.SZ,深城交,20211029,,其他
600662.SH,外服控股,20211029,,改名
301149.SZ,隆华新材,20211029,,其他
920892.BJ,广咨国际,20211028,,其他
301088.SZ,戎美股份,20211028,,其他
301178.SZ,天亿马,20211028,,其他
301128.SZ,强瑞技术,20211028,,其他
301088.SZ,戎美股份,20211028,,其他
836892.BJ,广咨国际,20211028,,其他
688739.SH,成大生物,20211028,,其他
301180.SZ,万祥科技,20211028,,其他
301118.SZ,恒光股份,20211028,,其他
836892.BJ,广咨国际,20211028,,其他
688739.SH,成大生物,20211028,,其他
688182.SH,灿勤科技,20211028,,其他
002648.SZ,卫星化学,20211027,,改名
605138.SH,盛泰集团,20211027,,其他
301082.SZ,久盛电气,20211027,,其他
605138.SH,盛泰集团,20211027,,其他
001317.SZ,三羊马,20211027,,其他
688280.SH,精进电动-UW,20211027,,其他
301089.SZ,拓新药业,20211027,,其他
688257.SH,新锐股份,20211027,,其他
688280.SH,精进电动,20211027,,其他
301128.SZ,强瑞技术,20211027,,其他
603048.SH,浙江黎明,20211027,,其他
002648.SZ,卫星化学,20211027,,改名
688280.SH,精进电动-UW,20211027,,其他
688257.SH,新锐股份,20211027,,其他
688257.SH,新锐股份,20211027,,其他
688280.SH,精进电动-UW,20211027,20260427,其他
688257.SH,新锐股份,20211027,,其他
688212.SH,澳华内镜,20211027,,其他
688280.SH,N精进-UW,20211027,,其他
301082.SZ,久盛电气,20211027,,其他
301089.SZ,拓新药业,20211027,,其他
301090.SZ,华润材料,20211026,,其他
688553.SH,汇宇制药,20211026,,其他
688107.SH,安路科技,20211026,,其他
688553.SH,汇宇制药-W,20211026,,其他
688211.SH,中科微至,20211026,,其他
688553.SH,汇宇制药-W,20211026,,其他
301090.SZ,华润材料,20211026,,其他
688211.SH,中科微至,20211026,,其他
688105.SH,诺唯赞,20211026,,其他
872925.BJ,锦好医疗,20211025,,其他
688255.SH,凯尔达,20211025,,其他
688255.SH,凯尔达,20211025,,其他
688255.SH,凯尔达,20211025,,其他
301098.SZ,金埔园林,20211025,,其他
301087.SZ,可孚医疗,20211025,,其他
920925.BJ,锦好医疗,20211025,,其他
872925.BJ,锦好医疗,20211025,,其他
605566.SH,福莱蒽特,20211025,,其他
688255.SH,凯尔达,20211025,,其他
605566.SH,福莱蒽特,20211025,,其他
301087.SZ,可孚医疗,20211025,,其他
688162.SH,巨一科技,20211022,,其他
688737.SH,中自科技,20211022,,其他
603213.SH,镇洋发展,20211022,,其他
301149.SZ,隆华新材,20211022,,其他
688737.SH,中自科技,20211022,,其他
301188.SZ,力诺特玻,20211022,,其他
301083.SZ,百胜智能,20211021,,其他
605555.SH,德昌股份,20211021,,其他
605555.SH,德昌股份,20211021,,其他
301083.SZ,百胜智能,20211021,,其他
001219.SZ,青岛食品,20211021,,其他
605555.SH,德昌股份,20211021,,其他
001219.SZ,青岛食品,20211021,,其他
301086.SZ,鸿富瀚,20211020,,其他
688285.SH,高铁电气,20211020,,其他
688285.SH,高铁电气,20211020,,其他
001317.SZ,三羊马,20211020,,其他
301081.SZ,严牌股份,20211020,,其他
301086.SZ,鸿富瀚,20211020,,其他
301081.SZ,严牌股份,20211020,,其他
001216.SZ,华瓷股份,20211019,,其他
688722.SH,同益中,20211019,,其他
688722.SH,同益中,20211019,,其他
301169.SZ,零点有数,20211019,,其他
301079.SZ,邵阳液压,20211019,,其他
688722.SH,同益中,20211019,,其他
301079.SZ,邵阳液压,20211019,,其他
001288.SZ,运机集团,20211019,,其他
300671.SZ,富满微,20211019,,改名
688722.SH,同益中,20211019,,其他
001216.SZ,华瓷股份,20211019,,其他
300671.SZ,富满微,20211019,,改名
301092.SZ,争光股份,20211018,,其他
301093.SZ,华兰股份,20211018,,其他
301080.SZ,百普赛斯,20211018,,其他
301085.SZ,亚康股份,20211018,,其他
688272.SH,富吉瑞,20211018,20230426,其他
301080.SZ,百普赛斯,20211018,,其他
688272.SH,富吉瑞,20211018,20230426,其他
688739.SH,成大生物,20211018,,其他
688272.SH,富吉瑞,20211018,,其他
301085.SZ,亚康股份,20211018,,其他
688772.SH,珠海冠宇,20211015,,其他
688772.SH,珠海冠宇,20211015,,其他
600234.SH,科新发展,20211015,20240429,改名
001218.SZ,丽臣实业,20211015,,其他
001218.SZ,丽臣实业,20211015,,其他
688772.SH,珠海冠宇,20211015,,其他
301089.SZ,拓新药业,20211015,,其他
605138.SH,盛泰集团,20211015,,其他
300650.SZ,太龙股份,20211015,,改名
688772.SH,珠海冠宇,20211015,,其他
300650.SZ,太龙股份,20211015,,改名
600234.SH,科新发展,20211015,20240429,改名
688772.SH,珠海冠宇,20211015,,其他
600234.SH,科新发展,20211015,,改名
301091.SZ,深城交,20211015,,其他
688772.SH,珠海冠宇,20211015,,其他
301078.SZ,孩子王,20211014,,其他
688257.SH,新锐股份,20211014,,其他
301078.SZ,孩子王,20211014,,其他
301088.SZ,戎美股份,20211014,,其他
688280.SH,精进电动,20211014,,其他
301129.SZ,瑞纳智能,20211014,,其他
301090.SZ,华润材料,20211014,,其他
605567.SH,春雪食品,20211013,,其他
688211.SH,中科微至,20211013,,其他
605567.SH,春雪食品,20211013,,其他
300089.SZ,ST文化,20211012,,ST
300089.SZ,ST文化,20211012,20220505,ST
300089.SZ,ST文化,20211012,20220505,ST
301087.SZ,可孚医疗,20211012,,其他
300020.SZ,银江技术,20211012,20240505,改名
300020.SZ,银江技术,20211012,,改名
001288.SZ,运机集团,20211012,,其他
300020.SZ,银江技术,20211012,20240505,改名
301076.SZ,新瀚新材,20211011,,其他
603859.SH,能科科技,20211011,,其他
603859.SH,能科科技,20211011,,其他
603859.SH,能科科技,20211011,,其他
301076.SZ,新瀚新材,20211011,,其他
688737.SH,中自科技,20211011,,其他
688255.SH,凯尔达,20211011,,其他
301082.SZ,久盛电气,20211011,,其他
688553.SH,汇宇制药,20211011,,其他
301083.SZ,百胜智能,20211008,,其他
834765.BJ,美之高(测试),20211008,,其他
836433.BJ,大唐药业,20211008,,其他
430198.BJ,微创光电,20211008,,其他
430198.BJ,微创光电(测试),20211008,,其他
836433.BJ,大唐药业(测试),20211008,,其他
301081.SZ,严牌股份,20211008,,其他
605566.SH,福莱蒽特,20211008,,其他
605555.SH,德昌股份,20211008,,其他
834765.BJ,美之高,20211008,,其他
301077.SZ,星华反光,20210930,20220913,其他
A21451.SH,联想集团,20210930,,其他
301077.SZ,星华反光,20210930,20220913,其他
301073.SZ,君亭酒店,20210930,,其他
688280.SH,精进电动,20210930,,其他
A21451.SH,联想集团,20210930,,其他
A21026.SH,旷视科技,20210930,,其他
A21026.SH,旷视科技,20210930,,其他
301073.SZ,君亭酒店,20210930,,其他
301077.SZ,星华反光,20210930,,其他
301093.SZ,华兰股份,20210930,,其他
301092.SZ,争光股份,20210930,,其他
688257.SH,新锐股份,20210930,,其他
688285.SH,高铁电气,20210930,,其他
688739.SH,成大生物,20210930,,其他
001216.SZ,华瓷股份,20210930,,其他
301072.SZ,中捷精工,20210929,,其他
001217.SZ,华尔泰,20210929,,其他
001219.SZ,青岛食品,20210929,,其他
001217.SZ,华尔泰,20210929,,其他
301075.SZ,多瑞医药,20210929,,其他
301091.SZ,深城交,20210929,,其他
301079.SZ,邵阳液压,20210929,,其他
301089.SZ,拓新药业,20210929,,其他
301090.SZ,华润材料,20210929,,其他
301086.SZ,鸿富瀚,20210929,,其他
688211.SH,中科微至,20210929,,其他
301075.SZ,多瑞医药,20210929,,其他
301072.SZ,中捷精工,20210929,,其他
601868.SH,中国能建,20210928,,其他
301068.SZ,大地海洋,20210928,,其他
301068.SZ,大地海洋,20210928,,其他
601868.SH,中国能建,20210928,,其他
688722.SH,同益中,20210928,,其他
688272.SH,富吉瑞,20210928,,其他
301088.SZ,戎美股份,20210928,,其他
301086.SZ,鸿富瀚,20210928,,其他
301085.SZ,亚康股份,20210928,,其他
301087.SZ,可孚医疗,20210928,,其他
301078.SZ,孩子王,20210927,,其他
301085.SZ,亚康股份,20210927,,其他
301069.SZ,凯盛新材,20210927,,其他
301069.SZ,凯盛新材,20210927,,其他
688737.SH,中自科技,20210927,,其他
688772.SH,珠海冠宇,20210927,,其他
301080.SZ,百普赛斯,20210927,,其他
688553.SH,汇宇制药,20210927,,其他
301083.SZ,百胜智能,20210924,,其他
002259.SZ,ST升达,20210924,,摘星
002259.SZ,ST升达,20210924,20250519,摘星
002729.SZ,好利科技,20210924,,其他
301082.SZ,久盛电气,20210924,,其他
301071.SZ,力量钻石,20210924,,其他
002259.SZ,ST升达,20210924,,摘星
301071.SZ,力量钻石,20210924,,其他
301080.SZ,百普赛斯,20210924,,其他
605555.SH,德昌股份,20210924,,其他
301063.SZ,海锅股份,20210924,,其他
002259.SZ,ST升达,20210924,,撤销*ST
002729.SZ,好利科技,20210924,,其他
688255.SH,凯尔达,20210924,,其他
605566.SH,福莱蒽特,20210924,,其他
301081.SZ,严牌股份,20210924,,其他
301063.SZ,海锅股份,20210924,,其他
000663.SZ,永安林业,20210923,,撤销*ST
605138.SH,盛泰集团,20210923,,其他
301070.SZ,开勒股份,20210923,,其他
301070.SZ,开勒股份,20210923,,其他
688285.SH,高铁电气,20210923,,其他
605567.SH,春雪食品,20210923,,其他
001218.SZ,丽臣实业,20210923,,其他
430057.BJ,北交所测试代码1,20210923,,其他
000663.SZ,永安林业,20210923,,撤销*ST
000920.SZ,沃顿科技,20210922,,改名
301067.SZ,显盈科技,20210922,,其他
301066.SZ,万事利,20210922,,其他
301066.SZ,万事利,20210922,,其他
000920.SZ,沃顿科技,20210922,,改名
001219.SZ,青岛食品,20210922,,其他
301067.SZ,显盈科技,20210922,,其他
688697.SH,纽威数控,20210917,,其他
688697.SH,纽威数控,20210917,,其他
605598.SH,上海港湾,20210917,,其他
688722.SH,同益中,20210917,,其他
688272.SH,富吉瑞,20210917,,其他
301079.SZ,邵阳液压,20210917,,其他
605598.SH,上海港湾,20210917,,其他
688697.SH,纽威数控,20210917,,其他
688697.SH,纽威数控,20210917,,其他
605033.SH,美邦股份,20210916,,其他
300854.SZ,中兰环保,20210916,,其他
301078.SZ,孩子王,20210916,,其他
837242.BJ,建邦科技,20210916,,改名
605033.SH,美邦股份,20210916,,其他
300854.SZ,中兰环保,20210916,,其他
688772.SH,珠海冠宇,20210916,,其他
688701.SH,卓锦股份,20210916,,其他
688701.SH,卓锦股份,20210916,,其他
301073.SZ,君亭酒店,20210915,,其他
002341.SZ,新纶新材,20210915,20240505,改名
301076.SZ,新瀚新材,20210915,,其他
001217.SZ,华尔泰,20210915,,其他
600281.SH,华阳新材,20210915,,改名
600281.SH,华阳新材,20210915,,改名
600955.SH,维远股份,20210915,,其他
002341.SZ,新纶新材,20210915,,改名
301072.SZ,中捷精工,20210915,,其他
301077.SZ,星华反光,20210915,,其他
002341.SZ,新纶新材,20210915,20240505,改名
600955.SH,维远股份,20210915,,其他
301065.SZ,本立科技,20210914,,其他
688707.SH,振华新材,20210914,,其他
605567.SH,春雪食品,20210914,,其他
688707.SH,振华新材-U,20210914,20220410,其他
301062.SZ,上海艾录,20210914,,其他
600048.SH,保利发展,20210914,,其他
301062.SZ,上海艾录,20210914,,其他
301065.SZ,本立科技,20210914,,其他
605138.SH,盛泰集团,20210914,,其他
001218.SZ,丽臣实业,20210914,,其他
688707.SH,振华新材-U,20210914,,其他
688707.SH,振华新材-U,20210914,20220410,其他
600048.SH,保利发展,20210914,,其他
301060.SZ,兰卫医学,20210913,,其他
301059.SZ,金三江,20210913,,其他
301061.SZ,匠心家居,20210913,,其他
688622.SH,禾信仪器,20210913,20260429,其他
688622.SH,禾信仪器,20210913,,其他
688622.SH,禾信仪器,20210913,,其他
301059.SZ,金三江,20210913,,其他
301068.SZ,大地海洋,20210913,,其他
301069.SZ,凯盛新材,20210913,,其他
301075.SZ,多瑞医药,20210913,,其他
301061.SZ,匠心家居,20210913,,其他
301060.SZ,兰卫医学,20210913,,其他
688103.SH,国力股份,20210910,,其他
688103.SH,国力股份,20210910,20250910,其他
688103.SH,国力股份,20210910,,其他
301058.SZ,中粮工科,20210909,20220921,其他
688091.SH,上海谊众-U,20210909,20230301,其他
301057.SZ,汇隆新材,20210909,,其他
688091.SH,上海谊众,20210909,,其他
301058.SZ,中粮工科,20210909,,其他
600640.SH,新国脉,20210909,20220908,改名
600640.SH,新国脉,20210909,20220908,改名
605599.SH,菜百股份,20210909,,其他
688091.SH,上海谊众-U,20210909,20230301,其他
301058.SZ,中粮工科,20210909,20220921,其他
600640.SH,新国脉,20210909,,改名
301057.SZ,汇隆新材,20210909,,其他
605599.SH,菜百股份,20210909,,其他
688091.SH,上海谊众-U,20210909,,其他
688767.SH,博拓生物,20210908,,其他
688767.SH,博拓生物,20210908,,其他
688767.SH,博拓生物,20210908,,其他
001213.SZ,中铁特货,20210908,,其他
001213.SZ,中铁特货,20210908,,其他
301066.SZ,万事利,20210908,,其他
688767.SH,博拓生物,20210908,,其他
688767.SH,博拓生物,20210908,,其他
600281.SH,华阳新材,20210908,,改名
688767.SH,博拓生物,20210908,,其他
301072.SZ,中捷精工,20210908,,其他
301073.SZ,君亭酒店,20210908,,其他
001217.SZ,华尔泰,20210908,,其他
002668.SZ,ST奥马,20210907,,ST
301056.SZ,森赫股份,20210907,,其他
002668.SZ,ST奥马,20210907,20220922,ST
688187.SH,时代电气,20210907,,其他
688187.SH,时代电气,20210907,,其他
002668.SZ,ST奥马,20210907,20220922,ST
301056.SZ,森赫股份,20210907,,其他
301070.SZ,开勒股份,20210907,,其他
301071.SZ,力量钻石,20210907,,其他
605598.SH,上海港湾,20210907,,其他
001216.SZ,华瓷股份,20210907,,其他
001215.SZ,千味央厨,20210906,,其他
001215.SZ,千味央厨,20210906,,其他
688121.SH,卓然股份,20210906,,其他
688697.SH,纽威数控,20210906,,其他
301055.SZ,张小泉,20210906,,其他
301063.SZ,海锅股份,20210906,,其他
301069.SZ,凯盛新材,20210906,,其他
688121.SH,卓然股份,20210906,,其他
301055.SZ,张小泉,20210906,,其他
301067.SZ,显盈科技,20210903,,其他
301068.SZ,大地海洋,20210903,,其他
688701.SH,卓锦股份,20210903,,其他
300854.SZ,中兰环保,20210903,,其他
301062.SZ,上海艾录,20210902,,其他
301067.SZ,显盈科技,20210902,,其他
301053.SZ,远信工业,20210901,,其他
688711.SH,宏微科技,20210901,,其他
301053.SZ,远信工业,20210901,,其他
688707.SH,振华新材,20210901,,其他
600955.SH,维远股份,20210901,,其他
600817.SH,宇通重工,20210901,,改名
600817.SH,宇通重工,20210901,,改名
688711.SH,宏微科技,20210901,,其他
301066.SZ,万事利,20210901,,其他
301060.SZ,兰卫医学,20210901,,其他
605033.SH,美邦股份,20210901,,其他
836077.BJ,吉林碳谷,20210831,,其他
688622.SH,禾信仪器,20210831,,其他
301059.SZ,金三江,20210831,,其他
920077.BJ,吉林碳谷,20210831,,其他
836077.BJ,吉林碳谷,20210831,,其他
688776.SH,国光电气,20210831,,其他
301065.SZ,本立科技,20210831,,其他
001216.SZ,华瓷股份,20210831,,其他
688776.SH,国光电气,20210831,,其他
301052.SZ,果麦文化,20210830,,其他
301063.SZ,海锅股份,20210830,,其他
301052.SZ,果麦文化,20210830,,其他
688697.SH,纽威数控,20210830,,其他
688103.SH,国力股份,20210830,,其他
002113.SZ,ST天润,20210827,20230504,摘星
002113.SZ,ST天润,20210827,,摘星
301051.SZ,信濠光电,20210827,,其他
688701.SH,卓锦股份,20210827,,其他
688767.SH,博拓生物,20210827,,其他
300854.SZ,中兰环保,20210827,,其他
301051.SZ,信濠光电,20210827,,其他
002113.SZ,ST天润,20210827,20230504,摘星
301058.SZ,中粮工科,20210827,,其他
688091.SH,上海谊众,20210827,,其他
835305.BJ,云创数据,20210826,,其他
835305.BJ,云创数据,20210826,,其他
920305.BJ,云创数据,20210826,20250505,其他
688786.SH,悦安新材,20210826,,其他
688786.SH,悦安新材,20210826,,其他
001213.SZ,中铁特货,20210826,,其他
301061.SZ,匠心家居,20210826,,其他
835305.BJ,云创数据,20210826,20250505,其他
301062.SZ,上海艾录,20210826,,其他
301057.SZ,汇隆新材,20210826,,其他
001215.SZ,千味央厨,20210825,,其他
605033.SH,美邦股份,20210825,,其他
605599.SH,菜百股份,20210825,,其他
688707.SH,振华新材,20210825,,其他
688187.SH,时代电气,20210825,,其他
688121.SH,卓然股份,20210825,,其他
600955.SH,维远股份,20210825,,其他
301056.SZ,森赫股份,20210824,,其他
605577.SH,龙版传媒,20210824,,其他
000669.SZ,ST金鸿,20210824,,摘星
301050.SZ,雷电微力,20210824,,其他
300256.SZ,*ST星星,20210824,20221128,*ST
000669.SZ,ST金鸿,20210824,,摘星
300256.SZ,*ST星星,20210824,,*ST
605577.SH,龙版传媒,20210824,,其他
301049.SZ,超越科技,20210824,,其他
301050.SZ,雷电微力,20210824,,其他
688622.SH,禾信仪器,20210824,,其他
301060.SZ,兰卫医学,20210824,,其他
301059.SZ,金三江,20210824,,其他
300256.SZ,*ST星星,20210824,20221128,*ST
301049.SZ,超越科技,20210824,,其他
688766.SH,普冉股份,20210823,,其他
688766.SH,普冉股份,20210823,,其他
002485.SZ,雪松发展,20210823,20220505,改名
001212.SZ,中旗新材,20210823,,其他
301055.SZ,张小泉,20210823,,其他
688766.SH,普冉股份,20210823,,其他
688766.SH,普冉股份,20210823,,其他
002485.SZ,雪松发展,20210823,20220505,改名
001212.SZ,中旗新材,20210823,,其他
688766.SH,普冉股份,20210823,,其他
002485.SZ,雪松发展,20210823,,改名
688103.SH,国力股份,20210823,,其他
688766.SH,普冉股份,20210823,,其他
688767.SH,博拓生物,20210820,,其他
835174.BJ,五新隧装,20210820,,其他
920174.BJ,五新隧装,20210820,,其他
920174.BJ,五新隧装,20210820,20260526,其他
835174.BJ,五新隧装,20210820,,其他
601728.SH,中国电信,20210820,,其他
301058.SZ,中粮工科,20210820,,其他
301053.SZ,远信工业,20210820,,其他
688711.SH,宏微科技,20210820,,其他
688091.SH,上海谊众,20210820,,其他
601728.SH,中国电信,20210820,,其他
605580.SH,恒盛能源,20210819,,其他
300459.SZ,汤姆猫,20210819,,改名
301057.SZ,汇隆新材,20210819,,其他
601825.SH,沪农商行,20210819,,其他
688776.SH,国光电气,20210819,,其他
300459.SZ,汤姆猫,20210819,,改名
605580.SH,恒盛能源,20210819,,其他
601825.SH,沪农商行,20210819,,其他
688187.SH,时代电气,20210818,,其他
920039.BJ,国义招标,20210818,,其他
688728.SH,格科微,20210818,,其他
831039.BJ,国义招标,20210818,,其他
831039.BJ,国义招标,20210818,,其他
688728.SH,格科微,20210818,,其他
688728.SH,格科微,20210818,,其他
001215.SZ,千味央厨,20210818,,其他
301048.SZ,金鹰重工,20210818,,其他
605599.SH,菜百股份,20210818,,其他
301052.SZ,果麦文化,20210818,,其他
688121.SH,卓然股份,20210818,,其他
300646.SZ,侨源气体,20210818,,其他
301048.SZ,金鹰重工,20210818,,其他
688728.SH,格科微,20210818,,其他
301046.SZ,能辉科技,20210817,,其他
605598.SH,上海港湾,20210817,,其他
688733.SH,壹石通,20210817,,其他
301046.SZ,能辉科技,20210817,,其他
600260.SH,ST凯乐,20210817,20220505,ST
600260.SH,ST凯乐,20210817,,ST
688733.SH,壹石通,20210817,,其他
301056.SZ,森赫股份,20210817,,其他
600260.SH,ST凯乐,20210817,20220505,ST
301047.SZ,义翘神州,20210816,,其他
301047.SZ,义翘神州,20210816,,其他
871642.BJ,通易航天,20210816,,其他
605069.SH,正和生态,20210816,,其他
688798.SH,艾为电子,20210816,,其他
688798.SH,艾为电子,20210816,,其他
920642.BJ,通易航天,20210816,,其他
605069.SH,正和生态,20210816,,其他
301055.SZ,张小泉,20210816,,其他
871642.BJ,通易航天,20210816,,其他
832566.BJ,梓橦宫,20210813,,其他
688787.SH,海天瑞声,20210813,,其他
688787.SH,海天瑞声,20210813,,其他
832566.BJ,梓橦宫,20210813,,其他
301045.SZ,天禄科技,20210813,,其他
920566.BJ,梓橦宫,20210813,,其他
688787.SH,海天瑞声,20210813,,其他
300844.SZ,山水比德,20210813,,其他
301045.SZ,天禄科技,20210813,,其他
688786.SH,悦安新材,20210813,,其他
301053.SZ,远信工业,20210813,,其他
688711.SH,宏微科技,20210813,,其他
300844.SZ,山水比德,20210813,,其他
605588.SH,冠石科技,20210812,,其他
300994.SZ,久祺股份,20210812,,其他
300994.SZ,久祺股份,20210812,,其他
605588.SH,冠石科技,20210812,,其他
300814.SZ,中富电路,20210812,,其他
301049.SZ,超越科技,20210812,,其他
301050.SZ,雷电微力,20210812,,其他
688776.SH,国光电气,20210812,,其他
300814.SZ,中富电路,20210812,,其他
688779.SH,长远锂科,20210811,,其他
301041.SZ,金百泽,20210811,,其他
688779.SH,长远锂科,20210811,20240808,其他
301041.SZ,金百泽,20210811,,其他
301043.SZ,绿岛风,20210811,,其他
605577.SH,龙版传媒,20210811,,其他
001212.SZ,中旗新材,20210811,,其他
301043.SZ,绿岛风,20210811,,其他
000792.SZ,盐湖股份,20210810,,其他
603779.SH,威龙股份,20210810,,撤销ST
000792.SZ,盐湖股份,20210810,,其他
603779.SH,威龙股份,20210810,,撤销ST
605589.SH,圣泉集团,20210810,,其他
600767.SH,运盛医疗,20210810,20220427,撤销ST
600767.SH,运盛医疗,20210810,,撤销ST
603779.SH,威龙股份,20210810,,撤销ST
605589.SH,圣泉集团,20210810,,其他
301051.SZ,信濠光电,20210810,,其他
605598.SH,上海港湾,20210810,,其他
600767.SH,运盛医疗,20210810,20220427,撤销ST
430090.BJ,同辉信息,20210809,,其他
920090.BJ,同辉信息,20210809,,其他
301052.SZ,果麦文化,20210809,,其他
688766.SH,普冉股份,20210809,,其他
430090.BJ,同辉信息,20210809,,其他
301051.SZ,信濠光电,20210809,,其他
920090.BJ,同辉信息,20210809,20260423,其他
301048.SZ,金鹰重工,20210806,,其他
300655.SZ,晶瑞电材,20210806,,改名
688148.SH,芳源股份,20210806,,其他
920553.BJ,凯腾精工,20210806,,其他
301050.SZ,雷电微力,20210806,,其他
300655.SZ,晶瑞电材,20210806,,改名
871553.BJ,凯腾精工,20210806,,其他
688786.SH,悦安新材,20210806,,其他
688148.SH,芳源股份,20210806,,其他
301049.SZ,超越科技,20210806,,其他
605580.SH,恒盛能源,20210806,,其他
688728.SH,格科微,20210806,,其他
601728.SH,中国电信,20210806,,其他
871553.BJ,凯腾精工,20210806,,其他
688778.SH,厦钨新能,20210805,,其他
688778.SH,厦钨新能,20210805,,其他
688778.SH,厦钨新能,20210805,,其他
301042.SZ,安联锐视,20210805,,其他
001211.SZ,双枪科技,20210805,,其他
300964.SZ,本川智能,20210805,,其他
001213.SZ,中铁特货,20210805,,其他
300964.SZ,本川智能,20210805,,其他
688778.SH,厦钨新能,20210805,,其他
688778.SH,厦钨新能,20210805,,其他
301042.SZ,安联锐视,20210805,,其他
301046.SZ,能辉科技,20210805,,其他
688733.SH,壹石通,20210805,,其他
688778.SH,厦钨新能,20210805,,其他
001211.SZ,双枪科技,20210805,,其他
605069.SH,正和生态,20210804,,其他
301038.SZ,深水规院,20210804,,其他
688385.SH,复旦微电,20210804,,其他
300774.SZ,倍杰特,20210804,,其他
301038.SZ,深水规院,20210804,,其他
688385.SH,复旦微电,20210804,,其他
300774.SZ,倍杰特,20210804,,其他
002256.SZ,兆新股份,20210804,,其他
002256.SZ,兆新股份,20210804,,其他
301040.SZ,中环海陆,20210803,,其他
688553.SH,汇宇制药,20210803,,其他
301040.SZ,中环海陆,20210803,,其他
601825.SH,沪农商行,20210803,,其他
301045.SZ,天禄科技,20210803,,其他
688798.SH,艾为电子,20210803,,其他
002627.SZ,三峡旅游,20210802,,改名
605507.SH,国邦医药,20210802,,其他
603209.SH,兴通股份,20210802,20220213,其他
605507.SH,国邦医药,20210802,,其他
688670.SH,金迪克,20210802,,其他
002627.SZ,三峡旅游,20210802,,改名
688787.SH,海天瑞声,20210802,,其他
688766.SH,普冉股份,20210802,,其他
301047.SZ,义翘神州,20210802,,其他
300844.SZ,山水比德,20210802,,其他
688670.SH,金迪克,20210802,,其他
605507.SH,国邦医药,20210802,,其他
688509.SH,正元地信,20210730,,其他
301037.SZ,保立佳,20210730,,其他
301037.SZ,保立佳,20210730,,其他
688511.SH,天微电子,20210730,20250505,其他
688509.SH,正元地信,20210730,,其他
688511.SH,天微电子,20210730,,其他
300814.SZ,中富电路,20210730,,其他
605580.SH,恒盛能源,20210730,,其他
688728.SH,格科微,20210730,,其他
301048.SZ,金鹰重工,20210730,,其他
300844.SZ,山水比德,20210730,,其他
301047.SZ,义翘神州,20210730,,其他
601728.SH,中国电信,20210730,,其他
688511.SH,天微电子,20210730,,其他
001210.SZ,金房节能,20210729,20230524,其他
301036.SZ,双乐股份,20210729,,其他
688071.SH,华依科技,20210729,,其他
001210.SZ,金房节能,20210729,,其他
301036.SZ,双乐股份,20210729,,其他
001213.SZ,中铁特货,20210729,,其他
301046.SZ,能辉科技,20210729,,其他
605588.SH,冠石科技,20210729,,其他
688733.SH,壹石通,20210729,,其他
688779.SH,长远锂科,20210729,,其他
001210.SZ,金房节能,20210729,20230524,其他
688071.SH,华依科技,20210729,,其他
301035.SZ,润丰股份,20210728,,其他
688718.SH,唯赛勃,20210728,,其他
688718.SH,唯赛勃,20210728,,其他
688718.SH,唯赛勃,20210728,,其他
301024.SZ,霍普股份,20210728,,其他
301024.SZ,霍普股份,20210728,,其他
605069.SH,正和生态,20210728,,其他
002650.SZ,加加食品,20210728,,撤销ST
300994.SZ,久祺股份,20210728,,其他
301041.SZ,金百泽,20210728,,其他
605589.SH,圣泉集团,20210728,,其他
605588.SH,冠石科技,20210728,,其他
688718.SH,唯赛勃,20210728,,其他
002650.SZ,加加食品,20210728,20240429,撤销ST
301035.SZ,润丰股份,20210728,,其他
002650.SZ,加加食品,20210728,20240429,撤销ST
688296.SH,和达科技,20210727,,其他
688798.SH,艾为电子,20210727,,其他
301045.SZ,天禄科技,20210727,,其他
688148.SH,芳源股份,20210727,,其他
688296.SH,和达科技,20210727,,其他
605167.SH,利柏特,20210726,,其他
301033.SZ,迈普医学,20210726,,其他
301033.SZ,迈普医学,20210726,,其他
605167.SH,利柏特,20210726,,其他
688787.SH,海天瑞声,20210726,,其他
688768.SH,容知日新,20210726,,其他
688778.SH,厦钨新能,20210726,,其他
688768.SH,容知日新,20210726,,其他
301029.SZ,怡合达,20210723,,其他
300964.SZ,本川智能,20210723,,其他
001209.SZ,洪兴股份,20210723,,其他
301043.SZ,绿岛风,20210723,,其他
001209.SZ,洪兴股份,20210723,,其他
601921.SH,浙版传媒,20210723,,其他
601921.SH,浙版传媒,20210723,,其他
301029.SZ,怡合达,20210723,,其他
688800.SH,瑞可达,20210722,,其他
600593.SH,*ST圣亚,20210722,20220519,*ST
688800.SH,瑞可达,20210722,,其他
600593.SH,*ST圣亚,20210722,,*ST
688385.SH,复旦微电,20210722,,其他
301030.SZ,仕净科技,20210722,,其他
301030.SZ,仕净科技,20210722,,其他
600593.SH,*ST圣亚,20210722,20220519,*ST
603555.SH,ST贵人,20210722,20220524,摘星
301032.SZ,新柴股份,20210722,,其他
301042.SZ,安联锐视,20210722,,其他
688800.SH,瑞可达,20210722,,其他
603555.SH,ST贵人,20210722,20220524,摘星
688800.SH,瑞可达,20210722,,其他
301030.SZ,仕净科技,20210722,20260505,其他
688779.SH,长远锂科,20210722,,其他
001211.SZ,双枪科技,20210722,,其他
688303.SH,大全能源,20210722,,其他
603555.SH,ST贵人,20210722,,摘星
688303.SH,大全能源,20210722,,其他
301032.SZ,新柴股份,20210722,,其他
300774.SZ,倍杰特,20210721,,其他
301040.SZ,中环海陆,20210721,,其他
001212.SZ,中旗新材,20210721,,其他
605589.SH,圣泉集团,20210721,,其他
605507.SH,国邦医药,20210721,,其他
300814.SZ,中富电路,20210721,,其他
688103.SH,国力科技,20210721,,其他
605577.SH,龙版传媒,20210721,,其他
301028.SZ,东亚机械,20210720,,其他
920146.BJ,华阳变速,20210720,,其他
839946.BJ,华阳变速,20210720,,其他
605365.SH,立达信,20210720,,其他
688670.SH,金迪克,20210720,,其他
605056.SH,咸亨国际,20210720,,其他
839946.BJ,华阳变速,20210720,,其他
605365.SH,立达信,20210720,,其他
301028.SZ,东亚机械,20210720,,其他
301028.SZ,东亚机械,20210720,20260125,其他
688148.SH,芳源股份,20210720,,其他
605056.SH,咸亨国际,20210720,,其他
300362.SZ,天翔退,20210719,,终止上市
300362.SZ,天翔退,20210719,,终止上市
688509.SH,正元地信,20210719,,其他
688511.SH,天微电子,20210719,,其他
301025.SZ,读客文化,20210719,,其他
301025.SZ,读客文化,20210719,,其他
300268.SZ,佳沃食品,20210719,20230409,改名
301038.SZ,深水规院,20210719,,其他
300268.SZ,佳沃食品,20210719,20230409,改名
688778.SH,厦钨新能,20210719,,其他
300268.SZ,佳沃食品,20210719,,改名
002638.SZ,勤上股份,20210716,,撤销*ST
688501.SH,青达环保,20210716,,其他
688501.SH,青达环保,20210716,,其他
301026.SZ,浩通科技,20210716,,其他
300994.SZ,久祺股份,20210716,,其他
688501.SH,青达环保,20210716,,其他
301041.SZ,金百泽,20210716,,其他
688500.SH,慧辰股份,20210716,,其他
688501.SH,青达环保,20210716,,其他
301037.SZ,保立佳,20210716,,其他
002638.SZ,勤上股份,20210716,,撤销*ST
688071.SH,华依科技,20210716,,其他
301035.SZ,润丰股份,20210716,,其他
688500.SH,慧辰股份,20210716,20230504,其他
301026.SZ,浩通科技,20210716,,其他
301036.SZ,双乐股份,20210716,,其他
688500.SH,慧辰股份,20210716,20230504,其他
301027.SZ,华蓝集团,20210715,,其他
000595.SZ,宝塔实业,20210715,20250428,撤销*ST
000595.SZ,宝塔实业,20210715,,撤销*ST
301031.SZ,中熔电气,20210715,,其他
301027.SZ,华蓝集团,20210715,,其他
001210.SZ,金房节能,20210715,,其他
002661.SZ,克明食品,20210715,,改名
000595.SZ,宝塔实业,20210715,,撤销*ST
688793.SH,倍轻松,20210715,,其他
688718.SH,唯赛勃,20210715,,其他
688385.SH,复旦微电,20210715,,其他
688793.SH,倍轻松,20210715,,其他
002661.SZ,克明食品,20210715,,改名
301031.SZ,中熔电气,20210715,,其他
300774.SZ,倍杰特,20210714,,其他
688296.SH,和达科技,20210714,,其他
605577.SH,龙版传媒,20210714,,其他
301040.SZ,中环海陆,20210714,,其他
301024.SZ,霍普股份,20210714,,其他
605507.SH,国邦医药,20210714,,其他
688799.SH,华纳药厂,20210713,,其他
605167.SH,利柏特,20210713,,其他
688799.SH,华纳药厂,20210713,,其他
688799.SH,华纳药厂,20210713,,其他
688768.SH,容知日新,20210713,,其他
688038.SH,中科通达,20210713,,其他
688799.SH,华纳药厂,20210713,,其他
601825.SH,沪农商行,20210713,,其他
688670.SH,金迪克,20210713,,其他
688787.SH,海天瑞声,20210713,,其他
001212.SZ,中旗新材,20210713,,其他
688038.SH,中科通达,20210713,,其他
688303.SH,大全能源,20210712,,其他
301033.SZ,迈普医学,20210712,,其他
605028.SH,世茂能源,20210712,,其他
688511.SH,天微电子,20210712,,其他
301032.SZ,新柴股份,20210712,,其他
301030.SZ,仕净科技,20210712,,其他
688509.SH,正元地信,20210712,,其他
605028.SH,世茂能源,20210712,,其他
300646.SZ,侨源气体,20210711,,其他
688305.SH,科德数控,20210709,,其他
688305.SH,科德数控,20210709,,其他
688305.SH,科德数控,20210709,,其他
688087.SH,英科再生,20210709,,其他
301029.SZ,怡合达,20210709,,其他
600705.SH,中航产融,20210709,,改名
688087.SH,英科再生,20210709,,其他
301037.SZ,保立佳,20210709,,其他
301038.SZ,深水规院,20210709,,其他
301036.SZ,双乐股份,20210709,,其他
688305.SH,科德数控,20210709,,其他
688800.SH,瑞可达,20210709,,其他
301036.SZ,欢乐股份,20210709,,其他
688071.SH,华依科技,20210709,,其他
601921.SH,浙版传媒,20210709,,其他
600705.SH,中航产融,20210709,,改名
605020.SH,永和股份,20210709,,其他
605020.SH,永和股份,20210709,,其他
688789.SH,宏华数科,20210708,,其他
301039.SZ,中集车辆,20210708,,其他
688789.SH,宏华数科,20210708,,其他
832885.BJ,星辰科技,20210708,,其他
688789.SH,宏华数科,20210708,,其他
688789.SH,宏华数科,20210708,,其他
832885.BJ,星辰科技,20210708,,其他
605056.SH,咸亨国际,20210708,,其他
688789.SH,宏华数科,20210708,,其他
301039.SZ,中集车辆,20210708,,其他
688789.SH,宏华数科,20210708,,其他
688718.SH,唯赛勃,20210708,,其他
920885.BJ,星辰科技,20210708,,其他
301035.SZ,润丰股份,20210708,,其他
301023.SZ,江南奕帆,20210707,,其他
688226.SH,威腾电气,20210707,,其他
600093.SH,*ST易见,20210707,,*ST
688226.SH,威腾电气,20210707,,其他
688226.SH,威腾电气,20210707,,其他
600093.SH,*ST易见,20210707,20220525,*ST
605162.SH,新中港,20210707,,其他
605162.SH,新中港,20210707,,其他
301018.SZ,申菱环境,20210707,,其他
002601.SZ,龙佰集团,20210707,,改名
688226.SH,威腾电气,20210707,,其他
301023.SZ,江南奕帆,20210707,20251215,其他
301018.SZ,申菱环境,20210707,,其他
301023.SZ,江南奕帆,20210707,,其他
301028.SZ,东亚机械,20210707,,其他
600093.SH,*ST易见,20210707,20220525,*ST
605365.SH,立达信,20210707,,其他
002601.SZ,龙佰集团,20210707,,改名
001209.SZ,洪兴股份,20210707,,其他
688296.SH,和达科技,20210707,,其他
605287.SH,德才股份,20210706,,其他
301021.SZ,英诺激光,20210706,,其他
301020.SZ,密封科技,20210706,,其他
605287.SH,德才股份,20210706,,其他
601825.SH,沪农商行,20210706,,其他
605167.SH,利柏特,20210706,,其他
688768.SH,容知日新,20210706,,其他
301021.SZ,英诺激光,20210706,,其他
688501.SH,青达环保,20210706,,其他
301020.SZ,密封科技,20210706,,其他
688303.SH,大全能源,20210705,,其他
301026.SZ,浩通科技,20210705,,其他
301027.SZ,华蓝集团,20210705,,其他
834765.BJ,美之高,20210705,,其他
688239.SH,航宇科技,20210705,,其他
301017.SZ,漱玉平民,20210705,,其他
301033.SZ,迈普医学,20210705,,其他
688239.SH,航宇科技,20210705,,其他
301032.SZ,新柴股份,20210705,,其他
301017.SZ,漱玉平民,20210705,,其他
920765.BJ,美之高,20210705,,其他
688239.SH,航宇科技,20210705,,其他
688239.SH,航宇科技,20210705,,其他
834765.BJ,美之高,20210705,,其他
301022.SZ,海泰科,20210702,,其他
688793.SH,倍轻松,20210702,,其他
301031.SZ,中熔电气,20210702,,其他
301022.SZ,海泰科,20210702,,其他
301030.SZ,仕净环保,20210702,,其他
301029.SZ,怡合达,20210702,,其他
688800.SH,瑞可达,20210702,,其他
301030.SZ,仕净科技,20210702,,其他
688499.SH,利元亨,20210701,,其他
688499.SH,利元亨,20210701,,其他
301025.SZ,读客文化,20210701,,其他
688161.SH,威高骨科,20210630,,其他
688161.SH,威高骨科,20210630,,其他
301016.SZ,雷尔伟,20210630,,其他
605011.SH,杭州热电,20210630,,其他
002778.SZ,中晟高科,20210630,,改名
688038.SH,中科通达,20210630,,其他
688799.SH,华纳药厂,20210630,,其他
002761.SZ,浙江建投,20210630,,改名
301028.SZ,东亚机械,20210630,,其他
603171.SH,税友股份,20210630,,其他
301016.SZ,雷尔伟,20210630,,其他
002778.SZ,中晟高科,20210630,,改名
002761.SZ,浙江建投,20210630,,改名
605011.SH,杭州热电,20210630,,其他
603171.SH,税友股份,20210630,,其他
301015.SZ,百洋医药,20210630,,其他
301015.SZ,百洋医药,20210630,,其他
301013.SZ,利和兴,20210629,,其他
688501.SH,青达环保,20210629,,其他
600821.SH,金开新能,20210629,,改名
600821.SH,金开新能,20210629,,改名
605020.SH,永和股份,20210629,,其他
688305.SH,科德数控,20210629,,其他
301013.SZ,利和兴,20210629,,其他
605365.SH,立达信,20210629,,其他
688601.SH,力芯微,20210628,,其他
688601.SH,力芯微,20210628,,其他
688367.SH,工大高科,20210628,,其他
002716.SZ,金贵银业,20210628,,撤销*ST
831768.BJ,拾比佰,20210628,,其他
688789.SH,宏华数科,20210628,,其他
301019.SZ,宁波色母,20210628,,其他
301039.SZ,中集车辆,20210628,,其他
831768.BJ,拾比佰,20210628,,其他
002716.SZ,金贵银业,20210628,20240409,撤销*ST
920768.BJ,拾比佰,20210628,,其他
688601.SH,力芯微,20210628,,其他
301027.SZ,华蓝集团,20210628,,其他
688367.SH,工大高科,20210628,,其他
002716.SZ,金贵银业,20210628,20240409,撤销*ST
301019.SZ,宁波色母,20210628,,其他
688601.SH,力芯微,20210628,,其他
688276.SH,百克生物,20210625,,其他
688087.SH,英科再生,20210625,,其他
688276.SH,百克生物,20210625,,其他
601528.SH,瑞丰银行,20210625,,其他
301026.SZ,浩通科技,20210625,,其他
688276.SH,百克生物,20210625,,其他
301004.SZ,嘉益股份,20210625,,其他
688793.SH,倍轻松,20210625,,其他
301004.SZ,嘉益股份,20210625,,其他
601528.SH,瑞丰银行,20210625,,其他
688276.SH,百克生物,20210625,,其他
600008.SH,首创环保,20210624,,改名
001208.SZ,华菱线缆,20210624,,其他
000410.SZ,ST沈机,20210624,20220418,摘星
301025.SZ,读客文化,20210624,,其他
001210.SZ,金房节能,20210624,,其他
000410.SZ,ST沈机,20210624,20220418,摘星
605162.SH,新中港,20210624,,其他
600008.SH,首创环保,20210624,,改名
002535.SZ,ST林重,20210624,20230614,摘星
001208.SZ,华菱线缆,20210624,,其他
000410.SZ,ST沈机,20210624,,摘星
002535.SZ,ST林重,20210624,,摘星
002535.SZ,ST林重,20210624,20230614,摘星
688038.SH,中科通达,20210623,,其他
688690.SH,纳微科技,20210623,,其他
002529.SZ,海源复材,20210623,20250428,撤销*ST
002529.SZ,海源复材,20210623,,撤销*ST
688216.SH,气派科技,20210623,,其他
688226.SH,威腾电气,20210623,,其他
301021.SZ,英诺激光,20210623,,其他
001207.SZ,联科科技,20210623,,其他
605287.SH,德才股份,20210623,,其他
301018.SZ,申菱环境,20210623,,其他
688690.SH,纳微科技,20210623,,其他
301020.SZ,密封科技,20210623,,其他
688216.SH,气派科技,20210623,,其他
688799.SH,华纳药厂,20210623,,其他
301023.SZ,江南奕帆,20210623,,其他
001207.SZ,联科科技,20210623,,其他
600193.SH,创兴资源,20210622,20250505,撤销ST
688425.SH,铁建重工,20210622,,其他
000806.SZ,ST银河,20210622,20220505,摘星
000017.SZ,深中华A,20210622,,撤销*ST
688425.SH,铁建重工,20210622,,其他
000806.SZ,ST银河,20210622,,摘星
688305.SH,科德数控,20210622,,其他
000806.SZ,ST银河,20210622,20220505,摘星
002529.SZ,海源复材,20210622,,撤销*ST
301012.SZ,扬电科技,20210622,,其他
605020.SH,永和股份,20210622,,其他
688239.SH,航宇科技,20210622,,其他
600193.SH,创兴资源,20210622,,撤销ST
600193.SH,创兴资源,20210622,,撤销ST
002529.SZ,海源复材,20210622,,撤销*ST
688766.SH,普冉股份,20210622,,其他
000017.SZ,深中华A,20210622,,撤销*ST
301012.SZ,扬电科技,20210622,,其他
002513.SZ,蓝丰生化,20210621,,撤销*ST
000780.SZ,ST平能,20210621,,摘星
688621.SH,阳光诺和,20210621,,其他
301039.SZ,中集车辆,20210621,,其他
688789.SH,宏华数科,20210621,,其他
000780.SZ,ST平能,20210621,,摘星
002513.SZ,蓝丰生化,20210621,,撤销*ST
688621.SH,阳光诺和,20210621,,其他
300984.SZ,金沃股份,20210618,,其他
000971.SZ,ST高升,20210618,20240429,摘星
688517.SH,金冠电气,20210618,,其他
688087.SH,英科再生,20210618,,其他
000971.SZ,ST高升,20210618,,撤销*ST
000971.SZ,ST高升,20210618,20240429,摘星
301010.SZ,晶雪节能,20210618,,其他
601665.SH,齐鲁银行,20210618,,其他
688499.SH,利元亨,20210618,,其他
000971.SZ,ST高升,20210618,20240429,撤销*ST
300984.SZ,金沃股份,20210618,,其他
688517.SH,金冠电气,20210618,,其他
601665.SH,齐鲁银行,20210618,,其他
301016.SZ,雷尔伟,20210618,,其他
301017.SZ,漱玉平民,20210618,,其他
601921.SH,浙版传媒,20210618,,其他
688161.SH,威高骨科,20210618,,其他
301010.SZ,晶雪节能,20210618,,其他
600696.SH,岩石股份,20210617,20250422,撤销ST
301009.SZ,可靠股份,20210617,,其他
688597.SH,煜邦电力,20210617,,其他
600421.SH,华嵘控股,20210617,,撤销ST
688597.SH,煜邦电力,20210617,,其他
301009.SZ,可靠股份,20210617,,其他
605011.SH,杭州热电,20210617,,其他
301011.SZ,华立科技,20210617,,其他
600421.SH,华嵘控股,20210617,,撤销ST
603171.SH,税友股份,20210617,,其他
301015.SZ,百洋医药,20210617,,其他
605056.SH,咸亨国际,20210617,,其他
001210.SZ,金房节能,20210617,,其他
301011.SZ,华立科技,20210617,,其他
600696.SH,岩石股份,20210617,,撤销ST
600696.SH,岩石股份,20210617,,撤销ST
600421.SH,华嵘控股,20210617,20250428,撤销ST
688597.SH,煜邦电力,20210617,,其他
688681.SH,科汇股份,20210616,,其他
688681.SH,科汇股份,20210616,,其他
688681.SH,科汇股份,20210616,,其他
002496.SZ,ST辉丰,20210616,20220512,摘星
688681.SH,科汇股份,20210616,,其他
688367.SH,工大高科,20210616,,其他
002496.SZ,ST辉丰,20210616,,摘星
002496.SZ,ST辉丰,20210616,20220512,摘星
688681.SH,科汇股份,20210616,,其他
301007.SZ,德迈仕,20210616,,其他
600850.SH,电科数字,20210616,,改名
688681.SH,科汇股份,20210616,,其他
688067.SH,爱威科技,20210616,,其他
002122.SZ,ST天马,20210616,20221101,摘星
688681.SH,科汇股份,20210616,,其他
600850.SH,电科数字,20210616,,改名
002122.SZ,ST天马,20210616,20221101,摘星
301013.SZ,利和兴,20210616,,其他
605162.SH,新中港,20210616,,其他
301021.SZ,英诺激光,20210616,,其他
688226.SH,威腾电气,20210616,,其他
301007.SZ,德迈仕,20210616,,其他
605287.SH,德才股份,20210616,,其他
002122.SZ,ST天马,20210616,,摘星
301020.SZ,密封科技,20210616,,其他
001209.SZ,洪兴股份,20210616,,其他
301022.SZ,海泰科,20210616,,其他
688681.SH,科汇股份,20210616,,其他
688067.SH,爱威科技,20210616,,其他
688700.SH,东威科技,20210615,,其他
688239.SH,航宇科技,20210615,,其他
603529.SH,爱玛科技,20210615,20220511,其他
688700.SH,东威科技,20210615,,其他
688601.SH,力芯微,20210615,,其他
605259.SH,绿田机械,20210615,,其他
688700.SH,东威科技,20210615,,其他
605259.SH,绿田机械,20210615,,其他
605259.SH,绿田机械,20210615,,其他
603529.SH,爱玛科技,20210615,,其他
603529.SH,爱玛科技,20210615,,其他
301004.SZ,嘉益股份,20210615,,其他
301018.SZ,申菱环境,20210615,,其他
603529.SH,爱玛科技,20210615,,其他
301019.SZ,宁波色母,20210615,,其他
688345.SH,博力威,20210611,,其他
688345.SH,博力威,20210611,,其他
688276.SH,百克生物,20210611,,其他
000638.SZ,*ST万方,20210611,20221009,*ST
000422.SZ,湖北宜化,20210611,,撤销ST
000422.SZ,湖北宜化,20210611,,撤销ST
000638.SZ,*ST万方,20210611,,*ST
002445.SZ,中南文化,20210611,,其他
301008.SZ,宏昌科技,20210611,,其他
002445.SZ,中南文化,20210611,,其他
000638.SZ,*ST万方,20210611,20221009,*ST
301008.SZ,宏昌科技,20210611,,其他
688161.SH,威高骨科,20210610,,其他
002359.SZ,北讯退,20210610,,终止上市
688499.SH,利元亨,20210610,,其他
002076.SZ,ST雪莱,20210610,,摘星
000760.SZ,斯太退,20210610,,终止上市
301017.SZ,漱玉平民,20210610,,其他
601921.SH,浙版传媒,20210610,,其他
002359.SZ,北讯退,20210610,,终止上市
000760.SZ,斯太退,20210610,,终止上市
002076.SZ,ST雪莱,20210610,20220428,摘星
002076.SZ,ST雪莱,20210610,20220428,摘星
301016.SZ,雷尔伟,20210610,,其他
688690.SH,纳微科技,20210610,,其他
600905.SH,三峡能源,20210610,,其他
600905.SH,三峡能源,20210610,,其他
002076.SZ,ST雪莱,20210610,,撤销*ST
600850.SH,电科数字,20210609,,改名
001208.SZ,华菱线缆,20210609,,其他
688269.SH,凯立新材,20210609,,其他
002418.SZ,康盛股份,20210609,,撤销*ST
601156.SH,东航物流,20210609,,其他
688269.SH,凯立新材,20210609,,其他
601528.SH,瑞丰银行,20210609,,其他
688269.SH,凯立新材,20210609,,其他
301015.SZ,百洋医药,20210609,,其他
688269.SH,凯立新材,20210609,,其他
002418.SZ,康盛股份,20210609,,撤销*ST
301012.SZ,扬电科技,20210609,,其他
688216.SH,气派科技,20210609,,其他
601156.SH,东航物流,20210609,,其他
688269.SH,凯立新材,20210609,,其他
605056.SH,咸亨国际,20210609,,其他
600115.SH,中国东航,20210609,,其他
600115.SH,中国东航,20210609,,其他
688269.SH,凯立新材,20210609,,其他
837212.BJ,智新电子,20210608,,其他
002052.SZ,ST同洲,20210608,20220420,摘星
688367.SH,工大高科,20210608,,其他
000571.SZ,ST大洲,20210608,20230627,摘星
000982.SZ,中银绒业,20210608,,撤销*ST
688621.SH,阳光诺和,20210608,,其他
688319.SH,欧林生物,20210608,,其他
000571.SZ,ST大洲,20210608,20230627,摘星
837212.BJ,智新电子,20210608,,其他
605028.SH,世茂能源,20210608,,其他
002052.SZ,ST同洲,20210608,20220420,摘星
688131.SH,皓元医药,20210608,,其他
688425.SH,铁建重工,20210608,,其他
000982.SZ,中银绒业,20210608,,撤销*ST
002052.SZ,ST同洲,20210608,,摘星
920212.BJ,智新电子,20210608,,其他
688319.SH,欧林生物,20210608,,其他
001207.SZ,联科科技,20210608,,其他
605011.SH,杭州热电,20210608,,其他
000571.SZ,ST大洲,20210608,20230627,撤销*ST
603171.SH,税友股份,20210608,,其他
000571.SZ,ST大洲,20210608,,撤销*ST
688131.SH,皓元医药,20210608,,其他
301002.SZ,崧盛股份,20210607,,其他
600836.SH,上海易连,20210607,20240505,改名
688625.SH,呈和科技,20210607,,其他
301002.SZ,崧盛股份,20210607,,其他
688517.SH,金冠电气,20210607,,其他
605319.SH,无锡振华,20210607,,其他
001209.SZ,洪兴股份,20210607,,其他
301006.SZ,迈拓股份,20210607,,其他
605319.SH,无锡振华,20210607,,其他
688625.SH,呈和科技,20210607,,其他
688625.SH,呈和科技,20210607,,其他
301006.SZ,迈拓股份,20210607,,其他
688601.SH,力芯微,20210607,,其他
301013.SZ,利和兴,20210607,,其他
688625.SH,呈和科技,20210607,,其他
688625.SH,呈和科技,20210607,,其他
600836.SH,上海易连,20210607,20240505,改名
301004.SZ,嘉益股份,20210607,,其他
600836.SH,上海易连,20210607,,改名
605319.SH,无锡振华,20210607,,其他
300984.SZ,金沃股份,20210604,,其他
002247.SZ,聚力文化,20210604,,撤销*ST
603222.SH,济民医疗,20210604,20240812,其他
002247.SZ,聚力文化,20210604,,撤销*ST
603222.SH,济民医疗,20210604,,其他
301010.SZ,晶雪节能,20210604,,其他
600698.SH,湖南天雁,20210604,,撤销ST
688597.SH,煜邦电力,20210604,,其他
601665.SH,齐鲁银行,20210604,,其他
600698.SH,湖南天雁,20210604,,撤销ST
603222.SH,济民医疗,20210604,,其他
301011.SZ,华立科技,20210604,,其他
688276.SH,百克生物,20210604,,其他
300428.SZ,立中集团,20210603,,改名
688117.SH,圣诺生物,20210603,,其他
833523.BJ,德瑞锂电,20210603,,其他
688117.SH,圣诺生物,20210603,,其他
688117.SH,圣诺生物,20210603,,其他
688117.SH,圣诺生物,20210603,,其他
300996.SZ,普联软件,20210603,,其他
920523.BJ,德瑞锂电,20210603,,其他
300428.SZ,立中集团,20210603,,改名
300996.SZ,普联软件,20210603,,其他
833523.BJ,德瑞锂电,20210603,,其他
002077.SZ,大港股份,20210603,,撤销*ST
301009.SZ,可靠股份,20210603,,其他
688117.SH,圣诺生物,20210603,,其他
688690.SH,纳微科技,20210603,,其他
002077.SZ,大港股份,20210603,,撤销*ST
300997.SZ,欢乐家,20210602,,其他
002711.SZ,欧浦退,20210602,,终止上市
600634.SH,退市富控,20210602,,终止上市
301012.SZ,扬电科技,20210602,,其他
300998.SZ,宁波方正,20210602,,其他
300997.SZ,欢乐家,20210602,,其他
603529.SH,爱玛科技,20210602,,其他
001208.SZ,华菱线缆,20210602,,其他
600614.SH,退市鹏起,20210602,,终止上市
688216.SH,气派科技,20210602,,其他
600614.SH,退市鹏起,20210602,,终止上市
688067.SH,爱威科技,20210602,,其他
300998.SZ,宁波方正,20210602,,其他
600634.SH,退市富控,20210602,,终止上市
002711.SZ,欧浦退,20210602,,终止上市
688700.SH,东威科技,20210602,,其他
301005.SZ,超捷股份,20210601,,其他
600725.SH,云维股份,20210601,,撤销ST
603318.SH,水发燃气,20210601,,改名
688425.SH,铁建重工,20210601,,其他
605028.SH,世茂能源,20210601,,其他
688621.SH,阳光诺和,20210601,,其他
301007.SZ,德迈仕,20210601,,其他
301005.SZ,超捷股份,20210601,,其他
600725.SH,云维股份,20210601,,撤销ST
603318.SH,水发燃气,20210601,,改名
688681.SH,科汇股份,20210601,,其他
001207.SZ,联科科技,20210601,,其他
301003.SZ,江苏博云,20210601,,其他
301003.SZ,江苏博云,20210601,,其他
688345.SH,博力威,20210531,,其他
300356.SZ,ST光一,20210531,,ST
603511.SH,爱慕股份,20210531,,其他
688517.SH,金冠电气,20210531,,其他
300356.SZ,ST光一,20210531,20220428,ST
603511.SH,爱慕股份,20210531,,其他
300356.SZ,ST光一,20210531,20220428,ST
002121.SZ,科陆电子,20210531,,撤销*ST
002121.SZ,科陆电子,20210531,,撤销*ST
688597.SH,煜邦电力,20210528,,其他
301010.SZ,晶雪节能,20210528,,其他
605189.SH,富春染织,20210528,,其他
301001.SZ,凯淳股份,20210528,,其他
605189.SH,富春染织,20210528,,其他
605259.SH,绿田机械,20210528,,其他
688538.SH,和辉光电-U,20210528,,其他
301000.SZ,肇民科技,20210528,,其他
301011.SZ,华立科技,20210528,,其他
301001.SZ,凯淳股份,20210528,,其他
605296.SH,神农集团,20210528,,其他
688538.SH,和辉光电,20210528,,其他
605189.SH,富春染织,20210528,,其他
605296.SH,神农集团,20210528,,其他
600905.SH,三峡能源,20210528,,其他
301000.SZ,肇民科技,20210528,,其他
688538.SH,和辉光电-U,20210528,,其他
605499.SH,东鹏饮料,20210527,,其他
000572.SZ,海马汽车,20210527,,撤销ST
831726.BJ,朱老六,20210527,,其他
688131.SH,皓元医药,20210527,,其他
301009.SZ,可靠股份,20210527,,其他
605499.SH,东鹏饮料,20210527,,其他
831726.BJ,朱老六,20210527,,其他
688269.SH,凯立新材,20210527,,其他
920726.BJ,朱老六,20210527,,其他
000572.SZ,海马汽车,20210527,,撤销ST
605499.SH,东鹏饮料,20210527,,其他
603836.SH,海程邦达,20210526,,其他
002312.SZ,川发龙蟒,20210526,,其他
002333.SZ,罗普斯金,20210526,,撤销ST
002336.SZ,人人乐,20210526,,撤销ST
688319.SH,欧林生物,20210526,,其他
301006.SZ,迈拓股份,20210526,,其他
300995.SZ,奇德新材,20210526,,其他
688625.SH,呈和科技,20210526,,其他
000953.SZ,河化股份,20210526,,撤销*ST
301008.SZ,宏昌科技,20210526,,其他
603836.SH,海程邦达,20210526,,其他
000953.SZ,河化股份,20210526,,撤销*ST
002333.SZ,罗普斯金,20210526,,撤销ST
002312.SZ,川发龙蟒,20210526,,其他
300995.SZ,奇德新材,20210526,,其他
002336.SZ,人人乐,20210526,20240421,撤销ST
688067.SH,爱威科技,20210526,,其他
603529.SH,爱玛科技,20210526,,其他
688700.SH,东威科技,20210526,,其他
002336.SZ,人人乐,20210526,20240421,撤销ST
688239.SH,航宇科技,20210525,,其他
300992.SZ,泰福泵业,20210525,,其他
688681.SH,科汇股份,20210525,,其他
002354.SZ,天神娱乐,20210525,,撤销*ST
002280.SZ,联络互动,20210525,20240505,撤销*ST
600032.SH,浙江新能,20210525,,其他
300614.SZ,百川畅银,20210525,,其他
301007.SZ,德迈仕,20210525,,其他
300992.SZ,泰福泵业,20210525,,其他
002502.SZ,鼎龙文化,20210525,20230504,撤销*ST
605090.SH,九丰能源,20210525,,其他
605090.SH,九丰能源,20210525,,其他
300614.SZ,百川畅银,20210525,,其他
002280.SZ,联络互动,20210525,,撤销*ST
002502.SZ,鼎龙文化,20210525,,撤销*ST
002354.SZ,天神娱乐,20210525,20220217,撤销*ST
002354.SZ,天神娱乐,20210525,20220217,撤销*ST
002502.SZ,鼎龙文化,20210525,20230504,撤销*ST
605319.SH,无锡振华,20210525,,其他
002280.SZ,联络互动,20210525,20240505,撤销*ST
601156.SH,东航物流,20210525,,其他
600032.SH,浙江新能,20210525,,其他
300993.SZ,玉马遮阳,20210524,20250108,其他
300993.SZ,玉马遮阳,20210524,,其他
300993.SZ,玉马遮阳,20210524,,其他
301002.SZ,崧盛股份,20210524,,其他
300996.SZ,普联软件,20210521,,其他
688359.SH,三孚新科,20210521,,其他
688613.SH,奥精医疗,20210521,,其他
688345.SH,博力威,20210521,,其他
688613.SH,奥精医疗,20210521,,其他
688117.SH,圣诺生物,20210521,,其他
300997.SZ,欢乐家,20210521,,其他
605259.SH,绿田机械,20210521,,其他
688359.SH,三孚新科,20210521,,其他
000409.SZ,云鼎科技,20210520,,改名
688131.SH,皓元医药,20210520,,其他
000409.SZ,云鼎科技,20210520,,改名
000727.SZ,冠捷科技,20210520,,改名
688076.SH,诺泰生物,20210520,,其他
688076.SH,诺泰生物,20210520,,其他
600671.SH,ST目药,20210520,20230426,摘星
600423.SH,柳化股份,20210520,,撤销ST
600599.SH,ST熊猫,20210520,20250505,摘星
600423.SH,柳化股份,20210520,20260427,撤销ST
688076.SH,诺泰生物,20210520,20250721,其他
600781.SH,ST辅仁,20210520,20220630,摘星
601258.SH,庞大集团,20210520,20230504,撤销ST
600242.SH,ST中昌,20210520,20220505,摘星
600781.SH,ST辅仁,20210520,,摘星
688076.SH,诺泰生物,20210520,,其他
600226.SH,ST瀚叶,20210520,20230509,摘星
601258.SH,庞大集团,20210520,,撤销ST
600423.SH,柳化股份,20210520,,撤销ST
000727.SZ,冠捷科技,20210520,,改名
600671.SH,ST目药,20210520,20230426,摘星
688269.SH,凯立新材,20210520,,其他
601258.SH,庞大集团,20210520,20230504,撤销ST
600226.SH,ST瀚叶,20210520,20230509,摘星
600242.SH,ST中昌,20210520,,摘星
300998.SZ,宁波方正,20210520,,其他
600226.SH,ST瀚叶,20210520,,摘星
600599.SH,ST熊猫,20210520,,摘星
600671.SH,ST目药,20210520,,摘星
300991.SZ,创益通,20210520,,其他
600289.SH,ST信通,20210520,20240505,摘星
600781.SH,ST辅仁,20210520,20220630,摘星
600289.SH,ST信通,20210520,,摘星
300991.SZ,创益通,20210520,,其他
600599.SH,ST熊猫,20210520,,摘星
600242.SH,ST中昌,20210520,20220505,摘星
600289.SH,ST信通,20210520,20240505,摘星
600836.SH,界龙实业,20210519,,撤销*ST
600280.SH,中央商场,20210519,,撤销*ST
600821.SH,津劝业,20210519,20210628,撤销*ST
600311.SH,ST荣华,20210519,20220505,摘星
600821.SH,津劝业,20210519,20210628,撤销*ST
600311.SH,ST荣华,20210519,,摘星
600311.SH,ST荣华,20210519,20220505,摘星
600610.SH,中毅达,20210519,,撤销ST
688625.SH,呈和科技,20210519,,其他
688660.SH,电气风电,20210519,,其他
688319.SH,欧林生物,20210519,,其他
603188.SH,亚邦股份,20210519,,撤销ST
600610.SH,中毅达,20210519,,撤销ST
600702.SH,舍得酒业,20210519,,撤销ST
600836.SH,界龙实业,20210519,20210606,撤销*ST
301005.SZ,超捷股份,20210519,,其他
600539.SH,狮头股份,20210519,,撤销ST
600702.SH,舍得酒业,20210519,,撤销ST
600280.SH,中央商场,20210519,,撤销*ST
688660.SH,电气风电,20210519,,其他
600821.SH,津劝业,20210519,,撤销*ST
600354.SH,敦煌种业,20210519,,撤销*ST
600898.SH,ST美讯,20210519,20220426,摘星
600539.SH,狮头股份,20210519,,撤销ST
600898.SH,ST美讯,20210519,,摘星
600836.SH,界龙实业,20210519,20210606,撤销*ST
603188.SH,亚邦股份,20210519,,撤销ST
601528.SH,瑞丰银行,20210519,,其他
301006.SZ,迈拓股份,20210519,,其他
600898.SH,ST美讯,20210519,20220426,摘星
688517.SH,金冠电气,20210519,,其他
600354.SH,敦煌种业,20210519,,撤销*ST
600241.SH,ST时万,20210518,20230530,摘星
600241.SH,ST时万,20210518,,摘星
605189.SH,富春染织,20210518,,其他
688314.SH,康拓医疗,20210518,,其他
002469.SZ,三维化学,20210518,,改名
605319.SH,无锡振华,20210518,,其他
600816.SH,ST安信,20210518,20230703,摘星
301003.SZ,江苏博云,20210518,,其他
605339.SH,南侨食品,20210518,,其他
001206.SZ,依依股份,20210518,,其他
002469.SZ,三维化学,20210518,,改名
600568.SH,ST中珠,20210518,,摘星
600816.SH,ST安信,20210518,20230703,摘星
600816.SH,ST安信,20210518,,摘星
600241.SH,ST时万,20210518,20230530,摘星
600568.SH,ST中珠,20210518,,摘星
605339.SH,南侨食品,20210518,,其他
601156.SH,东航物流,20210518,,其他
688314.SH,康拓医疗,20210518,,其他
605296.SH,神农集团,20210518,,其他
001206.SZ,依依股份,20210518,,其他
600530.SH,交大昂立,20210517,,撤销*ST
000890.SZ,法尔胜,20210517,,撤销*ST
600119.SH,长江投资,20210517,20260427,撤销ST
688575.SH,亚辉龙,20210517,,其他
688575.SH,亚辉龙,20210517,,其他
688217.SH,睿昂基因,20210517,,其他
600290.SH,ST华仪,20210517,20230503,摘星
301001.SZ,凯淳股份,20210517,,其他
688575.SH,亚辉龙,20210517,,其他
688217.SH,睿昂基因,20210517,,其他
600530.SH,交大昂立,20210517,20230704,撤销*ST
688575.SH,亚辉龙,20210517,,其他
000890.SZ,法尔胜,20210517,,撤销*ST
600290.SH,ST华仪,20210517,20230503,摘星
688217.SH,睿昂基因,20210517,,其他
600530.SH,交大昂立,20210517,20230704,撤销*ST
600290.SH,ST华仪,20210517,,摘星
301002.SZ,崧盛股份,20210517,,其他
301000.SZ,肇民科技,20210517,,其他
000837.SZ,秦川机床,20210517,,撤销*ST
000837.SZ,秦川机床,20210517,,撤销*ST
300539.SZ,横河精密,20210517,,改名
600119.SH,长江投资,20210517,,撤销ST
688538.SH,和辉光电,20210517,,其他
688217.SH,睿昂基因,20210517,,其他
600119.SH,长江投资,20210517,,撤销ST
300539.SZ,横河精密,20210517,,改名
688117.SH,圣诺生物,20210514,,其他
601665.SH,齐鲁银行,20210514,,其他
300996.SZ,普联软件,20210514,,其他
600122.SH,ST宏图,20210514,20230419,摘星
300997.SZ,欢乐家,20210514,,其他
300998.SZ,宁波方正,20210514,,其他
600122.SH,ST宏图,20210514,,摘星
600462.SH,ST九有,20210514,,摘星
600122.SH,ST宏图,20210514,20230419,摘星
605499.SH,东鹏饮料,20210514,,其他
603836.SH,海程邦达,20210514,,其他
600462.SH,ST九有,20210514,20240505,摘星
600462.SH,ST九有,20210514,20240505,摘星
001205.SZ,盛航股份,20210513,,其他
688565.SH,力源科技,20210513,,其他
603389.SH,亚振家居,20210513,,撤销*ST
688565.SH,力源科技,20210513,,其他
603389.SH,亚振家居,20210513,20250505,撤销*ST
688685.SH,迈信林,20210513,,其他
688685.SH,迈信林,20210513,,其他
838030.BJ,德众汽车,20210513,,改名
605488.SH,福莱新材,20210513,,其他
688685.SH,迈信林,20210513,,其他
605488.SH,福莱新材,20210513,,其他
603389.SH,亚振家居,20210513,,撤销*ST
603511.SH,爱慕股份,20210513,,其他
600877.SH,电能股份,20210513,20211207,撤销ST
688685.SH,迈信林,20210513,,其他
300614.SZ,百川畅银,20210513,,其他
605488.SH,福莱新材,20210513,,其他
600877.SH,电能股份,20210513,20211207,撤销ST
001205.SZ,盛航股份,20210513,,其他
600877.SH,电能股份,20210513,,撤销ST
600080.SH,金花股份,20210512,,撤销ST
688601.SH,力芯微,20210512,,其他
300990.SZ,同飞股份,20210512,,其他
300988.SZ,津荣天宇,20210512,,其他
605090.SH,九丰能源,20210512,,其他
688097.SH,博众精工,20210512,,其他
688097.SH,博众精工,20210512,,其他
000408.SZ,藏格控股,20210512,,撤销*ST
300992.SZ,泰福泵业,20210512,,其他
300993.SZ,玉马遮阳,20210512,,其他
300995.SZ,奇德新材,20210512,,其他
600080.SH,金花股份,20210512,,撤销ST
688355.SH,明志科技,20210512,,其他
688097.SH,博众精工,20210512,,其他
601528.SH,瑞丰银行,20210512,,其他
000408.SZ,藏格控股,20210512,20211207,撤销*ST
600080.SH,金花股份,20210512,20260429,撤销ST
688355.SH,明志科技,20210512,,其他
300988.SZ,津荣天宇,20210512,,其他
300990.SZ,同飞股份,20210512,,其他
600080.SH,金花股份,20210512,,撤销ST
688097.SH,博众精工,20210512,,其他
000408.SZ,藏格控股,20210512,20211207,撤销*ST
688655.SH,迅捷兴,20210511,,其他
601399.SH,国机重装,20210511,,撤销ST
600234.SH,山水文化,20210511,20211014,撤销ST
600234.SH,山水文化,20210511,20211014,撤销ST
300987.SZ,川网传媒,20210511,,其他
688359.SH,三孚新科,20210511,,其他
600234.SH,山水文化,20210511,,撤销ST
601399.SH,国机重装,20210511,,撤销ST
300987.SZ,川网传媒,20210511,,其他
688655.SH,迅捷兴,20210511,,其他
605196.SH,华通线缆,20210511,,其他
000536.SZ,华映科技,20210511,,撤销*ST
605189.SH,富春染织,20210511,,其他
605196.SH,华通线缆,20210511,,其他
000536.SZ,华映科技,20210511,,撤销*ST
001203.SZ,大中矿业,20210510,,其他
600215.SH,长春经开,20210510,,撤销*ST
600215.SH,长春经开,20210510,20211206,撤销*ST
600243.SH,青海华鼎,20210510,20250422,撤销*ST
600243.SH,青海华鼎,20210510,,撤销*ST
688613.SH,奥精医疗,20210510,,其他
001203.SZ,大中矿业,20210510,,其他
002255.SZ,海陆重工,20210510,,撤销*ST
002426.SZ,胜利精密,20210510,,撤销*ST
600243.SH,青海华鼎,20210510,,撤销*ST
002426.SZ,胜利精密,20210510,,撤销*ST
688538.SH,和辉光电,20210510,,其他
600215.SH,长春经开,20210510,20211206,撤销*ST
600179.SH,安通控股,20210510,,撤销*ST
300646.SZ,侨源气体,20210510,,其他
002255.SZ,海陆重工,20210510,,撤销*ST
600179.SH,安通控股,20210510,,撤销*ST
601665.SH,齐鲁银行,20210507,,其他
002640.SZ,*ST跨境,20210507,20220929,*ST
002640.SZ,*ST跨境,20210507,,*ST
600358.SH,国旅联合,20210507,20250317,撤销*ST
300495.SZ,*ST美尚,20210507,,*ST
300991.SZ,创益通,20210507,,其他
600358.SH,国旅联合,20210507,,撤销*ST
688076.SH,诺泰生物,20210507,,其他
600906.SH,财达证券,20210507,,其他
300989.SZ,蕾奥规划,20210507,,其他
600906.SH,财达证券,20210507,,其他
605499.SH,东鹏饮料,20210507,,其他
603836.SH,海程邦达,20210507,,其他
002071.SZ,长城退,20210507,,终止上市
600032.SH,浙江新能,20210507,,其他
600358.SH,国旅联合,20210507,,撤销*ST
300495.SZ,*ST美尚,20210507,,*ST
600905.SH,三峡能源,20210507,,其他
002640.SZ,*ST跨境,20210507,20220929,*ST
300989.SZ,蕾奥规划,20210507,,其他
600387.SH,ST海越,20210506,20221123,ST
000616.SZ,ST海投,20210506,20230503,ST
603863.SH,ST松炀,20210506,20220418,ST
600615.SH,*ST丰华,20210506,,*ST
600896.SH,*ST海医,20210506,20220627,*ST
002770.SZ,*ST科迪,20210506,20220531,*ST
300269.SZ,ST联建,20210506,20221211,ST
605305.SH,中际联合,20210506,,其他
600615.SH,*ST丰华,20210506,20220823,*ST
603007.SH,ST花王,20210506,20240910,ST
000525.SZ,ST红太阳,20210506,20240918,ST
000502.SZ,*ST绿景,20210506,20220605,*ST
603863.SH,ST松炀,20210506,20220418,ST
002175.SZ,*ST东网,20210506,20220410,*ST
000606.SZ,ST顺利,20210506,,ST
688314.SH,康拓医疗,20210506,,其他
000525.SZ,ST红太阳,20210506,,ST
000802.SZ,ST北文,20210506,20220623,ST
600078.SH,*ST澄星,20210506,20220815,*ST
600112.SH,*ST天成,20210506,,*ST
000502.SZ,*ST绿景,20210506,,*ST
605080.SH,浙江自然,20210506,,其他
600461.SH,洪城环境,20210506,,改名
688113.SH,联测科技,20210506,,其他
600139.SH,ST西源,20210506,,ST
000523.SZ,*ST浪奇,20210506,,*ST
603729.SH,ST龙韵,20210506,20220530,ST
000802.SZ,ST北文,20210506,20220623,ST
600275.SH,*ST昌鱼,20210506,,*ST
000525.SZ,ST红太阳,20210506,,ST
600382.SH,*ST广珠,20210506,,*ST
000616.SZ,ST海投,20210506,,ST
600078.SH,*ST澄星,20210506,,*ST
000502.SZ,*ST绿景,20210506,20220605,*ST
300178.SZ,*ST腾邦,20210506,20220530,*ST
600589.SH,ST榕泰,20210506,,ST
000606.SZ,ST顺利,20210506,20220505,ST
603007.SH,ST花王,20210506,,ST
605080.SH,浙江自然,20210506,,其他
600382.SH,*ST广珠,20210506,20220531,*ST
002175.SZ,*ST东网,20210506,,*ST
688660.SH,电气风电,20210506,,其他
000802.SZ,ST北文,20210506,,ST
603729.SH,ST龙韵,20210506,,ST
603007.SH,ST花王,20210506,,ST
600393.SH,ST粤泰,20210506,20220614,ST
600870.SH,*ST厦华,20210506,20220601,*ST
000005.SZ,ST星源,20210506,,ST
600275.SH,*ST昌鱼,20210506,20220524,*ST
600387.SH,ST海越,20210506,20221123,ST
300269.SZ,ST联建,20210506,20221211,ST
300178.SZ,*ST腾邦,20210506,,*ST
000611.SZ,*ST天首,20210506,20220606,*ST
000005.SZ,ST星源,20210506,,ST
603863.SH,ST松炀,20210506,,ST
600112.SH,*ST天成,20210506,20220913,*ST
600139.SH,ST西源,20210506,20220505,ST
600589.SH,ST榕泰,20210506,20230426,ST
000616.SZ,ST海投,20210506,20230503,ST
000611.SZ,*ST天首,20210506,20220606,*ST
000611.SZ,*ST天首,20210506,,*ST
600291.SH,*ST西水,20210506,,*ST
600393.SH,ST粤泰,20210506,,ST
000523.SZ,*ST浪奇,20210506,20220525,*ST
600291.SH,*ST西水,20210506,20220516,*ST
000606.SZ,ST顺利,20210506,20220505,ST
603729.SH,ST龙韵,20210506,20220530,ST
002175.SZ,*ST东网,20210506,20220410,*ST
600139.SH,ST西源,20210506,20220505,ST
002770.SZ,*ST科迪,20210506,20220531,*ST
600382.SH,*ST广珠,20210506,20220531,*ST
600112.SH,*ST天成,20210506,20220913,*ST
300269.SZ,ST联建,20210506,,ST
000523.SZ,*ST浪奇,20210506,20220525,*ST
300178.SZ,*ST腾邦,20210506,20220530,*ST
600870.SH,*ST厦华,20210506,20220601,*ST
600870.SH,*ST厦华,20210506,,*ST
688113.SH,联测科技,20210506,,其他
600896.SH,*ST海医,20210506,,*ST
600393.SH,ST粤泰,20210506,20220614,ST
605305.SH,中际联合,20210506,,其他
002175.SZ,*ST东网,20210506,,ST
600615.SH,*ST丰华,20210506,20220823,*ST
002770.SZ,*ST科迪,20210506,,*ST
600078.SH,*ST澄星,20210506,20220815,*ST
605305.SH,中际联合,20210506,,其他
600291.SH,*ST西水,20210506,20220516,*ST
600387.SH,ST海越,20210506,,ST
600461.SH,洪城环境,20210506,,改名
600275.SH,*ST昌鱼,20210506,20220524,*ST
600589.SH,ST榕泰,20210506,20230426,ST
600896.SH,*ST海医,20210506,20220627,*ST
300278.SZ,*ST华昌,20210430,20220517,*ST
600319.SH,*ST亚星,20210430,20220509,*ST
300202.SZ,*ST聚龙,20210430,20220612,*ST
002473.SZ,*ST圣莱,20210430,,*ST
000007.SZ,*ST全新,20210430,20220630,*ST
600652.SH,*ST游久,20210430,,*ST
002618.SZ,*ST丹邦,20210430,20220530,*ST
600265.SH,*ST景谷,20210430,20220725,*ST
600652.SH,*ST游久,20210430,20220524,*ST
000609.SZ,*ST中迪,20210430,20220515,*ST
600157.SH,永泰能源,20210430,,撤销ST
002619.SZ,*ST艾格,20210430,,*ST
300044.SZ,*ST赛为,20210430,20220609,*ST
688575.SH,亚辉龙,20210430,,其他
600652.SH,*ST游久,20210430,20220524,*ST
600157.SH,永泰能源,20210430,,撤销ST
605300.SH,佳禾食品,20210430,,其他
600601.SH,ST方科,20210430,20220505,ST
000609.SZ,*ST中迪,20210430,20220515,*ST
300278.SZ,*ST华昌,20210430,20220517,*ST
605180.SH,华生科技,20210430,,其他
603557.SH,ST起步,20210430,20260505,ST
001206.SZ,依依股份,20210430,,其他
002321.SZ,*ST华英,20210430,20220626,*ST
002618.SZ,*ST丹邦,20210430,,*ST
300038.SZ,*ST数知,20210430,20220608,ST
000007.SZ,*ST全新,20210430,,*ST
300044.SZ,*ST赛为,20210430,20220609,*ST
600601.SH,ST方科,20210430,,ST
600319.SH,*ST亚星,20210430,,*ST
000609.SZ,*ST中迪,20210430,,*ST
300278.SZ,*ST华昌,20210430,,*ST
600091.SH,*ST明科,20210430,20220524,*ST
002684.SZ,*ST猛狮,20210430,,*ST
600191.SH,*ST华资,20210430,20220815,*ST
600265.SH,*ST景谷,20210430,20220725,*ST
600601.SH,ST方科,20210430,20220505,ST
300038.SZ,*ST数知,20210430,20220608,*ST
003000.SZ,劲仔食品,20210430,,改名
600091.SH,*ST明科,20210430,20220524,*ST
002321.SZ,*ST华英,20210430,20220626,*ST
002618.SZ,*ST丹邦,20210430,20220530,*ST
600191.SH,*ST华资,20210430,,*ST
003000.SZ,劲仔食品,20210430,,改名
600198.SH,*ST大唐,20210430,,*ST
605339.SH,南侨食品,20210430,,其他
300986.SZ,志特新材,20210430,,其他
605300.SH,佳禾食品,20210430,,其他
002358.SZ,ST森源,20210430,20230320,ST
600265.SH,*ST景谷,20210430,,*ST
603557.SH,ST起步,20210430,,ST
300995.SZ,奇德新材,20210430,,其他
000007.SZ,*ST全新,20210430,20220630,*ST
002684.SZ,*ST猛狮,20210430,20220605,*ST
002473.SZ,*ST圣莱,20210430,20220530,*ST
002358.SZ,ST森源,20210430,,ST
605180.SH,华生科技,20210430,,其他
300530.SZ,*ST达志,20210430,20220525,*ST
600198.SH,*ST大唐,20210430,20220420,*ST
600157.SH,永泰能源,20210430,,撤销ST
601020.SH,ST华钰,20210430,,ST
603557.SH,ST起步,20210430,,ST
002619.SZ,*ST艾格,20210430,,*ST
002321.SZ,*ST华英,20210430,,*ST
300044.SZ,*ST赛为,20210430,,*ST
300530.SZ,*ST达志,20210430,,*ST
300038.SZ,*ST数知,20210430,20220608,*ST
601020.SH,ST华钰,20210430,20220525,ST
300202.SZ,*ST聚龙,20210430,,*ST
300038.SZ,*ST数知,20210430,,ST
605090.SH,九丰能源,20210430,,其他
300530.SZ,*ST达志,20210430,20220525,*ST
300986.SZ,志特新材,20210430,,其他
600091.SH,*ST明科,20210430,,*ST
300993.SZ,玉马遮阳,20210430,,其他
002684.SZ,*ST猛狮,20210430,20220605,*ST
600198.SH,*ST大唐,20210430,20220420,*ST
300202.SZ,*ST聚龙,20210430,20220612,*ST
002473.SZ,*ST圣莱,20210430,20220530,*ST
601020.SH,ST华钰,20210430,20220525,ST
600191.SH,*ST华资,20210430,20220815,*ST
600319.SH,*ST亚星,20210430,20220509,*ST
002358.SZ,ST森源,20210430,20230320,ST
001202.SZ,炬申股份,20210429,,其他
300325.SZ,*ST德威,20210429,20220606,*ST
001202.SZ,炬申股份,20210429,,其他
600518.SH,*ST康美,20210429,20220519,*ST
688359.SH,三孚新科,20210429,,其他
688217.SH,睿昂基因,20210429,,其他
300614.SZ,百川畅银,20210429,,其他
300312.SZ,*ST邦讯,20210429,,*ST
300312.SZ,*ST邦讯,20210429,20220612,*ST
300325.SZ,*ST德威,20210429,20220606,*ST
688395.SH,正弦电气,20210429,,其他
300992.SZ,泰福泵业,20210429,,其他
300325.SZ,*ST德威,20210429,,*ST
300985.SZ,致远新能,20210429,,其他
688395.SH,正弦电气,20210429,,其他
300985.SZ,致远新能,20210429,,其他
600518.SH,*ST康美,20210429,,*ST
600518.SH,*ST康美,20210429,20220519,*ST
300312.SZ,*ST邦讯,20210429,20220612,*ST
300197.SZ,节能铁汉,20210428,,改名
688383.SH,新益昌,20210428,,其他
688565.SH,力源科技,20210428,,其他
600403.SH,ST大有,20210428,20220417,ST
001201.SZ,东瑞股份,20210428,,其他
600228.SH,返利科技,20210428,20250427,改名
300313.SZ,ST天山,20210428,20230426,ST
000504.SZ,南华生物,20210428,20250429,撤销ST
600228.SH,返利科技,20210428,,改名
603032.SH,*ST德新,20210428,20220509,*ST
300197.SZ,节能铁汉,20210428,,改名
688383.SH,新益昌,20210428,,其他
300023.SZ,*ST宝德,20210428,20220607,*ST
300446.SZ,*ST乐材,20210428,,*ST
001201.SZ,东瑞股份,20210428,,其他
600239.SH,*ST云城,20210428,,*ST
002089.SZ,ST新海,20210428,,ST
605488.SH,福莱新材,20210428,,其他
300071.SZ,*ST嘉信,20210428,20220519,*ST
600301.SH,*ST南化,20210428,20220526,*ST
300795.SZ,*ST米奥,20210428,20220411,*ST
600301.SH,*ST南化,20210428,,*ST
688323.SH,瑞华泰,20210428,,其他
300071.SZ,*ST嘉信,20210428,20220519,*ST
688613.SH,奥精医疗,20210428,,其他
300064.SZ,*ST金刚,20210428,20220605,*ST
300023.SZ,*ST宝德,20210428,,*ST
600228.SH,返利科技,20210428,,改名
000504.SZ,南华生物,20210428,,撤销ST
600506.SH,*ST香梨,20210428,20220509,*ST
300064.SZ,*ST金刚,20210428,,*ST
600403.SH,ST大有,20210428,,ST
300859.SZ,*ST西域,20210428,20220526,*ST
000679.SZ,大连友谊,20210428,,撤销*ST
000504.SZ,南华生物,20210428,,撤销ST
688323.SH,瑞华泰,20210428,,其他
002289.SZ,宇顺电子,20210428,,撤销ST
603032.SH,*ST德新,20210428,,*ST
300313.SZ,ST天山,20210428,20230426,ST
002289.SZ,宇顺电子,20210428,20230427,撤销ST
002289.SZ,宇顺电子,20210428,20230427,撤销ST
300795.SZ,*ST米奥,20210428,,*ST
000679.SZ,大连友谊,20210428,,撤销*ST
300446.SZ,*ST乐材,20210428,20220522,*ST
300446.SZ,*ST乐材,20210428,20220522,*ST
300071.SZ,*ST嘉信,20210428,,*ST
300859.SZ,*ST西域,20210428,,*ST
600506.SH,*ST香梨,20210428,20220509,*ST
300795.SZ,*ST米奥,20210428,20220411,*ST
688383.SH,新益昌,20210428,,其他
600403.SH,ST大有,20210428,20220417,ST
600239.SH,*ST云城,20210428,20220512,*ST
002700.SZ,ST浩源,20210428,,ST
000915.SZ,华特达因,20210428,,改名
600506.SH,*ST香梨,20210428,,*ST
600301.SH,*ST南化,20210428,20220526,*ST
300023.SZ,*ST宝德,20210428,20220607,*ST
688383.SH,新益昌,20210428,,其他
300313.SZ,ST天山,20210428,,ST
600239.SH,*ST云城,20210428,20220512,*ST
300859.SZ,*ST西域,20210428,20220526,*ST
603032.SH,*ST德新,20210428,20220509,*ST
000915.SZ,华特达因,20210428,,改名
300064.SZ,*ST金刚,20210428,20220605,*ST
000613.SZ,*ST东海A,20210427,20220607,*ST
600084.SH,*ST中葡,20210427,,*ST
000613.SZ,*ST东海A,20210427,20220607,*ST
600300.SH,ST维维,20210427,20220411,ST
300981.SZ,中红医疗,20210427,,其他
000613.SZ,*ST东海A,20210427,,*ST
001205.SZ,盛航股份,20210427,,其他
300981.SZ,中红医疗,20210427,,其他
605089.SH,味知香,20210427,,其他
600084.SH,*ST中葡,20210427,20220511,*ST
600300.SH,ST维维,20210427,20220411,ST
300982.SZ,苏文电能,20210427,,其他
300982.SZ,苏文电能,20210427,,其他
300991.SZ,创益通,20210427,,其他
600385.SH,*ST金泰,20210427,,*ST
600300.SH,ST维维,20210427,,ST
688660.SH,电气风电,20210427,,其他
605296.SH,神农集团,20210427,,其他
688685.SH,迈信林,20210427,,其他
688355.SH,明志科技,20210427,,其他
600385.SH,*ST金泰,20210427,20220609,*ST
605089.SH,味知香,20210427,,其他
600084.SH,*ST中葡,20210427,20220511,*ST
600385.SH,*ST金泰,20210427,20220609,*ST
300029.SZ,*ST天龙,20210426,20220612,*ST
300029.SZ,*ST天龙,20210426,20220612,*ST
002464.SZ,*ST众应,20210426,20220606,*ST
600182.SH,SST佳通,20210426,20220504,ST
605289.SH,罗曼股份,20210426,,其他
300051.SZ,ST三五,20210426,20220519,ST
000972.SZ,*ST中基,20210426,,*ST
300979.SZ,华利集团,20210426,,其他
300051.SZ,ST三五,20210426,,ST
600182.SH,SST佳通,20210426,20220504,ST
601777.SH,力帆科技,20210426,20250217,摘星改名
300051.SZ,ST三五,20210426,20220519,ST
300979.SZ,华利集团,20210426,,其他
601777.SH,力帆科技,20210426,,摘星改名
000972.SZ,*ST中基,20210426,20220712,*ST
300370.SZ,ST安控,20210426,20220424,ST
002464.SZ,*ST众应,20210426,20220606,*ST
688313.SH,仕佳光子,20210426,,其他
300029.SZ,*ST天龙,20210426,,*ST
300978.SZ,东箭科技,20210426,,其他
688076.SH,诺泰生物,20210426,,其他
002464.SZ,*ST众应,20210426,,*ST
000972.SZ,*ST中基,20210426,20220712,*ST
300370.SZ,ST安控,20210426,,ST
600182.SH,SST佳通,20210426,,ST
600905.SH,三峡能源,20210426,,其他
600766.SH,*ST园城,20210426,,*ST
688313.SH,仕佳光子,20210426,,其他
605289.SH,罗曼股份,20210426,,其他
600766.SH,*ST园城,20210426,20220914,*ST
001206.SZ,依依股份,20210426,,其他
601777.SH,力帆科技,20210426,,摘星改名
300978.SZ,东箭科技,20210426,,其他
688097.SH,博众精工,20210426,,其他
600766.SH,*ST园城,20210426,20220914,*ST
688314.SH,康拓医疗,20210426,,其他
300370.SZ,ST安控,20210426,20220424,ST
605289.SH,罗曼股份,20210426,,其他
605196.SH,华通线缆,20210423,,其他
688655.SH,迅捷兴,20210423,,其他
002504.SZ,ST弘高,20210423,20230427,ST
000526.SZ,学大教育,20210423,,改名
000526.SZ,学大教育,20210423,,改名
300987.SZ,川网传媒,20210423,,其他
002504.SZ,ST弘高,20210423,,ST
688575.SH,亚辉龙,20210423,,其他
605339.SH,南侨食品,20210423,,其他
002504.SZ,ST弘高,20210423,20230427,ST
603511.SH,爱慕股份,20210422,,其他
688639.SH,华恒生物,20210422,,其他
688639.SH,华恒生物,20210422,,其他
688217.SH,睿昂基因,20210422,,其他
688639.SH,华恒生物,20210422,,其他
300990.SZ,同飞股份,20210422,,其他
605016.SH,百龙创园,20210421,,其他
605016.SH,百龙创园,20210421,,其他
300980.SZ,祥源新材,20210421,,其他
688201.SH,信安世纪,20210421,,其他
300975.SZ,商络电子,20210421,,其他
605016.SH,百龙创园,20210421,,其他
605098.SH,行动教育,20210421,,其他
605488.SH,福莱新材,20210421,,其他
605098.SH,行动教育,20210421,,其他
688565.SH,力源科技,20210421,,其他
688201.SH,信安世纪,20210421,,其他
688201.SH,信安世纪,20210421,20260428,其他
600695.SH,*ST绿庭,20210421,,*ST
605016.SH,百龙创园,20210421,,其他
300980.SZ,祥源新材,20210421,,其他
688113.SH,联测科技,20210421,,其他
300975.SZ,商络电子,20210421,,其他
605305.SH,中际联合,20210421,,其他
600695.SH,*ST绿庭,20210421,20220516,*ST
600695.SH,*ST绿庭,20210421,20220516,*ST
688682.SH,霍莱沃,20210420,,其他
605117.SH,德业股份,20210420,,其他
688355.SH,明志科技,20210420,,其他
300977.SZ,深圳瑞捷,20210420,,其他
688682.SH,霍莱沃,20210420,,其他
605117.SH,德业股份,20210420,,其他
605117.SH,德业股份,20210420,,其他
605117.SH,德业股份,20210420,,其他
605080.SH,浙大自然,20210420,,其他
300988.SZ,津荣天宇,20210420,,其他
605296.SH,神农集团,20210420,,其他
300983.SZ,尤安设计,20210420,,其他
605117.SH,德业股份,20210420,,其他
002290.SZ,禾盛新材,20210420,,撤销ST
605117.SH,德业股份,20210420,,其他
002290.SZ,禾盛新材,20210420,,撤销ST
688682.SH,霍莱沃,20210420,,其他
300989.SZ,蕾奥规划,20210420,,其他
300983.SZ,尤安设计,20210420,,其他
688685.SH,迈信林,20210420,,其他
688682.SH,霍莱沃,20210420,,其他
300977.SZ,深圳瑞捷,20210420,,其他
688533.SH,上声电子,20210419,,其他
300972.SZ,万辰生物,20210419,,其他
000737.SZ,南风化工,20210419,20220223,撤销ST
300972.SZ,万辰生物,20210419,20230924,其他
600817.SH,宏盛科技,20210419,20210831,撤销ST
688533.SH,上声电子,20210419,,其他
000737.SZ,南风化工,20210419,,撤销ST
000737.SZ,南风化工,20210419,20220223,撤销ST
300976.SZ,达瑞电子,20210419,,其他
688533.SH,上声电子,20210419,,其他
688533.SH,上声电子,20210419,,其他
689009.SH,九号公司-WD,20210419,,其他
000868.SZ,安凯客车,20210419,,撤销ST
600817.SH,宏盛科技,20210419,,撤销ST
300972.SZ,万辰生物,20210419,20230924,其他
001205.SZ,盛航股份,20210419,,其他
605300.SH,佳禾食品,20210419,,其他
600817.SH,宏盛科技,20210419,20210831,撤销ST
001203.SZ,大中矿业,20210419,,其他
000868.SZ,安凯客车,20210419,,撤销ST
689009.SH,九号公司-WD,20210419,,其他
300976.SZ,达瑞电子,20210419,,其他
688395.SH,正弦电气,20210416,,其他
300987.SZ,川网传媒,20210416,,其他
688097.SH,博众精工,20210416,,其他
600906.SH,财达证券,20210416,,其他
600399.SH,抚顺特钢,20210416,,撤销*ST
600651.SH,飞乐音响,20210416,,撤销*ST
600856.SH,ST中天,20210416,20211117,摘星
600149.SH,廊坊发展,20210416,,撤销ST
600149.SH,廊坊发展,20210416,,撤销ST
001202.SZ,炬申股份,20210416,,其他
300986.SZ,志特新材,20210416,,其他
688383.SH,新益昌,20210416,,其他
605086.SH,龙高股份,20210416,,其他
600651.SH,飞乐音响,20210416,,撤销*ST
688323.SH,瑞华泰,20210416,,其他
605196.SH,华通线缆,20210416,,其他
600856.SH,ST中天,20210416,20211117,摘星
600856.SH,ST中天,20210416,,摘星
688655.SH,迅捷兴,20210416,,其他
605086.SH,龙高股份,20210416,,其他
300985.SZ,致远新能,20210416,,其他
600399.SH,抚顺特钢,20210416,,撤销*ST
300968.SZ,格林精密,20210415,,其他
300973.SZ,立高食品,20210415,,其他
300968.SZ,格林精密,20210415,,其他
300973.SZ,立高食品,20210415,,其他
603511.SH,爱慕股份,20210415,,其他
601279.SH,英利汽车,20210415,,其他
600815.SH,厦工股份,20210415,,撤销*ST
601279.SH,英利汽车,20210415,,其他
300971.SZ,博亚精工,20210415,,其他
600815.SH,厦工股份,20210415,,撤销*ST
605180.SH,华生科技,20210415,,其他
300971.SZ,博亚精工,20210415,,其他
002450.SZ,康得退,20210414,,终止上市
002306.SZ,中科云网,20210414,20250415,撤销ST
002450.SZ,康得退,20210414,,终止上市
002176.SZ,江特电机,20210414,,撤销*ST
688113.SH,联测科技,20210414,,其他
605089.SH,味知香,20210414,,其他
600032.SH,浙江新能,20210414,,其他
002306.SZ,中科云网,20210414,,撤销ST
300982.SZ,苏文电能,20210414,,其他
300981.SZ,中红医疗,20210414,,其他
605305.SH,中际联合,20210414,,其他
002176.SZ,江特电机,20210414,,撤销*ST
002306.SZ,中科云网,20210414,,撤销ST
002766.SZ,*ST索菱,20210413,20220510,*ST
688663.SH,新风光,20210413,,其他
688663.SH,新风光,20210413,,其他
688315.SH,诺禾致源,20210413,,其他
605289.SH,罗曼股份,20210413,,其他
300967.SZ,晓鸣股份,20210413,,其他
002766.SZ,*ST索菱,20210413,20220510,*ST
002766.SZ,*ST索菱,20210413,,*ST
605080.SH,浙大自然,20210413,,其他
001201.SZ,东瑞股份,20210413,,其他
688315.SH,诺禾致源,20210413,,其他
688663.SH,新风光,20210413,,其他
002681.SZ,奋达科技,20210413,,撤销*ST
688076.SH,诺泰生物,20210413,,其他
688315.SH,诺禾致源,20210413,,其他
300967.SZ,晓鸣股份,20210413,,其他
688663.SH,新风光,20210413,,其他
002681.SZ,奋达科技,20210413,,撤销*ST
688315.SH,诺禾致源,20210413,,其他
605378.SH,野马电池,20210412,,其他
605378.SH,野马电池,20210412,,其他
688611.SH,杭州柯林,20210412,,其他
688683.SH,莱尔科技,20210412,,其他
688611.SH,杭州柯林,20210412,,其他
600420.SH,国药现代,20210412,,其他
000409.SZ,山东地矿,20210412,20210519,撤销ST
605300.SH,佳禾食品,20210412,,其他
688611.SH,杭州柯林,20210412,,其他
300969.SZ,恒帅股份,20210412,,其他
000409.SZ,山东地矿,20210412,,撤销ST
600420.SH,国药现代,20210412,,其他
000409.SZ,山东地矿,20210412,20210519,撤销ST
300969.SZ,恒帅股份,20210412,,其他
300970.SZ,华绿生物,20210412,,其他
688611.SH,杭州柯林,20210412,,其他
000662.SZ,天夏退,20210412,,终止上市
001203.SZ,大中矿业,20210412,,其他
300978.SZ,东箭科技,20210412,,其他
300970.SZ,华绿生物,20210412,,其他
300979.SZ,华利集团,20210412,,其他
002681.SZ,奋达科技,20210412,,撤销*ST
688683.SH,莱尔科技,20210412,,其他
688468.SH,科美诊断,20210409,,其他
300986.SZ,志特新材,20210409,,其他
688383.SH,新益昌,20210409,,其他
300966.SZ,共同药业,20210409,,其他
600238.SH,海南椰岛,20210409,,撤销*ST
002168.SZ,惠程科技,20210409,20240918,撤销*ST
600238.SH,海南椰岛,20210409,,撤销*ST
300966.SZ,共同药业,20210409,,其他
300963.SZ,中洲特材,20210409,,其他
300962.SZ,中金辐照,20210409,,其他
600238.SH,海南椰岛,20210409,20250505,撤销*ST
300975.SZ,商络电子,20210409,,其他
002168.SZ,惠程科技,20210409,,撤销*ST
688639.SH,华恒生物,20210409,,其他
688395.SH,正弦电气,20210409,,其他
601599.SH,浙文影业,20210409,,改名
600906.SH,财达证券,20210409,,其他
300962.SZ,中金辐照,20210409,,其他
300963.SZ,中洲特材,20210409,,其他
601599.SH,浙文影业,20210409,,改名
688468.SH,科美诊断,20210409,,其他
300985.SZ,致远新能,20210409,,其他
002168.SZ,惠程科技,20210409,,撤销*ST
688323.SH,瑞华泰,20210409,,其他
688636.SH,智明达,20210408,,其他
688636.SH,智明达,20210408,,其他
605016.SH,百龙创园,20210408,,其他
688191.SH,智洋创新,20210408,,其他
688191.SH,智洋创新,20210408,,其他
688636.SH,智明达,20210408,,其他
688636.SH,智明达,20210408,,其他
002058.SZ,*ST威尔,20210408,20220522,*ST
688191.SH,智洋创新,20210408,,其他
002776.SZ,ST柏龙,20210408,20230503,ST
001202.SZ,炬申股份,20210408,,其他
688682.SH,霍莱沃,20210408,,其他
688191.SH,智洋创新,20210408,,其他
605180.SH,华生科技,20210408,,其他
002776.SZ,ST柏龙,20210408,,ST
688191.SH,智洋创新,20210408,,其他
002058.SZ,*ST威尔,20210408,20220522,*ST
688636.SH,智明达,20210408,,其他
002776.SZ,ST柏龙,20210408,20230503,ST
688191.SH,智洋创新,20210408,,其他
688636.SH,智明达,20210408,,其他
688201.SH,信安世纪,20210408,,其他
002058.SZ,*ST威尔,20210408,,*ST
603324.SH,盛剑环境,20210407,20240806,其他
605117.SH,德业股份,20210407,,其他
603324.SH,盛剑环境,20210407,,其他
600032.SH,浙江新能,20210407,,其他
605089.SH,味知香,20210407,,其他
603324.SH,盛剑环境,20210407,20240806,其他
600470.SH,六国化工,20210406,,撤销*ST
600470.SH,六国化工,20210406,,撤销*ST
003042.SZ,中农联合,20210406,,其他
003041.SZ,真爱美家,20210406,,其他
688260.SH,昀冢科技,20210406,,其他
003043.SZ,华亚智能,20210406,,其他
600890.SH,*ST中房,20210406,20220524,*ST
003041.SZ,真爱美家,20210406,,其他
003043.SZ,华亚智能,20210406,,其他
600228.SH,昌九生化,20210406,,撤销*ST
688260.SH,昀冢科技,20210406,,其他
600890.SH,*ST中房,20210406,20220524,*ST
605086.SH,龙高股份,20210406,,其他
600228.SH,昌九生化,20210406,20210427,撤销*ST
001201.SZ,东瑞股份,20210406,,其他
600890.SH,*ST中房,20210406,,*ST
688533.SH,上声电子,20210406,,其他
600228.SH,昌九生化,20210406,20210427,撤销*ST
003042.SZ,中农联合,20210406,,其他
300983.SZ,尤安设计,20210406,,其他
000727.SZ,华东科技,20210402,20210519,撤销*ST
000727.SZ,华东科技,20210402,20210519,撤销*ST
000403.SZ,派林生物,20210402,,改名
300965.SZ,恒宇信通,20210402,20240425,其他
688981.SH,中芯国际,20210402,,其他
300740.SZ,水羊股份,20210402,,改名
300965.SZ,恒宇信通,20210402,20240425,其他
000727.SZ,华东科技,20210402,,撤销*ST
300973.SZ,立高食品,20210402,,其他
605098.SH,行动教育,20210402,,其他
300965.SZ,恒宇信通,20210402,,其他
600860.SH,京城股份,20210402,,撤销*ST
000403.SZ,派林生物,20210402,,改名
600650.SH,锦江在线,20210402,,改名
300972.SZ,万辰生物,20210402,,其他
600860.SH,京城股份,20210402,,撤销*ST
688981.SH,中芯国际,20210402,,其他
600650.SH,锦江在线,20210402,,改名
300740.SZ,水羊股份,20210402,,改名
600721.SH,*ST百花,20210401,,*ST
600416.SH,湘电股份,20210401,,撤销*ST
688662.SH,富信科技,20210401,,其他
688662.SH,富信科技,20210401,,其他
688662.SH,富信科技,20210401,,其他
600416.SH,湘电股份,20210401,,撤销*ST
600721.SH,*ST百花,20210401,20220504,*ST
688630.SH,芯碁微装,20210401,,其他
688630.SH,芯碁微装,20210401,,其他
300971.SZ,博亚精工,20210401,,其他
688662.SH,富信科技,20210401,,其他
601279.SH,英利汽车,20210401,,其他
600721.SH,*ST百花,20210401,20220504,*ST
688314.SH,康拓医疗,20210331,,其他
300981.SZ,中红医疗,20210331,,其他
300968.SZ,格林精密,20210331,,其他
688626.SH,翔宇医疗,20210331,,其他
688659.SH,元琛科技,20210331,,其他
688201.SH,信安世纪,20210331,,其他
300982.SZ,苏文电能,20210331,,其他
688659.SH,元琛科技,20210331,,其他
688682.SH,霍莱沃,20210331,,其他
688639.SH,华恒生物,20210331,,其他
688626.SH,翔宇医疗,20210331,,其他
688663.SH,新风光,20210331,,其他
688109.SH,品茗股份,20210330,,其他
688109.SH,品茗股份,20210330,20220817,其他
603609.SH,禾丰股份,20210330,,改名
603609.SH,禾丰股份,20210330,,改名
300979.SZ,华利集团,20210330,,其他
300961.SZ,深水海纳,20210330,,其他
300961.SZ,深水海纳,20210330,,其他
605016.SH,百龙创园,20210330,,其他
300977.SZ,深圳瑞捷,20210330,,其他
300978.SZ,东箭科技,20210330,,其他
688315.SH,诺禾致源,20210330,,其他
300967.SZ,晓鸣股份,20210330,,其他
688109.SH,品茗股份,20210330,20220817,其他
300980.SZ,祥源新材,20210330,,其他
605117.SH,德业股份,20210330,,其他
300975.SZ,商络电子,20210329,,其他
688661.SH,和林微纳,20210329,,其他
688661.SH,和林微纳,20210329,,其他
688533.SH,上声电子,20210329,,其他
688661.SH,和林微纳,20210329,,其他
300976.SZ,达瑞电子,20210329,,其他
300958.SZ,建工修复,20210329,,其他
300960.SZ,通业科技,20210329,,其他
688329.SH,艾隆科技,20210329,,其他
688661.SH,和林微纳,20210329,,其他
300960.SZ,通业科技,20210329,,其他
300958.SZ,建工修复,20210329,,其他
688683.SH,莱尔科技,20210329,,其他
688329.SH,艾隆科技,20210329,,其他
688611.SH,杭州柯林,20210329,,其他
605378.SH,野马电池,20210329,,其他
688468.SH,科美诊断,20210326,,其他
300956.SZ,英力股份,20210326,,其他
688195.SH,腾景科技,20210326,,其他
603759.SH,海天股份,20210326,,其他
603759.SH,海天股份,20210326,,其他
300966.SZ,共同药业,20210326,,其他
300956.SZ,英力股份,20210326,,其他
300973.SZ,立高食品,20210326,,其他
300972.SZ,万辰生物,20210326,,其他
688195.SH,腾景科技,20210326,,其他
688195.SH,腾景科技,20210326,,其他
605098.SH,行动教育,20210326,,其他
300970.SZ,华绿生物,20210325,,其他
688606.SH,奥泰生物,20210325,,其他
300957.SZ,贝泰妮,20210325,,其他
300969.SZ,恒帅股份,20210325,,其他
688191.SH,智洋创新,20210325,,其他
601279.SH,英利汽车,20210325,,其他
300971.SZ,博亚精工,20210325,,其他
300957.SZ,贝泰妮,20210325,,其他
688636.SH,智明达,20210325,,其他
300963.SZ,中洲特材,20210325,,其他
688606.SH,奥泰生物,20210325,,其他
300955.SZ,嘉亨家化,20210324,,其他
688633.SH,星球石墨,20210324,,其他
300955.SZ,嘉亨家化,20210324,,其他
688633.SH,星球石墨,20210324,,其他
688633.SH,星球石墨,20210324,,其他
300962.SZ,中金辐照,20210324,,其他
300968.SZ,格林精密,20210324,,其他
003042.SZ,中农联合,20210324,,其他
003041.SZ,真爱美家,20210324,,其他
688663.SH,新风光,20210324,,其他
600892.SH,大晟文化,20210323,20250505,撤销*ST
300967.SZ,晓鸣股份,20210323,,其他
600892.SH,大晟文化,20210323,,撤销*ST
688609.SH,九联科技,20210323,,其他
002319.SZ,乐通股份,20210323,,撤销*ST
002319.SZ,乐通股份,20210323,,撤销*ST
600892.SH,大晟文化,20210323,,撤销*ST
688609.SH,九联科技,20210323,,其他
688315.SH,诺禾致源,20210323,,其他
605289.SH,罗曼股份,20210323,,其他
003043.SZ,华亚智能,20210323,,其他
605378.SH,野马电池,20210322,,其他
600209.SH,*ST罗顿,20210322,,*ST
688630.SH,芯碁微装,20210322,,其他
605286.SH,同力日升,20210322,20251210,其他
003040.SZ,楚天龙,20210322,,其他
002420.SZ,毅昌股份,20210322,,撤销ST
688611.SH,柯林电气,20210322,,其他
002071.SZ,长城退,20210322,,终止上市
002071.SZ,长城退,20210322,,终止上市
688611.SH,杭州柯林,20210322,,其他
600209.SH,*ST罗顿,20210322,20220524,*ST
605389.SH,长龄液压,20210322,,其他
002420.SZ,毅昌股份,20210322,20211110,撤销ST
002192.SZ,融捷股份,20210322,,撤销*ST
605389.SH,长龄液压,20210322,,其他
605286.SH,同力日升,20210322,,其他
605286.SH,同力日升,20210322,,其他
300959.SZ,线上线下,20210322,,其他
688683.SH,莱尔科技,20210322,,其他
600209.SH,*ST罗顿,20210322,20220524,*ST
688260.SH,昀冢科技,20210322,,其他
688662.SH,富信科技,20210322,,其他
605389.SH,长龄液压,20210322,,其他
002071.SZ,长城退,20210322,20210506,终止上市
002192.SZ,融捷股份,20210322,,撤销*ST
002071.SZ,长城退,20210322,,终止上市
003040.SZ,楚天龙,20210322,,其他
300959.SZ,线上线下,20210322,,其他
002420.SZ,毅昌股份,20210322,20211110,撤销ST
688092.SH,爱科科技,20210319,,其他
300966.SZ,共同药业,20210319,,其他
688092.SH,爱科科技,20210319,,其他
688092.SH,爱科科技,20210319,,其他
688092.SH,爱科科技,20210319,,其他
688092.SH,爱科科技,20210319,,其他
300965.SZ,恒宇信通,20210319,,其他
688659.SH,元琛科技,20210319,,其他
688092.SH,爱科科技,20210319,,其他
600891.SH,退市秋林,20210319,,终止上市
688092.SH,爱科科技,20210319,,其他
688468.SH,科美诊断,20210319,,其他
688092.SH,爱科科技,20210319,,其他
600891.SH,退市秋林,20210319,,终止上市
603324.SH,盛剑环境,20210319,,其他
688191.SH,智洋创新,20210318,,其他
688616.SH,西力科技,20210318,,其他
600684.SH,珠江股份,20210318,,其他
688616.SH,西力科技,20210318,,其他
688616.SH,西力科技,20210318,,其他
300963.SZ,中洲特材,20210318,,其他
300953.SZ,震裕科技,20210318,,其他
600684.SH,珠江股份,20210318,,其他
300953.SZ,震裕科技,20210318,,其他
688636.SH,智明达,20210318,,其他
688626.SH,翔宇医疗,20210318,,其他
300961.SZ,深水海纳,20210318,,其他
688456.SH,有研粉材,20210317,,其他
003041.SZ,真爱美家,20210317,,其他
688109.SH,品茗股份,20210317,,其他
688456.SH,有研粉材,20210317,,其他
300962.SZ,中金辐照,20210317,,其他
003042.SZ,中农联合,20210317,,其他
300960.SZ,通业科技,20210317,,其他
688316.SH,青云科技,20210316,,其他
600255.SH,鑫科材料,20210316,,撤销*ST
688316.SH,青云科技-U,20210316,,其他
603759.SH,海天股份,20210316,,其他
605289.SH,罗曼股份,20210316,,其他
605086.SH,龙高股份,20210316,,其他
600255.SH,鑫科材料,20210316,,撤销*ST
688661.SH,和林微纳,20210316,,其他
688316.SH,青云科技-U,20210316,,其他
600701.SH,退市工新,20210315,,终止上市
688662.SH,富信科技,20210315,,其他
300957.SZ,贝泰妮,20210315,,其他
688195.SH,腾景科技,20210315,,其他
300958.SZ,建工修复,20210315,,其他
600212.SH,江泉实业,20210315,,撤销*ST
688630.SH,芯碁微装,20210315,,其他
688260.SH,昀冢科技,20210315,,其他
600701.SH,退市工新,20210315,,终止上市
600212.SH,江泉实业,20210315,20220615,撤销*ST
600212.SH,江泉实业,20210315,20220615,撤销*ST
688667.SH,菱电电控,20210312,,其他
603324.SH,盛剑环境,20210312,,其他
688606.SH,奥泰生物,20210312,,其他
688667.SH,菱电电控,20210312,,其他
688659.SH,元琛科技,20210312,,其他
688633.SH,星球石墨,20210312,,其他
300955.SZ,嘉亨家化,20210311,,其他
688083.SH,中望软件,20210311,,其他
300956.SZ,英力股份,20210311,,其他
688329.SH,艾隆科技,20210311,,其他
688083.SH,中望软件,20210311,,其他
300952.SZ,恒辉安防,20210311,,其他
300952.SZ,恒辉安防,20210311,,其他
688626.SH,翔宇医疗,20210311,,其他
300961.SZ,深水海纳,20210311,,其他
002137.SZ,实益达,20210310,,改名
605122.SH,四方新材,20210310,,其他
688609.SH,九联科技,20210310,,其他
300960.SZ,通业科技,20210310,,其他
002137.SZ,实益达,20210310,,改名
688109.SH,品茗股份,20210310,,其他
605122.SH,四方新材,20210310,,其他
688676.SH,金盘科技,20210309,,其他
688328.SH,深科达,20210309,,其他
688328.SH,深科达,20210309,,其他
688328.SH,深科达,20210309,,其他
605389.SH,长龄液压,20210309,,其他
688676.SH,金盘科技,20210309,,其他
605086.SH,龙高股份,20210309,,其他
688676.SH,金盘科技,20210309,,其他
688328.SH,深科达,20210309,,其他
688676.SH,金盘科技,20210309,,其他
688676.SH,金盘科技,20210309,,其他
605286.SH,同力日升,20210309,,其他
300959.SZ,线上线下,20210309,,其他
688661.SH,和林微纳,20210309,,其他
688092.SH,爱科科技,20210309,,其他
688676.SH,金盘科技,20210309,,其他
605208.SH,永茂泰,20210308,,其他
003040.SZ,楚天龙,20210308,,其他
688195.SH,腾景科技,20210308,,其他
000707.SZ,*ST双环,20210308,20220327,*ST
605208.SH,永茂泰,20210308,,其他
000707.SZ,*ST双环,20210308,,*ST
003039.SZ,顺控发展,20210308,,其他
300953.SZ,震裕科技,20210308,,其他
000707.SZ,*ST双环,20210308,20220327,*ST
300958.SZ,建工修复,20210308,,其他
003039.SZ,顺控发展,20210308,,其他
300957.SZ,贝泰妮,20210308,,其他
688606.SH,奥泰生物,20210305,,其他
688456.SH,有研粉材,20210305,,其他
688633.SH,星球石墨,20210305,,其他
688616.SH,西力科技,20210305,,其他
601777.SH,ST力帆,20210304,,摘星
601777.SH,ST力帆,20210304,20210425,摘星
601777.SH,ST力帆,20210304,20210425,摘星
300956.SZ,英力股份,20210304,,其他
300955.SZ,嘉亨家化,20210304,,其他
002168.SZ,ST惠程,20210303,20210408,ST
002168.SZ,ST惠程,20210303,20210408,ST
688696.SH,极米科技,20210303,,其他
688609.SH,九联科技,20210303,,其他
688329.SH,艾隆科技,20210303,,其他
300950.SZ,德固特,20210303,,其他
300950.SZ,德固特,20210303,,其他
002168.SZ,ST惠程,20210303,,ST
688696.SH,极米科技,20210303,,其他
688079.SH,美迪凯,20210302,,其他
605389.SH,长龄液压,20210302,,其他
605286.SH,同力日升,20210302,,其他
688260.SH,昀冢科技,20210302,,其他
688316.SH,青云科技,20210302,,其他
688092.SH,爱科科技,20210302,,其他
688079.SH,美迪凯,20210302,,其他
605060.SH,联德股份,20210301,,其他
605303.SH,园林股份,20210301,,其他
688083.SH,中望软件,20210301,,其他
003040.SZ,楚天龙,20210301,,其他
000803.SZ,北清环能,20210301,,撤销*ST
605060.SH,联德股份,20210301,,其他
605303.SH,园林股份,20210301,,其他
605298.SH,必得科技,20210301,,其他
605298.SH,必得科技,20210301,,其他
000803.SZ,北清环能,20210301,20220830,撤销*ST
605298.SH,必得科技,20210301,,其他
000803.SZ,北清环能,20210301,20220830,撤销*ST
301131.SZ,聚赛龙,20210228,,其他
000662.SZ,天夏退,20210226,,终止上市
688677.SH,海泰新光,20210226,,其他
000662.SZ,天夏退,20210226,,终止上市
600738.SH,丽尚国潮,20210226,,改名
300951.SZ,博硕科技,20210226,,其他
300953.SZ,震裕科技,20210226,,其他
300949.SZ,奥雅设计,20210226,20220627,其他
300951.SZ,博硕科技,20210226,,其他
000662.SZ,天夏退,20210226,20210411,终止上市
688616.SH,西力科技,20210226,,其他
600738.SH,丽尚国潮,20210226,,改名
688456.SH,有研粉材,20210226,,其他
000662.SZ,天夏退,20210226,,终止上市
688677.SH,海泰新光,20210226,,其他
300949.SZ,奥雅设计,20210226,20220627,其他
300952.SZ,恒辉安防,20210226,,其他
688667.SH,菱电电控,20210226,,其他
300949.SZ,奥雅设计,20210226,,其他
300948.SZ,冠中生态,20210225,,其他
920225.BJ,利通科技,20210225,,其他
605122.SH,四方新材,20210225,,其他
832225.BJ,利通科技,20210225,,其他
300948.SZ,冠中生态,20210225,,其他
688183.SH,生益电子,20210225,,其他
688676.SH,金盘科技,20210225,,其他
832225.BJ,利通科技,20210225,,其他
688183.SH,生益电子,20210225,,其他
605133.SH,嵘泰股份,20210224,,其他
688195.SH,腾景科技,20210224,,其他
605133.SH,嵘泰股份,20210224,,其他
688662.SH,富信科技,20210224,,其他
605133.SH,嵘泰股份,20210224,,其他
605268.SH,王力安防,20210224,,其他
688328.SH,深科达,20210224,,其他
605268.SH,王力安防,20210224,,其他
688619.SH,罗普特,20210223,,其他
830832.BJ,齐鲁华信,20210223,,其他
605208.SH,永茂泰,20210223,,其他
688316.SH,青云科技,20210223,,其他
830832.BJ,齐鲁华信,20210223,,其他
920832.BJ,齐鲁华信,20210223,,其他
603759.SH,海天股份,20210223,,其他
688619.SH,罗普特,20210223,,其他
002374.SZ,中锐股份,20210222,,改名
920599.BJ,同力股份,20210222,,其他
834599.BJ,同力股份,20210222,,其他
003039.SZ,顺控发展,20210222,,其他
834599.BJ,同力股份,20210222,,其他
002374.SZ,中锐股份,20210222,,改名
688083.SH,中望软件,20210219,,其他
832735.BJ,德源药业,20210219,,其他
000564.SZ,*ST大集,20210219,20220622,*ST
600221.SH,*ST海航,20210219,20220518,*ST
600515.SH,*ST基础,20210219,20220518,*ST
832735.BJ,德源药业,20210219,,其他
300952.SZ,恒辉安防,20210219,,其他
600221.SH,*ST海航,20210219,20220518,*ST
000564.SZ,*ST大集,20210219,20220622,*ST
600515.SH,*ST基础,20210219,20220518,*ST
920735.BJ,德源药业,20210219,,其他
000564.SZ,*ST大集,20210219,,*ST
600221.SH,*ST海航,20210219,,*ST
600515.SH,*ST基础,20210219,,*ST
688667.SH,菱电电控,20210219,,其他
300950.SZ,德固特,20210219,,其他
688079.SH,美迪凯,20210218,,其他
688696.SH,极米科技,20210218,,其他
605122.SH,四方新材,20210218,,其他
300756.SZ,金马游乐,20210218,,改名
300756.SZ,金马游乐,20210218,,改名
300947.SZ,德必集团,20210210,,其他
300943.SZ,春晖智控,20210210,,其他
300947.SZ,德必集团,20210210,,其他
688676.SH,金盘科技,20210210,,其他
688070.SH,纵横股份,20210210,,其他
300945.SZ,曼卡龙,20210210,,其他
003038.SZ,鑫铂股份,20210210,,其他
688070.SH,纵横股份,20210210,,其他
003038.SZ,鑫铂股份,20210210,,其他
605060.SH,联德股份,20210210,,其他
688328.SH,深科达,20210210,,其他
300945.SZ,曼卡龙,20210210,,其他
600800.SH,渤海化学,20210210,,改名
600800.SH,渤海化学,20210210,,改名
300943.SZ,春晖智控,20210210,,其他
300941.SZ,创识科技,20210209,,其他
688665.SH,四方光电,20210209,,其他
836239.BJ,长虹能源,20210209,,其他
300942.SZ,易瑞生物,20210209,,其他
920239.BJ,长虹能源,20210209,,其他
601880.SH,辽港股份,20210209,,改名
688665.SH,四方光电,20210209,,其他
300942.SZ,易瑞生物,20210209,,其他
605077.SH,华康股份,20210209,,其他
605081.SH,太和水,20210209,,其他
300941.SZ,创识科技,20210209,,其他
002188.SZ,*ST巴士,20210209,20220622,*ST
002188.SZ,*ST巴士,20210209,,*ST
605303.SH,园林股份,20210209,,其他
603759.SH,海天股份,20210209,,其他
836239.BJ,长虹能源,20210209,,其他
605208.SH,永茂泰,20210209,,其他
002188.SZ,*ST巴士,20210209,20220622,*ST
688665.SH,四方光电,20210209,,其他
605077.SH,华康股份,20210209,,其他
688665.SH,四方光电,20210209,,其他
605298.SH,必得科技,20210209,,其他
605081.SH,太和水,20210209,20250428,其他
601880.SH,辽港股份,20210209,,改名
605077.SH,华康股份,20210209,,其他
605081.SH,太和水,20210209,,其他
688687.SH,凯因科技,20210208,,其他
688687.SH,凯因科技,20210208,,其他
300948.SZ,冠中生态,20210208,,其他
688687.SH,凯因科技,20210208,,其他
605337.SH,李子园,20210208,,其他
688059.SH,华锐精密,20210208,,其他
688687.SH,凯因科技,20210208,,其他
688059.SH,华锐精密,20210208,,其他
688687.SH,凯因科技,20210208,,其他
688329.SH,艾隆科技,20210208,,其他
688059.SH,华锐精密,20210208,,其他
605337.SH,李子园,20210208,,其他
300946.SZ,恒而达,20210208,,其他
300949.SZ,奥雅设计,20210208,,其他
688059.SH,华锐精密,20210208,,其他
688059.SH,华锐精密,20210208,,其他
300946.SZ,恒而达,20210208,,其他
003039.SZ,顺控发展,20210208,,其他
300951.SZ,博硕科技,20210208,,其他
688687.SH,凯因科技,20210208,,其他
688059.SH,华锐精密,20210208,,其他
688677.SH,海泰新光,20210208,,其他
300950.SZ,德固特,20210205,,其他
833427.BJ,华维设计,20210205,,其他
300079.SZ,数码视讯,20210205,,改名
833427.BJ,华维设计,20210205,,其他
300079.SZ,数码视讯,20210205,,改名
600916.SH,中国黄金,20210205,,其他
920427.BJ,华维设计,20210205,,其他
300949.SZ,奥雅设计,20210205,,其他
600916.SH,中国黄金,20210205,,其他
688183.SH,生益电子,20210205,,其他
601963.SH,重庆银行,20210205,,其他
601963.SH,重庆银行,20210205,,其他
688079.SH,美迪凯,20210204,,其他
003037.SZ,三和管桩,20210204,,其他
003037.SZ,三和管桩,20210204,,其他
605268.SH,王力安防,20210204,,其他
688696.SH,极米科技,20210204,,其他
688619.SH,罗普特,20210203,,其他
300940.SZ,南极光,20210203,,其他
605060.SH,联德股份,20210203,,其他
300940.SZ,南极光,20210203,,其他
002072.SZ,*ST凯瑞,20210202,,*ST
300325.SZ,ST德威,20210202,,*ST
300325.SZ,ST德威,20210202,20210428,ST
605298.SH,必得科技,20210202,,其他
605133.SH,嵘泰股份,20210202,,其他
002072.SZ,*ST凯瑞,20210202,20221116,*ST
300325.SZ,ST德威,20210202,20210428,ST
300325.SZ,ST德威,20210202,,ST
002072.SZ,*ST凯瑞,20210202,20221116,*ST
688607.SH,康众医疗,20210201,,其他
688607.SH,康众医疗,20210201,,其他
688628.SH,优利德,20210201,,其他
688628.SH,优利德,20210201,,其他
688628.SH,优利德,20210201,,其他
688628.SH,优利德,20210201,,其他
688628.SH,优利德,20210201,,其他
688607.SH,康众医疗,20210201,,其他
688630.SH,芯碁微装,20210201,,其他
688607.SH,康众医疗,20210201,,其他
688628.SH,优利德,20210201,,其他
605055.SH,迎丰股份,20210129,,其他
605368.SH,蓝天燃气,20210129,,其他
003038.SZ,鑫铂股份,20210129,,其他
605055.SH,迎丰股份,20210129,,其他
605368.SH,蓝天燃气,20210129,,其他
688677.SH,海泰新光,20210129,,其他
688183.SH,生益电子,20210129,,其他
300943.SZ,春晖智控,20210129,,其他
300945.SZ,曼卡龙,20210129,,其他
300948.SZ,冠中生态,20210129,,其他
600348.SH,华阳股份,20210128,,改名
300942.SZ,易瑞生物,20210128,,其他
688350.SH,富淼科技,20210128,,其他
003036.SZ,泰坦股份,20210128,,其他
688665.SH,四方光电,20210128,,其他
688070.SH,纵横股份,20210128,,其他
300941.SZ,创识科技,20210128,,其他
003036.SZ,泰坦股份,20210128,,其他
605268.SH,王力安防,20210128,,其他
688350.SH,富淼科技,20210128,,其他
300939.SZ,秋田微,20210128,,其他
600348.SH,华阳股份,20210128,,改名
300947.SZ,德必集团,20210128,,其他
300939.SZ,秋田微,20210128,,其他
688689.SH,银河微电,20210127,,其他
688059.SH,华锐精密,20210127,,其他
605081.SH,太和水,20210127,,其他
688689.SH,银河微电,20210127,,其他
688689.SH,银河微电,20210127,,其他
300938.SZ,信测标准,20210127,,其他
688689.SH,银河微电,20210127,,其他
300946.SZ,恒而达,20210127,,其他
300937.SZ,药易购,20210127,,其他
300938.SZ,信测标准,20210127,,其他
605077.SH,华康股份,20210127,,其他
688619.SH,罗普特,20210127,,其他
300937.SZ,药易购,20210127,,其他
300038.SZ,ST数知,20210126,20210429,ST
688687.SH,凯因科技,20210126,,其他
002243.SZ,力合科创,20210126,,改名
300344.SZ,立方数科,20210126,20250429,改名
300038.SZ,ST数知,20210126,20210429,ST
605337.SH,李子园,20210126,,其他
605081.SH,太和水,20210126,,其他
600916.SH,中国黄金,20210126,,其他
002243.SZ,力合科创,20210126,,改名
300344.SZ,立方数科,20210126,,改名
002123.SZ,梦网科技,20210126,,改名
300936.SZ,中英科技,20210126,,其他
300936.SZ,中英科技,20210126,,其他
605133.SH,嵘泰股份,20210126,,其他
300946.SZ,恒而达,20210126,,其他
300038.SZ,ST数知,20210126,,ST
300344.SZ,立方数科,20210126,,改名
002123.SZ,梦网科技,20210126,,改名
838275.BJ,驱动力,20210125,,其他
920275.BJ,驱动力,20210125,,其他
838275.BJ,驱动力,20210125,,其他
003038.SZ,鑫铂股份,20210125,,其他
688669.SH,聚石化学,20210125,,其他
688669.SH,聚石化学,20210125,,其他
003037.SZ,三和管桩,20210125,,其他
688680.SH,海优新材,20210122,,其他
300933.SZ,中辰股份,20210122,,其他
300943.SZ,春晖智控,20210122,,其他
300945.SZ,曼卡龙,20210122,,其他
688680.SH,海优新材,20210122,,其他
300933.SZ,中辰股份,20210122,,其他
300940.SZ,南极光,20210122,,其他
300932.SZ,三友联众,20210122,,其他
300932.SZ,三友联众,20210122,,其他
605398.SH,新炬网络,20210121,,其他
300930.SZ,屹通新材,20210121,,其他
300941.SZ,创识科技,20210121,,其他
300930.SZ,屹通新材,20210121,,其他
300931.SZ,通用电梯,20210121,,其他
605398.SH,新炬网络,20210121,,其他
300931.SZ,通用电梯,20210121,,其他
688070.SH,纵横股份,20210121,,其他
600086.SH,退市金钰,20210121,,终止上市
300942.SZ,易瑞生物,20210121,,其他
605398.SH,新炬网络,20210121,,其他
002335.SZ,科华数据,20210121,,改名
600086.SH,退市金钰,20210121,,终止上市
688665.SH,四方光电,20210121,,其他
002335.SZ,科华数据,20210121,,改名
300935.SZ,盈建科,20210120,,其他
300935.SZ,盈建科,20210120,,其他
300929.SZ,华骐环保,20210120,,其他
605228.SH,神通科技,20210120,,其他
688607.SH,康众医疗,20210120,,其他
605228.SH,神通科技,20210120,,其他
688059.SH,华锐精密,20210120,,其他
605077.SH,华康股份,20210120,,其他
300929.SZ,华骐环保,20210120,,其他
600248.SH,陕西建工,20210119,,改名
605005.SH,合兴股份,20210119,,其他
600157.SH,ST永泰,20210119,20210429,摘星
600157.SH,ST永泰,20210119,,摘星
605337.SH,李子园,20210119,,其他
600532.SH,未来股份,20210119,20220630,改名
003035.SZ,南网能源,20210119,,其他
605005.SH,合兴股份,20210119,,其他
605303.SH,园林股份,20210119,,其他
688628.SH,优利德,20210119,,其他
600532.SH,未来股份,20210119,,改名
688687.SH,凯因科技,20210119,,其他
600248.SH,陕西建工,20210119,20230619,改名
600157.SH,ST永泰,20210119,20210429,摘星
600916.SH,中国黄金,20210119,,其他
605055.SH,迎丰股份,20210119,,其他
600532.SH,未来股份,20210119,20220630,改名
600248.SH,陕西建工,20210119,20230619,改名
605368.SH,蓝天燃气,20210119,,其他
003035.SZ,南网能源,20210119,,其他
688819.SH,天能股份,20210118,,其他
688317.SH,之江生物,20210118,,其他
688819.SH,天能股份,20210118,,其他
688819.SH,天能股份,20210118,,其他
688350.SH,富淼科技,20210118,,其他
688317.SH,之江生物,20210118,,其他
003036.SZ,泰坦股份,20210118,,其他
688819.SH,天能股份,20210118,,其他
003037.SZ,三和管桩,20210118,,其他
300937.SZ,药易购,20210115,,其他
300940.SZ,南极光,20210115,,其他
300939.SZ,秋田微,20210114,,其他
300938.SZ,信测标准,20210114,,其他
000836.SZ,富通信息,20210113,20240505,改名
000836.SZ,富通信息,20210113,,改名
688656.SH,浩欧博,20210113,,其他
688656.SH,浩欧博,20210113,,其他
688656.SH,浩欧博,20210113,,其他
688656.SH,浩欧博,20210113,,其他
000836.SZ,富通信息,20210113,20240505,改名
688656.SH,浩欧博,20210113,,其他
688656.SH,浩欧博,20210113,,其他
688607.SH,康众医疗,20210113,,其他
003032.SZ,传智教育,20210112,20250422,其他
836826.BJ,盖世食品,20210112,,其他
605368.SH,蓝天燃气,20210112,,其他
688680.SH,海优新材,20210112,,其他
600986.SH,浙文互联,20210112,,改名
600986.SH,浙文互联,20210112,,改名
920826.BJ,盖世食品,20210112,,其他
003032.SZ,传智教育,20210112,,其他
003032.SZ,传智教育,20210112,,其他
688689.SH,银河微电,20210112,,其他
605303.SH,园林股份,20210112,,其他
300933.SZ,中辰股份,20210112,,其他
688669.SH,聚石化学,20210112,,其他
688628.SH,优利德,20210112,,其他
300932.SZ,三友联众,20210112,,其他
605055.SH,迎丰股份,20210112,,其他
600986.SH,浙文互联,20210112,,改名
836826.BJ,盖世食品,20210112,,其他
833509.BJ,同惠电子,20210111,,其他
833509.BJ,同惠电子,20210111,,其他
600982.SH,宁波能源,20210111,,改名
688350.SH,富淼科技,20210111,,其他
003033.SZ,征和工业,20210111,,其他
003036.SZ,泰坦股份,20210111,,其他
920509.BJ,同惠电子,20210111,,其他
003033.SZ,征和工业,20210111,,其他
600982.SH,宁波能源,20210111,,改名
300483.SZ,首华燃气,20210108,,改名
837344.BJ,三元基因,20210108,,其他
002758.SZ,浙农股份,20210108,,改名
605398.SH,新炬网络,20210108,,其他
002758.SZ,浙农股份,20210108,,改名
000927.SZ,中国铁物,20210108,,改名
920344.BJ,三元基因,20210108,,其他
000927.SZ,中国铁物,20210108,,改名
300937.SZ,药易购,20210108,,其他
837344.BJ,三元基因,20210108,,其他
300931.SZ,通用电梯,20210108,,其他
300930.SZ,屹通新材,20210108,,其他
300483.SZ,首华燃气,20210108,,改名
300936.SZ,中英科技,20210107,,其他
300927.SZ,江天化学,20210107,,其他
605398.SH,新炬网络,20210107,,其他
688617.SH,惠泰医疗,20210107,,其他
300388.SZ,节能国祯,20210107,,改名
300926.SZ,博俊科技,20210107,,其他
600687.SH,退市刚泰,20210107,,终止上市
300927.SZ,江天化学,20210107,,其他
688617.SH,惠泰医疗,20210107,,其他
688617.SH,惠泰医疗,20210107,,其他
600687.SH,退市刚泰,20210107,,终止上市
300388.SZ,节能国祯,20210107,,改名
300926.SZ,博俊科技,20210107,,其他
003035.SZ,南网能源,20210107,,其他
300929.SZ,华骐环保,20210107,,其他
003030.SZ,祖名股份,20210106,,其他
003030.SZ,祖名股份,20210106,,其他
605277.SH,新亚电子,20210106,,其他
605228.SH,神通科技,20210106,,其他
605277.SH,新亚电子,20210106,,其他
605005.SH,合兴股份,20210106,,其他
300928.SZ,华安鑫创,20210106,,其他
605277.SH,新亚电子,20210106,,其他
300935.SZ,盈建科,20210106,,其他
300928.SZ,华安鑫创,20210106,,其他
688669.SH,聚石化学,20210105,,其他
300932.SZ,三友联众,20210105,,其他
300933.SZ,中辰股份,20210105,,其他
688689.SH,银河微电,20210105,,其他
688317.SH,之江生物,20210105,,其他
688680.SH,海优新材,20210105,,其他
600869.SH,远东股份,20210104,,其他
002386.SZ,天原股份,20210104,,其他
002505.SZ,鹏都农牧,20210104,,改名
002386.SZ,天原股份,20210104,,其他
003031.SZ,中瓷电子,20210104,,其他
600869.SH,远东股份,20210104,,其他
000927.SZ,一汽夏利,20210104,20210107,撤销*ST
002064.SZ,华峰化学,20210104,,改名
688819.SH,天能股份,20210104,,其他
002064.SZ,华峰化学,20210104,,改名
000927.SZ,一汽夏利,20210104,,撤销*ST
000927.SZ,一汽夏利,20210104,20210107,撤销*ST
003031.SZ,中瓷电子,20210104,,其他
002505.SZ,鹏都农牧,20210104,,改名
688686.SH,奥普特,20201231,,其他
688686.SH,奥普特,20201231,,其他
300894.SZ,火星人,20201231,,其他
688686.SH,奥普特,20201231,,其他
605155.SH,西大门,20201231,,其他
300931.SZ,通用电梯,20201231,,其他
300894.SZ,火星人,20201231,,其他
688686.SH,奥普特,20201231,,其他
688656.SH,浩欧博,20201231,,其他
300930.SZ,屹通新材,20201231,,其他
605155.SH,西大门,20201231,,其他
002973.SZ,侨银股份,20201231,,改名
688686.SH,奥普特,20201231,,其他
688686.SH,奥普特,20201231,,其他
002973.SZ,侨银股份,20201231,,改名
688063.SH,派能科技,20201230,,其他
300925.SZ,法本信息,20201230,,其他
688063.SH,派能科技,20201230,,其他
688618.SH,三旺通信,20201230,,其他
688618.SH,三旺通信,20201230,,其他
003032.SZ,传智教育,20201230,,其他
601963.SH,重庆银行,20201230,,其他
003035.SZ,南网能源,20201230,,其他
688063.SH,派能科技,20201230,,其他
300929.SZ,华骐环保,20201230,,其他
300925.SZ,法本信息,20201230,,其他
688618.SH,三旺通信,20201230,,其他
688698.SH,伟创电气,20201229,,其他
605228.SH,神通科技,20201229,,其他
605005.SH,合兴股份,20201229,,其他
003033.SZ,征和工业,20201229,,其他
688698.SH,伟创电气,20201229,,其他
836675.BJ,秉扬科技,20201228,,其他
605179.SH,一鸣食品,20201228,,其他
430510.BJ,丰光精密,20201228,,其他
605377.SH,华旺科技,20201228,,其他
688317.SH,之江生物,20201228,,其他
920675.BJ,秉扬科技,20201228,,其他
430510.BJ,丰光精密,20201228,,其他
605377.SH,华旺科技,20201228,,其他
003028.SZ,振邦智能,20201228,,其他
605377.SH,华旺科技,20201228,,其他
836675.BJ,秉扬科技,20201228,,其他
920510.BJ,丰光精密,20201228,,其他
