ts_code,name,case_id,violation_type,window_start,window_end,trade_date,alert,vol_ratio,pct_chg,vol,ma20_vol,turnover_start,turnover_end,slope,lookback_days,window_days,days_above_ma20,avg_vol_ratio,max_vol_ratio,vol_ratio_ma60,ma60_vol,amplitude,turnover_rate,consecutive_days,max_pct_chg_abs,avg_amplitude,max_amplitude,pre_avg_vol,post_avg_vol,pre_window,post_window
000530.SZ,冰山冷热,〔2024〕29号,内幕交易,20220521,20220710,20220602,D9,1.52,2.51,446729.45,294175.0,,,,,,,,,,,,,,,,,,,,
000530.SZ,冰山冷热,〔2024〕29号,内幕交易,20220521,20220710,20220623,D11,,,,,2.5,9.53,0.287,10.0,,,,,,,,,,,,,,,,
000530.SZ,冰山冷热,〔2024〕29号,内幕交易,20220521,20220710,20220629,D11,,,,,2.51,29.27,2.144,10.0,,,,,,,,,,,,,,,,
000530.SZ,冰山冷热,〔2024〕29号,内幕交易,20220521,20220710,20220629,D12,,,,,,,,,10.0,5.0,1.65,4.62,,,,,,,,,,,,
000530.SZ,冰山冷热,〔2024〕29号,内幕交易,20220521,20220710,20220630,D11,,,,,2.69,17.33,2.241,10.0,,,,,,,,,,,,,,,,
000530.SZ,冰山冷热,〔2024〕29号,内幕交易,20220521,20220710,20220630,D12,,,,,,,,,10.0,6.0,1.85,4.62,,,,,,,,,,,,
000530.SZ,冰山冷热,〔2024〕29号,内幕交易,20220521,20220710,20220701,D9,1.3,-0.66,550003.62,422421.0,,,,,,,,,,,,,,,,,,,,
000530.SZ,冰山冷热,〔2024〕29号,内幕交易,20220521,20220710,20220701,D12,,,,,,,,,10.0,7.0,1.91,4.62,,,,,,,,,,,,
000530.SZ,冰山冷热,〔2024〕29号,内幕交易,20220521,20220710,20220704,D12,,,,,,,,,10.0,8.0,1.93,4.62,,,,,,,,,,,,
000530.SZ,冰山冷热,〔2024〕29号,内幕交易,20220521,20220710,20220705,D11,,,,,2.6,6.86,0.417,10.0,,,,,,,,,,,,,,,,
000530.SZ,冰山冷热,〔2024〕29号,内幕交易,20220521,20220710,20220705,D12,,,,,,,,,10.0,8.0,1.94,4.62,,,,,,,,,,,,
000530.SZ,冰山冷热,〔2024〕29号,内幕交易,20220521,20220710,20220706,D12,,,,,,,,,10.0,8.0,1.95,4.62,,,,,,,,,,,,
000530.SZ,冰山冷热,〔2024〕29号,内幕交易,20220521,20220710,20220707,D12,,,,,,,,,10.0,7.0,1.83,4.62,,,,,,,,,,,,
000530.SZ,冰山冷热,〔2024〕29号,内幕交易,20220521,20220710,20220708,D12,,,,,,,,,10.0,6.0,1.7,4.62,,,,,,,,,,,,
000538.SZ,云南白药,〔2021〕17号,操纵市场,20180717,20180905,20180717,D12,,,,,,,,,10.0,6.0,1.1,1.72,,,,,,,,,,,,
000538.SZ,云南白药,〔2021〕17号,操纵市场,20180717,20180905,20180718,D12,,,,,,,,,10.0,6.0,1.11,1.72,,,,,,,,,,,,
000538.SZ,云南白药,〔2021〕17号,操纵市场,20180717,20180905,20180719,D12,,,,,,,,,10.0,5.0,1.08,1.72,,,,,,,,,,,,
000538.SZ,云南白药,〔2021〕17号,操纵市场,20180717,20180905,20180720,D12,,,,,,,,,10.0,5.0,1.07,1.72,,,,,,,,,,,,
000538.SZ,云南白药,〔2021〕17号,操纵市场,20180717,20180905,20180723,D12,,,,,,,,,10.0,5.0,1.16,1.87,,,,,,,,,,,,
000538.SZ,云南白药,〔2021〕17号,操纵市场,20180717,20180905,20180724,D9,1.52,0.9,46927.33,30952.0,,,,,,,,,,,,,,,,,,,,
000538.SZ,云南白药,〔2021〕17号,操纵市场,20180717,20180905,20180724,D12,,,,,,,,,10.0,5.0,1.14,1.87,,,,,,,,,,,,
000538.SZ,云南白药,〔2021〕17号,操纵市场,20180717,20180905,20180725,D12,,,,,,,,,10.0,5.0,1.13,1.87,,,,,,,,,,,,
000538.SZ,云南白药,〔2021〕17号,操纵市场,20180717,20180905,20180731,D8,,,12926.97,,,,,,,,,,0.34,38056.0,1.46,0.12,,,,,,,,
000538.SZ,云南白药,〔2021〕17号,操纵市场,20180717,20180905,20180807,D9,1.24,0.5,35138.05,28413.0,,,,,,,,,,,,,,,,,,,,
000538.SZ,云南白药,〔2021〕17号,操纵市场,20180717,20180905,20180813,D9,1.34,-1.83,36347.16,27024.0,,,,,,,,,,,,,,,,,,,,
000538.SZ,云南白药,〔2021〕17号,操纵市场,20180717,20180905,20180813,D10,,,,,,,,,,,1.19,,,,,,3.0,2.0,,,,,,
000538.SZ,云南白药,〔2021〕17号,操纵市场,20180717,20180905,20180814,D10,,,,,,,,,,,1.2,,,,,,3.0,2.0,,,,,,
000538.SZ,云南白药,〔2021〕17号,操纵市场,20180717,20180905,20180814,D12,,,,,,,,,10.0,5.0,1.05,1.34,,,,,,,,,,,,
000538.SZ,云南白药,〔2021〕17号,操纵市场,20180717,20180905,20180815,D9,1.39,-2.39,39629.98,28447.0,,,,,,,,,,,,,,,,,,,,
000538.SZ,云南白药,〔2021〕17号,操纵市场,20180717,20180905,20180815,D10,,,,,,,,,,,1.3,,,,,,3.0,2.39,,,,,,
000538.SZ,云南白药,〔2021〕17号,操纵市场,20180717,20180905,20180815,D12,,,,,,,,,10.0,6.0,1.1,1.39,,,,,,,,,,,,
000538.SZ,云南白药,〔2021〕17号,操纵市场,20180717,20180905,20180815,D13,,,,,,,,,,,,,,,,,5.0,,2.88,3.37,,,,
000538.SZ,云南白药,〔2021〕17号,操纵市场,20180717,20180905,20180816,D9,1.25,-1.37,36729.58,29330.0,,,,,,,,,,,,,,,,,,,,
000538.SZ,云南白药,〔2021〕17号,操纵市场,20180717,20180905,20180816,D10,,,,,,,,,,,1.27,,,,,,3.0,2.39,,,,,,
000538.SZ,云南白药,〔2021〕17号,操纵市场,20180717,20180905,20180816,D12,,,,,,,,,10.0,7.0,1.13,1.39,,,,,,,,,,,,
000538.SZ,云南白药,〔2021〕17号,操纵市场,20180717,20180905,20180816,D13,,,,,,,,,,,,,,,,,5.0,,2.68,3.2,,,,
000538.SZ,云南白药,〔2021〕17号,操纵市场,20180717,20180905,20180817,D12,,,,,,,,,10.0,8.0,1.17,1.39,,,,,,,,,,,,
000538.SZ,云南白药,〔2021〕17号,操纵市场,20180717,20180905,20180817,D13,,,,,,,,,,,,,,,,,5.0,,3.13,4.97,,,,
000538.SZ,云南白药,〔2021〕17号,操纵市场,20180717,20180905,20180820,D12,,,,,,,,,10.0,9.0,1.45,3.76,,,,,,,,,,,,
000538.SZ,云南白药,〔2021〕17号,操纵市场,20180717,20180905,20180821,D9,1.97,2.0,69347.44,35239.0,,,,,,,,,,,,,,,,,,,,
000538.SZ,云南白药,〔2021〕17号,操纵市场,20180717,20180905,20180821,D12,,,,,,,,,10.0,9.0,1.52,3.76,,,,,,,,,,,,
000538.SZ,云南白药,〔2021〕17号,操纵市场,20180717,20180905,20180822,D9,1.21,-1.83,44018.44,36314.0,,,,,,,,,,,,,,,,,,,,
000538.SZ,云南白药,〔2021〕17号,操纵市场,20180717,20180905,20180822,D12,,,,,,,,,10.0,10.0,1.57,3.76,,,,,,,,,,,,
000538.SZ,云南白药,〔2021〕17号,操纵市场,20180717,20180905,20180823,D12,,,,,,,,,10.0,9.0,1.53,3.76,,,,,,,,,,,,
000538.SZ,云南白药,〔2021〕17号,操纵市场,20180717,20180905,20180824,D12,,,,,,,,,10.0,9.0,1.53,3.76,,,,,,,,,,,,
000538.SZ,云南白药,〔2021〕17号,操纵市场,20180717,20180905,20180827,D12,,,,,,,,,10.0,9.0,1.57,3.76,,,,,,,,,,,,
000538.SZ,云南白药,〔2021〕17号,操纵市场,20180717,20180905,20180828,D9,1.58,-2.07,67684.11,42964.0,,,,,,,,,,,,,,,,,,,,
000538.SZ,云南白药,〔2021〕17号,操纵市场,20180717,20180905,20180828,D12,,,,,,,,,10.0,9.0,1.61,3.76,,,,,,,,,,,,
000538.SZ,云南白药,〔2021〕17号,操纵市场,20180717,20180905,20180829,D12,,,,,,,,,10.0,8.0,1.55,3.76,,,,,,,,,,,,
000538.SZ,云南白药,〔2021〕17号,操纵市场,20180717,20180905,20180830,D12,,,,,,,,,10.0,7.0,1.51,3.76,,,,,,,,,,,,
000538.SZ,云南白药,〔2021〕17号,操纵市场,20180717,20180905,20180831,D12,,,,,,,,,10.0,6.0,1.45,3.76,,,,,,,,,,,,
000538.SZ,云南白药,〔2021〕17号,操纵市场,20180717,20180905,20180903,D12,,,,,,,,,10.0,5.0,1.14,1.97,,,,,,,,,,,,
000659.SZ,*ST中富,〔2021〕93号、〔2021〕94号,操纵市场,20150809,20150928,20150911,D9,2.38,-1.55,1397365.73,586133.0,,,,,,,,,,,,,,,,,,,,
000659.SZ,*ST中富,〔2021〕93号、〔2021〕94号,操纵市场,20150809,20150928,20150916,D9,1.53,1.45,1018139.88,664060.0,,,,,,,,,,,,,,,,,,,,
000659.SZ,*ST中富,〔2021〕93号、〔2021〕94号,操纵市场,20150809,20150928,20150916,D12,,,,,,,,,10.0,5.0,1.15,3.09,,,,,,,,,,,,
000659.SZ,*ST中富,〔2021〕93号、〔2021〕94号,操纵市场,20150809,20150928,20150917,D12,,,,,,,,,10.0,6.0,1.26,3.09,,,,,,,,,,,,
000659.SZ,*ST中富,〔2021〕93号、〔2021〕94号,操纵市场,20150809,20150928,20150918,D9,1.27,1.81,807392.79,634690.0,,,,,,,,,,,,,,,,,,,,
000659.SZ,*ST中富,〔2021〕93号、〔2021〕94号,操纵市场,20150809,20150928,20150918,D12,,,,,,,,,10.0,6.0,1.08,2.88,,,,,,,,,,,,
000659.SZ,*ST中富,〔2021〕93号、〔2021〕94号,操纵市场,20150809,20150928,20150921,D11,,,,,0.08,5.0,0.595,10.0,,,,,,,,,,,,,,,,
000659.SZ,*ST中富,〔2021〕93号、〔2021〕94号,操纵市场,20150809,20150928,20150921,D12,,,,,,,,,10.0,5.0,0.89,2.38,,,,,,,,,,,,
000659.SZ,*ST中富,〔2021〕93号、〔2021〕94号,操纵市场,20150809,20150928,20150922,D11,,,,,0.55,4.72,0.334,10.0,,,,,,,,,,,,,,,,
000659.SZ,*ST中富,〔2021〕93号、〔2021〕94号,操纵市场,20150809,20150928,20150922,D12,,,,,,,,,10.0,5.0,0.99,2.38,,,,,,,,,,,,
000659.SZ,*ST中富,〔2021〕93号、〔2021〕94号,操纵市场,20150809,20150928,20150923,D12,,,,,,,,,10.0,5.0,1.06,2.38,,,,,,,,,,,,
000659.SZ,*ST中富,〔2021〕93号、〔2021〕94号,操纵市场,20150809,20150928,20150924,D12,,,,,,,,,10.0,6.0,1.15,2.38,,,,,,,,,,,,
000659.SZ,*ST中富,〔2021〕93号、〔2021〕94号,操纵市场,20150809,20150928,20150925,D12,,,,,,,,,10.0,5.0,1.0,1.53,,,,,,,,,,,,
000683.SZ,远兴能源,〔2023〕36号,操纵市场,20170501,20170620,20170518,D8,,,163837.48,,,,,,,,,,0.46,358585.0,2.24,0.86,,,,,,,,
000683.SZ,远兴能源,〔2023〕36号,操纵市场,20170501,20170620,20170525,D9,1.34,1.15,340774.65,253547.0,,,,,,,,,,,,,,,,,,,,
000683.SZ,远兴能源,〔2023〕36号,操纵市场,20170501,20170620,20170606,D8,,,114016.05,,,,,,,,,,0.37,310372.0,1.15,0.6,,,,,,,,
000683.SZ,远兴能源,〔2023〕36号,操纵市场,20170501,20170620,20170612,D8,,,141515.52,,,,,,,,,,0.48,297046.0,1.13,0.74,,,,,,,,
000683.SZ,远兴能源,〔2023〕36号,操纵市场,20170501,20170620,20170615,D9,1.3,1.13,277050.97,212565.0,,,,,,,,,,,,,,,,,,,,
000703.SZ,恒逸石化,〔2024〕3号、〔2024〕4号、〔2024〕5号,操纵市场,20171119,20180108,20171120,D12,,,,,,,,,10.0,6.0,1.46,3.78,,,,,,,,,,,,
000703.SZ,恒逸石化,〔2024〕3号、〔2024〕4号、〔2024〕5号,操纵市场,20171119,20180108,20171121,D9,1.32,-1.36,101340.32,77055.0,,,,,,,,,,,,,,,,,,,,
000703.SZ,恒逸石化,〔2024〕3号、〔2024〕4号、〔2024〕5号,操纵市场,20171119,20180108,20171121,D12,,,,,,,,,10.0,6.0,1.43,3.78,,,,,,,,,,,,
000703.SZ,恒逸石化,〔2024〕3号、〔2024〕4号、〔2024〕5号,操纵市场,20171119,20180108,20171121,D14,2.09,,,,,,,,,,,,,,,,,,,,36877.0,77055.0,20.0,20.0
000703.SZ,恒逸石化,〔2024〕3号、〔2024〕4号、〔2024〕5号,操纵市场,20171119,20180108,20171122,D9,1.32,-0.78,104715.65,79345.0,,,,,,,,,,,,,,,,,,,,
000703.SZ,恒逸石化,〔2024〕3号、〔2024〕4号、〔2024〕5号,操纵市场,20171119,20180108,20171122,D12,,,,,,,,,10.0,6.0,1.43,3.78,,,,,,,,,,,,
000703.SZ,恒逸石化,〔2024〕3号、〔2024〕4号、〔2024〕5号,操纵市场,20171119,20180108,20171122,D14,2.11,,,,,,,,,,,,,,,,,,,,37547.0,79345.0,20.0,20.0
000703.SZ,恒逸石化,〔2024〕3号、〔2024〕4号、〔2024〕5号,操纵市场,20171119,20180108,20171123,D10,,,,,,,,,,,1.27,,,,,,3.0,1.36,,,,,,
000703.SZ,恒逸石化,〔2024〕3号、〔2024〕4号、〔2024〕5号,操纵市场,20171119,20180108,20171123,D12,,,,,,,,,10.0,7.0,1.49,3.78,,,,,,,,,,,,
000703.SZ,恒逸石化,〔2024〕3号、〔2024〕4号、〔2024〕5号,操纵市场,20171119,20180108,20171124,D12,,,,,,,,,10.0,7.0,1.5,3.78,,,,,,,,,,,,
000703.SZ,恒逸石化,〔2024〕3号、〔2024〕4号、〔2024〕5号,操纵市场,20171119,20180108,20171124,D14,2.01,,,,,,,,,,,,,,,,,,,,40668.0,81559.0,20.0,20.0
000703.SZ,恒逸石化,〔2024〕3号、〔2024〕4号、〔2024〕5号,操纵市场,20171119,20180108,20171127,D9,2.03,0.6,178268.93,88033.0,,,,,,,,,,,,,,,,,,,,
000703.SZ,恒逸石化,〔2024〕3号、〔2024〕4号、〔2024〕5号,操纵市场,20171119,20180108,20171127,D12,,,,,,,,,10.0,8.0,1.63,3.78,,,,,,,,,,,,
000703.SZ,恒逸石化,〔2024〕3号、〔2024〕4号、〔2024〕5号,操纵市场,20171119,20180108,20171127,D14,2.1,,,,,,,,,,,,,,,,,,,,41928.0,88033.0,20.0,20.0
000703.SZ,恒逸石化,〔2024〕3号、〔2024〕4号、〔2024〕5号,操纵市场,20171119,20180108,20171128,D12,,,,,,,,,10.0,9.0,1.88,3.78,,,,,,,,,,,,
000703.SZ,恒逸石化,〔2024〕3号、〔2024〕4号、〔2024〕5号,操纵市场,20171119,20180108,20171128,D14,2.48,,,,,,,,,,,,,,,,,,,,42144.0,104683.0,20.0,20.0
000703.SZ,恒逸石化,〔2024〕3号、〔2024〕4号、〔2024〕5号,操纵市场,20171119,20180108,20171129,D12,,,,,,,,,10.0,9.0,2.09,3.78,,,,,,,,,,,,
000703.SZ,恒逸石化,〔2024〕3号、〔2024〕4号、〔2024〕5号,操纵市场,20171119,20180108,20171129,D14,2.72,,,,,,,,,,,,,,,,,,,,44274.0,120444.0,20.0,20.0
000703.SZ,恒逸石化,〔2024〕3号、〔2024〕4号、〔2024〕5号,操纵市场,20171119,20180108,20171130,D12,,,,,,,,,10.0,9.0,1.91,3.51,,,,,,,,,,,,
000703.SZ,恒逸石化,〔2024〕3号、〔2024〕4号、〔2024〕5号,操纵市场,20171119,20180108,20171130,D14,2.8,,,,,,,,,,,,,,,,,,,,46052.0,129117.0,20.0,20.0
000703.SZ,恒逸石化,〔2024〕3号、〔2024〕4号、〔2024〕5号,操纵市场,20171119,20180108,20171201,D9,1.26,-0.5,168431.98,134061.0,,,,,,,,,,,,,,,,,,,,
000703.SZ,恒逸石化,〔2024〕3号、〔2024〕4号、〔2024〕5号,操纵市场,20171119,20180108,20171201,D11,,,,,0.67,1.14,0.164,10.0,,,,,,,,,,,,,,,,
000703.SZ,恒逸石化,〔2024〕3号、〔2024〕4号、〔2024〕5号,操纵市场,20171119,20180108,20171201,D12,,,,,,,,,10.0,9.0,1.8,3.51,,,,,,,,,,,,
000703.SZ,恒逸石化,〔2024〕3号、〔2024〕4号、〔2024〕5号,操纵市场,20171119,20180108,20171201,D14,2.77,,,,,,,,,,,,,,,,,,,,48415.0,134061.0,20.0,20.0
000703.SZ,恒逸石化,〔2024〕3号、〔2024〕4号、〔2024〕5号,操纵市场,20171119,20180108,20171204,D9,2.02,0.78,293596.89,145593.0,,,,,,,,,,,,,,,,,,,,
000703.SZ,恒逸石化,〔2024〕3号、〔2024〕4号、〔2024〕5号,操纵市场,20171119,20180108,20171204,D11,,,,,0.69,1.99,0.167,10.0,,,,,,,,,,,,,,,,
000703.SZ,恒逸石化,〔2024〕3号、〔2024〕4号、〔2024〕5号,操纵市场,20171119,20180108,20171204,D12,,,,,,,,,10.0,9.0,1.87,3.51,,,,,,,,,,,,
000703.SZ,恒逸石化,〔2024〕3号、〔2024〕4号、〔2024〕5号,操纵市场,20171119,20180108,20171204,D14,2.94,,,,,,,,,,,,,,,,,,,,49596.0,145593.0,20.0,20.0
000703.SZ,恒逸石化,〔2024〕3号、〔2024〕4号、〔2024〕5号,操纵市场,20171119,20180108,20171205,D9,1.22,-1.89,183760.67,150788.0,,,,,,,,,,,,,,,,,,,,
000703.SZ,恒逸石化,〔2024〕3号、〔2024〕4号、〔2024〕5号,操纵市场,20171119,20180108,20171205,D10,,,,,,,,,,,1.5,,,,,,3.0,1.89,,,,,,
000703.SZ,恒逸石化,〔2024〕3号、〔2024〕4号、〔2024〕5号,操纵市场,20171119,20180108,20171205,D12,,,,,,,,,10.0,9.0,1.86,3.51,,,,,,,,,,,,
000703.SZ,恒逸石化,〔2024〕3号、〔2024〕4号、〔2024〕5号,操纵市场,20171119,20180108,20171205,D14,2.95,,,,,,,,,,,,,,,,,,,,51158.0,150788.0,20.0,20.0
000703.SZ,恒逸石化,〔2024〕3号、〔2024〕4号、〔2024〕5号,操纵市场,20171119,20180108,20171206,D9,1.2,2.55,188276.16,156723.0,,,,,,,,,,,,,,,,,,,,
000703.SZ,恒逸石化,〔2024〕3号、〔2024〕4号、〔2024〕5号,操纵市场,20171119,20180108,20171206,D10,,,,,,,,,,,1.48,,,,,,3.0,2.55,,,,,,
000703.SZ,恒逸石化,〔2024〕3号、〔2024〕4号、〔2024〕5号,操纵市场,20171119,20180108,20171206,D12,,,,,,,,,10.0,9.0,1.85,3.51,,,,,,,,,,,,
000703.SZ,恒逸石化,〔2024〕3号、〔2024〕4号、〔2024〕5号,操纵市场,20171119,20180108,20171206,D14,3.0,,,,,,,,,,,,,,,,,,,,52192.0,156723.0,20.0,20.0
000703.SZ,恒逸石化,〔2024〕3号、〔2024〕4号、〔2024〕5号,操纵市场,20171119,20180108,20171207,D12,,,,,,,,,10.0,9.0,1.91,3.51,,,,,,,,,,,,
000703.SZ,恒逸石化,〔2024〕3号、〔2024〕4号、〔2024〕5号,操纵市场,20171119,20180108,20171207,D14,3.26,,,,,,,,,,,,,,,,,,,,52273.0,170185.0,20.0,20.0
000703.SZ,恒逸石化,〔2024〕3号、〔2024〕4号、〔2024〕5号,操纵市场,20171119,20180108,20171208,D12,,,,,,,,,10.0,10.0,2.0,3.51,,,,,,,,,,,,
000703.SZ,恒逸石化,〔2024〕3号、〔2024〕4号、〔2024〕5号,操纵市场,20171119,20180108,20171208,D14,3.46,,,,,,,,,,,,,,,,,,,,53518.0,185140.0,20.0,20.0
000703.SZ,恒逸石化,〔2024〕3号、〔2024〕4号、〔2024〕5号,操纵市场,20171119,20180108,20171211,D9,1.46,0.35,289078.22,197401.0,,,,,,,,,,,,,,,,,,,,
000703.SZ,恒逸石化,〔2024〕3号、〔2024〕4号、〔2024〕5号,操纵市场,20171119,20180108,20171211,D12,,,,,,,,,10.0,10.0,1.94,3.51,,,,,,,,,,,,
000703.SZ,恒逸石化,〔2024〕3号、〔2024〕4号、〔2024〕5号,操纵市场,20171119,20180108,20171211,D14,3.67,,,,,,,,,,,,,,,,,,,,53834.0,197401.0,20.0,20.0
000703.SZ,恒逸石化,〔2024〕3号、〔2024〕4号、〔2024〕5号,操纵市场,20171119,20180108,20171212,D12,,,,,,,,,10.0,9.0,1.67,3.16,,,,,,,,,,,,
000703.SZ,恒逸石化,〔2024〕3号、〔2024〕4号、〔2024〕5号,操纵市场,20171119,20180108,20171212,D14,3.76,,,,,,,,,,,,,,,,,,,,53971.0,203027.0,20.0,20.0
000703.SZ,恒逸石化,〔2024〕3号、〔2024〕4号、〔2024〕5号,操纵市场,20171119,20180108,20171213,D12,,,,,,,,,10.0,9.0,1.48,2.02,,,,,,,,,,,,
000703.SZ,恒逸石化,〔2024〕3号、〔2024〕4号、〔2024〕5号,操纵市场,20171119,20180108,20171213,D14,3.91,,,,,,,,,,,,,,,,,,,,54648.0,213851.0,20.0,20.0
000703.SZ,恒逸石化,〔2024〕3号、〔2024〕4号、〔2024〕5号,操纵市场,20171119,20180108,20171214,D12,,,,,,,,,10.0,9.0,1.5,2.1,,,,,,,,,,,,
000703.SZ,恒逸石化,〔2024〕3号、〔2024〕4号、〔2024〕5号,操纵市场,20171119,20180108,20171214,D14,3.44,,,,,,,,,,,,,,,,,,,,65432.0,225084.0,20.0,20.0
000703.SZ,恒逸石化,〔2024〕3号、〔2024〕4号、〔2024〕5号,操纵市场,20171119,20180108,20171215,D9,1.27,-2.39,292536.78,231193.0,,,,,,,,,,,,,,,,,,,,
000703.SZ,恒逸石化,〔2024〕3号、〔2024〕4号、〔2024〕5号,操纵市场,20171119,20180108,20171215,D12,,,,,,,,,10.0,9.0,1.5,2.1,,,,,,,,,,,,
000703.SZ,恒逸石化,〔2024〕3号、〔2024〕4号、〔2024〕5号,操纵市场,20171119,20180108,20171215,D14,3.18,,,,,,,,,,,,,,,,,,,,72669.0,231193.0,20.0,20.0
000703.SZ,恒逸石化,〔2024〕3号、〔2024〕4号、〔2024〕5号,操纵市场,20171119,20180108,20171218,D12,,,,,,,,,10.0,8.0,1.38,2.1,,,,,,,,,,,,
000703.SZ,恒逸石化,〔2024〕3号、〔2024〕4号、〔2024〕5号,操纵市场,20171119,20180108,20171218,D14,3.16,,,,,,,,,,,,,,,,,,,,74936.0,236575.0,20.0,20.0
000703.SZ,恒逸石化,〔2024〕3号、〔2024〕4号、〔2024〕5号,操纵市场,20171119,20180108,20171219,D12,,,,,,,,,10.0,8.0,1.41,2.1,,,,,,,,,,,,
000703.SZ,恒逸石化,〔2024〕3号、〔2024〕4号、〔2024〕5号,操纵市场,20171119,20180108,20171219,D14,3.25,,,,,,,,,,,,,,,,,,,,77055.0,250638.0,20.0,20.0
000703.SZ,恒逸石化,〔2024〕3号、〔2024〕4号、〔2024〕5号,操纵市场,20171119,20180108,20171220,D9,1.26,0.0,328956.42,261850.0,,,,,,,,,,,,,,,,,,,,
000703.SZ,恒逸石化,〔2024〕3号、〔2024〕4号、〔2024〕5号,操纵市场,20171119,20180108,20171220,D12,,,,,,,,,10.0,8.0,1.42,2.1,,,,,,,,,,,,
000703.SZ,恒逸石化,〔2024〕3号、〔2024〕4号、〔2024〕5号,操纵市场,20171119,20180108,20171220,D14,3.3,,,,,,,,,,,,,,,,,,,,79345.0,261850.0,20.0,20.0
000703.SZ,恒逸石化,〔2024〕3号、〔2024〕4号、〔2024〕5号,操纵市场,20171119,20180108,20171221,D12,,,,,,,,,10.0,7.0,1.32,2.1,,,,,,,,,,,,
000703.SZ,恒逸石化,〔2024〕3号、〔2024〕4号、〔2024〕5号,操纵市场,20171119,20180108,20171221,D14,3.35,,,,,,,,,,,,,,,,,,,,79878.0,267560.0,20.0,20.0
000703.SZ,恒逸石化,〔2024〕3号、〔2024〕4号、〔2024〕5号,操纵市场,20171119,20180108,20171222,D12,,,,,,,,,10.0,7.0,1.24,2.1,,,,,,,,,,,,
000703.SZ,恒逸石化,〔2024〕3号、〔2024〕4号、〔2024〕5号,操纵市场,20171119,20180108,20171222,D14,3.42,,,,,,,,,,,,,,,,,,,,81559.0,278660.0,20.0,20.0
000703.SZ,恒逸石化,〔2024〕3号、〔2024〕4号、〔2024〕5号,操纵市场,20171119,20180108,20171225,D12,,,,,,,,,10.0,7.0,1.21,2.1,,,,,,,,,,,,
000703.SZ,恒逸石化,〔2024〕3号、〔2024〕4号、〔2024〕5号,操纵市场,20171119,20180108,20171225,D14,3.25,,,,,,,,,,,,,,,,,,,,88033.0,286149.0,20.0,20.0
000703.SZ,恒逸石化,〔2024〕3号、〔2024〕4号、〔2024〕5号,操纵市场,20171119,20180108,20171226,D12,,,,,,,,,10.0,7.0,1.2,2.1,,,,,,,,,,,,
000703.SZ,恒逸石化,〔2024〕3号、〔2024〕4号、〔2024〕5号,操纵市场,20171119,20180108,20171226,D14,2.65,,,,,,,,,,,,,,,,,,,,104683.0,277400.0,20.0,20.0
000703.SZ,恒逸石化,〔2024〕3号、〔2024〕4号、〔2024〕5号,操纵市场,20171119,20180108,20171227,D12,,,,,,,,,10.0,6.0,1.16,2.1,,,,,,,,,,,,
000703.SZ,恒逸石化,〔2024〕3号、〔2024〕4号、〔2024〕5号,操纵市场,20171119,20180108,20171227,D14,2.25,,,,,,,,,,,,,,,,,,,,120444.0,270884.0,20.0,20.0
000703.SZ,恒逸石化,〔2024〕3号、〔2024〕4号、〔2024〕5号,操纵市场,20171119,20180108,20171228,D12,,,,,,,,,10.0,5.0,1.02,1.53,,,,,,,,,,,,
000703.SZ,恒逸石化,〔2024〕3号、〔2024〕4号、〔2024〕5号,操纵市场,20171119,20180108,20171228,D14,2.07,,,,,,,,,,,,,,,,,,,,129117.0,266790.0,20.0,20.0
000723.SZ,美锦能源,〔2023〕36号,操纵市场,20150429,20150618,20150505,D9,1.41,-1.97,213104.69,151636.0,,,,,,,,,,,,,,,,,,,,
000723.SZ,美锦能源,〔2023〕36号,操纵市场,20150429,20150618,20150507,D12,,,,,,,,,10.0,5.0,1.11,1.97,,,,,,,,,,,,
000723.SZ,美锦能源,〔2023〕36号,操纵市场,20150429,20150618,20150508,D12,,,,,,,,,10.0,5.0,1.11,1.97,,,,,,,,,,,,
000723.SZ,美锦能源,〔2023〕36号,操纵市场,20150429,20150618,20150511,D12,,,,,,,,,10.0,6.0,1.15,1.97,,,,,,,,,,,,
000723.SZ,美锦能源,〔2023〕36号,操纵市场,20150429,20150618,20150512,D12,,,,,,,,,10.0,7.0,1.16,1.97,,,,,,,,,,,,
000723.SZ,美锦能源,〔2023〕36号,操纵市场,20150429,20150618,20150513,D12,,,,,,,,,10.0,7.0,1.16,1.97,,,,,,,,,,,,
000723.SZ,美锦能源,〔2023〕36号,操纵市场,20150429,20150618,20150514,D12,,,,,,,,,10.0,7.0,1.17,1.97,,,,,,,,,,,,
000723.SZ,美锦能源,〔2023〕36号,操纵市场,20150429,20150618,20150515,D12,,,,,,,,,10.0,7.0,1.15,1.97,,,,,,,,,,,,
000723.SZ,美锦能源,〔2023〕36号,操纵市场,20150429,20150618,20150518,D12,,,,,,,,,10.0,6.0,1.08,1.97,,,,,,,,,,,,
000723.SZ,美锦能源,〔2023〕36号,操纵市场,20150429,20150618,20150519,D12,,,,,,,,,10.0,5.0,0.99,1.97,,,,,,,,,,,,
000723.SZ,美锦能源,〔2023〕36号,操纵市场,20150429,20150618,20150527,D12,,,,,,,,,10.0,5.0,0.91,1.3,,,,,,,,,,,,
000723.SZ,美锦能源,〔2023〕36号,操纵市场,20150429,20150618,20150528,D12,,,,,,,,,10.0,6.0,0.96,1.3,,,,,,,,,,,,
000723.SZ,美锦能源,〔2023〕36号,操纵市场,20150429,20150618,20150529,D12,,,,,,,,,10.0,6.0,0.97,1.3,,,,,,,,,,,,
000723.SZ,美锦能源,〔2023〕36号,操纵市场,20150429,20150618,20150601,D12,,,,,,,,,10.0,6.0,0.97,1.3,,,,,,,,,,,,
000723.SZ,美锦能源,〔2023〕36号,操纵市场,20150429,20150618,20150602,D8,,,15921.56,,,,,,,,,,0.11,144707.0,0.0,0.82,,,,,,,,
000723.SZ,美锦能源,〔2023〕36号,操纵市场,20150429,20150618,20150602,D12,,,,,,,,,10.0,6.0,0.93,1.3,,,,,,,,,,,,
000723.SZ,美锦能源,〔2023〕36号,操纵市场,20150429,20150618,20150603,D12,,,,,,,,,10.0,6.0,0.93,1.3,,,,,,,,,,,,
000723.SZ,美锦能源,〔2023〕36号,操纵市场,20150429,20150618,20150604,D12,,,,,,,,,10.0,6.0,1.09,2.71,,,,,,,,,,,,
000723.SZ,美锦能源,〔2023〕36号,操纵市场,20150429,20150618,20150605,D12,,,,,,,,,10.0,5.0,1.04,2.71,,,,,,,,,,,,
000723.SZ,美锦能源,〔2023〕36号,操纵市场,20150429,20150618,20150608,D12,,,,,,,,,10.0,5.0,1.19,2.71,,,,,,,,,,,,
000723.SZ,美锦能源,〔2023〕36号,操纵市场,20150429,20150618,20150609,D12,,,,,,,,,10.0,5.0,1.31,2.71,,,,,,,,,,,,
000723.SZ,美锦能源,〔2023〕36号,操纵市场,20150429,20150618,20150610,D12,,,,,,,,,10.0,5.0,1.37,2.71,,,,,,,,,,,,
000723.SZ,美锦能源,〔2023〕36号,操纵市场,20150429,20150618,20150611,D12,,,,,,,,,10.0,5.0,1.38,2.71,,,,,,,,,,,,
000812.SZ,陕西金叶,〔2023〕8号,操纵市场,20181022,20181211,20181023,D12,,,,,,,,,10.0,5.0,1.55,3.46,,,,,,,,,,,,
000812.SZ,陕西金叶,〔2023〕8号,操纵市场,20181022,20181211,20181024,D9,1.89,0.31,245604.31,129975.0,,,,,,,,,,,,,,,,,,,,
000812.SZ,陕西金叶,〔2023〕8号,操纵市场,20181022,20181211,20181024,D10,,,,,,,,,,,2.69,,,,,,3.0,3.0,,,,,,
000812.SZ,陕西金叶,〔2023〕8号,操纵市场,20181022,20181211,20181024,D12,,,,,,,,,10.0,6.0,1.7,3.46,,,,,,,,,,,,
000812.SZ,陕西金叶,〔2023〕8号,操纵市场,20181022,20181211,20181025,D9,1.67,0.63,222614.96,133245.0,,,,,,,,,,,,,,,,,,,,
000812.SZ,陕西金叶,〔2023〕8号,操纵市场,20181022,20181211,20181025,D10,,,,,,,,,,,2.1,,,,,,3.0,2.91,,,,,,
000812.SZ,陕西金叶,〔2023〕8号,操纵市场,20181022,20181211,20181025,D12,,,,,,,,,10.0,6.0,1.69,3.46,,,,,,,,,,,,
000812.SZ,陕西金叶,〔2023〕8号,操纵市场,20181022,20181211,20181026,D9,1.45,1.25,200506.53,137949.0,,,,,,,,,,,,,,,,,,,,
000812.SZ,陕西金叶,〔2023〕8号,操纵市场,20181022,20181211,20181026,D10,,,,,,,,,,,1.67,,,,,,3.0,1.25,,,,,,
000812.SZ,陕西金叶,〔2023〕8号,操纵市场,20181022,20181211,20181026,D12,,,,,,,,,10.0,6.0,1.72,3.46,,,,,,,,,,,,
000812.SZ,陕西金叶,〔2023〕8号,操纵市场,20181022,20181211,20181029,D12,,,,,,,,,10.0,6.0,1.72,3.46,,,,,,,,,,,,
000812.SZ,陕西金叶,〔2023〕8号,操纵市场,20181022,20181211,20181030,D12,,,,,,,,,10.0,7.0,1.77,3.46,,,,,,,,,,,,
000812.SZ,陕西金叶,〔2023〕8号,操纵市场,20181022,20181211,20181031,D12,,,,,,,,,10.0,7.0,1.8,3.46,,,,,,,,,,,,
000812.SZ,陕西金叶,〔2023〕8号,操纵市场,20181022,20181211,20181101,D12,,,,,,,,,10.0,8.0,1.83,3.46,,,,,,,,,,,,
000812.SZ,陕西金叶,〔2023〕8号,操纵市场,20181022,20181211,20181102,D9,1.28,1.52,201859.04,157122.0,,,,,,,,,,,,,,,,,,,,
000812.SZ,陕西金叶,〔2023〕8号,操纵市场,20181022,20181211,20181102,D12,,,,,,,,,10.0,8.0,1.65,3.46,,,,,,,,,,,,
000812.SZ,陕西金叶,〔2023〕8号,操纵市场,20181022,20181211,20181105,D12,,,,,,,,,10.0,8.0,1.53,2.74,,,,,,,,,,,,
000812.SZ,陕西金叶,〔2023〕8号,操纵市场,20181022,20181211,20181106,D12,,,,,,,,,10.0,7.0,1.34,2.22,,,,,,,,,,,,
000812.SZ,陕西金叶,〔2023〕8号,操纵市场,20181022,20181211,20181107,D9,1.44,1.46,270915.19,188460.0,,,,,,,,,,,,,,,,,,,,
000812.SZ,陕西金叶,〔2023〕8号,操纵市场,20181022,20181211,20181107,D12,,,,,,,,,10.0,7.0,1.29,2.22,,,,,,,,,,,,
000812.SZ,陕西金叶,〔2023〕8号,操纵市场,20181022,20181211,20181107,D14,2.05,,,,,,,,,,,,,,,,,,,,92078.0,188460.0,20.0,20.0
000812.SZ,陕西金叶,〔2023〕8号,操纵市场,20181022,20181211,20181108,D12,,,,,,,,,10.0,6.0,1.21,2.22,,,,,,,,,,,,
000812.SZ,陕西金叶,〔2023〕8号,操纵市场,20181022,20181211,20181108,D14,2.06,,,,,,,,,,,,,,,,,,,,91575.0,188607.0,20.0,20.0
000812.SZ,陕西金叶,〔2023〕8号,操纵市场,20181022,20181211,20181109,D12,,,,,,,,,10.0,5.0,1.12,2.22,,,,,,,,,,,,
000812.SZ,陕西金叶,〔2023〕8号,操纵市场,20181022,20181211,20181109,D14,2.08,,,,,,,,,,,,,,,,,,,,90811.0,188687.0,20.0,20.0
000812.SZ,陕西金叶,〔2023〕8号,操纵市场,20181022,20181211,20181112,D12,,,,,,,,,10.0,5.0,1.1,2.22,,,,,,,,,,,,
000812.SZ,陕西金叶,〔2023〕8号,操纵市场,20181022,20181211,20181112,D14,2.14,,,,,,,,,,,,,,,,,,,,89243.0,191311.0,20.0,20.0
000812.SZ,陕西金叶,〔2023〕8号,操纵市场,20181022,20181211,20181113,D12,,,,,,,,,10.0,5.0,1.11,2.22,,,,,,,,,,,,
000812.SZ,陕西金叶,〔2023〕8号,操纵市场,20181022,20181211,20181113,D14,2.31,,,,,,,,,,,,,,,,,,,,87021.0,200897.0,20.0,20.0
000812.SZ,陕西金叶,〔2023〕8号,操纵市场,20181022,20181211,20181114,D12,,,,,,,,,10.0,5.0,1.12,2.22,,,,,,,,,,,,
000812.SZ,陕西金叶,〔2023〕8号,操纵市场,20181022,20181211,20181114,D14,2.46,,,,,,,,,,,,,,,,,,,,84843.0,208417.0,20.0,20.0
000812.SZ,陕西金叶,〔2023〕8号,操纵市场,20181022,20181211,20181115,D14,2.53,,,,,,,,,,,,,,,,,,,,84119.0,212892.0,20.0,20.0
000812.SZ,陕西金叶,〔2023〕8号,操纵市场,20181022,20181211,20181116,D14,2.24,,,,,,,,,,,,,,,,,,,,93740.0,209648.0,20.0,20.0
000812.SZ,陕西金叶,〔2023〕8号,操纵市场,20181022,20181211,20181119,D11,,,,,2.25,5.88,0.204,10.0,,,,,,,,,,,,,,,,
000812.SZ,陕西金叶,〔2023〕8号,操纵市场,20181022,20181211,20181120,D9,2.09,2.04,453215.36,216743.0,,,,,,,,,,,,,,,,,,,,
000812.SZ,陕西金叶,〔2023〕8号,操纵市场,20181022,20181211,20181120,D12,,,,,,,,,10.0,5.0,1.15,2.09,,,,,,,,,,,,
000812.SZ,陕西金叶,〔2023〕8号,操纵市场,20181022,20181211,20181121,D11,,,,,2.4,8.96,0.687,10.0,,,,,,,,,,,,,,,,
000812.SZ,陕西金叶,〔2023〕8号,操纵市场,20181022,20181211,20181121,D12,,,,,,,,,10.0,5.0,1.26,2.56,,,,,,,,,,,,
000812.SZ,陕西金叶,〔2023〕8号,操纵市场,20181022,20181211,20181122,D9,1.56,0.0,377218.3,242184.0,,,,,,,,,,,,,,,,,,,,
000812.SZ,陕西金叶,〔2023〕8号,操纵市场,20181022,20181211,20181122,D11,,,,,1.57,5.64,0.67,10.0,,,,,,,,,,,,,,,,
000812.SZ,陕西金叶,〔2023〕8号,操纵市场,20181022,20181211,20181122,D12,,,,,,,,,10.0,6.0,1.33,2.56,,,,,,,,,,,,
000812.SZ,陕西金叶,〔2023〕8号,操纵市场,20181022,20181211,20181123,D11,,,,,1.89,4.95,0.521,10.0,,,,,,,,,,,,,,,,
000812.SZ,陕西金叶,〔2023〕8号,操纵市场,20181022,20181211,20181123,D12,,,,,,,,,10.0,7.0,1.41,2.56,,,,,,,,,,,,
000812.SZ,陕西金叶,〔2023〕8号,操纵市场,20181022,20181211,20181126,D12,,,,,,,,,10.0,7.0,1.41,2.56,,,,,,,,,,,,
000812.SZ,陕西金叶,〔2023〕8号,操纵市场,20181022,20181211,20181127,D12,,,,,,,,,10.0,6.0,1.35,2.56,,,,,,,,,,,,
000812.SZ,陕西金叶,〔2023〕8号,操纵市场,20181022,20181211,20181128,D12,,,,,,,,,10.0,6.0,1.3,2.56,,,,,,,,,,,,
000812.SZ,陕西金叶,〔2023〕8号,操纵市场,20181022,20181211,20181129,D12,,,,,,,,,10.0,6.0,1.3,2.56,,,,,,,,,,,,
000812.SZ,陕西金叶,〔2023〕8号,操纵市场,20181022,20181211,20181130,D12,,,,,,,,,10.0,5.0,1.23,2.56,,,,,,,,,,,,
000812.SZ,陕西金叶,〔2023〕8号,操纵市场,20181022,20181211,20181203,D12,,,,,,,,,10.0,5.0,1.15,2.56,,,,,,,,,,,,
000903.SZ,云内动力,〔2021〕101号、〔2021〕102号,操纵市场,20200211,20200401,20200211,D12,,,,,,,,,10.0,10.0,1.54,2.41,,,,,,,,,,,,
000903.SZ,云内动力,〔2021〕101号、〔2021〕102号,操纵市场,20200211,20200401,20200211,D14,2.07,,,,,,,,,,,,,,,,,,,,57132.0,118028.0,20.0,20.0
000903.SZ,云内动力,〔2021〕101号、〔2021〕102号,操纵市场,20200211,20200401,20200212,D12,,,,,,,,,10.0,9.0,1.39,1.9,,,,,,,,,,,,
000903.SZ,云内动力,〔2021〕101号、〔2021〕102号,操纵市场,20200211,20200401,20200212,D14,2.08,,,,,,,,,,,,,,,,,,,,57516.0,119759.0,20.0,20.0
000903.SZ,云内动力,〔2021〕101号、〔2021〕102号,操纵市场,20200211,20200401,20200213,D12,,,,,,,,,10.0,9.0,1.34,1.9,,,,,,,,,,,,
000903.SZ,云内动力,〔2021〕101号、〔2021〕102号,操纵市场,20200211,20200401,20200214,D12,,,,,,,,,10.0,8.0,1.24,1.9,,,,,,,,,,,,
000903.SZ,云内动力,〔2021〕101号、〔2021〕102号,操纵市场,20200211,20200401,20200217,D12,,,,,,,,,10.0,7.0,1.15,1.77,,,,,,,,,,,,
000903.SZ,云内动力,〔2021〕101号、〔2021〕102号,操纵市场,20200211,20200401,20200218,D12,,,,,,,,,10.0,6.0,1.08,1.77,,,,,,,,,,,,
000903.SZ,云内动力,〔2021〕101号、〔2021〕102号,操纵市场,20200211,20200401,20200219,D12,,,,,,,,,10.0,5.0,1.01,1.77,,,,,,,,,,,,
000903.SZ,云内动力,〔2021〕101号、〔2021〕102号,操纵市场,20200211,20200401,20200220,D9,1.38,2.72,177455.8,128275.0,,,,,,,,,,,,,,,,,,,,
000903.SZ,云内动力,〔2021〕101号、〔2021〕102号,操纵市场,20200211,20200401,20200220,D12,,,,,,,,,10.0,5.0,1.04,1.77,,,,,,,,,,,,
000903.SZ,云内动力,〔2021〕101号、〔2021〕102号,操纵市场,20200211,20200401,20200221,D12,,,,,,,,,10.0,5.0,1.02,1.77,,,,,,,,,,,,
000903.SZ,云内动力,〔2021〕101号、〔2021〕102号,操纵市场,20200211,20200401,20200224,D9,1.38,1.14,188002.76,136323.0,,,,,,,,,,,,,,,,,,,,
000903.SZ,云内动力,〔2021〕101号、〔2021〕102号,操纵市场,20200211,20200401,20200224,D10,,,,,,,,,,,1.27,,,,,,3.0,2.72,,,,,,
000903.SZ,云内动力,〔2021〕101号、〔2021〕102号,操纵市场,20200211,20200401,20200224,D12,,,,,,,,,10.0,5.0,1.06,1.77,,,,,,,,,,,,
000903.SZ,云内动力,〔2021〕101号、〔2021〕102号,操纵市场,20200211,20200401,20200225,D9,1.65,0.0,234542.68,142272.0,,,,,,,,,,,,,,,,,,,,
000903.SZ,云内动力,〔2021〕101号、〔2021〕102号,操纵市场,20200211,20200401,20200225,D10,,,,,,,,,,,1.36,,,,,,3.0,1.14,,,,,,
000903.SZ,云内动力,〔2021〕101号、〔2021〕102号,操纵市场,20200211,20200401,20200225,D12,,,,,,,,,10.0,5.0,1.04,1.65,,,,,,,,,,,,
000903.SZ,云内动力,〔2021〕101号、〔2021〕102号,操纵市场,20200211,20200401,20200226,D11,,,,,0.77,2.72,0.168,10.0,,,,,,,,,,,,,,,,
000903.SZ,云内动力,〔2021〕101号、〔2021〕102号,操纵市场,20200211,20200401,20200226,D12,,,,,,,,,10.0,6.0,1.26,3.07,,,,,,,,,,,,
000903.SZ,云内动力,〔2021〕101号、〔2021〕102号,操纵市场,20200211,20200401,20200227,D11,,,,,0.37,4.52,0.348,10.0,,,,,,,,,,,,,,,,
000903.SZ,云内动力,〔2021〕101号、〔2021〕102号,操纵市场,20200211,20200401,20200227,D12,,,,,,,,,10.0,6.0,1.57,4.2,,,,,,,,,,,,
000903.SZ,云内动力,〔2021〕101号、〔2021〕102号,操纵市场,20200211,20200401,20200227,D14,2.27,,,,,,,,,,,,,,,,,,,,83548.0,189822.0,20.0,20.0
000903.SZ,云内动力,〔2021〕101号、〔2021〕102号,操纵市场,20200211,20200401,20200228,D11,,,,,0.65,2.48,0.345,10.0,,,,,,,,,,,,,,,,
000903.SZ,云内动力,〔2021〕101号、〔2021〕102号,操纵市场,20200211,20200401,20200228,D12,,,,,,,,,10.0,7.0,1.72,4.2,,,,,,,,,,,,
000903.SZ,云内动力,〔2021〕101号、〔2021〕102号,操纵市场,20200211,20200401,20200228,D14,2.31,,,,,,,,,,,,,,,,,,,,88693.0,204923.0,20.0,20.0
000903.SZ,云内动力,〔2021〕101号、〔2021〕102号,操纵市场,20200211,20200401,20200302,D11,,,,,0.53,1.64,0.29,10.0,,,,,,,,,,,,,,,,
000903.SZ,云内动力,〔2021〕101号、〔2021〕102号,操纵市场,20200211,20200401,20200302,D12,,,,,,,,,10.0,8.0,1.77,4.2,,,,,,,,,,,,
000903.SZ,云内动力,〔2021〕101号、〔2021〕102号,操纵市场,20200211,20200401,20200302,D14,2.18,,,,,,,,,,,,,,,,,,,,96250.0,210236.0,20.0,20.0
000903.SZ,云内动力,〔2021〕101号、〔2021〕102号,操纵市场,20200211,20200401,20200303,D11,,,,,0.45,1.45,0.204,10.0,,,,,,,,,,,,,,,,
000903.SZ,云内动力,〔2021〕101号、〔2021〕102号,操纵市场,20200211,20200401,20200303,D12,,,,,,,,,10.0,9.0,1.81,4.2,,,,,,,,,,,,
000903.SZ,云内动力,〔2021〕101号、〔2021〕102号,操纵市场,20200211,20200401,20200303,D14,2.15,,,,,,,,,,,,,,,,,,,,100369.0,215893.0,20.0,20.0
000903.SZ,云内动力,〔2021〕101号、〔2021〕102号,操纵市场,20200211,20200401,20200304,D12,,,,,,,,,10.0,9.0,1.82,4.2,,,,,,,,,,,,
000903.SZ,云内动力,〔2021〕101号、〔2021〕102号,操纵市场,20200211,20200401,20200304,D14,2.06,,,,,,,,,,,,,,,,,,,,105375.0,216894.0,20.0,20.0
000903.SZ,云内动力,〔2021〕101号、〔2021〕102号,操纵市场,20200211,20200401,20200305,D12,,,,,,,,,10.0,8.0,1.77,4.2,,,,,,,,,,,,
000903.SZ,云内动力,〔2021〕101号、〔2021〕102号,操纵市场,20200211,20200401,20200305,D14,2.04,,,,,,,,,,,,,,,,,,,,108414.0,221174.0,20.0,20.0
000903.SZ,云内动力,〔2021〕101号、〔2021〕102号,操纵市场,20200211,20200401,20200306,D12,,,,,,,,,10.0,8.0,1.85,4.2,,,,,,,,,,,,
000903.SZ,云内动力,〔2021〕101号、〔2021〕102号,操纵市场,20200211,20200401,20200306,D14,2.13,,,,,,,,,,,,,,,,,,,,110978.0,236038.0,20.0,20.0
000903.SZ,云内动力,〔2021〕101号、〔2021〕102号,操纵市场,20200211,20200401,20200309,D12,,,,,,,,,10.0,8.0,2.1,4.2,,,,,,,,,,,,
000903.SZ,云内动力,〔2021〕101号、〔2021〕102号,操纵市场,20200211,20200401,20200309,D14,2.51,,,,,,,,,,,,,,,,,,,,113285.0,284881.0,20.0,20.0
000903.SZ,云内动力,〔2021〕101号、〔2021〕102号,操纵市场,20200211,20200401,20200310,D12,,,,,,,,,10.0,8.0,2.14,4.2,,,,,,,,,,,,
000903.SZ,云内动力,〔2021〕101号、〔2021〕102号,操纵市场,20200211,20200401,20200310,D14,2.59,,,,,,,,,,,,,,,,,,,,118028.0,305694.0,20.0,20.0
000903.SZ,云内动力,〔2021〕101号、〔2021〕102号,操纵市场,20200211,20200401,20200311,D12,,,,,,,,,10.0,7.0,1.89,4.2,,,,,,,,,,,,
000903.SZ,云内动力,〔2021〕101号、〔2021〕102号,操纵市场,20200211,20200401,20200311,D14,2.59,,,,,,,,,,,,,,,,,,,,119759.0,310155.0,20.0,20.0
000903.SZ,云内动力,〔2021〕101号、〔2021〕102号,操纵市场,20200211,20200401,20200312,D11,,,,,2.48,22.93,1.26,10.0,,,,,,,,,,,,,,,,
000903.SZ,云内动力,〔2021〕101号、〔2021〕102号,操纵市场,20200211,20200401,20200312,D12,,,,,,,,,10.0,7.0,2.27,8.01,,,,,,,,,,,,
000903.SZ,云内动力,〔2021〕101号、〔2021〕102号,操纵市场,20200211,20200401,20200312,D14,4.29,,,,,,,,,,,,,,,,,,,,117990.0,505967.0,20.0,20.0
000903.SZ,云内动力,〔2021〕101号、〔2021〕102号,操纵市场,20200211,20200401,20200313,D11,,,,,1.64,14.19,1.668,10.0,,,,,,,,,,,,,,,,
000903.SZ,云内动力,〔2021〕101号、〔2021〕102号,操纵市场,20200211,20200401,20200313,D12,,,,,,,,,10.0,7.0,2.46,8.01,,,,,,,,,,,,
000903.SZ,云内动力,〔2021〕101号、〔2021〕102号,操纵市场,20200211,20200401,20200313,D14,5.37,,,,,,,,,,,,,,,,,,,,117064.0,628145.0,20.0,20.0
000903.SZ,云内动力,〔2021〕101号、〔2021〕102号,操纵市场,20200211,20200401,20200316,D11,,,,,1.45,7.03,1.487,10.0,,,,,,,,,,,,,,,,
000903.SZ,云内动力,〔2021〕101号、〔2021〕102号,操纵市场,20200211,20200401,20200316,D12,,,,,,,,,10.0,7.0,2.5,8.01,,,,,,,,,,,,
000903.SZ,云内动力,〔2021〕101号、〔2021〕102号,操纵市场,20200211,20200401,20200316,D14,5.69,,,,,,,,,,,,,,,,,,,,120212.0,684554.0,20.0,20.0
000903.SZ,云内动力,〔2021〕101号、〔2021〕102号,操纵市场,20200211,20200401,20200317,D11,,,,,0.92,9.44,1.36,10.0,,,,,,,,,,,,,,,,
000903.SZ,云内动力,〔2021〕101号、〔2021〕102号,操纵市场,20200211,20200401,20200317,D12,,,,,,,,,10.0,7.0,2.6,8.01,,,,,,,,,,,,
000903.SZ,云内动力,〔2021〕101号、〔2021〕102号,操纵市场,20200211,20200401,20200317,D14,6.23,,,,,,,,,,,,,,,,,,,,122534.0,763284.0,20.0,20.0
000903.SZ,云内动力,〔2021〕101号、〔2021〕102号,操纵市场,20200211,20200401,20200318,D9,1.63,-0.27,1349176.98,826795.0,,,,,,,,,,,,,,,,,,,,
000903.SZ,云内动力,〔2021〕101号、〔2021〕102号,操纵市场,20200211,20200401,20200318,D11,,,,,1.14,7.63,1.002,10.0,,,,,,,,,,,,,,,,
000903.SZ,云内动力,〔2021〕101号、〔2021〕102号,操纵市场,20200211,20200401,20200318,D12,,,,,,,,,10.0,8.0,2.69,8.01,,,,,,,,,,,,
000903.SZ,云内动力,〔2021〕101号、〔2021〕102号,操纵市场,20200211,20200401,20200318,D14,6.73,,,,,,,,,,,,,,,,,,,,122791.0,826795.0,20.0,20.0
000903.SZ,云内动力,〔2021〕101号、〔2021〕102号,操纵市场,20200211,20200401,20200319,D11,,,,,2.45,7.1,0.548,10.0,,,,,,,,,,,,,,,,
000903.SZ,云内动力,〔2021〕101号、〔2021〕102号,操纵市场,20200211,20200401,20200319,D12,,,,,,,,,10.0,9.0,2.74,8.01,,,,,,,,,,,,
000903.SZ,云内动力,〔2021〕101号、〔2021〕102号,操纵市场,20200211,20200401,20200319,D14,6.87,,,,,,,,,,,,,,,,,,,,128275.0,880642.0,20.0,20.0
000903.SZ,云内动力,〔2021〕101号、〔2021〕102号,操纵市场,20200211,20200401,20200320,D12,,,,,,,,,10.0,9.0,2.68,8.01,,,,,,,,,,,,
000903.SZ,云内动力,〔2021〕101号、〔2021〕102号,操纵市场,20200211,20200401,20200320,D14,7.15,,,,,,,,,,,,,,,,,,,,130353.0,931980.0,20.0,20.0
000903.SZ,云内动力,〔2021〕101号、〔2021〕102号,操纵市场,20200211,20200401,20200323,D12,,,,,,,,,10.0,8.0,2.37,8.01,,,,,,,,,,,,
000903.SZ,云内动力,〔2021〕101号、〔2021〕102号,操纵市场,20200211,20200401,20200323,D14,7.01,,,,,,,,,,,,,,,,,,,,136323.0,955810.0,20.0,20.0
000903.SZ,云内动力,〔2021〕101号、〔2021〕102号,操纵市场,20200211,20200401,20200324,D12,,,,,,,,,10.0,7.0,2.23,8.01,,,,,,,,,,,,
000903.SZ,云内动力,〔2021〕101号、〔2021〕102号,操纵市场,20200211,20200401,20200324,D14,6.87,,,,,,,,,,,,,,,,,,,,142272.0,977251.0,20.0,20.0
000903.SZ,云内动力,〔2021〕101号、〔2021〕102号,操纵市场,20200211,20200401,20200325,D12,,,,,,,,,10.0,7.0,2.22,8.01,,,,,,,,,,,,
000903.SZ,云内动力,〔2021〕101号、〔2021〕102号,操纵市场,20200211,20200401,20200325,D14,6.23,,,,,,,,,,,,,,,,,,,,156851.0,977458.0,20.0,20.0
000903.SZ,云内动力,〔2021〕101号、〔2021〕102号,操纵市场,20200211,20200401,20200326,D12,,,,,,,,,10.0,6.0,1.51,3.99,,,,,,,,,,,,
000903.SZ,云内动力,〔2021〕101号、〔2021〕102号,操纵市场,20200211,20200401,20200326,D14,5.17,,,,,,,,,,,,,,,,,,,,189822.0,981706.0,20.0,20.0
000903.SZ,云内动力,〔2021〕101号、〔2021〕102号,操纵市场,20200211,20200401,20200327,D12,,,,,,,,,10.0,6.0,1.25,2.19,,,,,,,,,,,,
000903.SZ,云内动力,〔2021〕101号、〔2021〕102号,操纵市场,20200211,20200401,20200327,D14,5.05,,,,,,,,,,,,,,,,,,,,204923.0,1034546.0,20.0,20.0
000903.SZ,云内动力,〔2021〕101号、〔2021〕102号,操纵市场,20200211,20200401,20200330,D12,,,,,,,,,10.0,6.0,1.17,2.19,,,,,,,,,,,,
000903.SZ,云内动力,〔2021〕101号、〔2021〕102号,操纵市场,20200211,20200401,20200330,D14,5.12,,,,,,,,,,,,,,,,,,,,210236.0,1075830.0,20.0,20.0
000903.SZ,云内动力,〔2021〕101号、〔2021〕102号,操纵市场,20200211,20200401,20200331,D12,,,,,,,,,10.0,6.0,1.12,1.63,,,,,,,,,,,,
000903.SZ,云内动力,〔2021〕101号、〔2021〕102号,操纵市场,20200211,20200401,20200331,D14,5.35,,,,,,,,,,,,,,,,,,,,215893.0,1155168.0,20.0,20.0
000903.SZ,云内动力,〔2021〕101号、〔2021〕102号,操纵市场,20200211,20200401,20200401,D12,,,,,,,,,10.0,6.0,1.11,1.6,,,,,,,,,,,,
000903.SZ,云内动力,〔2021〕101号、〔2021〕102号,操纵市场,20200211,20200401,20200401,D14,5.73,,,,,,,,,,,,,,,,,,,,216894.0,1242906.0,20.0,20.0
000958.SZ,东方能源,〔2021〕119号、〔2021〕120号、〔2021〕122号,操纵市场,20190119,20190310,20190121,D12,,,,,,,,,10.0,7.0,1.85,6.01,,,,,,,,,,,,
000958.SZ,东方能源,〔2021〕119号、〔2021〕120号、〔2021〕122号,操纵市场,20190119,20190310,20190122,D12,,,,,,,,,10.0,6.0,1.79,6.01,,,,,,,,,,,,
000958.SZ,东方能源,〔2021〕119号、〔2021〕120号、〔2021〕122号,操纵市场,20190119,20190310,20190123,D12,,,,,,,,,10.0,5.0,1.7,6.01,,,,,,,,,,,,
000958.SZ,东方能源,〔2021〕119号、〔2021〕120号、〔2021〕122号,操纵市场,20190119,20190310,20190128,D9,1.92,2.56,233145.39,121717.0,,,,,,,,,,,,,,,,,,,,
000958.SZ,东方能源,〔2021〕119号、〔2021〕120号、〔2021〕122号,操纵市场,20190119,20190310,20190130,D14,2.04,,,,,,,,,,,,,,,,,,,,71610.0,146409.0,20.0,20.0
000958.SZ,东方能源,〔2021〕119号、〔2021〕120号、〔2021〕122号,操纵市场,20190119,20190310,20190131,D14,2.21,,,,,,,,,,,,,,,,,,,,68554.0,151174.0,20.0,20.0
000958.SZ,东方能源,〔2021〕119号、〔2021〕120号、〔2021〕122号,操纵市场,20190119,20190310,20190201,D11,,,,,0.72,1.13,0.172,10.0,,,,,,,,,,,,,,,,
000958.SZ,东方能源,〔2021〕119号、〔2021〕120号、〔2021〕122号,操纵市场,20190119,20190310,20190201,D14,2.37,,,,,,,,,,,,,,,,,,,,64944.0,153711.0,20.0,20.0
000958.SZ,东方能源,〔2021〕119号、〔2021〕120号、〔2021〕122号,操纵市场,20190119,20190310,20190211,D11,,,,,0.59,2.87,0.218,10.0,,,,,,,,,,,,,,,,
000958.SZ,东方能源,〔2021〕119号、〔2021〕120号、〔2021〕122号,操纵市场,20190119,20190310,20190211,D12,,,,,,,,,10.0,5.0,1.21,2.53,,,,,,,,,,,,
000958.SZ,东方能源,〔2021〕119号、〔2021〕120号、〔2021〕122号,操纵市场,20190119,20190310,20190211,D14,2.62,,,,,,,,,,,,,,,,,,,,63132.0,165336.0,20.0,20.0
000958.SZ,东方能源,〔2021〕119号、〔2021〕120号、〔2021〕122号,操纵市场,20190119,20190310,20190212,D11,,,,,0.35,6.91,0.45,10.0,,,,,,,,,,,,,,,,
000958.SZ,东方能源,〔2021〕119号、〔2021〕120号、〔2021〕122号,操纵市场,20190119,20190310,20190212,D12,,,,,,,,,10.0,6.0,1.53,3.8,,,,,,,,,,,,
000958.SZ,东方能源,〔2021〕119号、〔2021〕120号、〔2021〕122号,操纵市场,20190119,20190310,20190212,D14,3.31,,,,,,,,,,,,,,,,,,,,60390.0,199838.0,20.0,20.0
000958.SZ,东方能源,〔2021〕119号、〔2021〕120号、〔2021〕122号,操纵市场,20190119,20190310,20190213,D9,2.03,-0.75,442515.26,218356.0,,,,,,,,,,,,,,,,,,,,
000958.SZ,东方能源,〔2021〕119号、〔2021〕120号、〔2021〕122号,操纵市场,20190119,20190310,20190213,D11,,,,,0.49,4.03,0.432,10.0,,,,,,,,,,,,,,,,
000958.SZ,东方能源,〔2021〕119号、〔2021〕120号、〔2021〕122号,操纵市场,20190119,20190310,20190213,D12,,,,,,,,,10.0,7.0,1.7,3.8,,,,,,,,,,,,
000958.SZ,东方能源,〔2021〕119号、〔2021〕120号、〔2021〕122号,操纵市场,20190119,20190310,20190213,D14,3.72,,,,,,,,,,,,,,,,,,,,58775.0,218356.0,20.0,20.0
000958.SZ,东方能源,〔2021〕119号、〔2021〕120号、〔2021〕122号,操纵市场,20190119,20190310,20190214,D9,1.71,-0.25,364041.28,212499.0,,,,,,,,,,,,,,,,,,,,
000958.SZ,东方能源,〔2021〕119号、〔2021〕120号、〔2021〕122号,操纵市场,20190119,20190310,20190214,D10,,,,,,,,,,,2.51,,,,,,3.0,1.27,,,,,,
000958.SZ,东方能源,〔2021〕119号、〔2021〕120号、〔2021〕122号,操纵市场,20190119,20190310,20190214,D11,,,,,0.81,3.31,0.34,10.0,,,,,,,,,,,,,,,,
000958.SZ,东方能源,〔2021〕119号、〔2021〕120号、〔2021〕122号,操纵市场,20190119,20190310,20190214,D12,,,,,,,,,10.0,8.0,1.82,3.8,,,,,,,,,,,,
000958.SZ,东方能源,〔2021〕119号、〔2021〕120号、〔2021〕122号,操纵市场,20190119,20190310,20190214,D14,2.66,,,,,,,,,,,,,,,,,,,,79997.0,212499.0,20.0,20.0
000958.SZ,东方能源,〔2021〕119号、〔2021〕120号、〔2021〕122号,操纵市场,20190119,20190310,20190215,D10,,,,,,,,,,,1.61,,,,,,3.0,1.01,,,,,,
000958.SZ,东方能源,〔2021〕119号、〔2021〕120号、〔2021〕122号,操纵市场,20190119,20190310,20190215,D11,,,,,2.12,2.04,0.166,10.0,,,,,,,,,,,,,,,,
000958.SZ,东方能源,〔2021〕119号、〔2021〕120号、〔2021〕122号,操纵市场,20190119,20190310,20190215,D12,,,,,,,,,10.0,9.0,1.85,3.8,,,,,,,,,,,,
000958.SZ,东方能源,〔2021〕119号、〔2021〕120号、〔2021〕122号,操纵市场,20190119,20190310,20190215,D14,2.21,,,,,,,,,,,,,,,,,,,,93881.0,207427.0,20.0,20.0
000958.SZ,东方能源,〔2021〕119号、〔2021〕120号、〔2021〕122号,操纵市场,20190119,20190310,20190218,D9,1.41,2.81,305012.46,215793.0,,,,,,,,,,,,,,,,,,,,
000958.SZ,东方能源,〔2021〕119号、〔2021〕120号、〔2021〕122号,操纵市场,20190119,20190310,20190218,D10,,,,,,,,,,,1.4,,,,,,3.0,2.81,,,,,,
000958.SZ,东方能源,〔2021〕119号、〔2021〕120号、〔2021〕122号,操纵市场,20190119,20190310,20190218,D12,,,,,,,,,10.0,9.0,1.8,3.8,,,,,,,,,,,,
000958.SZ,东方能源,〔2021〕119号、〔2021〕120号、〔2021〕122号,操纵市场,20190119,20190310,20190218,D14,2.23,,,,,,,,,,,,,,,,,,,,96925.0,215793.0,20.0,20.0
000958.SZ,东方能源,〔2021〕119号、〔2021〕120号、〔2021〕122号,操纵市场,20190119,20190310,20190219,D9,1.88,1.49,436809.68,232672.0,,,,,,,,,,,,,,,,,,,,
000958.SZ,东方能源,〔2021〕119号、〔2021〕120号、〔2021〕122号,操纵市场,20190119,20190310,20190219,D10,,,,,,,,,,,1.46,,,,,,3.0,2.81,,,,,,
000958.SZ,东方能源,〔2021〕119号、〔2021〕120号、〔2021〕122号,操纵市场,20190119,20190310,20190219,D11,,,,,2.27,3.97,0.168,10.0,,,,,,,,,,,,,,,,
000958.SZ,东方能源,〔2021〕119号、〔2021〕120号、〔2021〕122号,操纵市场,20190119,20190310,20190219,D12,,,,,,,,,10.0,9.0,1.74,3.8,,,,,,,,,,,,
000958.SZ,东方能源,〔2021〕119号、〔2021〕120号、〔2021〕122号,操纵市场,20190119,20190310,20190219,D14,2.37,,,,,,,,,,,,,,,,,,,,98343.0,232672.0,20.0,20.0
000958.SZ,东方能源,〔2021〕119号、〔2021〕120号、〔2021〕122号,操纵市场,20190119,20190310,20190220,D12,,,,,,,,,10.0,8.0,1.66,3.8,,,,,,,,,,,,
000958.SZ,东方能源,〔2021〕119号、〔2021〕120号、〔2021〕122号,操纵市场,20190119,20190310,20190220,D14,2.23,,,,,,,,,,,,,,,,,,,,105000.0,234325.0,20.0,20.0
000958.SZ,东方能源,〔2021〕119号、〔2021〕120号、〔2021〕122号,操纵市场,20190119,20190310,20190221,D12,,,,,,,,,10.0,7.0,1.64,3.8,,,,,,,,,,,,
000958.SZ,东方能源,〔2021〕119号、〔2021〕120号、〔2021〕122号,操纵市场,20190119,20190310,20190221,D14,2.24,,,,,,,,,,,,,,,,,,,,107028.0,239219.0,20.0,20.0
000958.SZ,东方能源,〔2021〕119号、〔2021〕120号、〔2021〕122号,操纵市场,20190119,20190310,20190222,D12,,,,,,,,,10.0,7.0,1.64,3.8,,,,,,,,,,,,
000958.SZ,东方能源,〔2021〕119号、〔2021〕120号、〔2021〕122号,操纵市场,20190119,20190310,20190222,D14,2.27,,,,,,,,,,,,,,,,,,,,108155.0,245643.0,20.0,20.0
000958.SZ,东方能源,〔2021〕119号、〔2021〕120号、〔2021〕122号,操纵市场,20190119,20190310,20190225,D12,,,,,,,,,10.0,7.0,1.6,3.8,,,,,,,,,,,,
000958.SZ,东方能源,〔2021〕119号、〔2021〕120号、〔2021〕122号,操纵市场,20190119,20190310,20190225,D14,2.37,,,,,,,,,,,,,,,,,,,,109863.0,260734.0,20.0,20.0
000958.SZ,东方能源,〔2021〕119号、〔2021〕120号、〔2021〕122号,操纵市场,20190119,20190310,20190226,D9,1.56,0.24,434549.25,279206.0,,,,,,,,,,,,,,,,,,,,
000958.SZ,东方能源,〔2021〕119号、〔2021〕120号、〔2021〕122号,操纵市场,20190119,20190310,20190226,D12,,,,,,,,,10.0,7.0,1.37,2.03,,,,,,,,,,,,
000958.SZ,东方能源,〔2021〕119号、〔2021〕120号、〔2021〕122号,操纵市场,20190119,20190310,20190226,D14,2.51,,,,,,,,,,,,,,,,,,,,111134.0,279206.0,20.0,20.0
000958.SZ,东方能源,〔2021〕119号、〔2021〕120号、〔2021〕122号,操纵市场,20190119,20190310,20190227,D12,,,,,,,,,10.0,6.0,1.26,1.88,,,,,,,,,,,,
000958.SZ,东方能源,〔2021〕119号、〔2021〕120号、〔2021〕122号,操纵市场,20190119,20190310,20190227,D14,2.6,,,,,,,,,,,,,,,,,,,,111395.0,290007.0,20.0,20.0
000958.SZ,东方能源,〔2021〕119号、〔2021〕120号、〔2021〕122号,操纵市场,20190119,20190310,20190228,D12,,,,,,,,,10.0,5.0,1.17,1.88,,,,,,,,,,,,
000958.SZ,东方能源,〔2021〕119号、〔2021〕120号、〔2021〕122号,操纵市场,20190119,20190310,20190228,D14,2.71,,,,,,,,,,,,,,,,,,,,110668.0,299853.0,20.0,20.0
000958.SZ,东方能源,〔2021〕119号、〔2021〕120号、〔2021〕122号,操纵市场,20190119,20190310,20190301,D14,2.7,,,,,,,,,,,,,,,,,,,,112742.0,304251.0,20.0,20.0
000958.SZ,东方能源,〔2021〕119号、〔2021〕120号、〔2021〕122号,操纵市场,20190119,20190310,20190304,D14,2.54,,,,,,,,,,,,,,,,,,,,121717.0,308717.0,20.0,20.0
000958.SZ,东方能源,〔2021〕119号、〔2021〕120号、〔2021〕122号,操纵市场,20190119,20190310,20190305,D14,2.21,,,,,,,,,,,,,,,,,,,,137173.0,303701.0,20.0,20.0
000958.SZ,东方能源,〔2021〕119号、〔2021〕120号、〔2021〕122号,操纵市场,20190119,20190310,20190306,D14,2.11,,,,,,,,,,,,,,,,,,,,146409.0,308297.0,20.0,20.0
000958.SZ,东方能源,〔2021〕119号、〔2021〕120号、〔2021〕122号,操纵市场,20190119,20190310,20190307,D12,,,,,,,,,10.0,5.0,1.07,1.62,,,,,,,,,,,,
000958.SZ,东方能源,〔2021〕119号、〔2021〕120号、〔2021〕122号,操纵市场,20190119,20190310,20190307,D14,2.16,,,,,,,,,,,,,,,,,,,,151174.0,326935.0,20.0,20.0
000958.SZ,东方能源,〔2021〕119号、〔2021〕120号、〔2021〕122号,操纵市场,20190119,20190310,20190308,D12,,,,,,,,,10.0,6.0,1.13,1.62,,,,,,,,,,,,
000958.SZ,东方能源,〔2021〕119号、〔2021〕120号、〔2021〕122号,操纵市场,20190119,20190310,20190308,D14,2.24,,,,,,,,,,,,,,,,,,,,153711.0,344386.0,20.0,20.0
000985.SZ,大庆华科,〔2022〕64号,操纵市场,20200603,20200723,20200603,D9,1.31,0.96,13115.15,9984.0,,,,,,,,,,,,,,,,,,,,
000985.SZ,大庆华科,〔2022〕64号,操纵市场,20200603,20200723,20200603,D12,,,,,,,,,10.0,8.0,1.37,2.56,,,,,,,,,,,,
000985.SZ,大庆华科,〔2022〕64号,操纵市场,20200603,20200723,20200604,D9,1.48,-2.37,15542.0,10468.0,,,,,,,,,,,,,,,,,,,,
000985.SZ,大庆华科,〔2022〕64号,操纵市场,20200603,20200723,20200604,D10,,,,,,,,,,,1.32,,,,,,3.0,2.37,,,,,,
000985.SZ,大庆华科,〔2022〕64号,操纵市场,20200603,20200723,20200604,D12,,,,,,,,,10.0,8.0,1.26,2.02,,,,,,,,,,,,
000985.SZ,大庆华科,〔2022〕64号,操纵市场,20200603,20200723,20200605,D12,,,,,,,,,10.0,7.0,1.14,1.54,,,,,,,,,,,,
000985.SZ,大庆华科,〔2022〕64号,操纵市场,20200603,20200723,20200608,D12,,,,,,,,,10.0,6.0,1.05,1.48,,,,,,,,,,,,
000985.SZ,大庆华科,〔2022〕64号,操纵市场,20200603,20200723,20200609,D12,,,,,,,,,10.0,7.0,1.12,1.48,,,,,,,,,,,,
000985.SZ,大庆华科,〔2022〕64号,操纵市场,20200603,20200723,20200610,D12,,,,,,,,,10.0,6.0,1.1,1.48,,,,,,,,,,,,
000985.SZ,大庆华科,〔2022〕64号,操纵市场,20200603,20200723,20200611,D9,1.33,1.97,15768.13,11884.0,,,,,,,,,,,,,,,,,,,,
000985.SZ,大庆华科,〔2022〕64号,操纵市场,20200603,20200723,20200611,D12,,,,,,,,,10.0,6.0,1.11,1.48,,,,,,,,,,,,
000985.SZ,大庆华科,〔2022〕64号,操纵市场,20200603,20200723,20200612,D9,1.35,2.17,16858.35,12504.0,,,,,,,,,,,,,,,,,,,,
000985.SZ,大庆华科,〔2022〕64号,操纵市场,20200603,20200723,20200612,D12,,,,,,,,,10.0,6.0,1.14,1.48,,,,,,,,,,,,
000985.SZ,大庆华科,〔2022〕64号,操纵市场,20200603,20200723,20200615,D12,,,,,,,,,10.0,7.0,1.18,1.48,,,,,,,,,,,,
000985.SZ,大庆华科,〔2022〕64号,操纵市场,20200603,20200723,20200616,D12,,,,,,,,,10.0,6.0,1.13,1.48,,,,,,,,,,,,
000985.SZ,大庆华科,〔2022〕64号,操纵市场,20200603,20200723,20200617,D12,,,,,,,,,10.0,5.0,1.04,1.48,,,,,,,,,,,,
000985.SZ,大庆华科,〔2022〕64号,操纵市场,20200603,20200723,20200619,D12,,,,,,,,,10.0,5.0,1.02,1.46,,,,,,,,,,,,
000985.SZ,大庆华科,〔2022〕64号,操纵市场,20200603,20200723,20200622,D12,,,,,,,,,10.0,6.0,1.07,1.46,,,,,,,,,,,,
000985.SZ,大庆华科,〔2022〕64号,操纵市场,20200603,20200723,20200623,D12,,,,,,,,,10.0,5.0,1.0,1.46,,,,,,,,,,,,
000985.SZ,大庆华科,〔2022〕64号,操纵市场,20200603,20200723,20200624,D12,,,,,,,,,10.0,5.0,0.98,1.46,,,,,,,,,,,,
000985.SZ,大庆华科,〔2022〕64号,操纵市场,20200603,20200723,20200707,D9,1.65,-1.88,20320.6,12296.0,,,,,,,,,,,,,,,,,,,,
000985.SZ,大庆华科,〔2022〕64号,操纵市场,20200603,20200723,20200709,D11,,,,,0.68,3.66,0.259,10.0,,,,,,,,,,,,,,,,
000985.SZ,大庆华科,〔2022〕64号,操纵市场,20200603,20200723,20200709,D12,,,,,,,,,10.0,5.0,1.39,3.22,,,,,,,,,,,,
000985.SZ,大庆华科,〔2022〕64号,操纵市场,20200603,20200723,20200710,D11,,,,,0.77,2.53,0.28,10.0,,,,,,,,,,,,,,,,
000985.SZ,大庆华科,〔2022〕64号,操纵市场,20200603,20200723,20200710,D12,,,,,,,,,10.0,6.0,1.52,3.22,,,,,,,,,,,,
000985.SZ,大庆华科,〔2022〕64号,操纵市场,20200603,20200723,20200713,D9,1.78,2.85,29287.6,16500.0,,,,,,,,,,,,,,,,,,,,
000985.SZ,大庆华科,〔2022〕64号,操纵市场,20200603,20200723,20200713,D11,,,,,0.55,2.26,0.27,10.0,,,,,,,,,,,,,,,,
000985.SZ,大庆华科,〔2022〕64号,操纵市场,20200603,20200723,20200713,D12,,,,,,,,,10.0,7.0,1.61,3.22,,,,,,,,,,,,
000985.SZ,大庆华科,〔2022〕64号,操纵市场,20200603,20200723,20200714,D9,1.29,-1.63,21520.5,16733.0,,,,,,,,,,,,,,,,,,,,
000985.SZ,大庆华科,〔2022〕64号,操纵市场,20200603,20200723,20200714,D11,,,,,0.73,1.66,0.194,10.0,,,,,,,,,,,,,,,,
000985.SZ,大庆华科,〔2022〕64号,操纵市场,20200603,20200723,20200714,D12,,,,,,,,,10.0,8.0,1.67,3.22,,,,,,,,,,,,
000985.SZ,大庆华科,〔2022〕64号,操纵市场,20200603,20200723,20200715,D10,,,,,,,,,,,1.4,,,,,,3.0,2.85,,,,,,
000985.SZ,大庆华科,〔2022〕64号,操纵市场,20200603,20200723,20200715,D12,,,,,,,,,10.0,9.0,1.7,3.22,,,,,,,,,,,,
000985.SZ,大庆华科,〔2022〕64号,操纵市场,20200603,20200723,20200716,D12,,,,,,,,,10.0,10.0,1.71,3.22,,,,,,,,,,,,
000985.SZ,大庆华科,〔2022〕64号,操纵市场,20200603,20200723,20200717,D12,,,,,,,,,10.0,10.0,1.72,3.22,,,,,,,,,,,,
000985.SZ,大庆华科,〔2022〕64号,操纵市场,20200603,20200723,20200720,D12,,,,,,,,,10.0,10.0,1.62,3.22,,,,,,,,,,,,
000985.SZ,大庆华科,〔2022〕64号,操纵市场,20200603,20200723,20200721,D12,,,,,,,,,10.0,10.0,1.69,3.22,,,,,,,,,,,,
000985.SZ,大庆华科,〔2022〕64号,操纵市场,20200603,20200723,20200722,D9,2.28,-2.38,50454.04,22095.0,,,,,,,,,,,,,,,,,,,,
000985.SZ,大庆华科,〔2022〕64号,操纵市场,20200603,20200723,20200722,D12,,,,,,,,,10.0,10.0,1.74,3.22,,,,,,,,,,,,
000985.SZ,大庆华科,〔2022〕64号,操纵市场,20200603,20200723,20200723,D12,,,,,,,,,10.0,10.0,1.56,2.4,,,,,,,,,,,,
000990.SZ,诚志股份,〔2021〕47号,操纵市场,20190209,20190331,20190211,D9,1.24,1.47,26893.42,21716.0,,,,,,,,,,,,,,,,,,,,
000990.SZ,诚志股份,〔2021〕47号,操纵市场,20190209,20190331,20190211,D12,,,,,,,,,10.0,8.0,1.38,2.59,,,,,,,,,,,,
000990.SZ,诚志股份,〔2021〕47号,操纵市场,20190209,20190331,20190212,D12,,,,,,,,,10.0,7.0,1.37,2.59,,,,,,,,,,,,
000990.SZ,诚志股份,〔2021〕47号,操纵市场,20190209,20190331,20190213,D12,,,,,,,,,10.0,7.0,1.43,2.59,,,,,,,,,,,,
000990.SZ,诚志股份,〔2021〕47号,操纵市场,20190209,20190331,20190214,D9,1.83,-2.22,46122.44,25177.0,,,,,,,,,,,,,,,,,,,,
000990.SZ,诚志股份,〔2021〕47号,操纵市场,20190209,20190331,20190214,D12,,,,,,,,,10.0,8.0,1.52,2.59,,,,,,,,,,,,
000990.SZ,诚志股份,〔2021〕47号,操纵市场,20190209,20190331,20190215,D9,1.35,0.57,35517.17,26275.0,,,,,,,,,,,,,,,,,,,,
000990.SZ,诚志股份,〔2021〕47号,操纵市场,20190209,20190331,20190215,D12,,,,,,,,,10.0,8.0,1.55,2.59,,,,,,,,,,,,
000990.SZ,诚志股份,〔2021〕47号,操纵市场,20190209,20190331,20190218,D12,,,,,,,,,10.0,8.0,1.66,2.59,,,,,,,,,,,,
000990.SZ,诚志股份,〔2021〕47号,操纵市场,20190209,20190331,20190219,D9,1.95,-1.32,59131.49,30261.0,,,,,,,,,,,,,,,,,,,,
000990.SZ,诚志股份,〔2021〕47号,操纵市场,20190209,20190331,20190219,D12,,,,,,,,,10.0,8.0,1.59,2.32,,,,,,,,,,,,
000990.SZ,诚志股份,〔2021〕47号,操纵市场,20190209,20190331,20190220,D12,,,,,,,,,10.0,7.0,1.45,2.13,,,,,,,,,,,,
000990.SZ,诚志股份,〔2021〕47号,操纵市场,20190209,20190331,20190221,D12,,,,,,,,,10.0,8.0,1.47,2.13,,,,,,,,,,,,
000990.SZ,诚志股份,〔2021〕47号,操纵市场,20190209,20190331,20190222,D12,,,,,,,,,10.0,7.0,1.45,2.13,,,,,,,,,,,,
000990.SZ,诚志股份,〔2021〕47号,操纵市场,20190209,20190331,20190225,D12,,,,,,,,,10.0,7.0,1.49,2.13,,,,,,,,,,,,
000990.SZ,诚志股份,〔2021〕47号,操纵市场,20190209,20190331,20190226,D9,1.42,-1.29,52711.95,37122.0,,,,,,,,,,,,,,,,,,,,
000990.SZ,诚志股份,〔2021〕47号,操纵市场,20190209,20190331,20190226,D12,,,,,,,,,10.0,8.0,1.53,2.13,,,,,,,,,,,,
000990.SZ,诚志股份,〔2021〕47号,操纵市场,20190209,20190331,20190227,D12,,,,,,,,,10.0,8.0,1.45,2.13,,,,,,,,,,,,
000990.SZ,诚志股份,〔2021〕47号,操纵市场,20190209,20190331,20190228,D12,,,,,,,,,10.0,7.0,1.36,2.13,,,,,,,,,,,,
000990.SZ,诚志股份,〔2021〕47号,操纵市场,20190209,20190331,20190301,D12,,,,,,,,,10.0,6.0,1.29,2.13,,,,,,,,,,,,
000990.SZ,诚志股份,〔2021〕47号,操纵市场,20190209,20190331,20190304,D9,1.48,0.31,60664.64,40921.0,,,,,,,,,,,,,,,,,,,,
000990.SZ,诚志股份,〔2021〕47号,操纵市场,20190209,20190331,20190304,D12,,,,,,,,,10.0,6.0,1.23,1.95,,,,,,,,,,,,
000990.SZ,诚志股份,〔2021〕47号,操纵市场,20190209,20190331,20190304,D14,2.19,,,,,,,,,,,,,,,,,,,,18718.0,40921.0,20.0,20.0
000990.SZ,诚志股份,〔2021〕47号,操纵市场,20190209,20190331,20190305,D9,1.59,1.76,66244.43,41685.0,,,,,,,,,,,,,,,,,,,,
000990.SZ,诚志股份,〔2021〕47号,操纵市场,20190209,20190331,20190305,D12,,,,,,,,,10.0,6.0,1.19,1.66,,,,,,,,,,,,
000990.SZ,诚志股份,〔2021〕47号,操纵市场,20190209,20190331,20190305,D14,2.12,,,,,,,,,,,,,,,,,,,,19702.0,41685.0,20.0,20.0
000990.SZ,诚志股份,〔2021〕47号,操纵市场,20190209,20190331,20190306,D10,,,,,,,,,,,1.88,,,,,,3.0,1.76,,,,,,
000990.SZ,诚志股份,〔2021〕47号,操纵市场,20190209,20190331,20190306,D12,,,,,,,,,10.0,7.0,1.36,2.56,,,,,,,,,,,,
000990.SZ,诚志股份,〔2021〕47号,操纵市场,20190209,20190331,20190306,D14,2.1,,,,,,,,,,,,,,,,,,,,21413.0,44965.0,20.0,20.0
000990.SZ,诚志股份,〔2021〕47号,操纵市场,20190209,20190331,20190307,D10,,,,,,,,,,,2.29,,,,,,3.0,1.76,,,,,,
000990.SZ,诚志股份,〔2021〕47号,操纵市场,20190209,20190331,20190307,D11,,,,,0.79,3.55,0.229,10.0,,,,,,,,,,,,,,,,
000990.SZ,诚志股份,〔2021〕47号,操纵市场,20190209,20190331,20190307,D12,,,,,,,,,10.0,7.0,1.51,2.71,,,,,,,,,,,,
000990.SZ,诚志股份,〔2021〕47号,操纵市场,20190209,20190331,20190307,D14,2.37,,,,,,,,,,,,,,,,,,,,21483.0,50881.0,20.0,20.0
000990.SZ,诚志股份,〔2021〕47号,操纵市场,20190209,20190331,20190308,D11,,,,,1.53,2.99,0.249,10.0,,,,,,,,,,,,,,,,
000990.SZ,诚志股份,〔2021〕47号,操纵市场,20190209,20190331,20190308,D12,,,,,,,,,10.0,8.0,1.63,2.71,,,,,,,,,,,,
000990.SZ,诚志股份,〔2021〕47号,操纵市场,20190209,20190331,20190308,D13,,,,,,,,,,,,,,,,,5.0,,3.18,4.07,,,,
000990.SZ,诚志股份,〔2021〕47号,操纵市场,20190209,20190331,20190308,D14,2.58,,,,,,,,,,,,,,,,,,,,21477.0,55417.0,20.0,20.0
000990.SZ,诚志股份,〔2021〕47号,操纵市场,20190209,20190331,20190311,D11,,,,,1.36,4.18,0.355,10.0,,,,,,,,,,,,,,,,
000990.SZ,诚志股份,〔2021〕47号,操纵市场,20190209,20190331,20190311,D12,,,,,,,,,10.0,8.0,1.73,2.71,,,,,,,,,,,,
000990.SZ,诚志股份,〔2021〕47号,操纵市场,20190209,20190331,20190311,D14,2.86,,,,,,,,,,,,,,,,,,,,21716.0,62181.0,20.0,20.0
000990.SZ,诚志股份,〔2021〕47号,操纵市场,20190209,20190331,20190312,D8,,,13558.47,,,,,,,,,,0.35,38472.0,0.0,0.35,,,,,,,,
000990.SZ,诚志股份,〔2021〕47号,操纵市场,20190209,20190331,20190312,D11,,,,,1.14,0.35,0.209,10.0,,,,,,,,,,,,,,,,
000990.SZ,诚志股份,〔2021〕47号,操纵市场,20190209,20190331,20190312,D12,,,,,,,,,10.0,7.0,1.61,2.71,,,,,,,,,,,,
000990.SZ,诚志股份,〔2021〕47号,操纵市场,20190209,20190331,20190312,D14,2.8,,,,,,,,,,,,,,,,,,,,22081.0,61766.0,20.0,20.0
000990.SZ,诚志股份,〔2021〕47号,操纵市场,20190209,20190331,20190313,D12,,,,,,,,,10.0,6.0,1.54,2.71,,,,,,,,,,,,
000990.SZ,诚志股份,〔2021〕47号,操纵市场,20190209,20190331,20190313,D14,2.59,,,,,,,,,,,,,,,,,,,,23486.0,60800.0,20.0,20.0
000990.SZ,诚志股份,〔2021〕47号,操纵市场,20190209,20190331,20190314,D11,,,,,0.74,17.06,0.832,10.0,,,,,,,,,,,,,,,,
000990.SZ,诚志股份,〔2021〕47号,操纵市场,20190209,20190331,20190314,D12,,,,,,,,,10.0,7.0,2.17,7.22,,,,,,,,,,,,
000990.SZ,诚志股份,〔2021〕47号,操纵市场,20190209,20190331,20190314,D14,3.64,,,,,,,,,,,,,,,,,,,,25177.0,91569.0,20.0,20.0
000990.SZ,诚志股份,〔2021〕47号,操纵市场,20190209,20190331,20190315,D11,,,,,1.56,17.67,1.41,10.0,,,,,,,,,,,,,,,,
000990.SZ,诚志股份,〔2021〕47号,操纵市场,20190209,20190331,20190315,D12,,,,,,,,,10.0,8.0,2.65,7.22,,,,,,,,,,,,
000990.SZ,诚志股份,〔2021〕47号,操纵市场,20190209,20190331,20190315,D14,4.72,,,,,,,,,,,,,,,,,,,,26275.0,124035.0,20.0,20.0
000990.SZ,诚志股份,〔2021〕47号,操纵市场,20190209,20190331,20190318,D11,,,,,1.71,15.76,1.735,10.0,,,,,,,,,,,,,,,,
000990.SZ,诚志股份,〔2021〕47号,操纵市场,20190209,20190331,20190318,D12,,,,,,,,,10.0,8.0,2.9,7.22,,,,,,,,,,,,
000990.SZ,诚志股份,〔2021〕47号,操纵市场,20190209,20190331,20190318,D14,5.31,,,,,,,,,,,,,,,,,,,,28514.0,151542.0,20.0,20.0
000990.SZ,诚志股份,〔2021〕47号,操纵市场,20190209,20190331,20190319,D11,,,,,2.97,14.68,1.838,10.0,,,,,,,,,,,,,,,,
000990.SZ,诚志股份,〔2021〕47号,操纵市场,20190209,20190331,20190319,D12,,,,,,,,,10.0,8.0,3.06,7.22,,,,,,,,,,,,
000990.SZ,诚志股份,〔2021〕47号,操纵市场,20190209,20190331,20190319,D14,5.85,,,,,,,,,,,,,,,,,,,,30261.0,177048.0,20.0,20.0
000990.SZ,诚志股份,〔2021〕47号,操纵市场,20190209,20190331,20190320,D12,,,,,,,,,10.0,8.0,3.07,7.22,,,,,,,,,,,,
000990.SZ,诚志股份,〔2021〕47号,操纵市场,20190209,20190331,20190320,D14,6.51,,,,,,,,,,,,,,,,,,,,31036.0,202092.0,20.0,20.0
000990.SZ,诚志股份,〔2021〕47号,操纵市场,20190209,20190331,20190321,D11,,,,,2.99,2.89,1.108,10.0,,,,,,,,,,,,,,,,
000990.SZ,诚志股份,〔2021〕47号,操纵市场,20190209,20190331,20190321,D12,,,,,,,,,10.0,7.0,2.85,7.22,,,,,,,,,,,,
000990.SZ,诚志股份,〔2021〕47号,操纵市场,20190209,20190331,20190321,D14,6.39,,,,,,,,,,,,,,,,,,,,32198.0,205878.0,20.0,20.0
000990.SZ,诚志股份,〔2021〕47号,操纵市场,20190209,20190331,20190322,D12,,,,,,,,,10.0,7.0,3.02,7.22,,,,,,,,,,,,
000990.SZ,诚志股份,〔2021〕47号,操纵市场,20190209,20190331,20190322,D14,7.58,,,,,,,,,,,,,,,,,,,,33218.0,251686.0,20.0,20.0
000990.SZ,诚志股份,〔2021〕47号,操纵市场,20190209,20190331,20190325,D11,,,,,0.35,19.45,1.539,10.0,,,,,,,,,,,,,,,,
000990.SZ,诚志股份,〔2021〕47号,操纵市场,20190209,20190331,20190325,D12,,,,,,,,,10.0,7.0,3.02,7.22,,,,,,,,,,,,
000990.SZ,诚志股份,〔2021〕47号,操纵市场,20190209,20190331,20190325,D14,8.03,,,,,,,,,,,,,,,,,,,,35659.0,286434.0,20.0,20.0
000990.SZ,诚志股份,〔2021〕47号,操纵市场,20190209,20190331,20190326,D11,,,,,0.72,18.12,1.015,10.0,,,,,,,,,,,,,,,,
000990.SZ,诚志股份,〔2021〕47号,操纵市场,20190209,20190331,20190326,D12,,,,,,,,,10.0,8.0,3.22,7.22,,,,,,,,,,,,
000990.SZ,诚志股份,〔2021〕47号,操纵市场,20190209,20190331,20190326,D14,8.59,,,,,,,,,,,,,,,,,,,,37122.0,318926.0,20.0,20.0
000990.SZ,诚志股份,〔2021〕47号,操纵市场,20190209,20190331,20190327,D12,,,,,,,,,10.0,9.0,3.36,7.22,,,,,,,,,,,,
000990.SZ,诚志股份,〔2021〕47号,操纵市场,20190209,20190331,20190327,D14,9.24,,,,,,,,,,,,,,,,,,,,37794.0,349389.0,20.0,20.0
000990.SZ,诚志股份,〔2021〕47号,操纵市场,20190209,20190331,20190328,D12,,,,,,,,,10.0,9.0,2.8,5.52,,,,,,,,,,,,
000990.SZ,诚志股份,〔2021〕47号,操纵市场,20190209,20190331,20190328,D14,9.78,,,,,,,,,,,,,,,,,,,,38546.0,376967.0,20.0,20.0
000990.SZ,诚志股份,〔2021〕47号,操纵市场,20190209,20190331,20190329,D12,,,,,,,,,10.0,9.0,2.39,4.03,,,,,,,,,,,,
000990.SZ,诚志股份,〔2021〕47号,操纵市场,20190209,20190331,20190329,D14,10.41,,,,,,,,,,,,,,,,,,,,38901.0,405141.0,20.0,20.0
002044.SZ,美年健康,〔2021〕105号,操纵市场,20190630,20190819,20190701,D9,1.26,1.93,222397.38,176995.0,,,,,,,,,,,,,,,,,,,,
002044.SZ,美年健康,〔2021〕105号,操纵市场,20190630,20190819,20190701,D12,,,,,,,,,10.0,6.0,1.18,1.75,,,,,,,,,,,,
002044.SZ,美年健康,〔2021〕105号,操纵市场,20190630,20190819,20190702,D12,,,,,,,,,10.0,6.0,1.21,2.08,,,,,,,,,,,,
002044.SZ,美年健康,〔2021〕105号,操纵市场,20190630,20190819,20190703,D12,,,,,,,,,10.0,6.0,1.21,2.08,,,,,,,,,,,,
002044.SZ,美年健康,〔2021〕105号,操纵市场,20190630,20190819,20190704,D12,,,,,,,,,10.0,6.0,1.19,2.08,,,,,,,,,,,,
002044.SZ,美年健康,〔2021〕105号,操纵市场,20190630,20190819,20190705,D12,,,,,,,,,10.0,6.0,1.18,2.08,,,,,,,,,,,,
002044.SZ,美年健康,〔2021〕105号,操纵市场,20190630,20190819,20190708,D12,,,,,,,,,10.0,7.0,1.19,2.08,,,,,,,,,,,,
002044.SZ,美年健康,〔2021〕105号,操纵市场,20190630,20190819,20190709,D12,,,,,,,,,10.0,6.0,1.13,2.08,,,,,,,,,,,,
002044.SZ,美年健康,〔2021〕105号,操纵市场,20190630,20190819,20190710,D12,,,,,,,,,10.0,6.0,1.13,2.08,,,,,,,,,,,,
002044.SZ,美年健康,〔2021〕105号,操纵市场,20190630,20190819,20190711,D12,,,,,,,,,10.0,7.0,1.3,2.48,,,,,,,,,,,,
002044.SZ,美年健康,〔2021〕105号,操纵市场,20190630,20190819,20190712,D9,1.34,2.53,327022.76,244829.0,,,,,,,,,,,,,,,,,,,,
002044.SZ,美年健康,〔2021〕105号,操纵市场,20190630,20190819,20190712,D12,,,,,,,,,10.0,8.0,1.36,2.48,,,,,,,,,,,,
002044.SZ,美年健康,〔2021〕105号,操纵市场,20190630,20190819,20190715,D12,,,,,,,,,10.0,7.0,1.33,2.48,,,,,,,,,,,,
002044.SZ,美年健康,〔2021〕105号,操纵市场,20190630,20190819,20190716,D12,,,,,,,,,10.0,7.0,1.23,2.48,,,,,,,,,,,,
002044.SZ,美年健康,〔2021〕105号,操纵市场,20190630,20190819,20190717,D12,,,,,,,,,10.0,7.0,1.24,2.48,,,,,,,,,,,,
002044.SZ,美年健康,〔2021〕105号,操纵市场,20190630,20190819,20190718,D12,,,,,,,,,10.0,6.0,1.19,2.48,,,,,,,,,,,,
002044.SZ,美年健康,〔2021〕105号,操纵市场,20190630,20190819,20190719,D12,,,,,,,,,10.0,5.0,1.14,2.48,,,,,,,,,,,,
002044.SZ,美年健康,〔2021〕105号,操纵市场,20190630,20190819,20190724,D12,,,,,,,,,10.0,5.0,1.14,2.48,,,,,,,,,,,,
002044.SZ,美年健康,〔2021〕105号,操纵市场,20190630,20190819,20190725,D9,1.21,2.83,310460.85,257437.0,,,,,,,,,,,,,,,,,,,,
002044.SZ,美年健康,〔2021〕105号,操纵市场,20190630,20190819,20190725,D12,,,,,,,,,10.0,5.0,1.01,1.35,,,,,,,,,,,,
002044.SZ,美年健康,〔2021〕105号,操纵市场,20190630,20190819,20190812,D8,,,93144.8,,,,,,,,,,0.47,196219.0,1.78,0.27,,,,,,,,
002093.SZ,国脉科技,〔2023〕36号,操纵市场,20150815,20151004,20150820,D9,2.41,-0.43,1323285.95,549614.0,,,,,,,,,,,,,,,,,,,,
002093.SZ,国脉科技,〔2023〕36号,操纵市场,20150815,20151004,20150820,D12,,,,,,,,,10.0,5.0,1.41,2.79,,,,,,,,,,,,
002093.SZ,国脉科技,〔2023〕36号,操纵市场,20150815,20151004,20150821,D12,,,,,,,,,10.0,5.0,1.43,2.79,,,,,,,,,,,,
002093.SZ,国脉科技,〔2023〕36号,操纵市场,20150815,20151004,20150826,D12,,,,,,,,,10.0,5.0,1.38,2.79,,,,,,,,,,,,
002093.SZ,国脉科技,〔2023〕36号,操纵市场,20150815,20151004,20150827,D12,,,,,,,,,10.0,6.0,1.41,2.79,,,,,,,,,,,,
002093.SZ,国脉科技,〔2023〕36号,操纵市场,20150815,20151004,20150828,D12,,,,,,,,,10.0,7.0,1.43,2.79,,,,,,,,,,,,
002093.SZ,国脉科技,〔2023〕36号,操纵市场,20150815,20151004,20150831,D12,,,,,,,,,10.0,7.0,1.42,2.79,,,,,,,,,,,,
002093.SZ,国脉科技,〔2023〕36号,操纵市场,20150815,20151004,20150901,D12,,,,,,,,,10.0,6.0,1.2,2.73,,,,,,,,,,,,
002093.SZ,国脉科技,〔2023〕36号,操纵市场,20150815,20151004,20150902,D12,,,,,,,,,10.0,5.0,1.01,2.41,,,,,,,,,,,,
002093.SZ,国脉科技,〔2023〕36号,操纵市场,20150815,20151004,20150930,D8,,,145619.6,,,,,,,,,,0.31,470969.0,3.31,1.71,,,,,,,,
002147.SZ,新光圆成,〔2021〕111号,操纵市场,20171119,20180108,20171205,D9,1.39,1.23,28982.08,20825.0,,,,,,,,,,,,,,,,,,,,
002147.SZ,新光圆成,〔2021〕111号,操纵市场,20171119,20180108,20171206,D9,1.43,-0.76,31324.32,21942.0,,,,,,,,,,,,,,,,,,,,
002147.SZ,新光圆成,〔2021〕111号,操纵市场,20171119,20180108,20171207,D9,1.95,0.38,45672.38,23372.0,,,,,,,,,,,,,,,,,,,,
002147.SZ,新光圆成,〔2021〕111号,操纵市场,20171119,20180108,20171207,D10,,,,,,,,,,,1.59,,,,,,3.0,1.23,,,,,,
002147.SZ,新光圆成,〔2021〕111号,操纵市场,20171119,20180108,20171208,D9,1.63,0.0,40086.67,24622.0,,,,,,,,,,,,,,,,,,,,
002147.SZ,新光圆成,〔2021〕111号,操纵市场,20171119,20180108,20171208,D10,,,,,,,,,,,1.67,,,,,,3.0,0.76,,,,,,
002147.SZ,新光圆成,〔2021〕111号,操纵市场,20171119,20180108,20171208,D12,,,,,,,,,10.0,5.0,1.13,1.95,,,,,,,,,,,,
002147.SZ,新光圆成,〔2021〕111号,操纵市场,20171119,20180108,20171211,D10,,,,,,,,,,,2.12,,,,,,3.0,0.38,,,,,,
002147.SZ,新光圆成,〔2021〕111号,操纵市场,20171119,20180108,20171211,D12,,,,,,,,,10.0,6.0,1.36,2.78,,,,,,,,,,,,
002147.SZ,新光圆成,〔2021〕111号,操纵市场,20171119,20180108,20171211,D13,,,,,,,,,,,,,,,,,5.0,,1.54,2.53,,,,
002147.SZ,新光圆成,〔2021〕111号,操纵市场,20171119,20180108,20171212,D9,1.75,-0.69,46743.14,26681.0,,,,,,,,,,,,,,,,,,,,
002147.SZ,新光圆成,〔2021〕111号,操纵市场,20171119,20180108,20171212,D10,,,,,,,,,,,2.05,,,,,,3.0,0.69,,,,,,
002147.SZ,新光圆成,〔2021〕111号,操纵市场,20171119,20180108,20171212,D12,,,,,,,,,10.0,7.0,1.45,2.78,,,,,,,,,,,,
002147.SZ,新光圆成,〔2021〕111号,操纵市场,20171119,20180108,20171212,D13,,,,,,,,,,,,,,,,,5.0,,1.52,2.44,,,,
002147.SZ,新光圆成,〔2021〕111号,操纵市场,20171119,20180108,20171213,D12,,,,,,,,,10.0,7.0,1.47,2.78,,,,,,,,,,,,
002147.SZ,新光圆成,〔2021〕111号,操纵市场,20171119,20180108,20171214,D12,,,,,,,,,10.0,6.0,1.42,2.78,,,,,,,,,,,,
002147.SZ,新光圆成,〔2021〕111号,操纵市场,20171119,20180108,20171215,D8,,,9940.44,,,,,,,,,,0.38,26246.0,0.54,0.19,,,,,,,,
002147.SZ,新光圆成,〔2021〕111号,操纵市场,20171119,20180108,20171215,D12,,,,,,,,,10.0,6.0,1.38,2.78,,,,,,,,,,,,
002147.SZ,新光圆成,〔2021〕111号,操纵市场,20171119,20180108,20171218,D8,,,9152.91,,,,,,,,,,0.36,25476.0,1.4,0.17,,,,,,,,
002147.SZ,新光圆成,〔2021〕111号,操纵市场,20171119,20180108,20171218,D12,,,,,,,,,10.0,6.0,1.33,2.78,,,,,,,,,,,,
002147.SZ,新光圆成,〔2021〕111号,操纵市场,20171119,20180108,20171219,D12,,,,,,,,,10.0,5.0,1.26,2.78,,,,,,,,,,,,
002147.SZ,新光圆成,〔2021〕111号,操纵市场,20171119,20180108,20171220,D8,,,9421.88,,,,,,,,,,0.39,24107.0,1.02,0.18,,,,,,,,
002147.SZ,新光圆成,〔2021〕111号,操纵市场,20171119,20180108,20171221,D8,,,11048.66,,,,,,,,,,0.46,23818.0,1.71,0.21,,,,,,,,
002147.SZ,新光圆成,〔2021〕111号,操纵市场,20171119,20180108,20171228,D9,1.24,-0.08,29842.73,24102.0,,,,,,,,,,,,,,,,,,,,
002147.SZ,新光圆成,〔2021〕111号,操纵市场,20171119,20180108,20180102,D8,,,8365.95,,,,,,,,,,0.4,20998.0,0.93,0.16,,,,,,,,
002147.SZ,新光圆成,〔2021〕111号,操纵市场,20171119,20180108,20180103,D9,2.49,0.08,62116.65,24990.0,,,,,,,,,,,,,,,,,,,,
002147.SZ,新光圆成,〔2021〕111号,操纵市场,20171119,20180108,20180104,D9,1.41,0.0,35623.63,25205.0,,,,,,,,,,,,,,,,,,,,
002147.SZ,新光圆成,〔2021〕111号,操纵市场,20171119,20180108,20180108,D11,,,,,0.23,2.83,0.212,10.0,,,,,,,,,,,,,,,,
002147.SZ,新光圆成,〔2021〕111号,操纵市场,20171119,20180108,20180108,D12,,,,,,,,,10.0,5.0,1.53,4.7,,,,,,,,,,,,
002178.SZ,延华智能,〔2023〕17号,操纵市场,20171121,20180110,20171124,D12,,,,,,,,,10.0,5.0,0.93,1.31,,,,,,,,,,,,
002178.SZ,延华智能,〔2023〕17号,操纵市场,20171121,20180110,20171127,D12,,,,,,,,,10.0,5.0,0.92,1.18,,,,,,,,,,,,
002178.SZ,延华智能,〔2023〕17号,操纵市场,20171121,20180110,20171128,D9,1.4,2.05,53024.54,37861.0,,,,,,,,,,,,,,,,,,,,
002178.SZ,延华智能,〔2023〕17号,操纵市场,20171121,20180110,20171128,D10,,,,,,,,,,,1.24,,,,,,3.0,2.05,,,,,,
002178.SZ,延华智能,〔2023〕17号,操纵市场,20171121,20180110,20171128,D12,,,,,,,,,10.0,6.0,0.98,1.4,,,,,,,,,,,,
002178.SZ,延华智能,〔2023〕17号,操纵市场,20171121,20180110,20171129,D10,,,,,,,,,,,1.25,,,,,,3.0,2.05,,,,,,
002178.SZ,延华智能,〔2023〕17号,操纵市场,20171121,20180110,20171129,D12,,,,,,,,,10.0,6.0,0.98,1.4,,,,,,,,,,,,
002178.SZ,延华智能,〔2023〕17号,操纵市场,20171121,20180110,20171130,D10,,,,,,,,,,,1.2,,,,,,3.0,2.05,,,,,,
002178.SZ,延华智能,〔2023〕17号,操纵市场,20171121,20180110,20171130,D12,,,,,,,,,10.0,7.0,1.03,1.4,,,,,,,,,,,,
002178.SZ,延华智能,〔2023〕17号,操纵市场,20171121,20180110,20171130,D13,,,,,,,,,,,,,,,,,5.0,,2.4,2.99,,,,
002178.SZ,延华智能,〔2023〕17号,操纵市场,20171121,20180110,20171201,D12,,,,,,,,,10.0,7.0,1.03,1.4,,,,,,,,,,,,
002178.SZ,延华智能,〔2023〕17号,操纵市场,20171121,20180110,20171204,D9,1.23,-0.57,50554.36,41050.0,,,,,,,,,,,,,,,,,,,,
002178.SZ,延华智能,〔2023〕17号,操纵市场,20171121,20180110,20171204,D12,,,,,,,,,10.0,8.0,1.07,1.4,,,,,,,,,,,,
002178.SZ,延华智能,〔2023〕17号,操纵市场,20171121,20180110,20171205,D12,,,,,,,,,10.0,7.0,1.06,1.4,,,,,,,,,,,,
002178.SZ,延华智能,〔2023〕17号,操纵市场,20171121,20180110,20171220,D12,,,,,,,,,10.0,7.0,1.28,3.21,,,,,,,,,,,,
002178.SZ,延华智能,〔2023〕17号,操纵市场,20171121,20180110,20171221,D9,2.04,0.29,96659.57,47462.0,,,,,,,,,,,,,,,,,,,,
002178.SZ,延华智能,〔2023〕17号,操纵市场,20171121,20180110,20171221,D12,,,,,,,,,10.0,8.0,1.4,3.21,,,,,,,,,,,,
002178.SZ,延华智能,〔2023〕17号,操纵市场,20171121,20180110,20171222,D12,,,,,,,,,10.0,7.0,1.38,3.21,,,,,,,,,,,,
002178.SZ,延华智能,〔2023〕17号,操纵市场,20171121,20180110,20171225,D9,1.39,-0.29,66856.86,48198.0,,,,,,,,,,,,,,,,,,,,
002178.SZ,延华智能,〔2023〕17号,操纵市场,20171121,20180110,20171225,D12,,,,,,,,,10.0,7.0,1.4,3.21,,,,,,,,,,,,
002178.SZ,延华智能,〔2023〕17号,操纵市场,20171121,20180110,20171226,D12,,,,,,,,,10.0,6.0,1.34,3.21,,,,,,,,,,,,
002178.SZ,延华智能,〔2023〕17号,操纵市场,20171121,20180110,20171227,D8,,,23584.28,,,,,,,,,,0.48,49270.0,0.86,0.39,,,,,,,,
002178.SZ,延华智能,〔2023〕17号,操纵市场,20171121,20180110,20171227,D12,,,,,,,,,10.0,5.0,1.28,3.21,,,,,,,,,,,,
002178.SZ,延华智能,〔2023〕17号,操纵市场,20171121,20180110,20180102,D8,,,18980.04,,,,,,,,,,0.4,47428.0,0.58,0.31,,,,,,,,
002178.SZ,延华智能,〔2023〕17号,操纵市场,20171121,20180110,20180108,D9,1.6,-0.55,80971.79,50638.0,,,,,,,,,,,,,,,,,,,,
002178.SZ,延华智能,〔2023〕17号,操纵市场,20171121,20180110,20180109,D9,1.44,-0.21,75359.2,52267.0,,,,,,,,,,,,,,,,,,,,
002319.SZ,乐通股份,〔2021〕45号,操纵市场,20180620,20180809,20180620,D12,,,,,,,,,10.0,6.0,1.0,1.46,,,,,,,,,,,,
002319.SZ,乐通股份,〔2021〕45号,操纵市场,20180620,20180809,20180621,D12,,,,,,,,,10.0,6.0,1.01,1.46,,,,,,,,,,,,
002319.SZ,乐通股份,〔2021〕45号,操纵市场,20180620,20180809,20180622,D12,,,,,,,,,10.0,6.0,1.03,1.46,,,,,,,,,,,,
002319.SZ,乐通股份,〔2021〕45号,操纵市场,20180620,20180809,20180625,D12,,,,,,,,,10.0,5.0,0.97,1.46,,,,,,,,,,,,
002319.SZ,乐通股份,〔2021〕45号,操纵市场,20180620,20180809,20180626,D12,,,,,,,,,10.0,5.0,0.99,1.46,,,,,,,,,,,,
002319.SZ,乐通股份,〔2021〕45号,操纵市场,20180620,20180809,20180702,D9,2.01,0.82,13014.49,6461.0,,,,,,,,,,,,,,,,,,,,
002319.SZ,乐通股份,〔2021〕45号,操纵市场,20180620,20180809,20180703,D9,1.93,0.54,13254.0,6863.0,,,,,,,,,,,,,,,,,,,,
002319.SZ,乐通股份,〔2021〕45号,操纵市场,20180620,20180809,20180706,D9,1.62,0.9,14127.0,8742.0,,,,,,,,,,,,,,,,,,,,
002319.SZ,乐通股份,〔2021〕45号,操纵市场,20180620,20180809,20180710,D8,,,3553.39,,,,,,,,,,0.47,7520.0,0.96,0.18,,,,,,,,
002319.SZ,乐通股份,〔2021〕45号,操纵市场,20180620,20180809,20180712,D8,,,3303.0,,,,,,,,,,0.44,7470.0,2.79,0.17,,,,,,,,
002319.SZ,乐通股份,〔2021〕45号,操纵市场,20180620,20180809,20180713,D8,,,2137.15,,,,,,,,,,0.29,7385.0,1.18,0.11,,,,,,,,
002319.SZ,乐通股份,〔2021〕45号,操纵市场,20180620,20180809,20180725,D9,1.41,1.66,11377.0,8071.0,,,,,,,,,,,,,,,,,,,,
002319.SZ,乐通股份,〔2021〕45号,操纵市场,20180620,20180809,20180802,D9,2.03,0.2,12894.5,6353.0,,,,,,,,,,,,,,,,,,,,
002319.SZ,乐通股份,〔2021〕45号,操纵市场,20180620,20180809,20180806,D9,1.27,-0.14,7668.0,6029.0,,,,,,,,,,,,,,,,,,,,
002319.SZ,乐通股份,〔2021〕45号,操纵市场,20180620,20180809,20180807,D12,,,,,,,,,10.0,5.0,1.21,2.72,,,,,,,,,,,,
002319.SZ,乐通股份,〔2021〕45号,操纵市场,20180620,20180809,20180808,D9,1.3,0.33,9092.0,6985.0,,,,,,,,,,,,,,,,,,,,
002319.SZ,乐通股份,〔2021〕45号,操纵市场,20180620,20180809,20180808,D12,,,,,,,,,10.0,5.0,1.2,2.72,,,,,,,,,,,,
002319.SZ,乐通股份,〔2021〕45号,操纵市场,20180620,20180809,20180809,D9,1.45,2.6,10655.18,7353.0,,,,,,,,,,,,,,,,,,,,
002319.SZ,乐通股份,〔2021〕45号,操纵市场,20180620,20180809,20180809,D12,,,,,,,,,10.0,6.0,1.3,2.72,,,,,,,,,,,,
002331.SZ,皖通科技,〔2021〕4号,操纵市场,20180908,20181028,20180910,D14,2.19,,,,,,,,,,,,,,,,,,,,43650.0,95631.0,20.0,20.0
002331.SZ,皖通科技,〔2021〕4号,操纵市场,20180908,20181028,20180925,D8,,,27462.4,,,,,,,,,,0.47,58475.0,1.58,0.93,,,,,,,,
002331.SZ,皖通科技,〔2021〕4号,操纵市场,20180908,20181028,20181009,D8,,,18726.55,,,,,,,,,,0.32,57723.0,1.24,0.64,,,,,,,,
002331.SZ,皖通科技,〔2021〕4号,操纵市场,20180908,20181028,20181010,D8,,,20009.59,,,,,,,,,,0.35,57423.0,2.19,0.68,,,,,,,,
002331.SZ,皖通科技,〔2021〕4号,操纵市场,20180908,20181028,20181012,D9,1.68,-0.77,59270.55,35207.0,,,,,,,,,,,,,,,,,,,,
002331.SZ,皖通科技,〔2021〕4号,操纵市场,20180908,20181028,20181015,D8,,,20648.81,,,,,,,,,,0.36,57560.0,3.09,0.7,,,,,,,,
002331.SZ,皖通科技,〔2021〕4号,操纵市场,20180908,20181028,20181016,D8,,,17208.47,,,,,,,,,,0.3,57361.0,4.39,0.58,,,,,,,,
002331.SZ,皖通科技,〔2021〕4号,操纵市场,20180908,20181028,20181017,D8,,,20653.61,,,,,,,,,,0.36,57136.0,4.6,0.7,,,,,,,,
002331.SZ,皖通科技,〔2021〕4号,操纵市场,20180908,20181028,20181018,D9,1.29,2.76,43133.68,33312.0,,,,,,,,,,,,,,,,,,,,
002331.SZ,皖通科技,〔2021〕4号,操纵市场,20180908,20181028,20181022,D12,,,,,,,,,10.0,5.0,1.09,1.78,,,,,,,,,,,,
002331.SZ,皖通科技,〔2021〕4号,操纵市场,20180908,20181028,20181023,D12,,,,,,,,,10.0,5.0,1.13,1.78,,,,,,,,,,,,
002331.SZ,皖通科技,〔2021〕4号,操纵市场,20180908,20181028,20181024,D8,,,19777.66,,,,,,,,,,0.35,56309.0,2.61,0.67,,,,,,,,
002331.SZ,皖通科技,〔2021〕4号,操纵市场,20180908,20181028,20181024,D12,,,,,,,,,10.0,5.0,1.13,1.78,,,,,,,,,,,,
002331.SZ,皖通科技,〔2021〕4号,操纵市场,20180908,20181028,20181025,D8,,,25944.88,,,,,,,,,,0.46,55799.0,3.96,0.88,,,,,,,,
002331.SZ,皖通科技,〔2021〕4号,操纵市场,20180908,20181028,20181026,D8,,,21579.0,,,,,,,,,,0.39,55216.0,4.12,0.73,,,,,,,,
002403.SZ,爱仕达,〔2024〕47号,操纵市场,20220327,20220516,20220328,D12,,,,,,,,,10.0,7.0,1.84,5.09,,,,,,,,,,,,
002403.SZ,爱仕达,〔2024〕47号,操纵市场,20220327,20220516,20220328,D14,3.08,,,,,,,,,,,,,,,,,,,,11447.0,35252.0,20.0,20.0
002403.SZ,爱仕达,〔2024〕47号,操纵市场,20220327,20220516,20220329,D12,,,,,,,,,10.0,6.0,1.39,3.19,,,,,,,,,,,,
002403.SZ,爱仕达,〔2024〕47号,操纵市场,20220327,20220516,20220329,D14,2.99,,,,,,,,,,,,,,,,,,,,11810.0,35306.0,20.0,20.0
002403.SZ,爱仕达,〔2024〕47号,操纵市场,20220327,20220516,20220330,D12,,,,,,,,,10.0,5.0,1.14,2.29,,,,,,,,,,,,
002403.SZ,爱仕达,〔2024〕47号,操纵市场,20220327,20220516,20220330,D14,2.96,,,,,,,,,,,,,,,,,,,,12096.0,35789.0,20.0,20.0
002403.SZ,爱仕达,〔2024〕47号,操纵市场,20220327,20220516,20220331,D12,,,,,,,,,10.0,5.0,1.07,2.29,,,,,,,,,,,,
002403.SZ,爱仕达,〔2024〕47号,操纵市场,20220327,20220516,20220331,D14,3.03,,,,,,,,,,,,,,,,,,,,12164.0,36885.0,20.0,20.0
002403.SZ,爱仕达,〔2024〕47号,操纵市场,20220327,20220516,20220401,D14,3.05,,,,,,,,,,,,,,,,,,,,12431.0,37960.0,20.0,20.0
002403.SZ,爱仕达,〔2024〕47号,操纵市场,20220327,20220516,20220406,D14,3.15,,,,,,,,,,,,,,,,,,,,12489.0,39329.0,20.0,20.0
002403.SZ,爱仕达,〔2024〕47号,操纵市场,20220327,20220516,20220407,D14,3.28,,,,,,,,,,,,,,,,,,,,12236.0,40082.0,20.0,20.0
002403.SZ,爱仕达,〔2024〕47号,操纵市场,20220327,20220516,20220408,D14,3.31,,,,,,,,,,,,,,,,,,,,12351.0,40837.0,20.0,20.0
002403.SZ,爱仕达,〔2024〕47号,操纵市场,20220327,20220516,20220411,D14,2.99,,,,,,,,,,,,,,,,,,,,13490.0,40299.0,20.0,20.0
002403.SZ,爱仕达,〔2024〕47号,操纵市场,20220327,20220516,20220412,D14,2.66,,,,,,,,,,,,,,,,,,,,14867.0,39547.0,20.0,20.0
002403.SZ,爱仕达,〔2024〕47号,操纵市场,20220327,20220516,20220413,D14,2.48,,,,,,,,,,,,,,,,,,,,16461.0,40771.0,20.0,20.0
002403.SZ,爱仕达,〔2024〕47号,操纵市场,20220327,20220516,20220414,D9,1.21,0.69,45681.47,37665.0,,,,,,,,,,,,,,,,,,,,
002403.SZ,爱仕达,〔2024〕47号,操纵市场,20220327,20220516,20220418,D9,1.73,0.68,62827.02,36357.0,,,,,,,,,,,,,,,,,,,,
002403.SZ,爱仕达,〔2024〕47号,操纵市场,20220327,20220516,20220419,D9,1.43,1.22,52858.18,36889.0,,,,,,,,,,,,,,,,,,,,
002403.SZ,爱仕达,〔2024〕47号,操纵市场,20220327,20220516,20220420,D10,,,,,,,,,,,1.4,,,,,,3.0,1.22,,,,,,
002403.SZ,爱仕达,〔2024〕47号,操纵市场,20220327,20220516,20220420,D12,,,,,,,,,10.0,5.0,1.04,1.73,,,,,,,,,,,,
002403.SZ,爱仕达,〔2024〕47号,操纵市场,20220327,20220516,20220421,D10,,,,,,,,,,,1.21,,,,,,3.0,1.62,,,,,,
002403.SZ,爱仕达,〔2024〕47号,操纵市场,20220327,20220516,20220421,D12,,,,,,,,,10.0,6.0,1.08,1.73,,,,,,,,,,,,
002403.SZ,爱仕达,〔2024〕47号,操纵市场,20220327,20220516,20220422,D11,,,,,0.63,3.12,0.156,10.0,,,,,,,,,,,,,,,,
002403.SZ,爱仕达,〔2024〕47号,操纵市场,20220327,20220516,20220422,D12,,,,,,,,,10.0,7.0,1.23,2.28,,,,,,,,,,,,
002403.SZ,爱仕达,〔2024〕47号,操纵市场,20220327,20220516,20220425,D11,,,,,0.65,3.34,0.193,10.0,,,,,,,,,,,,,,,,
002403.SZ,爱仕达,〔2024〕47号,操纵市场,20220327,20220516,20220425,D12,,,,,,,,,10.0,8.0,1.4,2.28,,,,,,,,,,,,
002403.SZ,爱仕达,〔2024〕47号,操纵市场,20220327,20220516,20220426,D11,,,,,2.01,6.11,0.348,10.0,,,,,,,,,,,,,,,,
002403.SZ,爱仕达,〔2024〕47号,操纵市场,20220327,20220516,20220426,D12,,,,,,,,,10.0,9.0,1.72,3.63,,,,,,,,,,,,
002403.SZ,爱仕达,〔2024〕47号,操纵市场,20220327,20220516,20220427,D11,,,,,1.49,5.86,0.515,10.0,,,,,,,,,,,,,,,,
002403.SZ,爱仕达,〔2024〕47号,操纵市场,20220327,20220516,20220427,D12,,,,,,,,,10.0,9.0,1.87,3.63,,,,,,,,,,,,
002403.SZ,爱仕达,〔2024〕47号,操纵市场,20220327,20220516,20220428,D11,,,,,1.13,0.97,0.333,10.0,,,,,,,,,,,,,,,,
002403.SZ,爱仕达,〔2024〕47号,操纵市场,20220327,20220516,20220428,D12,,,,,,,,,10.0,8.0,1.8,3.63,,,,,,,,,,,,
002403.SZ,爱仕达,〔2024〕47号,操纵市场,20220327,20220516,20220429,D11,,,,,2.05,5.89,0.402,10.0,,,,,,,,,,,,,,,,
002403.SZ,爱仕达,〔2024〕47号,操纵市场,20220327,20220516,20220429,D12,,,,,,,,,10.0,9.0,1.98,3.63,,,,,,,,,,,,
002403.SZ,爱仕达,〔2024〕47号,操纵市场,20220327,20220516,20220505,D11,,,,,1.73,16.31,1.044,10.0,,,,,,,,,,,,,,,,
002403.SZ,爱仕达,〔2024〕47号,操纵市场,20220327,20220516,20220505,D12,,,,,,,,,10.0,9.0,2.36,5.58,,,,,,,,,,,,
002403.SZ,爱仕达,〔2024〕47号,操纵市场,20220327,20220516,20220505,D14,2.42,,,,,,,,,,,,,,,,,,,,36885.0,89418.0,20.0,20.0
002403.SZ,爱仕达,〔2024〕47号,操纵市场,20220327,20220516,20220506,D11,,,,,1.28,9.41,1.114,10.0,,,,,,,,,,,,,,,,
002403.SZ,爱仕达,〔2024〕47号,操纵市场,20220327,20220516,20220506,D12,,,,,,,,,10.0,9.0,2.5,5.58,,,,,,,,,,,,
002403.SZ,爱仕达,〔2024〕47号,操纵市场,20220327,20220516,20220506,D14,2.69,,,,,,,,,,,,,,,,,,,,37960.0,101940.0,20.0,20.0
002403.SZ,爱仕达,〔2024〕47号,操纵市场,20220327,20220516,20220509,D11,,,,,1.43,10.18,1.103,10.0,,,,,,,,,,,,,,,,
002403.SZ,爱仕达,〔2024〕47号,操纵市场,20220327,20220516,20220509,D12,,,,,,,,,10.0,9.0,2.67,5.58,,,,,,,,,,,,
002403.SZ,爱仕达,〔2024〕47号,操纵市场,20220327,20220516,20220509,D14,2.94,,,,,,,,,,,,,,,,,,,,39329.0,115577.0,20.0,20.0
002403.SZ,爱仕达,〔2024〕47号,操纵市场,20220327,20220516,20220510,D9,1.7,0.64,212652.37,124875.0,,,,,,,,,,,,,,,,,,,,
002403.SZ,爱仕达,〔2024〕47号,操纵市场,20220327,20220516,20220510,D12,,,,,,,,,10.0,9.0,2.72,5.58,,,,,,,,,,,,
002403.SZ,爱仕达,〔2024〕47号,操纵市场,20220327,20220516,20220510,D14,3.12,,,,,,,,,,,,,,,,,,,,40082.0,124875.0,20.0,20.0
002403.SZ,爱仕达,〔2024〕47号,操纵市场,20220327,20220516,20220511,D9,1.85,1.14,250895.45,135769.0,,,,,,,,,,,,,,,,,,,,
002403.SZ,爱仕达,〔2024〕47号,操纵市场,20220327,20220516,20220511,D12,,,,,,,,,10.0,9.0,2.68,5.58,,,,,,,,,,,,
002403.SZ,爱仕达,〔2024〕47号,操纵市场,20220327,20220516,20220511,D14,3.32,,,,,,,,,,,,,,,,,,,,40837.0,135769.0,20.0,20.0
002403.SZ,爱仕达,〔2024〕47号,操纵市场,20220327,20220516,20220512,D9,1.74,1.88,256427.77,147620.0,,,,,,,,,,,,,,,,,,,,
002403.SZ,爱仕达,〔2024〕47号,操纵市场,20220327,20220516,20220512,D10,,,,,,,,,,,1.76,,,,,,3.0,1.88,,,,,,
002403.SZ,爱仕达,〔2024〕47号,操纵市场,20220327,20220516,20220512,D12,,,,,,,,,10.0,9.0,2.63,5.58,,,,,,,,,,,,
002403.SZ,爱仕达,〔2024〕47号,操纵市场,20220327,20220516,20220512,D14,3.66,,,,,,,,,,,,,,,,,,,,40299.0,147620.0,20.0,20.0
002403.SZ,爱仕达,〔2024〕47号,操纵市场,20220327,20220516,20220513,D10,,,,,,,,,,,1.55,,,,,,3.0,2.59,,,,,,
002403.SZ,爱仕达,〔2024〕47号,操纵市场,20220327,20220516,20220513,D12,,,,,,,,,10.0,9.0,2.38,5.58,,,,,,,,,,,,
002403.SZ,爱仕达,〔2024〕47号,操纵市场,20220327,20220516,20220513,D14,3.92,,,,,,,,,,,,,,,,,,,,39547.0,154896.0,20.0,20.0
002403.SZ,爱仕达,〔2024〕47号,操纵市场,20220327,20220516,20220516,D12,,,,,,,,,10.0,8.0,2.16,5.58,,,,,,,,,,,,
002403.SZ,爱仕达,〔2024〕47号,操纵市场,20220327,20220516,20220516,D14,3.9,,,,,,,,,,,,,,,,,,,,40771.0,158875.0,20.0,20.0
002418.SZ,康盛股份,〔2024〕53号,操纵市场,20170624,20170813,20170802,D11,,,,,1.19,3.97,0.256,10.0,,,,,,,,,,,,,,,,
002418.SZ,康盛股份,〔2024〕53号,操纵市场,20170624,20170813,20170803,D11,,,,,1.13,3.75,0.3,10.0,,,,,,,,,,,,,,,,
002418.SZ,康盛股份,〔2024〕53号,操纵市场,20170624,20170813,20170804,D11,,,,,1.25,1.96,0.21,10.0,,,,,,,,,,,,,,,,
002418.SZ,康盛股份,〔2024〕53号,操纵市场,20170624,20170813,20170807,D9,1.34,-0.86,168466.0,125725.0,,,,,,,,,,,,,,,,,,,,
002418.SZ,康盛股份,〔2024〕53号,操纵市场,20170624,20170813,20170807,D11,,,,,1.72,3.04,0.178,10.0,,,,,,,,,,,,,,,,
002418.SZ,康盛股份,〔2024〕53号,操纵市场,20170624,20170813,20170809,D9,1.26,0.0,151615.51,120734.0,,,,,,,,,,,,,,,,,,,,
002418.SZ,康盛股份,〔2024〕53号,操纵市场,20170624,20170813,20170809,D10,,,,,,,,,,,1.26,,,,,,3.0,0.86,,,,,,
002464.SZ,众应互联,〔2021〕5号,操纵市场,20171001,20171120,20171013,D12,,,,,,,,,10.0,5.0,1.59,4.31,,,,,,,,,,,,
002464.SZ,众应互联,〔2021〕5号,操纵市场,20171001,20171120,20171016,D12,,,,,,,,,10.0,6.0,1.64,4.31,,,,,,,,,,,,
002464.SZ,众应互联,〔2021〕5号,操纵市场,20171001,20171120,20171017,D12,,,,,,,,,10.0,6.0,1.61,4.31,,,,,,,,,,,,
002464.SZ,众应互联,〔2021〕5号,操纵市场,20171001,20171120,20171018,D12,,,,,,,,,10.0,6.0,1.61,4.31,,,,,,,,,,,,
002464.SZ,众应互联,〔2021〕5号,操纵市场,20171001,20171120,20171019,D12,,,,,,,,,10.0,6.0,1.64,4.31,,,,,,,,,,,,
002464.SZ,众应互联,〔2021〕5号,操纵市场,20171001,20171120,20171020,D12,,,,,,,,,10.0,5.0,1.51,4.31,,,,,,,,,,,,
002464.SZ,众应互联,〔2021〕5号,操纵市场,20171001,20171120,20171023,D12,,,,,,,,,10.0,5.0,1.46,4.31,,,,,,,,,,,,
002464.SZ,众应互联,〔2021〕5号,操纵市场,20171001,20171120,20171024,D8,,,23896.02,,,,,,,,,,0.48,49821.0,2.99,1.03,,,,,,,,
002464.SZ,众应互联,〔2021〕5号,操纵市场,20171001,20171120,20171025,D8,,,22151.48,,,,,,,,,,0.44,50152.0,2.74,0.95,,,,,,,,
002464.SZ,众应互联,〔2021〕5号,操纵市场,20171001,20171120,20171031,D8,,,19097.62,,,,,,,,,,0.44,42968.0,1.48,0.82,,,,,,,,
002464.SZ,众应互联,〔2021〕5号,操纵市场,20171001,20171120,20171102,D8,,,13623.01,,,,,,,,,,0.33,40839.0,1.17,0.58,,,,,,,,
002464.SZ,众应互联,〔2021〕5号,操纵市场,20171001,20171120,20171108,D9,1.39,-1.54,54841.53,39505.0,,,,,,,,,,,,,,,,,,,,
002464.SZ,众应互联,〔2021〕5号,操纵市场,20171001,20171120,20171108,D11,,,,,1.59,2.35,0.151,10.0,,,,,,,,,,,,,,,,
002464.SZ,众应互联,〔2021〕5号,操纵市场,20171001,20171120,20171109,D11,,,,,1.01,1.45,0.165,10.0,,,,,,,,,,,,,,,,
002464.SZ,众应互联,〔2021〕5号,操纵市场,20171001,20171120,20171115,D12,,,,,,,,,10.0,5.0,0.94,1.69,,,,,,,,,,,,
002464.SZ,众应互联,〔2021〕5号,操纵市场,20171001,20171120,20171116,D12,,,,,,,,,10.0,5.0,0.99,1.69,,,,,,,,,,,,
002464.SZ,众应互联,〔2021〕5号,操纵市场,20171001,20171120,20171117,D12,,,,,,,,,10.0,6.0,1.06,1.69,,,,,,,,,,,,
002464.SZ,众应互联,〔2021〕5号,操纵市场,20171001,20171120,20171120,D12,,,,,,,,,10.0,7.0,1.18,1.85,,,,,,,,,,,,
002493.SZ,荣盛石化,〔2024〕59号、〔2024〕60号、〔2024〕62号,操纵市场,20230109,20230228,20230109,D9,1.62,-1.9,282810.65,174574.0,,,,,,,,,,,,,,,,,,,,
002493.SZ,荣盛石化,〔2024〕59号、〔2024〕60号、〔2024〕62号,操纵市场,20230109,20230228,20230109,D10,,,,,,,,,,,1.5,,,,,,3.0,2.86,,,,,,
002493.SZ,荣盛石化,〔2024〕59号、〔2024〕60号、〔2024〕62号,操纵市场,20230109,20230228,20230109,D12,,,,,,,,,10.0,6.0,1.1,1.63,,,,,,,,,,,,
002493.SZ,荣盛石化,〔2024〕59号、〔2024〕60号、〔2024〕62号,操纵市场,20230109,20230228,20230110,D12,,,,,,,,,10.0,7.0,1.24,2.07,,,,,,,,,,,,
002493.SZ,荣盛石化,〔2024〕59号、〔2024〕60号、〔2024〕62号,操纵市场,20230109,20230228,20230111,D12,,,,,,,,,10.0,7.0,1.25,2.07,,,,,,,,,,,,
002493.SZ,荣盛石化,〔2024〕59号、〔2024〕60号、〔2024〕62号,操纵市场,20230109,20230228,20230112,D12,,,,,,,,,10.0,8.0,1.49,3.21,,,,,,,,,,,,
002493.SZ,荣盛石化,〔2024〕59号、〔2024〕60号、〔2024〕62号,操纵市场,20230109,20230228,20230113,D9,1.77,1.88,415632.05,234690.0,,,,,,,,,,,,,,,,,,,,
002493.SZ,荣盛石化,〔2024〕59号、〔2024〕60号、〔2024〕62号,操纵市场,20230109,20230228,20230113,D12,,,,,,,,,10.0,9.0,1.61,3.21,,,,,,,,,,,,
002493.SZ,荣盛石化,〔2024〕59号、〔2024〕60号、〔2024〕62号,操纵市场,20230109,20230228,20230116,D12,,,,,,,,,10.0,10.0,1.79,3.21,,,,,,,,,,,,
002493.SZ,荣盛石化,〔2024〕59号、〔2024〕60号、〔2024〕62号,操纵市场,20230109,20230228,20230117,D12,,,,,,,,,10.0,10.0,1.74,3.21,,,,,,,,,,,,
002493.SZ,荣盛石化,〔2024〕59号、〔2024〕60号、〔2024〕62号,操纵市场,20230109,20230228,20230118,D12,,,,,,,,,10.0,9.0,1.71,3.21,,,,,,,,,,,,
002493.SZ,荣盛石化,〔2024〕59号、〔2024〕60号、〔2024〕62号,操纵市场,20230109,20230228,20230119,D12,,,,,,,,,10.0,8.0,1.64,3.21,,,,,,,,,,,,
002493.SZ,荣盛石化,〔2024〕59号、〔2024〕60号、〔2024〕62号,操纵市场,20230109,20230228,20230120,D12,,,,,,,,,10.0,7.0,1.56,3.21,,,,,,,,,,,,
002493.SZ,荣盛石化,〔2024〕59号、〔2024〕60号、〔2024〕62号,操纵市场,20230109,20230228,20230130,D12,,,,,,,,,10.0,7.0,1.51,3.21,,,,,,,,,,,,
002493.SZ,荣盛石化,〔2024〕59号、〔2024〕60号、〔2024〕62号,操纵市场,20230109,20230228,20230131,D12,,,,,,,,,10.0,7.0,1.54,3.21,,,,,,,,,,,,
002493.SZ,荣盛石化,〔2024〕59号、〔2024〕60号、〔2024〕62号,操纵市场,20230109,20230228,20230201,D9,2.14,0.6,710402.18,331545.0,,,,,,,,,,,,,,,,,,,,
002493.SZ,荣盛石化,〔2024〕59号、〔2024〕60号、〔2024〕62号,操纵市场,20230109,20230228,20230201,D12,,,,,,,,,10.0,7.0,1.64,3.21,,,,,,,,,,,,
002493.SZ,荣盛石化,〔2024〕59号、〔2024〕60号、〔2024〕62号,操纵市场,20230109,20230228,20230202,D12,,,,,,,,,10.0,6.0,1.4,2.55,,,,,,,,,,,,
002493.SZ,荣盛石化,〔2024〕59号、〔2024〕60号、〔2024〕62号,操纵市场,20230109,20230228,20230203,D12,,,,,,,,,10.0,5.0,1.32,2.55,,,,,,,,,,,,
002493.SZ,荣盛石化,〔2024〕59号、〔2024〕60号、〔2024〕62号,操纵市场,20230109,20230228,20230209,D14,2.05,,,,,,,,,,,,,,,,,,,,170832.0,349456.0,20.0,20.0
002493.SZ,荣盛石化,〔2024〕59号、〔2024〕60号、〔2024〕62号,操纵市场,20230109,20230228,20230210,D14,2.02,,,,,,,,,,,,,,,,,,,,170344.0,344545.0,20.0,20.0
002493.SZ,荣盛石化,〔2024〕59号、〔2024〕60号、〔2024〕62号,操纵市场,20230109,20230228,20230220,D9,1.54,1.9,523068.54,339562.0,,,,,,,,,,,,,,,,,,,,
002493.SZ,荣盛石化,〔2024〕59号、〔2024〕60号、〔2024〕62号,操纵市场,20230109,20230228,20230220,D10,,,,,,,,,,,1.24,,,,,,3.0,1.93,,,,,,
002711.SZ,欧浦智网,〔2021〕97号,操纵市场,20180428,20180617,20180504,D12,,,,,,,,,10.0,5.0,0.93,1.36,,,,,,,,,,,,
002711.SZ,欧浦智网,〔2021〕97号,操纵市场,20180428,20180617,20180507,D12,,,,,,,,,10.0,5.0,0.93,1.36,,,,,,,,,,,,
002711.SZ,欧浦智网,〔2021〕97号,操纵市场,20180428,20180617,20180508,D9,1.44,-0.71,125386.8,87190.0,,,,,,,,,,,,,,,,,,,,
002711.SZ,欧浦智网,〔2021〕97号,操纵市场,20180428,20180617,20180508,D10,,,,,,,,,,,1.17,,,,,,3.0,1.2,,,,,,
002711.SZ,欧浦智网,〔2021〕97号,操纵市场,20180428,20180617,20180508,D12,,,,,,,,,10.0,5.0,0.94,1.44,,,,,,,,,,,,
002711.SZ,欧浦智网,〔2021〕97号,操纵市场,20180428,20180617,20180509,D9,1.59,0.92,143175.96,90067.0,,,,,,,,,,,,,,,,,,,,
002711.SZ,欧浦智网,〔2021〕97号,操纵市场,20180428,20180617,20180509,D10,,,,,,,,,,,1.36,,,,,,3.0,0.92,,,,,,
002711.SZ,欧浦智网,〔2021〕97号,操纵市场,20180428,20180617,20180509,D12,,,,,,,,,10.0,5.0,0.96,1.59,,,,,,,,,,,,
002711.SZ,欧浦智网,〔2021〕97号,操纵市场,20180428,20180617,20180510,D10,,,,,,,,,,,1.35,,,,,,3.0,1.72,,,,,,
002711.SZ,欧浦智网,〔2021〕97号,操纵市场,20180428,20180617,20180510,D12,,,,,,,,,10.0,5.0,0.96,1.59,,,,,,,,,,,,
002711.SZ,欧浦智网,〔2021〕97号,操纵市场,20180428,20180617,20180510,D13,,,,,,,,,,,,,,,,,5.0,,2.09,3.27,,,,
002711.SZ,欧浦智网,〔2021〕97号,操纵市场,20180428,20180617,20180511,D12,,,,,,,,,10.0,5.0,0.98,1.59,,,,,,,,,,,,
002711.SZ,欧浦智网,〔2021〕97号,操纵市场,20180428,20180617,20180514,D12,,,,,,,,,10.0,5.0,0.99,1.59,,,,,,,,,,,,
002711.SZ,欧浦智网,〔2021〕97号,操纵市场,20180428,20180617,20180515,D12,,,,,,,,,10.0,5.0,0.97,1.59,,,,,,,,,,,,
002711.SZ,欧浦智网,〔2021〕97号,操纵市场,20180428,20180617,20180516,D12,,,,,,,,,10.0,5.0,0.96,1.59,,,,,,,,,,,,
002711.SZ,欧浦智网,〔2021〕97号,操纵市场,20180428,20180617,20180517,D12,,,,,,,,,10.0,5.0,0.92,1.59,,,,,,,,,,,,
002711.SZ,欧浦智网,〔2021〕97号,操纵市场,20180428,20180617,20180521,D9,1.3,2.03,124414.74,95473.0,,,,,,,,,,,,,,,,,,,,
002711.SZ,欧浦智网,〔2021〕97号,操纵市场,20180428,20180617,20180524,D8,,,42560.8,,,,,,,,,,0.35,122186.0,1.04,0.41,,,,,,,,
002711.SZ,欧浦智网,〔2021〕97号,操纵市场,20180428,20180617,20180525,D8,,,33743.6,,,,,,,,,,0.29,116835.0,2.21,0.32,,,,,,,,
002711.SZ,欧浦智网,〔2021〕97号,操纵市场,20180428,20180617,20180528,D8,,,34664.72,,,,,,,,,,0.3,114756.0,1.37,0.33,,,,,,,,
002711.SZ,欧浦智网,〔2021〕97号,操纵市场,20180428,20180617,20180529,D8,,,44636.28,,,,,,,,,,0.4,112690.0,1.79,0.43,,,,,,,,
002711.SZ,欧浦智网,〔2021〕97号,操纵市场,20180428,20180617,20180530,D9,2.22,-1.06,174272.8,78434.0,,,,,,,,,,,,,,,,,,,,
002711.SZ,欧浦智网,〔2021〕97号,操纵市场,20180428,20180617,20180604,D8,,,17622.5,,,,,,,,,,0.16,109570.0,0.86,0.17,,,,,,,,
002711.SZ,欧浦智网,〔2021〕97号,操纵市场,20180428,20180617,20180605,D8,,,50093.64,,,,,,,,,,0.46,107911.0,1.62,0.48,,,,,,,,
002711.SZ,欧浦智网,〔2021〕97号,操纵市场,20180428,20180617,20180606,D8,,,35844.7,,,,,,,,,,0.34,105525.0,1.2,0.34,,,,,,,,
002711.SZ,欧浦智网,〔2021〕97号,操纵市场,20180428,20180617,20180611,D8,,,40428.44,,,,,,,,,,0.4,101051.0,1.59,0.39,,,,,,,,
002711.SZ,欧浦智网,〔2021〕97号,操纵市场,20180428,20180617,20180612,D8,,,26488.4,,,,,,,,,,0.26,100310.0,1.61,0.25,,,,,,,,
002711.SZ,欧浦智网,〔2021〕97号,操纵市场,20180428,20180617,20180613,D8,,,26846.0,,,,,,,,,,0.27,98426.0,1.83,0.26,,,,,,,,
002711.SZ,欧浦智网,〔2021〕97号,操纵市场,20180428,20180617,20180614,D8,,,30620.0,,,,,,,,,,0.32,96046.0,0.98,0.29,,,,,,,,
002713.SZ,东易日盛,〔2024〕47号,操纵市场,20220405,20220525,20220406,D12,,,,,,,,,10.0,5.0,1.12,2.31,,,,,,,,,,,,
002713.SZ,东易日盛,〔2024〕47号,操纵市场,20220405,20220525,20220407,D12,,,,,,,,,10.0,5.0,1.1,2.31,,,,,,,,,,,,
002713.SZ,东易日盛,〔2024〕47号,操纵市场,20220405,20220525,20220506,D12,,,,,,,,,10.0,5.0,1.09,2.05,,,,,,,,,,,,
002713.SZ,东易日盛,〔2024〕47号,操纵市场,20220405,20220525,20220509,D12,,,,,,,,,10.0,5.0,1.12,2.05,,,,,,,,,,,,
002713.SZ,东易日盛,〔2024〕47号,操纵市场,20220405,20220525,20220510,D12,,,,,,,,,10.0,5.0,1.13,2.05,,,,,,,,,,,,
002713.SZ,东易日盛,〔2024〕47号,操纵市场,20220405,20220525,20220511,D11,,,,,0.73,6.23,0.281,10.0,,,,,,,,,,,,,,,,
002713.SZ,东易日盛,〔2024〕47号,操纵市场,20220405,20220525,20220511,D12,,,,,,,,,10.0,6.0,1.63,5.59,,,,,,,,,,,,
002713.SZ,东易日盛,〔2024〕47号,操纵市场,20220405,20220525,20220512,D11,,,,,0.65,6.84,0.518,10.0,,,,,,,,,,,,,,,,
002713.SZ,东易日盛,〔2024〕47号,操纵市场,20220405,20220525,20220512,D12,,,,,,,,,10.0,7.0,2.02,5.59,,,,,,,,,,,,
002713.SZ,东易日盛,〔2024〕47号,操纵市场,20220405,20220525,20220513,D11,,,,,1.67,9.53,0.823,10.0,,,,,,,,,,,,,,,,
002713.SZ,东易日盛,〔2024〕47号,操纵市场,20220405,20220525,20220513,D12,,,,,,,,,10.0,8.0,2.45,5.59,,,,,,,,,,,,
002713.SZ,东易日盛,〔2024〕47号,操纵市场,20220405,20220525,20220516,D8,,,18557.0,,,,,,,,,,0.37,50594.0,0.0,0.46,,,,,,,,
002713.SZ,东易日盛,〔2024〕47号,操纵市场,20220405,20220525,20220516,D11,,,,,0.99,0.46,0.594,10.0,,,,,,,,,,,,,,,,
002713.SZ,东易日盛,〔2024〕47号,操纵市场,20220405,20220525,20220516,D12,,,,,,,,,10.0,7.0,2.27,5.59,,,,,,,,,,,,
002713.SZ,东易日盛,〔2024〕47号,操纵市场,20220405,20220525,20220517,D11,,,,,1.09,0.7,0.347,10.0,,,,,,,,,,,,,,,,
002713.SZ,东易日盛,〔2024〕47号,操纵市场,20220405,20220525,20220517,D12,,,,,,,,,10.0,6.0,2.19,5.59,,,,,,,,,,,,
002713.SZ,东易日盛,〔2024〕47号,操纵市场,20220405,20220525,20220518,D11,,,,,0.93,8.74,0.549,10.0,,,,,,,,,,,,,,,,
002713.SZ,东易日盛,〔2024〕47号,操纵市场,20220405,20220525,20220518,D12,,,,,,,,,10.0,6.0,2.46,5.59,,,,,,,,,,,,
002713.SZ,东易日盛,〔2024〕47号,操纵市场,20220405,20220525,20220518,D14,2.16,,,,,,,,,,,,,,,,,,,,41353.0,89503.0,20.0,20.0
002713.SZ,东易日盛,〔2024〕47号,操纵市场,20220405,20220525,20220519,D9,2.35,-1.03,234873.27,99920.0,,,,,,,,,,,,,,,,,,,,
002713.SZ,东易日盛,〔2024〕47号,操纵市场,20220405,20220525,20220519,D11,,,,,1.44,5.83,0.488,10.0,,,,,,,,,,,,,,,,
002713.SZ,东易日盛,〔2024〕47号,操纵市场,20220405,20220525,20220519,D12,,,,,,,,,10.0,6.0,2.58,5.59,,,,,,,,,,,,
002713.SZ,东易日盛,〔2024〕47号,操纵市场,20220405,20220525,20220519,D14,2.52,,,,,,,,,,,,,,,,,,,,39597.0,99920.0,20.0,20.0
002713.SZ,东易日盛,〔2024〕47号,操纵市场,20220405,20220525,20220520,D9,1.54,-2.22,165147.72,106907.0,,,,,,,,,,,,,,,,,,,,
002713.SZ,东易日盛,〔2024〕47号,操纵市场,20220405,20220525,20220520,D10,,,,,,,,,,,2.61,,,,,,3.0,2.22,,,,,,
002713.SZ,东易日盛,〔2024〕47号,操纵市场,20220405,20220525,20220520,D11,,,,,0.84,4.1,0.308,10.0,,,,,,,,,,,,,,,,
002713.SZ,东易日盛,〔2024〕47号,操纵市场,20220405,20220525,20220520,D12,,,,,,,,,10.0,6.0,2.57,5.59,,,,,,,,,,,,
002713.SZ,东易日盛,〔2024〕47号,操纵市场,20220405,20220525,20220520,D14,2.76,,,,,,,,,,,,,,,,,,,,38802.0,106907.0,20.0,20.0
002713.SZ,东易日盛,〔2024〕47号,操纵市场,20220405,20220525,20220523,D10,,,,,,,,,,,1.69,,,,,,3.0,2.22,,,,,,
002713.SZ,东易日盛,〔2024〕47号,操纵市场,20220405,20220525,20220523,D12,,,,,,,,,10.0,7.0,2.59,5.59,,,,,,,,,,,,
002713.SZ,东易日盛,〔2024〕47号,操纵市场,20220405,20220525,20220523,D14,2.96,,,,,,,,,,,,,,,,,,,,37889.0,112184.0,20.0,20.0
002713.SZ,东易日盛,〔2024〕47号,操纵市场,20220405,20220525,20220524,D12,,,,,,,,,10.0,8.0,2.63,5.59,,,,,,,,,,,,
002713.SZ,东易日盛,〔2024〕47号,操纵市场,20220405,20220525,20220524,D14,3.19,,,,,,,,,,,,,,,,,,,,36800.0,117466.0,20.0,20.0
002713.SZ,东易日盛,〔2024〕47号,操纵市场,20220405,20220525,20220525,D12,,,,,,,,,10.0,7.0,2.14,5.13,,,,,,,,,,,,
002713.SZ,东易日盛,〔2024〕47号,操纵市场,20220405,20220525,20220525,D14,3.63,,,,,,,,,,,,,,,,,,,,33324.0,121097.0,20.0,20.0
002752.SZ,昇兴股份,〔2022〕61号,操纵市场,20191110,20191230,20191111,D14,2.5,,,,,,,,,,,,,,,,,,,,15938.0,39772.0,20.0,20.0
002752.SZ,昇兴股份,〔2022〕61号,操纵市场,20191110,20191230,20191112,D14,2.57,,,,,,,,,,,,,,,,,,,,15537.0,39917.0,20.0,20.0
002752.SZ,昇兴股份,〔2022〕61号,操纵市场,20191110,20191230,20191113,D14,2.61,,,,,,,,,,,,,,,,,,,,15384.0,40217.0,20.0,20.0
002752.SZ,昇兴股份,〔2022〕61号,操纵市场,20191110,20191230,20191114,D14,2.65,,,,,,,,,,,,,,,,,,,,15188.0,40227.0,20.0,20.0
002752.SZ,昇兴股份,〔2022〕61号,操纵市场,20191110,20191230,20191115,D14,2.68,,,,,,,,,,,,,,,,,,,,15113.0,40473.0,20.0,20.0
002752.SZ,昇兴股份,〔2022〕61号,操纵市场,20191110,20191230,20191118,D14,2.84,,,,,,,,,,,,,,,,,,,,14871.0,42290.0,20.0,20.0
002752.SZ,昇兴股份,〔2022〕61号,操纵市场,20191110,20191230,20191119,D14,2.47,,,,,,,,,,,,,,,,,,,,16520.0,40761.0,20.0,20.0
002752.SZ,昇兴股份,〔2022〕61号,操纵市场,20191110,20191230,20191202,D9,1.34,-0.18,18707.65,13985.0,,,,,,,,,,,,,,,,,,,,
002752.SZ,昇兴股份,〔2022〕61号,操纵市场,20191110,20191230,20191203,D8,,,8568.3,,,,,,,,,,0.37,23155.0,1.77,0.1,,,,,,,,
002752.SZ,昇兴股份,〔2022〕61号,操纵市场,20191110,20191230,20191204,D8,,,9849.45,,,,,,,,,,0.43,23088.0,1.41,0.12,,,,,,,,
002752.SZ,昇兴股份,〔2022〕61号,操纵市场,20191110,20191230,20191210,D9,1.87,0.0,33313.34,17816.0,,,,,,,,,,,,,,,,,,,,
002752.SZ,昇兴股份,〔2022〕61号,操纵市场,20191110,20191230,20191210,D12,,,,,,,,,10.0,5.0,1.32,3.19,,,,,,,,,,,,
002752.SZ,昇兴股份,〔2022〕61号,操纵市场,20191110,20191230,20191211,D9,1.47,1.32,27283.29,18540.0,,,,,,,,,,,,,,,,,,,,
002752.SZ,昇兴股份,〔2022〕61号,操纵市场,20191110,20191230,20191211,D12,,,,,,,,,10.0,6.0,1.41,3.19,,,,,,,,,,,,
002752.SZ,昇兴股份,〔2022〕61号,操纵市场,20191110,20191230,20191212,D12,,,,,,,,,10.0,6.0,1.45,3.19,,,,,,,,,,,,
002752.SZ,昇兴股份,〔2022〕61号,操纵市场,20191110,20191230,20191213,D12,,,,,,,,,10.0,6.0,1.45,3.19,,,,,,,,,,,,
002752.SZ,昇兴股份,〔2022〕61号,操纵市场,20191110,20191230,20191216,D8,,,12438.35,,,,,,,,,,0.5,25019.0,1.64,0.15,,,,,,,,
002752.SZ,昇兴股份,〔2022〕61号,操纵市场,20191110,20191230,20191216,D12,,,,,,,,,10.0,5.0,1.39,3.19,,,,,,,,,,,,
002752.SZ,昇兴股份,〔2022〕61号,操纵市场,20191110,20191230,20191217,D9,2.18,1.95,41043.96,18823.0,,,,,,,,,,,,,,,,,,,,
002752.SZ,昇兴股份,〔2022〕61号,操纵市场,20191110,20191230,20191217,D12,,,,,,,,,10.0,6.0,1.54,3.19,,,,,,,,,,,,
002752.SZ,昇兴股份,〔2022〕61号,操纵市场,20191110,20191230,20191218,D9,1.58,-1.91,31029.54,19678.0,,,,,,,,,,,,,,,,,,,,
002752.SZ,昇兴股份,〔2022〕61号,操纵市场,20191110,20191230,20191218,D12,,,,,,,,,10.0,7.0,1.63,3.19,,,,,,,,,,,,
002752.SZ,昇兴股份,〔2022〕61号,操纵市场,20191110,20191230,20191219,D10,,,,,,,,,,,1.6,,,,,,3.0,1.95,,,,,,
002752.SZ,昇兴股份,〔2022〕61号,操纵市场,20191110,20191230,20191219,D12,,,,,,,,,10.0,8.0,1.63,3.19,,,,,,,,,,,,
002752.SZ,昇兴股份,〔2022〕61号,操纵市场,20191110,20191230,20191220,D12,,,,,,,,,10.0,7.0,1.48,3.19,,,,,,,,,,,,
002752.SZ,昇兴股份,〔2022〕61号,操纵市场,20191110,20191230,20191223,D12,,,,,,,,,10.0,6.0,1.23,2.18,,,,,,,,,,,,
002752.SZ,昇兴股份,〔2022〕61号,操纵市场,20191110,20191230,20191224,D12,,,,,,,,,10.0,5.0,1.12,2.18,,,,,,,,,,,,
002752.SZ,昇兴股份,〔2022〕61号,操纵市场,20191110,20191230,20191225,D12,,,,,,,,,10.0,5.0,1.09,2.18,,,,,,,,,,,,
002752.SZ,昇兴股份,〔2022〕61号,操纵市场,20191110,20191230,20191226,D12,,,,,,,,,10.0,5.0,1.07,2.18,,,,,,,,,,,,
002890.SZ,弘宇股份,〔2021〕38号,操纵市场,20180228,20180419,20180306,D9,1.2,1.26,5803.88,4832.0,,,,,,,,,,,,,,,,,,,,
002890.SZ,弘宇股份,〔2021〕38号,操纵市场,20180228,20180419,20180309,D9,1.49,1.5,7077.0,4743.0,,,,,,,,,,,,,,,,,,,,
002890.SZ,弘宇股份,〔2021〕38号,操纵市场,20180228,20180419,20180309,D12,,,,,,,,,10.0,5.0,1.1,1.64,,,,,,,,,,,,
002890.SZ,弘宇股份,〔2021〕38号,操纵市场,20180228,20180419,20180312,D9,1.52,0.56,7483.0,4930.0,,,,,,,,,,,,,,,,,,,,
002890.SZ,弘宇股份,〔2021〕38号,操纵市场,20180228,20180419,20180312,D12,,,,,,,,,10.0,5.0,1.14,1.64,,,,,,,,,,,,
002890.SZ,弘宇股份,〔2021〕38号,操纵市场,20180228,20180419,20180313,D10,,,,,,,,,,,1.35,,,,,,3.0,1.69,,,,,,
002890.SZ,弘宇股份,〔2021〕38号,操纵市场,20180228,20180419,20180313,D12,,,,,,,,,10.0,6.0,1.17,1.64,,,,,,,,,,,,
002890.SZ,弘宇股份,〔2021〕38号,操纵市场,20180228,20180419,20180314,D12,,,,,,,,,10.0,6.0,1.15,1.64,,,,,,,,,,,,
002890.SZ,弘宇股份,〔2021〕38号,操纵市场,20180228,20180419,20180315,D11,,,,,2.62,5.83,0.164,10.0,,,,,,,,,,,,,,,,
002890.SZ,弘宇股份,〔2021〕38号,操纵市场,20180228,20180419,20180315,D12,,,,,,,,,10.0,7.0,1.25,1.9,,,,,,,,,,,,
002890.SZ,弘宇股份,〔2021〕38号,操纵市场,20180228,20180419,20180316,D12,,,,,,,,,10.0,7.0,1.26,1.9,,,,,,,,,,,,
002890.SZ,弘宇股份,〔2021〕38号,操纵市场,20180228,20180419,20180319,D12,,,,,,,,,10.0,7.0,1.26,1.9,,,,,,,,,,,,
002890.SZ,弘宇股份,〔2021〕38号,操纵市场,20180228,20180419,20180320,D12,,,,,,,,,10.0,7.0,1.25,1.9,,,,,,,,,,,,
002890.SZ,弘宇股份,〔2021〕38号,操纵市场,20180228,20180419,20180321,D9,1.33,-0.93,7457.88,5606.0,,,,,,,,,,,,,,,,,,,,
002890.SZ,弘宇股份,〔2021〕38号,操纵市场,20180228,20180419,20180321,D10,,,,,,,,,,,1.21,,,,,,3.0,2.63,,,,,,
002890.SZ,弘宇股份,〔2021〕38号,操纵市场,20180228,20180419,20180321,D12,,,,,,,,,10.0,8.0,1.3,1.9,,,,,,,,,,,,
002890.SZ,弘宇股份,〔2021〕38号,操纵市场,20180228,20180419,20180322,D12,,,,,,,,,10.0,7.0,1.23,1.9,,,,,,,,,,,,
002890.SZ,弘宇股份,〔2021〕38号,操纵市场,20180228,20180419,20180323,D12,,,,,,,,,10.0,7.0,1.21,1.9,,,,,,,,,,,,
002890.SZ,弘宇股份,〔2021〕38号,操纵市场,20180228,20180419,20180326,D12,,,,,,,,,10.0,7.0,1.19,1.9,,,,,,,,,,,,
002890.SZ,弘宇股份,〔2021〕38号,操纵市场,20180228,20180419,20180327,D11,,,,,2.43,6.57,0.227,10.0,,,,,,,,,,,,,,,,
002890.SZ,弘宇股份,〔2021〕38号,操纵市场,20180228,20180419,20180327,D12,,,,,,,,,10.0,7.0,1.26,1.9,,,,,,,,,,,,
002890.SZ,弘宇股份,〔2021〕38号,操纵市场,20180228,20180419,20180328,D9,1.64,0.39,10878.0,6629.0,,,,,,,,,,,,,,,,,,,,
002890.SZ,弘宇股份,〔2021〕38号,操纵市场,20180228,20180419,20180328,D12,,,,,,,,,10.0,8.0,1.34,1.9,,,,,,,,,,,,
002890.SZ,弘宇股份,〔2021〕38号,操纵市场,20180228,20180419,20180329,D9,1.33,1.45,9080.88,6851.0,,,,,,,,,,,,,,,,,,,,
002890.SZ,弘宇股份,〔2021〕38号,操纵市场,20180228,20180419,20180329,D11,,,,,2.92,5.45,0.36,10.0,,,,,,,,,,,,,,,,
002890.SZ,弘宇股份,〔2021〕38号,操纵市场,20180228,20180419,20180329,D12,,,,,,,,,10.0,8.0,1.28,1.73,,,,,,,,,,,,
002890.SZ,弘宇股份,〔2021〕38号,操纵市场,20180228,20180419,20180330,D12,,,,,,,,,10.0,9.0,1.41,2.26,,,,,,,,,,,,
002890.SZ,弘宇股份,〔2021〕38号,操纵市场,20180228,20180419,20180402,D9,1.8,0.63,14216.0,7918.0,,,,,,,,,,,,,,,,,,,,
002890.SZ,弘宇股份,〔2021〕38号,操纵市场,20180228,20180419,20180402,D12,,,,,,,,,10.0,9.0,1.48,2.26,,,,,,,,,,,,
002890.SZ,弘宇股份,〔2021〕38号,操纵市场,20180228,20180419,20180403,D9,1.61,1.74,13343.35,8295.0,,,,,,,,,,,,,,,,,,,,
002890.SZ,弘宇股份,〔2021〕38号,操纵市场,20180228,20180419,20180403,D12,,,,,,,,,10.0,9.0,1.52,2.26,,,,,,,,,,,,
002890.SZ,弘宇股份,〔2021〕38号,操纵市场,20180228,20180419,20180404,D12,,,,,,,,,10.0,9.0,1.68,2.89,,,,,,,,,,,,
002890.SZ,弘宇股份,〔2021〕38号,操纵市场,20180228,20180419,20180404,D14,2.04,,,,,,,,,,,,,,,,,,,,4631.0,9463.0,20.0,20.0
002890.SZ,弘宇股份,〔2021〕38号,操纵市场,20180228,20180419,20180409,D12,,,,,,,,,10.0,10.0,1.93,3.46,,,,,,,,,,,,
002890.SZ,弘宇股份,〔2021〕38号,操纵市场,20180228,20180419,20180409,D14,2.37,,,,,,,,,,,,,,,,,,,,4633.0,10982.0,20.0,20.0
002890.SZ,弘宇股份,〔2021〕38号,操纵市场,20180228,20180419,20180410,D9,2.42,-2.67,29195.6,12088.0,,,,,,,,,,,,,,,,,,,,
002890.SZ,弘宇股份,〔2021〕38号,操纵市场,20180228,20180419,20180410,D12,,,,,,,,,10.0,10.0,2.04,3.46,,,,,,,,,,,,
002890.SZ,弘宇股份,〔2021〕38号,操纵市场,20180228,20180419,20180410,D14,2.55,,,,,,,,,,,,,,,,,,,,4743.0,12088.0,20.0,20.0
002890.SZ,弘宇股份,〔2021〕38号,操纵市场,20180228,20180419,20180411,D12,,,,,,,,,10.0,10.0,2.22,3.46,,,,,,,,,,,,
002890.SZ,弘宇股份,〔2021〕38号,操纵市场,20180228,20180419,20180411,D14,2.81,,,,,,,,,,,,,,,,,,,,4930.0,13834.0,20.0,20.0
002890.SZ,弘宇股份,〔2021〕38号,操纵市场,20180228,20180419,20180412,D12,,,,,,,,,10.0,10.0,2.18,3.46,,,,,,,,,,,,
002890.SZ,弘宇股份,〔2021〕38号,操纵市场,20180228,20180419,20180412,D14,2.96,,,,,,,,,,,,,,,,,,,,4912.0,14533.0,20.0,20.0
002890.SZ,弘宇股份,〔2021〕38号,操纵市场,20180228,20180419,20180413,D12,,,,,,,,,10.0,9.0,2.1,3.46,,,,,,,,,,,,
002890.SZ,弘宇股份,〔2021〕38号,操纵市场,20180228,20180419,20180413,D14,3.1,,,,,,,,,,,,,,,,,,,,4821.0,14953.0,20.0,20.0
002890.SZ,弘宇股份,〔2021〕38号,操纵市场,20180228,20180419,20180416,D12,,,,,,,,,10.0,8.0,2.02,3.46,,,,,,,,,,,,
002890.SZ,弘宇股份,〔2021〕38号,操纵市场,20180228,20180419,20180416,D14,2.91,,,,,,,,,,,,,,,,,,,,5117.0,14904.0,20.0,20.0
002890.SZ,弘宇股份,〔2021〕38号,操纵市场,20180228,20180419,20180417,D9,1.41,2.63,22290.9,15775.0,,,,,,,,,,,,,,,,,,,,
002890.SZ,弘宇股份,〔2021〕38号,操纵市场,20180228,20180419,20180417,D12,,,,,,,,,10.0,8.0,1.94,3.46,,,,,,,,,,,,
002890.SZ,弘宇股份,〔2021〕38号,操纵市场,20180228,20180419,20180417,D14,3.05,,,,,,,,,,,,,,,,,,,,5175.0,15775.0,20.0,20.0
002890.SZ,弘宇股份,〔2021〕38号,操纵市场,20180228,20180419,20180418,D12,,,,,,,,,10.0,8.0,1.9,3.46,,,,,,,,,,,,
002890.SZ,弘宇股份,〔2021〕38号,操纵市场,20180228,20180419,20180418,D14,3.17,,,,,,,,,,,,,,,,,,,,5256.0,16641.0,20.0,20.0
002890.SZ,弘宇股份,〔2021〕38号,操纵市场,20180228,20180419,20180419,D12,,,,,,,,,10.0,8.0,2.16,4.26,,,,,,,,,,,,
002890.SZ,弘宇股份,〔2021〕38号,操纵市场,20180228,20180419,20180419,D14,3.87,,,,,,,,,,,,,,,,,,,,5359.0,20750.0,20.0,20.0
300119.SZ,瑞普生物,〔2021〕116号,操纵市场,20190302,20190421,20190304,D12,,,,,,,,,10.0,8.0,2.1,3.71,,,,,,,,,,,,
300119.SZ,瑞普生物,〔2021〕116号,操纵市场,20190302,20190421,20190305,D9,1.75,0.83,85219.32,48621.0,,,,,,,,,,,,,,,,,,,,
300119.SZ,瑞普生物,〔2021〕116号,操纵市场,20190302,20190421,20190305,D12,,,,,,,,,10.0,8.0,2.11,3.71,,,,,,,,,,,,
300119.SZ,瑞普生物,〔2021〕116号,操纵市场,20190302,20190421,20190305,D14,2.24,,,,,,,,,,,,,,,,,,,,21670.0,48621.0,20.0,20.0
300119.SZ,瑞普生物,〔2021〕116号,操纵市场,20190302,20190421,20190306,D12,,,,,,,,,10.0,9.0,2.28,3.71,,,,,,,,,,,,
300119.SZ,瑞普生物,〔2021〕116号,操纵市场,20190302,20190421,20190306,D14,2.61,,,,,,,,,,,,,,,,,,,,21145.0,55103.0,20.0,20.0
300119.SZ,瑞普生物,〔2021〕116号,操纵市场,20190302,20190421,20190307,D9,2.34,-2.07,144717.88,61722.0,,,,,,,,,,,,,,,,,,,,
300119.SZ,瑞普生物,〔2021〕116号,操纵市场,20190302,20190421,20190307,D12,,,,,,,,,10.0,9.0,2.37,3.71,,,,,,,,,,,,
300119.SZ,瑞普生物,〔2021〕116号,操纵市场,20190302,20190421,20190307,D14,2.99,,,,,,,,,,,,,,,,,,,,20632.0,61722.0,20.0,20.0
300119.SZ,瑞普生物,〔2021〕116号,操纵市场,20190302,20190421,20190308,D9,1.92,-0.59,129088.79,67103.0,,,,,,,,,,,,,,,,,,,,
300119.SZ,瑞普生物,〔2021〕116号,操纵市场,20190302,20190421,20190308,D12,,,,,,,,,10.0,10.0,2.49,3.71,,,,,,,,,,,,
300119.SZ,瑞普生物,〔2021〕116号,操纵市场,20190302,20190421,20190308,D14,3.23,,,,,,,,,,,,,,,,,,,,20754.0,67103.0,20.0,20.0
300119.SZ,瑞普生物,〔2021〕116号,操纵市场,20190302,20190421,20190311,D12,,,,,,,,,10.0,10.0,2.43,3.71,,,,,,,,,,,,
300119.SZ,瑞普生物,〔2021〕116号,操纵市场,20190302,20190421,20190311,D14,3.51,,,,,,,,,,,,,,,,,,,,20783.0,72850.0,20.0,20.0
300119.SZ,瑞普生物,〔2021〕116号,操纵市场,20190302,20190421,20190312,D12,,,,,,,,,10.0,10.0,2.3,3.71,,,,,,,,,,,,
300119.SZ,瑞普生物,〔2021〕116号,操纵市场,20190302,20190421,20190312,D14,3.58,,,,,,,,,,,,,,,,,,,,21189.0,75844.0,20.0,20.0
300119.SZ,瑞普生物,〔2021〕116号,操纵市场,20190302,20190421,20190313,D12,,,,,,,,,10.0,9.0,2.24,3.71,,,,,,,,,,,,
300119.SZ,瑞普生物,〔2021〕116号,操纵市场,20190302,20190421,20190313,D14,3.77,,,,,,,,,,,,,,,,,,,,20741.0,78209.0,20.0,20.0
300119.SZ,瑞普生物,〔2021〕116号,操纵市场,20190302,20190421,20190314,D12,,,,,,,,,10.0,8.0,2.0,3.71,,,,,,,,,,,,
300119.SZ,瑞普生物,〔2021〕116号,操纵市场,20190302,20190421,20190314,D14,3.89,,,,,,,,,,,,,,,,,,,,20870.0,81122.0,20.0,20.0
300119.SZ,瑞普生物,〔2021〕116号,操纵市场,20190302,20190421,20190315,D12,,,,,,,,,10.0,7.0,1.72,2.84,,,,,,,,,,,,
300119.SZ,瑞普生物,〔2021〕116号,操纵市场,20190302,20190421,20190315,D14,3.91,,,,,,,,,,,,,,,,,,,,21383.0,83678.0,20.0,20.0
300119.SZ,瑞普生物,〔2021〕116号,操纵市场,20190302,20190421,20190318,D12,,,,,,,,,10.0,7.0,1.56,2.55,,,,,,,,,,,,
300119.SZ,瑞普生物,〔2021〕116号,操纵市场,20190302,20190421,20190318,D14,3.8,,,,,,,,,,,,,,,,,,,,22823.0,86737.0,20.0,20.0
300119.SZ,瑞普生物,〔2021〕116号,操纵市场,20190302,20190421,20190319,D12,,,,,,,,,10.0,6.0,1.46,2.55,,,,,,,,,,,,
300119.SZ,瑞普生物,〔2021〕116号,操纵市场,20190302,20190421,20190319,D14,3.64,,,,,,,,,,,,,,,,,,,,24231.0,88178.0,20.0,20.0
300119.SZ,瑞普生物,〔2021〕116号,操纵市场,20190302,20190421,20190320,D12,,,,,,,,,10.0,5.0,1.26,2.34,,,,,,,,,,,,
300119.SZ,瑞普生物,〔2021〕116号,操纵市场,20190302,20190421,20190320,D14,3.72,,,,,,,,,,,,,,,,,,,,24114.0,89742.0,20.0,20.0
300119.SZ,瑞普生物,〔2021〕116号,操纵市场,20190302,20190421,20190321,D14,3.76,,,,,,,,,,,,,,,,,,,,24232.0,91092.0,20.0,20.0
300119.SZ,瑞普生物,〔2021〕116号,操纵市场,20190302,20190421,20190322,D14,3.85,,,,,,,,,,,,,,,,,,,,24167.0,93069.0,20.0,20.0
300119.SZ,瑞普生物,〔2021〕116号,操纵市场,20190302,20190421,20190325,D14,3.58,,,,,,,,,,,,,,,,,,,,26087.0,93439.0,20.0,20.0
300119.SZ,瑞普生物,〔2021〕116号,操纵市场,20190302,20190421,20190326,D14,3.31,,,,,,,,,,,,,,,,,,,,27932.0,92514.0,20.0,20.0
300119.SZ,瑞普生物,〔2021〕116号,操纵市场,20190302,20190421,20190327,D14,3.19,,,,,,,,,,,,,,,,,,,,29027.0,92701.0,20.0,20.0
300119.SZ,瑞普生物,〔2021〕116号,操纵市场,20190302,20190421,20190328,D14,2.66,,,,,,,,,,,,,,,,,,,,33738.0,89745.0,20.0,20.0
300119.SZ,瑞普生物,〔2021〕116号,操纵市场,20190302,20190421,20190329,D14,2.15,,,,,,,,,,,,,,,,,,,,40064.0,86193.0,20.0,20.0
300119.SZ,瑞普生物,〔2021〕116号,操纵市场,20190302,20190421,20190402,D11,,,,,2.46,2.82,0.273,10.0,,,,,,,,,,,,,,,,
300119.SZ,瑞普生物,〔2021〕116号,操纵市场,20190302,20190421,20190404,D11,,,,,2.83,8.64,0.39,10.0,,,,,,,,,,,,,,,,
300119.SZ,瑞普生物,〔2021〕116号,操纵市场,20190302,20190421,20190408,D9,1.45,-0.07,121276.54,83549.0,,,,,,,,,,,,,,,,,,,,
300119.SZ,瑞普生物,〔2021〕116号,操纵市场,20190302,20190421,20190409,D11,,,,,2.35,5.87,0.459,10.0,,,,,,,,,,,,,,,,
300119.SZ,瑞普生物,〔2021〕116号,操纵市场,20190302,20190421,20190410,D11,,,,,2.26,9.64,0.594,10.0,,,,,,,,,,,,,,,,
300119.SZ,瑞普生物,〔2021〕116号,操纵市场,20190302,20190421,20190410,D12,,,,,,,,,10.0,5.0,1.24,2.23,,,,,,,,,,,,
300119.SZ,瑞普生物,〔2021〕116号,操纵市场,20190302,20190421,20190411,D11,,,,,2.69,14.68,0.911,10.0,,,,,,,,,,,,,,,,
300119.SZ,瑞普生物,〔2021〕116号,操纵市场,20190302,20190421,20190411,D12,,,,,,,,,10.0,6.0,1.5,3.01,,,,,,,,,,,,
300119.SZ,瑞普生物,〔2021〕116号,操纵市场,20190302,20190421,20190412,D12,,,,,,,,,10.0,7.0,1.55,3.01,,,,,,,,,,,,
300119.SZ,瑞普生物,〔2021〕116号,操纵市场,20190302,20190421,20190415,D12,,,,,,,,,10.0,7.0,1.52,3.01,,,,,,,,,,,,
300119.SZ,瑞普生物,〔2021〕116号,操纵市场,20190302,20190421,20190416,D11,,,,,2.82,4.64,0.232,10.0,,,,,,,,,,,,,,,,
300119.SZ,瑞普生物,〔2021〕116号,操纵市场,20190302,20190421,20190416,D12,,,,,,,,,10.0,6.0,1.41,3.01,,,,,,,,,,,,
300119.SZ,瑞普生物,〔2021〕116号,操纵市场,20190302,20190421,20190417,D12,,,,,,,,,10.0,7.0,1.47,3.01,,,,,,,,,,,,
300119.SZ,瑞普生物,〔2021〕116号,操纵市场,20190302,20190421,20190418,D12,,,,,,,,,10.0,7.0,1.5,3.01,,,,,,,,,,,,
300119.SZ,瑞普生物,〔2021〕116号,操纵市场,20190302,20190421,20190419,D12,,,,,,,,,10.0,6.0,1.36,3.01,,,,,,,,,,,,
300125.SZ,聆达股份,〔2024〕48号,内幕交易,20220521,20220710,20220523,D12,,,,,,,,,10.0,5.0,1.15,2.48,,,,,,,,,,,,
300125.SZ,聆达股份,〔2024〕48号,内幕交易,20220521,20220710,20220621,D9,1.69,-2.23,74669.12,44265.0,,,,,,,,,,,,,,,,,,,,
300125.SZ,聆达股份,〔2024〕48号,内幕交易,20220521,20220710,20220622,D11,,,,,1.28,4.74,0.282,10.0,,,,,,,,,,,,,,,,
300125.SZ,聆达股份,〔2024〕48号,内幕交易,20220521,20220710,20220622,D12,,,,,,,,,10.0,5.0,1.21,2.63,,,,,,,,,,,,
300125.SZ,聆达股份,〔2024〕48号,内幕交易,20220521,20220710,20220623,D9,1.46,0.11,71008.05,48487.0,,,,,,,,,,,,,,,,,,,,
300125.SZ,聆达股份,〔2024〕48号,内幕交易,20220521,20220710,20220623,D11,,,,,1.2,2.69,0.259,10.0,,,,,,,,,,,,,,,,
300125.SZ,聆达股份,〔2024〕48号,内幕交易,20220521,20220710,20220623,D12,,,,,,,,,10.0,6.0,1.29,2.63,,,,,,,,,,,,
300125.SZ,聆达股份,〔2024〕48号,内幕交易,20220521,20220710,20220624,D9,1.69,1.24,86768.9,51363.0,,,,,,,,,,,,,,,,,,,,
300125.SZ,聆达股份,〔2024〕48号,内幕交易,20220521,20220710,20220624,D11,,,,,1.95,3.29,0.246,10.0,,,,,,,,,,,,,,,,
300125.SZ,聆达股份,〔2024〕48号,内幕交易,20220521,20220710,20220624,D12,,,,,,,,,10.0,7.0,1.4,2.63,,,,,,,,,,,,
300125.SZ,聆达股份,〔2024〕48号,内幕交易,20220521,20220710,20220627,D9,1.58,1.45,85269.01,53843.0,,,,,,,,,,,,,,,,,,,,
300125.SZ,聆达股份,〔2024〕48号,内幕交易,20220521,20220710,20220627,D10,,,,,,,,,,,1.58,,,,,,3.0,1.45,,,,,,
300125.SZ,聆达股份,〔2024〕48号,内幕交易,20220521,20220710,20220627,D11,,,,,1.63,3.23,0.255,10.0,,,,,,,,,,,,,,,,
300125.SZ,聆达股份,〔2024〕48号,内幕交易,20220521,20220710,20220627,D12,,,,,,,,,10.0,7.0,1.46,2.63,,,,,,,,,,,,
300125.SZ,聆达股份,〔2024〕48号,内幕交易,20220521,20220710,20220628,D10,,,,,,,,,,,1.46,,,,,,3.0,1.45,,,,,,
300125.SZ,聆达股份,〔2024〕48号,内幕交易,20220521,20220710,20220628,D11,,,,,1.65,2.3,0.176,10.0,,,,,,,,,,,,,,,,
300125.SZ,聆达股份,〔2024〕48号,内幕交易,20220521,20220710,20220628,D12,,,,,,,,,10.0,8.0,1.47,2.63,,,,,,,,,,,,
300125.SZ,聆达股份,〔2024〕48号,内幕交易,20220521,20220710,20220629,D12,,,,,,,,,10.0,9.0,1.5,2.63,,,,,,,,,,,,
300125.SZ,聆达股份,〔2024〕48号,内幕交易,20220521,20220710,20220630,D12,,,,,,,,,10.0,10.0,1.57,2.63,,,,,,,,,,,,
300125.SZ,聆达股份,〔2024〕48号,内幕交易,20220521,20220710,20220701,D11,,,,,2.78,7.4,0.209,10.0,,,,,,,,,,,,,,,,
300125.SZ,聆达股份,〔2024〕48号,内幕交易,20220521,20220710,20220701,D12,,,,,,,,,10.0,10.0,1.76,2.88,,,,,,,,,,,,
300125.SZ,聆达股份,〔2024〕48号,内幕交易,20220521,20220710,20220704,D12,,,,,,,,,10.0,9.0,1.67,2.88,,,,,,,,,,,,
300125.SZ,聆达股份,〔2024〕48号,内幕交易,20220521,20220710,20220705,D12,,,,,,,,,10.0,8.0,1.56,2.88,,,,,,,,,,,,
300125.SZ,聆达股份,〔2024〕48号,内幕交易,20220521,20220710,20220706,D12,,,,,,,,,10.0,8.0,1.42,2.88,,,,,,,,,,,,
300125.SZ,聆达股份,〔2024〕48号,内幕交易,20220521,20220710,20220707,D12,,,,,,,,,10.0,8.0,1.38,2.88,,,,,,,,,,,,
300125.SZ,聆达股份,〔2024〕48号,内幕交易,20220521,20220710,20220708,D12,,,,,,,,,10.0,7.0,1.27,2.88,,,,,,,,,,,,
300250.SZ,初灵信息,〔2023〕44号,操纵市场,20170711,20170830,20170726,D8,,,9300.3,,,,,,,,,,0.42,21955.0,1.86,0.74,,,,,,,,
300250.SZ,初灵信息,〔2023〕44号,操纵市场,20170711,20170830,20170804,D8,,,10325.58,,,,,,,,,,0.49,21080.0,1.68,0.82,,,,,,,,
300250.SZ,初灵信息,〔2023〕44号,操纵市场,20170711,20170830,20170807,D8,,,7794.55,,,,,,,,,,0.38,20760.0,2.28,0.62,,,,,,,,
300250.SZ,初灵信息,〔2023〕44号,操纵市场,20170711,20170830,20170809,D9,1.66,-0.06,32902.52,19807.0,,,,,,,,,,,,,,,,,,,,
300250.SZ,初灵信息,〔2023〕44号,操纵市场,20170711,20170830,20170817,D9,1.42,0.67,25770.8,18095.0,,,,,,,,,,,,,,,,,,,,
300250.SZ,初灵信息,〔2023〕44号,操纵市场,20170711,20170830,20170817,D12,,,,,,,,,10.0,5.0,1.13,2.59,,,,,,,,,,,,
300250.SZ,初灵信息,〔2023〕44号,操纵市场,20170711,20170830,20170818,D12,,,,,,,,,10.0,5.0,1.17,2.59,,,,,,,,,,,,
300250.SZ,初灵信息,〔2023〕44号,操纵市场,20170711,20170830,20170821,D12,,,,,,,,,10.0,5.0,1.21,2.59,,,,,,,,,,,,
300250.SZ,初灵信息,〔2023〕44号,操纵市场,20170711,20170830,20170822,D9,1.25,-2.9,23745.36,19010.0,,,,,,,,,,,,,,,,,,,,
300250.SZ,初灵信息,〔2023〕44号,操纵市场,20170711,20170830,20170822,D12,,,,,,,,,10.0,5.0,1.07,1.66,,,,,,,,,,,,
300250.SZ,初灵信息,〔2023〕44号,操纵市场,20170711,20170830,20170824,D12,,,,,,,,,10.0,5.0,1.03,1.54,,,,,,,,,,,,
300250.SZ,初灵信息,〔2023〕44号,操纵市场,20170711,20170830,20170825,D9,1.62,2.81,31513.87,19502.0,,,,,,,,,,,,,,,,,,,,
300250.SZ,初灵信息,〔2023〕44号,操纵市场,20170711,20170830,20170825,D12,,,,,,,,,10.0,6.0,1.13,1.62,,,,,,,,,,,,
300250.SZ,初灵信息,〔2023〕44号,操纵市场,20170711,20170830,20170828,D11,,,,,0.97,4.24,0.188,10.0,,,,,,,,,,,,,,,,
300250.SZ,初灵信息,〔2023〕44号,操纵市场,20170711,20170830,20170828,D12,,,,,,,,,10.0,6.0,1.28,2.47,,,,,,,,,,,,
300250.SZ,初灵信息,〔2023〕44号,操纵市场,20170711,20170830,20170829,D9,2.49,-1.1,59466.81,23839.0,,,,,,,,,,,,,,,,,,,,
300250.SZ,初灵信息,〔2023〕44号,操纵市场,20170711,20170830,20170829,D11,,,,,2.18,4.74,0.275,10.0,,,,,,,,,,,,,,,,
300250.SZ,初灵信息,〔2023〕44号,操纵市场,20170711,20170830,20170829,D12,,,,,,,,,10.0,7.0,1.46,2.49,,,,,,,,,,,,
300250.SZ,初灵信息,〔2023〕44号,操纵市场,20170711,20170830,20170830,D9,1.28,-0.35,31693.45,24766.0,,,,,,,,,,,,,,,,,,,,
300250.SZ,初灵信息,〔2023〕44号,操纵市场,20170711,20170830,20170830,D11,,,,,2.05,2.53,0.276,10.0,,,,,,,,,,,,,,,,
300250.SZ,初灵信息,〔2023〕44号,操纵市场,20170711,20170830,20170830,D12,,,,,,,,,10.0,7.0,1.43,2.49,,,,,,,,,,,,
300256.SZ,*ST星星,〔2024〕17号,操纵市场,20211018,20211207,20211110,D11,,,,,2.54,5.99,0.47,10.0,,,,,,,,,,,,,,,,
300256.SZ,*ST星星,〔2024〕17号,操纵市场,20211018,20211207,20211110,D12,,,,,,,,,10.0,5.0,1.14,2.39,,,,,,,,,,,,
300256.SZ,*ST星星,〔2024〕17号,操纵市场,20211018,20211207,20211111,D12,,,,,,,,,10.0,6.0,1.29,2.39,,,,,,,,,,,,
300256.SZ,*ST星星,〔2024〕17号,操纵市场,20211018,20211207,20211112,D12,,,,,,,,,10.0,7.0,1.32,2.39,,,,,,,,,,,,
300256.SZ,*ST星星,〔2024〕17号,操纵市场,20211018,20211207,20211115,D12,,,,,,,,,10.0,6.0,1.3,2.39,,,,,,,,,,,,
300256.SZ,*ST星星,〔2024〕17号,操纵市场,20211018,20211207,20211116,D12,,,,,,,,,10.0,6.0,1.31,2.39,,,,,,,,,,,,
300256.SZ,*ST星星,〔2024〕17号,操纵市场,20211018,20211207,20211117,D12,,,,,,,,,10.0,6.0,1.3,2.39,,,,,,,,,,,,
300256.SZ,*ST星星,〔2024〕17号,操纵市场,20211018,20211207,20211118,D12,,,,,,,,,10.0,6.0,1.29,2.39,,,,,,,,,,,,
300256.SZ,*ST星星,〔2024〕17号,操纵市场,20211018,20211207,20211119,D8,,,186551.0,,,,,,,,,,0.31,600160.0,2.69,1.95,,,,,,,,
300256.SZ,*ST星星,〔2024〕17号,操纵市场,20211018,20211207,20211119,D12,,,,,,,,,10.0,5.0,1.24,2.39,,,,,,,,,,,,
300256.SZ,*ST星星,〔2024〕17号,操纵市场,20211018,20211207,20211202,D11,,,,,1.95,5.24,0.206,10.0,,,,,,,,,,,,,,,,
300256.SZ,*ST星星,〔2024〕17号,操纵市场,20211018,20211207,20211203,D11,,,,,2.2,6.13,0.305,10.0,,,,,,,,,,,,,,,,
300263.SZ,隆华节能,〔2023〕36号,操纵市场,20170617,20170806,20170619,D12,,,,,,,,,10.0,6.0,1.44,2.37,,,,,,,,,,,,
300263.SZ,隆华节能,〔2023〕36号,操纵市场,20170617,20170806,20170619,D14,2.43,,,,,,,,,,,,,,,,,,,,186738.0,453362.0,20.0,20.0
300263.SZ,隆华节能,〔2023〕36号,操纵市场,20170617,20170806,20170620,D12,,,,,,,,,10.0,7.0,1.55,2.37,,,,,,,,,,,,
300263.SZ,隆华节能,〔2023〕36号,操纵市场,20170617,20170806,20170620,D14,2.27,,,,,,,,,,,,,,,,,,,,208381.0,472302.0,20.0,20.0
300263.SZ,隆华节能,〔2023〕36号,操纵市场,20170617,20170806,20170621,D12,,,,,,,,,10.0,8.0,1.56,2.37,,,,,,,,,,,,
300263.SZ,隆华节能,〔2023〕36号,操纵市场,20170617,20170806,20170621,D14,2.01,,,,,,,,,,,,,,,,,,,,233470.0,469402.0,20.0,20.0
300263.SZ,隆华节能,〔2023〕36号,操纵市场,20170617,20170806,20170622,D12,,,,,,,,,10.0,8.0,1.56,2.37,,,,,,,,,,,,
300263.SZ,隆华节能,〔2023〕36号,操纵市场,20170617,20170806,20170623,D9,2.05,2.8,1067729.74,521142.0,,,,,,,,,,,,,,,,,,,,
300263.SZ,隆华节能,〔2023〕36号,操纵市场,20170617,20170806,20170623,D12,,,,,,,,,10.0,8.0,1.58,2.37,,,,,,,,,,,,
300263.SZ,隆华节能,〔2023〕36号,操纵市场,20170617,20170806,20170626,D12,,,,,,,,,10.0,9.0,1.62,2.37,,,,,,,,,,,,
300263.SZ,隆华节能,〔2023〕36号,操纵市场,20170617,20170806,20170627,D12,,,,,,,,,10.0,8.0,1.53,2.37,,,,,,,,,,,,
300263.SZ,隆华节能,〔2023〕36号,操纵市场,20170617,20170806,20170628,D12,,,,,,,,,10.0,7.0,1.34,2.22,,,,,,,,,,,,
300263.SZ,隆华节能,〔2023〕36号,操纵市场,20170617,20170806,20170629,D12,,,,,,,,,10.0,6.0,1.2,2.05,,,,,,,,,,,,
300263.SZ,隆华节能,〔2023〕36号,操纵市场,20170617,20170806,20170630,D12,,,,,,,,,10.0,6.0,1.2,2.05,,,,,,,,,,,,
300263.SZ,隆华节能,〔2023〕36号,操纵市场,20170617,20170806,20170703,D12,,,,,,,,,10.0,6.0,1.22,2.05,,,,,,,,,,,,
300263.SZ,隆华节能,〔2023〕36号,操纵市场,20170617,20170806,20170704,D12,,,,,,,,,10.0,5.0,1.11,2.05,,,,,,,,,,,,
300263.SZ,隆华节能,〔2023〕36号,操纵市场,20170617,20170806,20170704,D14,2.03,,,,,,,,,,,,,,,,,,,,289570.0,586565.0,20.0,20.0
300263.SZ,隆华节能,〔2023〕36号,操纵市场,20170617,20170806,20170705,D14,2.02,,,,,,,,,,,,,,,,,,,,292713.0,591496.0,20.0,20.0
300263.SZ,隆华节能,〔2023〕36号,操纵市场,20170617,20170806,20170726,D11,,,,,2.63,11.16,0.662,10.0,,,,,,,,,,,,,,,,
300263.SZ,隆华节能,〔2023〕36号,操纵市场,20170617,20170806,20170728,D9,1.78,-0.91,567986.19,319946.0,,,,,,,,,,,,,,,,,,,,
300263.SZ,隆华节能,〔2023〕36号,操纵市场,20170617,20170806,20170731,D9,1.41,0.13,445244.55,315033.0,,,,,,,,,,,,,,,,,,,,
300263.SZ,隆华节能,〔2023〕36号,操纵市场,20170617,20170806,20170731,D12,,,,,,,,,10.0,5.0,1.19,2.53,,,,,,,,,,,,
300263.SZ,隆华节能,〔2023〕36号,操纵市场,20170617,20170806,20170801,D9,1.67,1.05,538167.8,321882.0,,,,,,,,,,,,,,,,,,,,
300263.SZ,隆华节能,〔2023〕36号,操纵市场,20170617,20170806,20170801,D10,,,,,,,,,,,1.62,,,,,,3.0,1.05,,,,,,
300263.SZ,隆华节能,〔2023〕36号,操纵市场,20170617,20170806,20170801,D12,,,,,,,,,10.0,6.0,1.3,2.53,,,,,,,,,,,,
300263.SZ,隆华节能,〔2023〕36号,操纵市场,20170617,20170806,20170802,D10,,,,,,,,,,,1.4,,,,,,3.0,1.3,,,,,,
300263.SZ,隆华节能,〔2023〕36号,操纵市场,20170617,20170806,20170802,D12,,,,,,,,,10.0,7.0,1.37,2.53,,,,,,,,,,,,
300263.SZ,隆华节能,〔2023〕36号,操纵市场,20170617,20170806,20170803,D11,,,,,2.45,17.4,0.871,10.0,,,,,,,,,,,,,,,,
300263.SZ,隆华节能,〔2023〕36号,操纵市场,20170617,20170806,20170803,D12,,,,,,,,,10.0,8.0,1.58,2.56,,,,,,,,,,,,
300263.SZ,隆华节能,〔2023〕36号,操纵市场,20170617,20170806,20170804,D9,1.32,-0.89,481114.71,363113.0,,,,,,,,,,,,,,,,,,,,
300263.SZ,隆华节能,〔2023〕36号,操纵市场,20170617,20170806,20170804,D12,,,,,,,,,10.0,9.0,1.67,2.56,,,,,,,,,,,,
300313.SZ,天山生物,〔2021〕76号,操纵市场,20200720,20200908,20200720,D12,,,,,,,,,10.0,8.0,1.94,3.52,,,,,,,,,,,,
300313.SZ,天山生物,〔2021〕76号,操纵市场,20200720,20200908,20200721,D12,,,,,,,,,10.0,7.0,1.8,3.52,,,,,,,,,,,,
300313.SZ,天山生物,〔2021〕76号,操纵市场,20200720,20200908,20200722,D12,,,,,,,,,10.0,6.0,1.69,3.52,,,,,,,,,,,,
300313.SZ,天山生物,〔2021〕76号,操纵市场,20200720,20200908,20200723,D12,,,,,,,,,10.0,5.0,1.41,3.03,,,,,,,,,,,,
300313.SZ,天山生物,〔2021〕76号,操纵市场,20200720,20200908,20200724,D9,1.25,-1.77,66881.33,53350.0,,,,,,,,,,,,,,,,,,,,
300313.SZ,天山生物,〔2021〕76号,操纵市场,20200720,20200908,20200724,D12,,,,,,,,,10.0,5.0,1.35,3.03,,,,,,,,,,,,
300313.SZ,天山生物,〔2021〕76号,操纵市场,20200720,20200908,20200729,D14,2.09,,,,,,,,,,,,,,,,,,,,28699.0,60040.0,20.0,20.0
300313.SZ,天山生物,〔2021〕76号,操纵市场,20200720,20200908,20200730,D9,1.81,1.7,117073.38,64698.0,,,,,,,,,,,,,,,,,,,,
300313.SZ,天山生物,〔2021〕76号,操纵市场,20200720,20200908,20200730,D14,2.37,,,,,,,,,,,,,,,,,,,,27304.0,64698.0,20.0,20.0
300313.SZ,天山生物,〔2021〕76号,操纵市场,20200720,20200908,20200731,D9,1.54,-0.74,105704.42,68786.0,,,,,,,,,,,,,,,,,,,,
300313.SZ,天山生物,〔2021〕76号,操纵市场,20200720,20200908,20200731,D10,,,,,,,,,,,1.49,,,,,,3.0,1.7,,,,,,
300313.SZ,天山生物,〔2021〕76号,操纵市场,20200720,20200908,20200731,D11,,,,,2.45,5.74,0.431,10.0,,,,,,,,,,,,,,,,
300313.SZ,天山生物,〔2021〕76号,操纵市场,20200720,20200908,20200731,D12,,,,,,,,,10.0,5.0,1.1,1.81,,,,,,,,,,,,
300313.SZ,天山生物,〔2021〕76号,操纵市场,20200720,20200908,20200731,D14,2.72,,,,,,,,,,,,,,,,,,,,25271.0,68786.0,20.0,20.0
300313.SZ,天山生物,〔2021〕76号,操纵市场,20200720,20200908,20200803,D11,,,,,2.1,6.24,0.521,10.0,,,,,,,,,,,,,,,,
300313.SZ,天山生物,〔2021〕76号,操纵市场,20200720,20200908,20200803,D12,,,,,,,,,10.0,6.0,1.16,1.81,,,,,,,,,,,,
300313.SZ,天山生物,〔2021〕76号,操纵市场,20200720,20200908,20200803,D14,2.83,,,,,,,,,,,,,,,,,,,,25580.0,72271.0,20.0,20.0
300313.SZ,天山生物,〔2021〕76号,操纵市场,20200720,20200908,20200804,D11,,,,,2.29,4.87,0.465,10.0,,,,,,,,,,,,,,,,
300313.SZ,天山生物,〔2021〕76号,操纵市场,20200720,20200908,20200804,D12,,,,,,,,,10.0,7.0,1.2,1.81,,,,,,,,,,,,
300313.SZ,天山生物,〔2021〕76号,操纵市场,20200720,20200908,20200804,D14,2.75,,,,,,,,,,,,,,,,,,,,26859.0,73781.0,20.0,20.0
300313.SZ,天山生物,〔2021〕76号,操纵市场,20200720,20200908,20200805,D11,,,,,2.0,4.15,0.351,10.0,,,,,,,,,,,,,,,,
300313.SZ,天山生物,〔2021〕76号,操纵市场,20200720,20200908,20200805,D12,,,,,,,,,10.0,8.0,1.22,1.81,,,,,,,,,,,,
300313.SZ,天山生物,〔2021〕76号,操纵市场,20200720,20200908,20200805,D14,2.64,,,,,,,,,,,,,,,,,,,,28347.0,74872.0,20.0,20.0
300313.SZ,天山生物,〔2021〕76号,操纵市场,20200720,20200908,20200806,D12,,,,,,,,,10.0,8.0,1.23,1.81,,,,,,,,,,,,
300313.SZ,天山生物,〔2021〕76号,操纵市场,20200720,20200908,20200806,D14,2.15,,,,,,,,,,,,,,,,,,,,33401.0,71920.0,20.0,20.0
300313.SZ,天山生物,〔2021〕76号,操纵市场,20200720,20200908,20200807,D12,,,,,,,,,10.0,7.0,1.18,1.81,,,,,,,,,,,,
300313.SZ,天山生物,〔2021〕76号,操纵市场,20200720,20200908,20200810,D12,,,,,,,,,10.0,7.0,1.18,1.81,,,,,,,,,,,,
300313.SZ,天山生物,〔2021〕76号,操纵市场,20200720,20200908,20200811,D9,1.22,0.57,79758.8,65364.0,,,,,,,,,,,,,,,,,,,,
300313.SZ,天山生物,〔2021〕76号,操纵市场,20200720,20200908,20200811,D12,,,,,,,,,10.0,7.0,1.17,1.81,,,,,,,,,,,,
300313.SZ,天山生物,〔2021〕76号,操纵市场,20200720,20200908,20200812,D12,,,,,,,,,10.0,7.0,1.18,1.81,,,,,,,,,,,,
300313.SZ,天山生物,〔2021〕76号,操纵市场,20200720,20200908,20200813,D12,,,,,,,,,10.0,7.0,1.2,2.02,,,,,,,,,,,,
300313.SZ,天山生物,〔2021〕76号,操纵市场,20200720,20200908,20200814,D9,1.44,-1.74,106220.0,73534.0,,,,,,,,,,,,,,,,,,,,
300313.SZ,天山生物,〔2021〕76号,操纵市场,20200720,20200908,20200814,D12,,,,,,,,,10.0,7.0,1.19,2.02,,,,,,,,,,,,
300313.SZ,天山生物,〔2021〕76号,操纵市场,20200720,20200908,20200817,D12,,,,,,,,,10.0,6.0,1.11,2.02,,,,,,,,,,,,
300313.SZ,天山生物,〔2021〕76号,操纵市场,20200720,20200908,20200818,D9,1.59,2.64,125006.0,78566.0,,,,,,,,,,,,,,,,,,,,
300313.SZ,天山生物,〔2021〕76号,操纵市场,20200720,20200908,20200818,D12,,,,,,,,,10.0,6.0,1.15,2.02,,,,,,,,,,,,
300313.SZ,天山生物,〔2021〕76号,操纵市场,20200720,20200908,20200819,D12,,,,,,,,,10.0,6.0,1.23,2.02,,,,,,,,,,,,
300313.SZ,天山生物,〔2021〕76号,操纵市场,20200720,20200908,20200820,D11,,,,,2.75,17.8,1.116,10.0,,,,,,,,,,,,,,,,
300313.SZ,天山生物,〔2021〕76号,操纵市场,20200720,20200908,20200820,D12,,,,,,,,,10.0,7.0,1.48,3.33,,,,,,,,,,,,
300313.SZ,天山生物,〔2021〕76号,操纵市场,20200720,20200908,20200821,D11,,,,,2.16,17.88,1.508,10.0,,,,,,,,,,,,,,,,
300313.SZ,天山生物,〔2021〕76号,操纵市场,20200720,20200908,20200821,D12,,,,,,,,,10.0,8.0,1.7,3.33,,,,,,,,,,,,
300313.SZ,天山生物,〔2021〕76号,操纵市场,20200720,20200908,20200821,D14,2.09,,,,,,,,,,,,,,,,,,,,53350.0,111676.0,20.0,20.0
300313.SZ,天山生物,〔2021〕76号,操纵市场,20200720,20200908,20200824,D12,,,,,,,,,10.0,9.0,1.87,3.33,,,,,,,,,,,,
300313.SZ,天山生物,〔2021〕76号,操纵市场,20200720,20200908,20200824,D14,2.28,,,,,,,,,,,,,,,,,,,,54219.0,123852.0,20.0,20.0
300313.SZ,天山生物,〔2021〕76号,操纵市场,20200720,20200908,20200825,D12,,,,,,,,,10.0,9.0,1.98,3.33,,,,,,,,,,,,
300313.SZ,天山生物,〔2021〕76号,操纵市场,20200720,20200908,20200825,D14,2.37,,,,,,,,,,,,,,,,,,,,57418.0,135872.0,20.0,20.0
300313.SZ,天山生物,〔2021〕76号,操纵市场,20200720,20200908,20200826,D12,,,,,,,,,10.0,9.0,2.18,3.33,,,,,,,,,,,,
300313.SZ,天山生物,〔2021〕76号,操纵市场,20200720,20200908,20200826,D14,2.64,,,,,,,,,,,,,,,,,,,,60040.0,158547.0,20.0,20.0
300313.SZ,天山生物,〔2021〕76号,操纵市场,20200720,20200908,20200827,D12,,,,,,,,,10.0,9.0,2.29,3.33,,,,,,,,,,,,
300313.SZ,天山生物,〔2021〕76号,操纵市场,20200720,20200908,20200827,D14,2.81,,,,,,,,,,,,,,,,,,,,64698.0,181534.0,20.0,20.0
300313.SZ,天山生物,〔2021〕76号,操纵市场,20200720,20200908,20200902,D12,,,,,,,,,10.0,9.0,2.34,3.33,,,,,,,,,,,,
300313.SZ,天山生物,〔2021〕76号,操纵市场,20200720,20200908,20200902,D14,2.84,,,,,,,,,,,,,,,,,,,,68786.0,195198.0,20.0,20.0
300313.SZ,天山生物,〔2021〕76号,操纵市场,20200720,20200908,20200903,D12,,,,,,,,,10.0,10.0,2.56,3.33,,,,,,,,,,,,
300313.SZ,天山生物,〔2021〕76号,操纵市场,20200720,20200908,20200903,D14,3.09,,,,,,,,,,,,,,,,,,,,72271.0,223041.0,20.0,20.0
300313.SZ,天山生物,〔2021〕76号,操纵市场,20200720,20200908,20200904,D12,,,,,,,,,10.0,10.0,2.65,3.33,,,,,,,,,,,,
300313.SZ,天山生物,〔2021〕76号,操纵市场,20200720,20200908,20200904,D14,3.38,,,,,,,,,,,,,,,,,,,,73781.0,249651.0,20.0,20.0
300313.SZ,天山生物,〔2021〕76号,操纵市场,20200720,20200908,20200907,D12,,,,,,,,,10.0,10.0,2.68,3.33,,,,,,,,,,,,
300313.SZ,天山生物,〔2021〕76号,操纵市场,20200720,20200908,20200907,D14,3.66,,,,,,,,,,,,,,,,,,,,74872.0,274018.0,20.0,20.0
300313.SZ,天山生物,〔2021〕76号,操纵市场,20200720,20200908,20200908,D12,,,,,,,,,10.0,10.0,2.51,3.29,,,,,,,,,,,,
300313.SZ,天山生物,〔2021〕76号,操纵市场,20200720,20200908,20200908,D14,4.11,,,,,,,,,,,,,,,,,,,,71920.0,295536.0,20.0,20.0
300341.SZ,麦迪电气,〔2023〕44号,操纵市场,20170610,20170730,20170615,D9,1.73,1.07,23896.46,13818.0,,,,,,,,,,,,,,,,,,,,
300341.SZ,麦迪电气,〔2023〕44号,操纵市场,20170610,20170730,20170620,D9,1.22,-0.74,17565.47,14383.0,,,,,,,,,,,,,,,,,,,,
300341.SZ,麦迪电气,〔2023〕44号,操纵市场,20170610,20170730,20170620,D12,,,,,,,,,10.0,5.0,1.16,1.73,,,,,,,,,,,,
300341.SZ,麦迪电气,〔2023〕44号,操纵市场,20170610,20170730,20170621,D12,,,,,,,,,10.0,5.0,1.1,1.73,,,,,,,,,,,,
300341.SZ,麦迪电气,〔2023〕44号,操纵市场,20170610,20170730,20170622,D12,,,,,,,,,10.0,5.0,1.15,1.99,,,,,,,,,,,,
300341.SZ,麦迪电气,〔2023〕44号,操纵市场,20170610,20170730,20170623,D9,1.82,-0.44,29588.85,16257.0,,,,,,,,,,,,,,,,,,,,
300341.SZ,麦迪电气,〔2023〕44号,操纵市场,20170610,20170730,20170623,D12,,,,,,,,,10.0,6.0,1.24,1.99,,,,,,,,,,,,
300341.SZ,麦迪电气,〔2023〕44号,操纵市场,20170610,20170730,20170626,D9,1.66,-0.11,27883.0,16753.0,,,,,,,,,,,,,,,,,,,,
300341.SZ,麦迪电气,〔2023〕44号,操纵市场,20170610,20170730,20170626,D12,,,,,,,,,10.0,7.0,1.32,1.99,,,,,,,,,,,,
300341.SZ,麦迪电气,〔2023〕44号,操纵市场,20170610,20170730,20170627,D10,,,,,,,,,,,2.06,,,,,,3.0,1.88,,,,,,
300341.SZ,麦迪电气,〔2023〕44号,操纵市场,20170610,20170730,20170627,D12,,,,,,,,,10.0,8.0,1.51,2.69,,,,,,,,,,,,
300341.SZ,麦迪电气,〔2023〕44号,操纵市场,20170610,20170730,20170628,D9,2.03,-2.36,41136.68,20243.0,,,,,,,,,,,,,,,,,,,,
300341.SZ,麦迪电气,〔2023〕44号,操纵市场,20170610,20170730,20170628,D10,,,,,,,,,,,2.13,,,,,,3.0,2.36,,,,,,
300341.SZ,麦迪电气,〔2023〕44号,操纵市场,20170610,20170730,20170628,D12,,,,,,,,,10.0,9.0,1.62,2.69,,,,,,,,,,,,
300341.SZ,麦迪电气,〔2023〕44号,操纵市场,20170610,20170730,20170629,D12,,,,,,,,,10.0,8.0,1.53,2.69,,,,,,,,,,,,
300341.SZ,麦迪电气,〔2023〕44号,操纵市场,20170610,20170730,20170630,D12,,,,,,,,,10.0,8.0,1.53,2.69,,,,,,,,,,,,
300341.SZ,麦迪电气,〔2023〕44号,操纵市场,20170610,20170730,20170703,D9,1.27,2.54,27462.22,21613.0,,,,,,,,,,,,,,,,,,,,
300341.SZ,麦迪电气,〔2023〕44号,操纵市场,20170610,20170730,20170703,D12,,,,,,,,,10.0,9.0,1.57,2.69,,,,,,,,,,,,
300341.SZ,麦迪电气,〔2023〕44号,操纵市场,20170610,20170730,20170704,D10,,,,,,,,,,,1.15,,,,,,3.0,2.54,,,,,,
300341.SZ,麦迪电气,〔2023〕44号,操纵市场,20170610,20170730,20170704,D12,,,,,,,,,10.0,9.0,1.55,2.69,,,,,,,,,,,,
300341.SZ,麦迪电气,〔2023〕44号,操纵市场,20170610,20170730,20170705,D10,,,,,,,,,,,1.17,,,,,,3.0,2.54,,,,,,
300341.SZ,麦迪电气,〔2023〕44号,操纵市场,20170610,20170730,20170705,D12,,,,,,,,,10.0,9.0,1.57,2.69,,,,,,,,,,,,
300341.SZ,麦迪电气,〔2023〕44号,操纵市场,20170610,20170730,20170706,D9,1.23,-0.11,28051.41,22893.0,,,,,,,,,,,,,,,,,,,,
300341.SZ,麦迪电气,〔2023〕44号,操纵市场,20170610,20170730,20170706,D10,,,,,,,,,,,1.16,,,,,,3.0,0.9,,,,,,
300341.SZ,麦迪电气,〔2023〕44号,操纵市场,20170610,20170730,20170706,D12,,,,,,,,,10.0,9.0,1.49,2.69,,,,,,,,,,,,
300341.SZ,麦迪电气,〔2023〕44号,操纵市场,20170610,20170730,20170706,D13,,,,,,,,,,,,,,,,,5.0,,1.85,2.54,,,,
300341.SZ,麦迪电气,〔2023〕44号,操纵市场,20170610,20170730,20170707,D12,,,,,,,,,10.0,8.0,1.38,2.69,,,,,,,,,,,,
300341.SZ,麦迪电气,〔2023〕44号,操纵市场,20170610,20170730,20170710,D12,,,,,,,,,10.0,8.0,1.33,2.69,,,,,,,,,,,,
300341.SZ,麦迪电气,〔2023〕44号,操纵市场,20170610,20170730,20170711,D9,1.49,1.59,37716.5,25292.0,,,,,,,,,,,,,,,,,,,,
300341.SZ,麦迪电气,〔2023〕44号,操纵市场,20170610,20170730,20170711,D12,,,,,,,,,10.0,8.0,1.21,2.03,,,,,,,,,,,,
300341.SZ,麦迪电气,〔2023〕44号,操纵市场,20170610,20170730,20170712,D9,2.45,1.9,68812.87,28062.0,,,,,,,,,,,,,,,,,,,,
300341.SZ,麦迪电气,〔2023〕44号,操纵市场,20170610,20170730,20170712,D10,,,,,,,,,,,1.69,,,,,,3.0,1.9,,,,,,
300341.SZ,麦迪电气,〔2023〕44号,操纵市场,20170610,20170730,20170712,D12,,,,,,,,,10.0,8.0,1.25,2.45,,,,,,,,,,,,
300341.SZ,麦迪电气,〔2023〕44号,操纵市场,20170610,20170730,20170712,D14,2.06,,,,,,,,,,,,,,,,,,,,13596.0,28062.0,20.0,20.0
300341.SZ,麦迪电气,〔2023〕44号,操纵市场,20170610,20170730,20170713,D9,1.38,-0.44,39725.37,28854.0,,,,,,,,,,,,,,,,,,,,
300341.SZ,麦迪电气,〔2023〕44号,操纵市场,20170610,20170730,20170713,D10,,,,,,,,,,,1.77,,,,,,3.0,1.9,,,,,,
300341.SZ,麦迪电气,〔2023〕44号,操纵市场,20170610,20170730,20170713,D12,,,,,,,,,10.0,9.0,1.3,2.45,,,,,,,,,,,,
300341.SZ,麦迪电气,〔2023〕44号,操纵市场,20170610,20170730,20170713,D14,2.09,,,,,,,,,,,,,,,,,,,,13818.0,28854.0,20.0,20.0
300341.SZ,麦迪电气,〔2023〕44号,操纵市场,20170610,20170730,20170714,D9,2.39,1.98,76321.07,31940.0,,,,,,,,,,,,,,,,,,,,
300341.SZ,麦迪电气,〔2023〕44号,操纵市场,20170610,20170730,20170714,D10,,,,,,,,,,,2.07,,,,,,3.0,1.98,,,,,,
300341.SZ,麦迪电气,〔2023〕44号,操纵市场,20170610,20170730,20170714,D12,,,,,,,,,10.0,9.0,1.43,2.45,,,,,,,,,,,,
300341.SZ,麦迪电气,〔2023〕44号,操纵市场,20170610,20170730,20170714,D13,,,,,,,,,,,,,,,,,5.0,,2.45,3.46,,,,
300341.SZ,麦迪电气,〔2023〕44号,操纵市场,20170610,20170730,20170714,D14,2.3,,,,,,,,,,,,,,,,,,,,13889.0,31940.0,20.0,20.0
300341.SZ,麦迪电气,〔2023〕44号,操纵市场,20170610,20170730,20170717,D10,,,,,,,,,,,2.13,,,,,,3.0,1.98,,,,,,
300341.SZ,麦迪电气,〔2023〕44号,操纵市场,20170610,20170730,20170717,D11,,,,,0.66,2.55,0.197,10.0,,,,,,,,,,,,,,,,
300341.SZ,麦迪电气,〔2023〕44号,操纵市场,20170610,20170730,20170717,D12,,,,,,,,,10.0,9.0,1.57,2.61,,,,,,,,,,,,
300341.SZ,麦迪电气,〔2023〕44号,操纵市场,20170610,20170730,20170717,D14,2.58,,,,,,,,,,,,,,,,,,,,13971.0,35994.0,20.0,20.0
300341.SZ,麦迪电气,〔2023〕44号,操纵市场,20170610,20170730,20170718,D10,,,,,,,,,,,2.51,,,,,,3.0,1.98,,,,,,
300341.SZ,麦迪电气,〔2023〕44号,操纵市场,20170610,20170730,20170718,D11,,,,,0.72,2.77,0.248,10.0,,,,,,,,,,,,,,,,
300341.SZ,麦迪电气,〔2023〕44号,操纵市场,20170610,20170730,20170718,D12,,,,,,,,,10.0,9.0,1.71,2.61,,,,,,,,,,,,
300341.SZ,麦迪电气,〔2023〕44号,操纵市场,20170610,20170730,20170718,D14,2.8,,,,,,,,,,,,,,,,,,,,14383.0,40217.0,20.0,20.0
300341.SZ,麦迪电气,〔2023〕44号,操纵市场,20170610,20170730,20170719,D9,2.21,-0.11,97820.5,44339.0,,,,,,,,,,,,,,,,,,,,
300341.SZ,麦迪电气,〔2023〕44号,操纵市场,20170610,20170730,20170719,D10,,,,,,,,,,,2.45,,,,,,3.0,1.95,,,,,,
300341.SZ,麦迪电气,〔2023〕44号,操纵市场,20170610,20170730,20170719,D11,,,,,0.76,2.65,0.27,10.0,,,,,,,,,,,,,,,,
300341.SZ,麦迪电气,〔2023〕44号,操纵市场,20170610,20170730,20170719,D12,,,,,,,,,10.0,9.0,1.82,2.61,,,,,,,,,,,,
300341.SZ,麦迪电气,〔2023〕44号,操纵市场,20170610,20170730,20170719,D14,3.04,,,,,,,,,,,,,,,,,,,,14579.0,44339.0,20.0,20.0
300341.SZ,麦迪电气,〔2023〕44号,操纵市场,20170610,20170730,20170720,D9,2.13,0.11,102219.56,47905.0,,,,,,,,,,,,,,,,,,,,
300341.SZ,麦迪电气,〔2023〕44号,操纵市场,20170610,20170730,20170720,D10,,,,,,,,,,,2.29,,,,,,3.0,1.95,,,,,,
300341.SZ,麦迪电气,〔2023〕44号,操纵市场,20170610,20170730,20170720,D11,,,,,0.48,2.77,0.278,10.0,,,,,,,,,,,,,,,,
300341.SZ,麦迪电气,〔2023〕44号,操纵市场,20170610,20170730,20170720,D12,,,,,,,,,10.0,9.0,1.91,2.61,,,,,,,,,,,,
300341.SZ,麦迪电气,〔2023〕44号,操纵市场,20170610,20170730,20170720,D14,3.08,,,,,,,,,,,,,,,,,,,,15537.0,47905.0,20.0,20.0
300341.SZ,麦迪电气,〔2023〕44号,操纵市场,20170610,20170730,20170721,D9,1.53,-1.28,77113.02,50282.0,,,,,,,,,,,,,,,,,,,,
300341.SZ,麦迪电气,〔2023〕44号,操纵市场,20170610,20170730,20170721,D10,,,,,,,,,,,1.96,,,,,,3.0,1.28,,,,,,
300341.SZ,麦迪电气,〔2023〕44号,操纵市场,20170610,20170730,20170721,D11,,,,,0.72,2.09,0.206,10.0,,,,,,,,,,,,,,,,
300341.SZ,麦迪电气,〔2023〕44号,操纵市场,20170610,20170730,20170721,D12,,,,,,,,,10.0,10.0,1.98,2.61,,,,,,,,,,,,
300341.SZ,麦迪电气,〔2023〕44号,操纵市场,20170610,20170730,20170721,D14,3.09,,,,,,,,,,,,,,,,,,,,16257.0,50282.0,20.0,20.0
300341.SZ,麦迪电气,〔2023〕44号,操纵市场,20170610,20170730,20170724,D9,1.34,0.54,70461.0,52411.0,,,,,,,,,,,,,,,,,,,,
300341.SZ,麦迪电气,〔2023〕44号,操纵市场,20170610,20170730,20170724,D10,,,,,,,,,,,1.67,,,,,,3.0,1.28,,,,,,
300341.SZ,麦迪电气,〔2023〕44号,操纵市场,20170610,20170730,20170724,D12,,,,,,,,,10.0,10.0,2.01,2.61,,,,,,,,,,,,
300341.SZ,麦迪电气,〔2023〕44号,操纵市场,20170610,20170730,20170724,D13,,,,,,,,,,,,,,,,,5.0,,3.32,3.69,,,,
300341.SZ,麦迪电气,〔2023〕44号,操纵市场,20170610,20170730,20170724,D14,3.13,,,,,,,,,,,,,,,,,,,,16753.0,52411.0,20.0,20.0
300341.SZ,麦迪电气,〔2023〕44号,操纵市场,20170610,20170730,20170725,D12,,,,,,,,,10.0,10.0,1.99,2.61,,,,,,,,,,,,
300341.SZ,麦迪电气,〔2023〕44号,操纵市场,20170610,20170730,20170725,D13,,,,,,,,,,,,,,,,,5.0,,3.44,4.29,,,,
300341.SZ,麦迪电气,〔2023〕44号,操纵市场,20170610,20170730,20170725,D14,2.82,,,,,,,,,,,,,,,,,,,,18902.0,53366.0,20.0,20.0
300341.SZ,麦迪电气,〔2023〕44号,操纵市场,20170610,20170730,20170726,D9,1.27,0.45,69861.54,54803.0,,,,,,,,,,,,,,,,,,,,
300341.SZ,麦迪电气,〔2023〕44号,操纵市场,20170610,20170730,20170726,D12,,,,,,,,,10.0,10.0,1.87,2.61,,,,,,,,,,,,
300341.SZ,麦迪电气,〔2023〕44号,操纵市场,20170610,20170730,20170726,D14,2.71,,,,,,,,,,,,,,,,,,,,20243.0,54803.0,20.0,20.0
300341.SZ,麦迪电气,〔2023〕44号,操纵市场,20170610,20170730,20170727,D12,,,,,,,,,10.0,10.0,1.92,2.61,,,,,,,,,,,,
300341.SZ,麦迪电气,〔2023〕44号,操纵市场,20170610,20170730,20170727,D14,2.97,,,,,,,,,,,,,,,,,,,,20075.0,59525.0,20.0,20.0
300341.SZ,麦迪电气,〔2023〕44号,操纵市场,20170610,20170730,20170728,D12,,,,,,,,,10.0,10.0,1.78,2.61,,,,,,,,,,,,
300341.SZ,麦迪电气,〔2023〕44号,操纵市场,20170610,20170730,20170728,D14,2.98,,,,,,,,,,,,,,,,,,,,20674.0,61509.0,20.0,20.0
300343.SZ,联创股份,〔2024〕7号,操纵市场,20210612,20210801,20210615,D12,,,,,,,,,10.0,6.0,1.27,2.07,,,,,,,,,,,,
300343.SZ,联创股份,〔2024〕7号,操纵市场,20210612,20210801,20210616,D12,,,,,,,,,10.0,6.0,1.31,2.07,,,,,,,,,,,,
300343.SZ,联创股份,〔2024〕7号,操纵市场,20210612,20210801,20210617,D12,,,,,,,,,10.0,6.0,1.28,2.07,,,,,,,,,,,,
300343.SZ,联创股份,〔2024〕7号,操纵市场,20210612,20210801,20210618,D12,,,,,,,,,10.0,5.0,1.22,2.07,,,,,,,,,,,,
300343.SZ,联创股份,〔2024〕7号,操纵市场,20210612,20210801,20210621,D12,,,,,,,,,10.0,5.0,1.2,2.07,,,,,,,,,,,,
300343.SZ,联创股份,〔2024〕7号,操纵市场,20210612,20210801,20210622,D12,,,,,,,,,10.0,6.0,1.24,2.07,,,,,,,,,,,,
300343.SZ,联创股份,〔2024〕7号,操纵市场,20210612,20210801,20210622,D14,2.13,,,,,,,,,,,,,,,,,,,,315352.0,671327.0,20.0,20.0
300343.SZ,联创股份,〔2024〕7号,操纵市场,20210612,20210801,20210623,D12,,,,,,,,,10.0,5.0,1.11,1.86,,,,,,,,,,,,
300343.SZ,联创股份,〔2024〕7号,操纵市场,20210612,20210801,20210623,D14,2.28,,,,,,,,,,,,,,,,,,,,301615.0,687700.0,20.0,20.0
300343.SZ,联创股份,〔2024〕7号,操纵市场,20210612,20210801,20210628,D12,,,,,,,,,10.0,5.0,1.06,1.59,,,,,,,,,,,,
300343.SZ,联创股份,〔2024〕7号,操纵市场,20210612,20210801,20210629,D12,,,,,,,,,10.0,6.0,1.08,1.59,,,,,,,,,,,,
300343.SZ,联创股份,〔2024〕7号,操纵市场,20210612,20210801,20210630,D12,,,,,,,,,10.0,5.0,1.01,1.59,,,,,,,,,,,,
300343.SZ,联创股份,〔2024〕7号,操纵市场,20210612,20210801,20210705,D12,,,,,,,,,10.0,5.0,1.22,3.16,,,,,,,,,,,,
300343.SZ,联创股份,〔2024〕7号,操纵市场,20210612,20210801,20210706,D12,,,,,,,,,10.0,5.0,1.52,4.11,,,,,,,,,,,,
300343.SZ,联创股份,〔2024〕7号,操纵市场,20210612,20210801,20210706,D14,2.01,,,,,,,,,,,,,,,,,,,,462752.0,929848.0,20.0,20.0
300343.SZ,联创股份,〔2024〕7号,操纵市场,20210612,20210801,20210707,D12,,,,,,,,,10.0,6.0,1.78,4.11,,,,,,,,,,,,
300343.SZ,联创股份,〔2024〕7号,操纵市场,20210612,20210801,20210707,D14,2.09,,,,,,,,,,,,,,,,,,,,504612.0,1054261.0,20.0,20.0
300343.SZ,联创股份,〔2024〕7号,操纵市场,20210612,20210801,20210708,D12,,,,,,,,,10.0,7.0,2.02,4.11,,,,,,,,,,,,
300343.SZ,联创股份,〔2024〕7号,操纵市场,20210612,20210801,20210708,D14,2.17,,,,,,,,,,,,,,,,,,,,546165.0,1184730.0,20.0,20.0
300343.SZ,联创股份,〔2024〕7号,操纵市场,20210612,20210801,20210709,D9,2.05,-0.84,2612968.54,1273966.0,,,,,,,,,,,,,,,,,,,,
300343.SZ,联创股份,〔2024〕7号,操纵市场,20210612,20210801,20210709,D12,,,,,,,,,10.0,7.0,2.08,4.11,,,,,,,,,,,,
300343.SZ,联创股份,〔2024〕7号,操纵市场,20210612,20210801,20210709,D14,2.21,,,,,,,,,,,,,,,,,,,,576111.0,1273966.0,20.0,20.0
300343.SZ,联创股份,〔2024〕7号,操纵市场,20210612,20210801,20210712,D12,,,,,,,,,10.0,7.0,2.17,4.11,,,,,,,,,,,,
300343.SZ,联创股份,〔2024〕7号,操纵市场,20210612,20210801,20210712,D14,2.55,,,,,,,,,,,,,,,,,,,,559979.0,1427187.0,20.0,20.0
300343.SZ,联创股份,〔2024〕7号,操纵市场,20210612,20210801,20210713,D12,,,,,,,,,10.0,7.0,2.25,4.11,,,,,,,,,,,,
300343.SZ,联创股份,〔2024〕7号,操纵市场,20210612,20210801,20210713,D14,2.74,,,,,,,,,,,,,,,,,,,,562612.0,1543959.0,20.0,20.0
300343.SZ,联创股份,〔2024〕7号,操纵市场,20210612,20210801,20210714,D12,,,,,,,,,10.0,8.0,2.31,4.11,,,,,,,,,,,,
300343.SZ,联创股份,〔2024〕7号,操纵市场,20210612,20210801,20210714,D14,2.71,,,,,,,,,,,,,,,,,,,,597022.0,1615858.0,20.0,20.0
300343.SZ,联创股份,〔2024〕7号,操纵市场,20210612,20210801,20210715,D12,,,,,,,,,10.0,9.0,2.37,4.11,,,,,,,,,,,,
300343.SZ,联创股份,〔2024〕7号,操纵市场,20210612,20210801,20210715,D14,2.75,,,,,,,,,,,,,,,,,,,,618626.0,1701840.0,20.0,20.0
300343.SZ,联创股份,〔2024〕7号,操纵市场,20210612,20210801,20210716,D12,,,,,,,,,10.0,10.0,2.44,4.11,,,,,,,,,,,,
300343.SZ,联创股份,〔2024〕7号,操纵市场,20210612,20210801,20210716,D14,2.89,,,,,,,,,,,,,,,,,,,,627571.0,1813066.0,20.0,20.0
300343.SZ,联创股份,〔2024〕7号,操纵市场,20210612,20210801,20210719,D12,,,,,,,,,10.0,10.0,2.24,4.11,,,,,,,,,,,,
300343.SZ,联创股份,〔2024〕7号,操纵市场,20210612,20210801,20210719,D14,2.95,,,,,,,,,,,,,,,,,,,,643909.0,1901299.0,20.0,20.0
300343.SZ,联创股份,〔2024〕7号,操纵市场,20210612,20210801,20210720,D12,,,,,,,,,10.0,10.0,1.94,3.35,,,,,,,,,,,,
300343.SZ,联创股份,〔2024〕7号,操纵市场,20210612,20210801,20210720,D14,2.93,,,,,,,,,,,,,,,,,,,,671327.0,1965826.0,20.0,20.0
300343.SZ,联创股份,〔2024〕7号,操纵市场,20210612,20210801,20210721,D12,,,,,,,,,10.0,10.0,1.71,3.06,,,,,,,,,,,,
300343.SZ,联创股份,〔2024〕7号,操纵市场,20210612,20210801,20210721,D14,2.98,,,,,,,,,,,,,,,,,,,,687700.0,2049867.0,20.0,20.0
300343.SZ,联创股份,〔2024〕7号,操纵市场,20210612,20210801,20210722,D12,,,,,,,,,10.0,9.0,1.49,2.49,,,,,,,,,,,,
300343.SZ,联创股份,〔2024〕7号,操纵市场,20210612,20210801,20210722,D14,3.32,,,,,,,,,,,,,,,,,,,,637072.0,2116757.0,20.0,20.0
300343.SZ,联创股份,〔2024〕7号,操纵市场,20210612,20210801,20210723,D12,,,,,,,,,10.0,8.0,1.35,2.49,,,,,,,,,,,,
300343.SZ,联创股份,〔2024〕7号,操纵市场,20210612,20210801,20210723,D14,3.41,,,,,,,,,,,,,,,,,,,,629659.0,2145499.0,20.0,20.0
300343.SZ,联创股份,〔2024〕7号,操纵市场,20210612,20210801,20210726,D12,,,,,,,,,10.0,7.0,1.19,1.82,,,,,,,,,,,,
300343.SZ,联创股份,〔2024〕7号,操纵市场,20210612,20210801,20210726,D14,3.37,,,,,,,,,,,,,,,,,,,,650807.0,2195333.0,20.0,20.0
300343.SZ,联创股份,〔2024〕7号,操纵市场,20210612,20210801,20210727,D12,,,,,,,,,10.0,6.0,1.1,1.49,,,,,,,,,,,,
300343.SZ,联创股份,〔2024〕7号,操纵市场,20210612,20210801,20210727,D14,3.4,,,,,,,,,,,,,,,,,,,,664021.0,2260717.0,20.0,20.0
300343.SZ,联创股份,〔2024〕7号,操纵市场,20210612,20210801,20210728,D12,,,,,,,,,10.0,5.0,1.05,1.49,,,,,,,,,,,,
300343.SZ,联创股份,〔2024〕7号,操纵市场,20210612,20210801,20210728,D14,3.52,,,,,,,,,,,,,,,,,,,,666722.0,2345631.0,20.0,20.0
300343.SZ,联创股份,〔2024〕7号,操纵市场,20210612,20210801,20210729,D14,3.67,,,,,,,,,,,,,,,,,,,,663226.0,2436411.0,20.0,20.0
300343.SZ,联创股份,〔2024〕7号,操纵市场,20210612,20210801,20210730,D14,3.82,,,,,,,,,,,,,,,,,,,,657531.0,2509946.0,20.0,20.0
300378.SZ,鼎捷软件,〔2021〕116号,操纵市场,20190212,20190403,20190213,D9,1.86,2.7,96594.48,51857.0,,,,,,,,,,,,,,,,,,,,
300378.SZ,鼎捷软件,〔2021〕116号,操纵市场,20190212,20190403,20190215,D10,,,,,,,,,,,1.33,,,,,,3.0,2.7,,,,,,
300378.SZ,鼎捷软件,〔2021〕116号,操纵市场,20190212,20190403,20190219,D9,1.86,0.18,100771.66,54087.0,,,,,,,,,,,,,,,,,,,,
300378.SZ,鼎捷软件,〔2021〕116号,操纵市场,20190212,20190403,20190219,D12,,,,,,,,,10.0,5.0,1.1,1.86,,,,,,,,,,,,
300378.SZ,鼎捷软件,〔2021〕116号,操纵市场,20190212,20190403,20190220,D12,,,,,,,,,10.0,6.0,1.16,1.86,,,,,,,,,,,,
300378.SZ,鼎捷软件,〔2021〕116号,操纵市场,20190212,20190403,20190221,D9,1.8,-1.23,95281.75,52991.0,,,,,,,,,,,,,,,,,,,,
300378.SZ,鼎捷软件,〔2021〕116号,操纵市场,20190212,20190403,20190221,D10,,,,,,,,,,,1.58,,,,,,3.0,1.23,,,,,,
300378.SZ,鼎捷软件,〔2021〕116号,操纵市场,20190212,20190403,20190221,D12,,,,,,,,,10.0,7.0,1.26,1.86,,,,,,,,,,,,
300378.SZ,鼎捷软件,〔2021〕116号,操纵市场,20190212,20190403,20190222,D12,,,,,,,,,10.0,8.0,1.4,2.02,,,,,,,,,,,,
300378.SZ,鼎捷软件,〔2021〕116号,操纵市场,20190212,20190403,20190225,D11,,,,,1.89,5.64,0.28,10.0,,,,,,,,,,,,,,,,
300378.SZ,鼎捷软件,〔2021〕116号,操纵市场,20190212,20190403,20190225,D12,,,,,,,,,10.0,9.0,1.56,2.42,,,,,,,,,,,,
300378.SZ,鼎捷软件,〔2021〕116号,操纵市场,20190212,20190403,20190226,D9,2.23,-1.96,149485.74,66988.0,,,,,,,,,,,,,,,,,,,,
300378.SZ,鼎捷软件,〔2021〕116号,操纵市场,20190212,20190403,20190226,D12,,,,,,,,,10.0,10.0,1.68,2.42,,,,,,,,,,,,
300378.SZ,鼎捷软件,〔2021〕116号,操纵市场,20190212,20190403,20190227,D9,1.89,1.92,137254.63,72675.0,,,,,,,,,,,,,,,,,,,,
300378.SZ,鼎捷软件,〔2021〕116号,操纵市场,20190212,20190403,20190227,D11,,,,,2.12,5.23,0.416,10.0,,,,,,,,,,,,,,,,
300378.SZ,鼎捷软件,〔2021〕116号,操纵市场,20190212,20190403,20190227,D12,,,,,,,,,10.0,10.0,1.68,2.42,,,,,,,,,,,,
300378.SZ,鼎捷软件,〔2021〕116号,操纵市场,20190212,20190403,20190228,D9,1.32,-2.67,98902.7,74965.0,,,,,,,,,,,,,,,,,,,,
300378.SZ,鼎捷软件,〔2021〕116号,操纵市场,20190212,20190403,20190228,D10,,,,,,,,,,,1.81,,,,,,3.0,2.67,,,,,,
300378.SZ,鼎捷软件,〔2021〕116号,操纵市场,20190212,20190403,20190228,D11,,,,,2.17,3.77,0.305,10.0,,,,,,,,,,,,,,,,
300378.SZ,鼎捷软件,〔2021〕116号,操纵市场,20190212,20190403,20190228,D12,,,,,,,,,10.0,10.0,1.71,2.42,,,,,,,,,,,,
300378.SZ,鼎捷软件,〔2021〕116号,操纵市场,20190212,20190403,20190301,D12,,,,,,,,,10.0,9.0,1.69,2.42,,,,,,,,,,,,
300378.SZ,鼎捷软件,〔2021〕116号,操纵市场,20190212,20190403,20190304,D9,1.77,2.5,144330.45,81574.0,,,,,,,,,,,,,,,,,,,,
300378.SZ,鼎捷软件,〔2021〕116号,操纵市场,20190212,20190403,20190304,D12,,,,,,,,,10.0,9.0,1.73,2.42,,,,,,,,,,,,
300378.SZ,鼎捷软件,〔2021〕116号,操纵市场,20190212,20190403,20190305,D11,,,,,2.12,5.09,0.155,10.0,,,,,,,,,,,,,,,,
300378.SZ,鼎捷软件,〔2021〕116号,操纵市场,20190212,20190403,20190305,D12,,,,,,,,,10.0,9.0,1.7,2.42,,,,,,,,,,,,
300378.SZ,鼎捷软件,〔2021〕116号,操纵市场,20190212,20190403,20190306,D9,1.56,1.57,143571.09,91874.0,,,,,,,,,,,,,,,,,,,,
300378.SZ,鼎捷软件,〔2021〕116号,操纵市场,20190212,20190403,20190306,D12,,,,,,,,,10.0,9.0,1.75,2.42,,,,,,,,,,,,
300378.SZ,鼎捷软件,〔2021〕116号,操纵市场,20190212,20190403,20190307,D12,,,,,,,,,10.0,9.0,1.8,2.42,,,,,,,,,,,,
300378.SZ,鼎捷软件,〔2021〕116号,操纵市场,20190212,20190403,20190308,D12,,,,,,,,,10.0,9.0,1.8,2.42,,,,,,,,,,,,
300378.SZ,鼎捷软件,〔2021〕116号,操纵市场,20190212,20190403,20190308,D14,2.25,,,,,,,,,,,,,,,,,,,,49548.0,111404.0,20.0,20.0
300378.SZ,鼎捷软件,〔2021〕116号,操纵市场,20190212,20190403,20190311,D12,,,,,,,,,10.0,9.0,1.67,2.3,,,,,,,,,,,,
300378.SZ,鼎捷软件,〔2021〕116号,操纵市场,20190212,20190403,20190311,D14,2.37,,,,,,,,,,,,,,,,,,,,48924.0,115994.0,20.0,20.0
300378.SZ,鼎捷软件,〔2021〕116号,操纵市场,20190212,20190403,20190312,D9,1.52,1.96,187373.93,122882.0,,,,,,,,,,,,,,,,,,,,
300378.SZ,鼎捷软件,〔2021〕116号,操纵市场,20190212,20190403,20190312,D12,,,,,,,,,10.0,9.0,1.6,2.3,,,,,,,,,,,,
300378.SZ,鼎捷软件,〔2021〕116号,操纵市场,20190212,20190403,20190312,D14,2.47,,,,,,,,,,,,,,,,,,,,49743.0,122882.0,20.0,20.0
300378.SZ,鼎捷软件,〔2021〕116号,操纵市场,20190212,20190403,20190313,D12,,,,,,,,,10.0,9.0,1.51,2.3,,,,,,,,,,,,
300378.SZ,鼎捷软件,〔2021〕116号,操纵市场,20190212,20190403,20190313,D14,2.4,,,,,,,,,,,,,,,,,,,,51857.0,124352.0,20.0,20.0
300378.SZ,鼎捷软件,〔2021〕116号,操纵市场,20190212,20190403,20190314,D12,,,,,,,,,10.0,8.0,1.46,2.3,,,,,,,,,,,,
300378.SZ,鼎捷软件,〔2021〕116号,操纵市场,20190212,20190403,20190314,D14,2.42,,,,,,,,,,,,,,,,,,,,52451.0,126831.0,20.0,20.0
300378.SZ,鼎捷软件,〔2021〕116号,操纵市场,20190212,20190403,20190315,D12,,,,,,,,,10.0,8.0,1.43,2.3,,,,,,,,,,,,
300378.SZ,鼎捷软件,〔2021〕116号,操纵市场,20190212,20190403,20190315,D14,2.39,,,,,,,,,,,,,,,,,,,,53377.0,127641.0,20.0,20.0
300378.SZ,鼎捷软件,〔2021〕116号,操纵市场,20190212,20190403,20190318,D12,,,,,,,,,10.0,7.0,1.3,2.3,,,,,,,,,,,,
300378.SZ,鼎捷软件,〔2021〕116号,操纵市场,20190212,20190403,20190318,D14,2.28,,,,,,,,,,,,,,,,,,,,55668.0,126752.0,20.0,20.0
300378.SZ,鼎捷软件,〔2021〕116号,操纵市场,20190212,20190403,20190319,D12,,,,,,,,,10.0,6.0,1.21,2.3,,,,,,,,,,,,
300378.SZ,鼎捷软件,〔2021〕116号,操纵市场,20190212,20190403,20190319,D14,2.32,,,,,,,,,,,,,,,,,,,,54087.0,125708.0,20.0,20.0
300378.SZ,鼎捷软件,〔2021〕116号,操纵市场,20190212,20190403,20190320,D12,,,,,,,,,10.0,5.0,1.12,2.3,,,,,,,,,,,,
300378.SZ,鼎捷软件,〔2021〕116号,操纵市场,20190212,20190403,20190320,D14,2.46,,,,,,,,,,,,,,,,,,,,51551.0,127047.0,20.0,20.0
300378.SZ,鼎捷软件,〔2021〕116号,操纵市场,20190212,20190403,20190321,D14,2.41,,,,,,,,,,,,,,,,,,,,52991.0,127626.0,20.0,20.0
300378.SZ,鼎捷软件,〔2021〕116号,操纵市场,20190212,20190403,20190322,D14,2.28,,,,,,,,,,,,,,,,,,,,55781.0,127210.0,20.0,20.0
300378.SZ,鼎捷软件,〔2021〕116号,操纵市场,20190212,20190403,20190325,D14,2.02,,,,,,,,,,,,,,,,,,,,61190.0,123540.0,20.0,20.0
300378.SZ,鼎捷软件,〔2021〕116号,操纵市场,20190212,20190403,20190328,D11,,,,,2.79,3.99,0.183,10.0,,,,,,,,,,,,,,,,
300378.SZ,鼎捷软件,〔2021〕116号,操纵市场,20190212,20190403,20190329,D11,,,,,2.34,3.83,0.159,10.0,,,,,,,,,,,,,,,,
300587.SZ,天铁股份,〔2021〕116号,操纵市场,20181119,20190108,20181121,D12,,,,,,,,,10.0,5.0,0.94,1.61,,,,,,,,,,,,
300587.SZ,天铁股份,〔2021〕116号,操纵市场,20181119,20190108,20181122,D12,,,,,,,,,10.0,6.0,1.01,1.61,,,,,,,,,,,,
300587.SZ,天铁股份,〔2021〕116号,操纵市场,20181119,20190108,20181123,D12,,,,,,,,,10.0,7.0,1.1,1.61,,,,,,,,,,,,
300587.SZ,天铁股份,〔2021〕116号,操纵市场,20181119,20190108,20181126,D12,,,,,,,,,10.0,7.0,1.08,1.61,,,,,,,,,,,,
300587.SZ,天铁股份,〔2021〕116号,操纵市场,20181119,20190108,20181127,D12,,,,,,,,,10.0,6.0,1.02,1.61,,,,,,,,,,,,
300587.SZ,天铁股份,〔2021〕116号,操纵市场,20181119,20190108,20181128,D12,,,,,,,,,10.0,6.0,1.0,1.61,,,,,,,,,,,,
300587.SZ,天铁股份,〔2021〕116号,操纵市场,20181119,20190108,20181129,D12,,,,,,,,,10.0,5.0,0.9,1.29,,,,,,,,,,,,
300587.SZ,天铁股份,〔2021〕116号,操纵市场,20181119,20190108,20181207,D9,1.63,2.79,19305.36,11842.0,,,,,,,,,,,,,,,,,,,,
300587.SZ,天铁股份,〔2021〕116号,操纵市场,20181119,20190108,20181207,D11,,,,,1.6,4.59,0.186,10.0,,,,,,,,,,,,,,,,
300587.SZ,天铁股份,〔2021〕116号,操纵市场,20181119,20190108,20181210,D11,,,,,1.18,2.64,0.199,10.0,,,,,,,,,,,,,,,,
300587.SZ,天铁股份,〔2021〕116号,操纵市场,20181119,20190108,20181211,D8,,,6264.3,,,,,,,,,,0.39,15865.0,1.74,1.49,,,,,,,,
300587.SZ,天铁股份,〔2021〕116号,操纵市场,20181119,20190108,20181212,D8,,,4756.0,,,,,,,,,,0.3,15894.0,1.62,1.13,,,,,,,,
300587.SZ,天铁股份,〔2021〕116号,操纵市场,20181119,20190108,20181213,D9,1.85,2.32,19432.1,10524.0,,,,,,,,,,,,,,,,,,,,
300587.SZ,天铁股份,〔2021〕116号,操纵市场,20181119,20190108,20181213,D11,,,,,1.41,4.62,0.175,10.0,,,,,,,,,,,,,,,,
300587.SZ,天铁股份,〔2021〕116号,操纵市场,20181119,20190108,20181214,D11,,,,,1.76,3.23,0.167,10.0,,,,,,,,,,,,,,,,
300587.SZ,天铁股份,〔2021〕116号,操纵市场,20181119,20190108,20181217,D8,,,4960.0,,,,,,,,,,0.3,16410.0,2.47,1.18,,,,,,,,
300587.SZ,天铁股份,〔2021〕116号,操纵市场,20181119,20190108,20181218,D8,,,4902.35,,,,,,,,,,0.3,16448.0,1.91,1.17,,,,,,,,
300587.SZ,天铁股份,〔2021〕116号,操纵市场,20181119,20190108,20181219,D8,,,5688.0,,,,,,,,,,0.34,16494.0,1.26,1.35,,,,,,,,
300587.SZ,天铁股份,〔2021〕116号,操纵市场,20181119,20190108,20181220,D8,,,5017.0,,,,,,,,,,0.31,16428.0,1.39,1.19,,,,,,,,
300587.SZ,天铁股份,〔2021〕116号,操纵市场,20181119,20190108,20181221,D8,,,6964.6,,,,,,,,,,0.42,16431.0,2.57,1.66,,,,,,,,
300587.SZ,天铁股份,〔2021〕116号,操纵市场,20181119,20190108,20181224,D9,1.8,2.92,15632.38,8703.0,,,,,,,,,,,,,,,,,,,,
300587.SZ,天铁股份,〔2021〕116号,操纵市场,20181119,20190108,20181225,D9,1.44,0.54,13082.99,9109.0,,,,,,,,,,,,,,,,,,,,
300587.SZ,天铁股份,〔2021〕116号,操纵市场,20181119,20190108,20181226,D9,1.48,0.84,13842.62,9368.0,,,,,,,,,,,,,,,,,,,,
300587.SZ,天铁股份,〔2021〕116号,操纵市场,20181119,20190108,20181226,D10,,,,,,,,,,,1.57,,,,,,3.0,2.92,,,,,,
300587.SZ,天铁股份,〔2021〕116号,操纵市场,20181119,20190108,20181226,D12,,,,,,,,,10.0,5.0,1.09,1.85,,,,,,,,,,,,
300587.SZ,天铁股份,〔2021〕116号,操纵市场,20181119,20190108,20181227,D9,2.42,0.95,24794.24,10254.0,,,,,,,,,,,,,,,,,,,,
300587.SZ,天铁股份,〔2021〕116号,操纵市场,20181119,20190108,20181227,D10,,,,,,,,,,,1.78,,,,,,3.0,0.95,,,,,,
300587.SZ,天铁股份,〔2021〕116号,操纵市场,20181119,20190108,20181227,D12,,,,,,,,,10.0,5.0,1.15,2.42,,,,,,,,,,,,
300587.SZ,天铁股份,〔2021〕116号,操纵市场,20181119,20190108,20181228,D9,1.63,2.24,17677.25,10840.0,,,,,,,,,,,,,,,,,,,,
300587.SZ,天铁股份,〔2021〕116号,操纵市场,20181119,20190108,20181228,D10,,,,,,,,,,,1.84,,,,,,3.0,2.24,,,,,,
300587.SZ,天铁股份,〔2021〕116号,操纵市场,20181119,20190108,20181228,D11,,,,,1.18,4.2,0.471,10.0,,,,,,,,,,,,,,,,
300587.SZ,天铁股份,〔2021〕116号,操纵市场,20181119,20190108,20181228,D12,,,,,,,,,10.0,5.0,1.18,2.42,,,,,,,,,,,,
300587.SZ,天铁股份,〔2021〕116号,操纵市场,20181119,20190108,20181228,D13,,,,,,,,,,,,,,,,,5.0,,3.58,4.29,,,,
300587.SZ,天铁股份,〔2021〕116号,操纵市场,20181119,20190108,20190102,D10,,,,,,,,,,,1.72,,,,,,3.0,2.24,,,,,,
300587.SZ,天铁股份,〔2021〕116号,操纵市场,20181119,20190108,20190102,D11,,,,,1.17,2.95,0.387,10.0,,,,,,,,,,,,,,,,
300587.SZ,天铁股份,〔2021〕116号,操纵市场,20181119,20190108,20190102,D12,,,,,,,,,10.0,6.0,1.24,2.42,,,,,,,,,,,,
300587.SZ,天铁股份,〔2021〕116号,操纵市场,20181119,20190108,20190102,D13,,,,,,,,,,,,,,,,,5.0,,3.42,4.29,,,,
300587.SZ,天铁股份,〔2021〕116号,操纵市场,20181119,20190108,20190103,D10,,,,,,,,,,,1.3,,,,,,3.0,2.24,,,,,,
300587.SZ,天铁股份,〔2021〕116号,操纵市场,20181119,20190108,20190103,D11,,,,,1.35,3.11,0.289,10.0,,,,,,,,,,,,,,,,
300587.SZ,天铁股份,〔2021〕116号,操纵市场,20181119,20190108,20190103,D12,,,,,,,,,10.0,7.0,1.31,2.42,,,,,,,,,,,,
300587.SZ,天铁股份,〔2021〕116号,操纵市场,20181119,20190108,20190103,D13,,,,,,,,,,,,,,,,,5.0,,3.27,4.29,,,,
300587.SZ,天铁股份,〔2021〕116号,操纵市场,20181119,20190108,20190104,D12,,,,,,,,,10.0,7.0,1.33,2.42,,,,,,,,,,,,
300587.SZ,天铁股份,〔2021〕116号,操纵市场,20181119,20190108,20190107,D12,,,,,,,,,10.0,8.0,1.4,2.42,,,,,,,,,,,,
300587.SZ,天铁股份,〔2021〕116号,操纵市场,20181119,20190108,20190108,D9,1.29,1.95,15093.76,11694.0,,,,,,,,,,,,,,,,,,,,
300587.SZ,天铁股份,〔2021〕116号,操纵市场,20181119,20190108,20190108,D12,,,,,,,,,10.0,9.0,1.45,2.42,,,,,,,,,,,,
300605.SZ,恒锋信息,〔2023〕44号,操纵市场,20171203,20180122,20171208,D9,1.4,2.48,9096.61,6506.0,,,,,,,,,,,,,,,,,,,,
300605.SZ,恒锋信息,〔2023〕44号,操纵市场,20171203,20180122,20171212,D12,,,,,,,,,10.0,5.0,0.93,1.52,,,,,,,,,,,,
300605.SZ,恒锋信息,〔2023〕44号,操纵市场,20171203,20180122,20171213,D12,,,,,,,,,10.0,5.0,0.93,1.52,,,,,,,,,,,,
300605.SZ,恒锋信息,〔2023〕44号,操纵市场,20171203,20180122,20171214,D12,,,,,,,,,10.0,5.0,0.96,1.52,,,,,,,,,,,,
300605.SZ,恒锋信息,〔2023〕44号,操纵市场,20171203,20180122,20171215,D12,,,,,,,,,10.0,5.0,1.02,1.52,,,,,,,,,,,,
300605.SZ,恒锋信息,〔2023〕44号,操纵市场,20171203,20180122,20171218,D12,,,,,,,,,10.0,5.0,1.02,1.52,,,,,,,,,,,,
300605.SZ,恒锋信息,〔2023〕44号,操纵市场,20171203,20180122,20171220,D9,1.99,1.05,11488.0,5783.0,,,,,,,,,,,,,,,,,,,,
300605.SZ,恒锋信息,〔2023〕44号,操纵市场,20171203,20180122,20171221,D9,1.29,-0.26,7688.2,5947.0,,,,,,,,,,,,,,,,,,,,
300605.SZ,恒锋信息,〔2023〕44号,操纵市场,20171203,20180122,20171221,D12,,,,,,,,,10.0,5.0,1.16,1.99,,,,,,,,,,,,
300605.SZ,恒锋信息,〔2023〕44号,操纵市场,20171203,20180122,20171226,D11,,,,,2.53,4.68,0.192,10.0,,,,,,,,,,,,,,,,
300605.SZ,恒锋信息,〔2023〕44号,操纵市场,20171203,20180122,20171227,D11,,,,,2.0,3.01,0.154,10.0,,,,,,,,,,,,,,,,
300605.SZ,恒锋信息,〔2023〕44号,操纵市场,20171203,20180122,20180102,D8,,,3618.0,,,,,,,,,,0.48,7551.0,1.36,1.72,,,,,,,,
300605.SZ,恒锋信息,〔2023〕44号,操纵市场,20171203,20180122,20180103,D9,1.28,1.92,8620.97,6713.0,,,,,,,,,,,,,,,,,,,,
300605.SZ,恒锋信息,〔2023〕44号,操纵市场,20171203,20180122,20180103,D12,,,,,,,,,10.0,5.0,1.12,1.99,,,,,,,,,,,,
300605.SZ,恒锋信息,〔2023〕44号,操纵市场,20171203,20180122,20180104,D12,,,,,,,,,10.0,5.0,1.04,1.52,,,,,,,,,,,,
300605.SZ,恒锋信息,〔2023〕44号,操纵市场,20171203,20180122,20180105,D8,,,3387.76,,,,,,,,,,0.47,7238.0,1.39,1.61,,,,,,,,
300605.SZ,恒锋信息,〔2023〕44号,操纵市场,20171203,20180122,20180108,D8,,,3028.76,,,,,,,,,,0.43,7030.0,1.95,1.44,,,,,,,,
300605.SZ,恒锋信息,〔2023〕44号,操纵市场,20171203,20180122,20180111,D12,,,,,,,,,10.0,5.0,0.91,1.46,,,,,,,,,,,,
300605.SZ,恒锋信息,〔2023〕44号,操纵市场,20171203,20180122,20180119,D9,1.48,1.22,8810.56,5966.0,,,,,,,,,,,,,,,,,,,,
600116.SH,三峡水利,〔2023〕13号、〔2023〕14号、〔2023〕15号、〔2023〕16号,操纵市场,20181225,20190213,20190104,D9,1.2,2.02,23471.12,19501.0,,,,,,,,,,,,,,,,,,,,
600116.SH,三峡水利,〔2023〕13号、〔2023〕14号、〔2023〕15号、〔2023〕16号,操纵市场,20181225,20190213,20190109,D8,,,17252.21,,,,,,,,,,0.33,52454.0,1.44,0.17,,,,,,,,
600116.SH,三峡水利,〔2023〕13号、〔2023〕14号、〔2023〕15号、〔2023〕16号,操纵市场,20181225,20190213,20190110,D8,,,16204.0,,,,,,,,,,0.32,50577.0,1.31,0.16,,,,,,,,
600116.SH,三峡水利,〔2023〕13号、〔2023〕14号、〔2023〕15号、〔2023〕16号,操纵市场,20181225,20190213,20190111,D8,,,13840.0,,,,,,,,,,0.28,49205.0,1.32,0.14,,,,,,,,
600116.SH,三峡水利,〔2023〕13号、〔2023〕14号、〔2023〕15号、〔2023〕16号,操纵市场,20181225,20190213,20190114,D9,1.24,1.59,23798.0,19123.0,,,,,,,,,,,,,,,,,,,,
600116.SH,三峡水利,〔2023〕13号、〔2023〕14号、〔2023〕15号、〔2023〕16号,操纵市场,20181225,20190213,20190115,D9,1.27,0.13,23987.76,18913.0,,,,,,,,,,,,,,,,,,,,
600116.SH,三峡水利,〔2023〕13号、〔2023〕14号、〔2023〕15号、〔2023〕16号,操纵市场,20181225,20190213,20190116,D8,,,21565.3,,,,,,,,,,0.49,44367.0,1.04,0.22,,,,,,,,
600116.SH,三峡水利,〔2023〕13号、〔2023〕14号、〔2023〕15号、〔2023〕16号,操纵市场,20181225,20190213,20190116,D10,,,,,,,,,,,1.22,,,,,,3.0,1.59,,,,,,
600116.SH,三峡水利,〔2023〕13号、〔2023〕14号、〔2023〕15号、〔2023〕16号,操纵市场,20181225,20190213,20190117,D10,,,,,,,,,,,1.71,,,,,,3.0,2.09,,,,,,
600116.SH,三峡水利,〔2023〕13号、〔2023〕14号、〔2023〕15号、〔2023〕16号,操纵市场,20181225,20190213,20190117,D12,,,,,,,,,10.0,5.0,1.15,2.7,,,,,,,,,,,,
600116.SH,三峡水利,〔2023〕13号、〔2023〕14号、〔2023〕15号、〔2023〕16号,操纵市场,20181225,20190213,20190118,D9,2.11,0.51,46051.33,21834.0,,,,,,,,,,,,,,,,,,,,
600116.SH,三峡水利,〔2023〕13号、〔2023〕14号、〔2023〕15号、〔2023〕16号,操纵市场,20181225,20190213,20190118,D10,,,,,,,,,,,1.99,,,,,,3.0,2.09,,,,,,
600116.SH,三峡水利,〔2023〕13号、〔2023〕14号、〔2023〕15号、〔2023〕16号,操纵市场,20181225,20190213,20190118,D12,,,,,,,,,10.0,5.0,1.25,2.7,,,,,,,,,,,,
600116.SH,三峡水利,〔2023〕13号、〔2023〕14号、〔2023〕15号、〔2023〕16号,操纵市场,20181225,20190213,20190118,D13,,,,,,,,,,,,,,,,,5.0,,2.04,2.88,,,,
600116.SH,三峡水利,〔2023〕13号、〔2023〕14号、〔2023〕15号、〔2023〕16号,操纵市场,20181225,20190213,20190121,D9,2.04,1.91,47783.31,23468.0,,,,,,,,,,,,,,,,,,,,
600116.SH,三峡水利,〔2023〕13号、〔2023〕14号、〔2023〕15号、〔2023〕16号,操纵市场,20181225,20190213,20190121,D10,,,,,,,,,,,2.28,,,,,,3.0,2.09,,,,,,
600116.SH,三峡水利,〔2023〕13号、〔2023〕14号、〔2023〕15号、〔2023〕16号,操纵市场,20181225,20190213,20190121,D12,,,,,,,,,10.0,6.0,1.37,2.7,,,,,,,,,,,,
600116.SH,三峡水利,〔2023〕13号、〔2023〕14号、〔2023〕15号、〔2023〕16号,操纵市场,20181225,20190213,20190121,D13,,,,,,,,,,,,,,,,,5.0,,2.07,2.88,,,,
600116.SH,三峡水利,〔2023〕13号、〔2023〕14号、〔2023〕15号、〔2023〕16号,操纵市场,20181225,20190213,20190122,D9,1.53,-1.25,35772.0,23453.0,,,,,,,,,,,,,,,,,,,,
600116.SH,三峡水利,〔2023〕13号、〔2023〕14号、〔2023〕15号、〔2023〕16号,操纵市场,20181225,20190213,20190122,D10,,,,,,,,,,,1.89,,,,,,3.0,1.91,,,,,,
600116.SH,三峡水利,〔2023〕13号、〔2023〕14号、〔2023〕15号、〔2023〕16号,操纵市场,20181225,20190213,20190122,D12,,,,,,,,,10.0,7.0,1.46,2.7,,,,,,,,,,,,
600116.SH,三峡水利,〔2023〕13号、〔2023〕14号、〔2023〕15号、〔2023〕16号,操纵市场,20181225,20190213,20190122,D13,,,,,,,,,,,,,,,,,5.0,,2.11,2.88,,,,
600116.SH,三峡水利,〔2023〕13号、〔2023〕14号、〔2023〕15号、〔2023〕16号,操纵市场,20181225,20190213,20190123,D10,,,,,,,,,,,1.54,,,,,,3.0,1.91,,,,,,
600116.SH,三峡水利,〔2023〕13号、〔2023〕14号、〔2023〕15号、〔2023〕16号,操纵市场,20181225,20190213,20190123,D12,,,,,,,,,10.0,8.0,1.47,2.7,,,,,,,,,,,,
600116.SH,三峡水利,〔2023〕13号、〔2023〕14号、〔2023〕15号、〔2023〕16号,操纵市场,20181225,20190213,20190123,D13,,,,,,,,,,,,,,,,,5.0,,2.25,2.88,,,,
600116.SH,三峡水利,〔2023〕13号、〔2023〕14号、〔2023〕15号、〔2023〕16号,操纵市场,20181225,20190213,20190124,D9,1.9,0.89,48319.26,25432.0,,,,,,,,,,,,,,,,,,,,
600116.SH,三峡水利,〔2023〕13号、〔2023〕14号、〔2023〕15号、〔2023〕16号,操纵市场,20181225,20190213,20190124,D10,,,,,,,,,,,1.5,,,,,,3.0,1.25,,,,,,
600116.SH,三峡水利,〔2023〕13号、〔2023〕14号、〔2023〕15号、〔2023〕16号,操纵市场,20181225,20190213,20190124,D12,,,,,,,,,10.0,9.0,1.57,2.7,,,,,,,,,,,,
600116.SH,三峡水利,〔2023〕13号、〔2023〕14号、〔2023〕15号、〔2023〕16号,操纵市场,20181225,20190213,20190124,D13,,,,,,,,,,,,,,,,,5.0,,2.11,2.42,,,,
600116.SH,三峡水利,〔2023〕13号、〔2023〕14号、〔2023〕15号、〔2023〕16号,操纵市场,20181225,20190213,20190125,D9,2.49,2.01,70851.41,28420.0,,,,,,,,,,,,,,,,,,,,
600116.SH,三峡水利,〔2023〕13号、〔2023〕14号、〔2023〕15号、〔2023〕16号,操纵市场,20181225,20190213,20190125,D10,,,,,,,,,,,1.82,,,,,,3.0,2.01,,,,,,
600116.SH,三峡水利,〔2023〕13号、〔2023〕14号、〔2023〕15号、〔2023〕16号,操纵市场,20181225,20190213,20190125,D12,,,,,,,,,10.0,10.0,1.75,2.7,,,,,,,,,,,,
600116.SH,三峡水利,〔2023〕13号、〔2023〕14号、〔2023〕15号、〔2023〕16号,操纵市场,20181225,20190213,20190125,D13,,,,,,,,,,,,,,,,,5.0,,2.17,2.51,,,,
600116.SH,三峡水利,〔2023〕13号、〔2023〕14号、〔2023〕15号、〔2023〕16号,操纵市场,20181225,20190213,20190128,D9,1.64,-0.49,49293.86,30102.0,,,,,,,,,,,,,,,,,,,,
600116.SH,三峡水利,〔2023〕13号、〔2023〕14号、〔2023〕15号、〔2023〕16号,操纵市场,20181225,20190213,20190128,D10,,,,,,,,,,,2.01,,,,,,3.0,2.01,,,,,,
600116.SH,三峡水利,〔2023〕13号、〔2023〕14号、〔2023〕15号、〔2023〕16号,操纵市场,20181225,20190213,20190128,D12,,,,,,,,,10.0,10.0,1.79,2.7,,,,,,,,,,,,
600116.SH,三峡水利,〔2023〕13号、〔2023〕14号、〔2023〕15号、〔2023〕16号,操纵市场,20181225,20190213,20190128,D13,,,,,,,,,,,,,,,,,5.0,,2.23,2.71,,,,
600116.SH,三峡水利,〔2023〕13号、〔2023〕14号、〔2023〕15号、〔2023〕16号,操纵市场,20181225,20190213,20190129,D9,1.44,0.25,45308.79,31451.0,,,,,,,,,,,,,,,,,,,,
600116.SH,三峡水利,〔2023〕13号、〔2023〕14号、〔2023〕15号、〔2023〕16号,操纵市场,20181225,20190213,20190129,D10,,,,,,,,,,,1.86,,,,,,3.0,2.01,,,,,,
600116.SH,三峡水利,〔2023〕13号、〔2023〕14号、〔2023〕15号、〔2023〕16号,操纵市场,20181225,20190213,20190129,D12,,,,,,,,,10.0,10.0,1.81,2.7,,,,,,,,,,,,
600116.SH,三峡水利,〔2023〕13号、〔2023〕14号、〔2023〕15号、〔2023〕16号,操纵市场,20181225,20190213,20190129,D13,,,,,,,,,,,,,,,,,5.0,,2.25,2.71,,,,
600116.SH,三峡水利,〔2023〕13号、〔2023〕14号、〔2023〕15号、〔2023〕16号,操纵市场,20181225,20190213,20190130,D9,1.38,-0.12,44699.0,32483.0,,,,,,,,,,,,,,,,,,,,
600116.SH,三峡水利,〔2023〕13号、〔2023〕14号、〔2023〕15号、〔2023〕16号,操纵市场,20181225,20190213,20190130,D10,,,,,,,,,,,1.48,,,,,,3.0,0.49,,,,,,
600116.SH,三峡水利,〔2023〕13号、〔2023〕14号、〔2023〕15号、〔2023〕16号,操纵市场,20181225,20190213,20190130,D12,,,,,,,,,10.0,10.0,1.83,2.7,,,,,,,,,,,,
600116.SH,三峡水利,〔2023〕13号、〔2023〕14号、〔2023〕15号、〔2023〕16号,操纵市场,20181225,20190213,20190130,D13,,,,,,,,,,,,,,,,,5.0,,2.24,2.71,,,,
600116.SH,三峡水利,〔2023〕13号、〔2023〕14号、〔2023〕15号、〔2023〕16号,操纵市场,20181225,20190213,20190131,D9,1.23,-1.6,41731.0,33970.0,,,,,,,,,,,,,,,,,,,,
600116.SH,三峡水利,〔2023〕13号、〔2023〕14号、〔2023〕15号、〔2023〕16号,操纵市场,20181225,20190213,20190131,D10,,,,,,,,,,,1.35,,,,,,3.0,1.6,,,,,,
600116.SH,三峡水利,〔2023〕13号、〔2023〕14号、〔2023〕15号、〔2023〕16号,操纵市场,20181225,20190213,20190131,D12,,,,,,,,,10.0,10.0,1.68,2.49,,,,,,,,,,,,
600116.SH,三峡水利,〔2023〕13号、〔2023〕14号、〔2023〕15号、〔2023〕16号,操纵市场,20181225,20190213,20190131,D13,,,,,,,,,,,,,,,,,5.0,,2.33,2.71,,,,
600116.SH,三峡水利,〔2023〕13号、〔2023〕14号、〔2023〕15号、〔2023〕16号,操纵市场,20181225,20190213,20190201,D10,,,,,,,,,,,1.21,,,,,,3.0,1.6,,,,,,
600116.SH,三峡水利,〔2023〕13号、〔2023〕14号、〔2023〕15号、〔2023〕16号,操纵市场,20181225,20190213,20190201,D12,,,,,,,,,10.0,10.0,1.57,2.49,,,,,,,,,,,,
600116.SH,三峡水利,〔2023〕13号、〔2023〕14号、〔2023〕15号、〔2023〕16号,操纵市场,20181225,20190213,20190201,D13,,,,,,,,,,,,,,,,,5.0,,2.2,2.71,,,,
600116.SH,三峡水利,〔2023〕13号、〔2023〕14号、〔2023〕15号、〔2023〕16号,操纵市场,20181225,20190213,20190211,D10,,,,,,,,,,,1.11,,,,,,3.0,1.6,,,,,,
600116.SH,三峡水利,〔2023〕13号、〔2023〕14号、〔2023〕15号、〔2023〕16号,操纵市场,20181225,20190213,20190211,D12,,,,,,,,,10.0,10.0,1.48,2.49,,,,,,,,,,,,
600116.SH,三峡水利,〔2023〕13号、〔2023〕14号、〔2023〕15号、〔2023〕16号,操纵市场,20181225,20190213,20190211,D13,,,,,,,,,,,,,,,,,5.0,,2.06,2.59,,,,
600116.SH,三峡水利,〔2023〕13号、〔2023〕14号、〔2023〕15号、〔2023〕16号,操纵市场,20181225,20190213,20190212,D9,1.41,0.37,53307.41,37799.0,,,,,,,,,,,,,,,,,,,,
600116.SH,三峡水利,〔2023〕13号、〔2023〕14号、〔2023〕15号、〔2023〕16号,操纵市场,20181225,20190213,20190212,D10,,,,,,,,,,,1.17,,,,,,3.0,1.38,,,,,,
600116.SH,三峡水利,〔2023〕13号、〔2023〕14号、〔2023〕15号、〔2023〕16号,操纵市场,20181225,20190213,20190212,D12,,,,,,,,,10.0,10.0,1.47,2.49,,,,,,,,,,,,
600116.SH,三峡水利,〔2023〕13号、〔2023〕14号、〔2023〕15号、〔2023〕16号,操纵市场,20181225,20190213,20190212,D13,,,,,,,,,,,,,,,,,5.0,,1.91,2.59,,,,
600116.SH,三峡水利,〔2023〕13号、〔2023〕14号、〔2023〕15号、〔2023〕16号,操纵市场,20181225,20190213,20190212,D14,2.0,,,,,,,,,,,,,,,,,,,,18895.0,37799.0,20.0,20.0
600116.SH,三峡水利,〔2023〕13号、〔2023〕14号、〔2023〕15号、〔2023〕16号,操纵市场,20181225,20190213,20190213,D10,,,,,,,,,,,1.2,,,,,,3.0,1.11,,,,,,
600116.SH,三峡水利,〔2023〕13号、〔2023〕14号、〔2023〕15号、〔2023〕16号,操纵市场,20181225,20190213,20190213,D12,,,,,,,,,10.0,10.0,1.47,2.49,,,,,,,,,,,,
600116.SH,三峡水利,〔2023〕13号、〔2023〕14号、〔2023〕15号、〔2023〕16号,操纵市场,20181225,20190213,20190213,D13,,,,,,,,,,,,,,,,,5.0,,1.76,2.59,,,,
600116.SH,三峡水利,〔2023〕13号、〔2023〕14号、〔2023〕15号、〔2023〕16号,操纵市场,20181225,20190213,20190213,D14,2.11,,,,,,,,,,,,,,,,,,,,18501.0,39094.0,20.0,20.0
600211.SH,西藏药业,〔2023〕22号、〔2023〕23号,操纵市场,20200425,20200614,20200427,D12,,,,,,,,,10.0,6.0,1.13,1.68,,,,,,,,,,,,
600211.SH,西藏药业,〔2023〕22号、〔2023〕23号,操纵市场,20200425,20200614,20200428,D12,,,,,,,,,10.0,7.0,1.27,2.32,,,,,,,,,,,,
600211.SH,西藏药业,〔2023〕22号、〔2023〕23号,操纵市场,20200425,20200614,20200429,D12,,,,,,,,,10.0,7.0,1.43,3.14,,,,,,,,,,,,
600211.SH,西藏药业,〔2023〕22号、〔2023〕23号,操纵市场,20200425,20200614,20200430,D9,1.96,-1.94,76151.89,38812.0,,,,,,,,,,,,,,,,,,,,
600211.SH,西藏药业,〔2023〕22号、〔2023〕23号,操纵市场,20200425,20200614,20200430,D12,,,,,,,,,10.0,7.0,1.49,3.14,,,,,,,,,,,,
600211.SH,西藏药业,〔2023〕22号、〔2023〕23号,操纵市场,20200425,20200614,20200506,D9,1.23,0.99,49661.33,40417.0,,,,,,,,,,,,,,,,,,,,
600211.SH,西藏药业,〔2023〕22号、〔2023〕23号,操纵市场,20200425,20200614,20200506,D12,,,,,,,,,10.0,7.0,1.49,3.14,,,,,,,,,,,,
600211.SH,西藏药业,〔2023〕22号、〔2023〕23号,操纵市场,20200425,20200614,20200507,D10,,,,,,,,,,,1.46,,,,,,3.0,1.94,,,,,,
600211.SH,西藏药业,〔2023〕22号、〔2023〕23号,操纵市场,20200425,20200614,20200507,D12,,,,,,,,,10.0,7.0,1.44,3.14,,,,,,,,,,,,
600211.SH,西藏药业,〔2023〕22号、〔2023〕23号,操纵市场,20200425,20200614,20200508,D12,,,,,,,,,10.0,6.0,1.42,3.14,,,,,,,,,,,,
600211.SH,西藏药业,〔2023〕22号、〔2023〕23号,操纵市场,20200425,20200614,20200511,D12,,,,,,,,,10.0,6.0,1.41,3.14,,,,,,,,,,,,
600211.SH,西藏药业,〔2023〕22号、〔2023〕23号,操纵市场,20200425,20200614,20200512,D12,,,,,,,,,10.0,6.0,1.4,3.14,,,,,,,,,,,,
600211.SH,西藏药业,〔2023〕22号、〔2023〕23号,操纵市场,20200425,20200614,20200513,D12,,,,,,,,,10.0,6.0,1.38,3.14,,,,,,,,,,,,
600211.SH,西藏药业,〔2023〕22号、〔2023〕23号,操纵市场,20200425,20200614,20200514,D12,,,,,,,,,10.0,7.0,1.44,3.14,,,,,,,,,,,,
600211.SH,西藏药业,〔2023〕22号、〔2023〕23号,操纵市场,20200425,20200614,20200515,D12,,,,,,,,,10.0,6.0,1.26,3.14,,,,,,,,,,,,
600211.SH,西藏药业,〔2023〕22号、〔2023〕23号,操纵市场,20200425,20200614,20200518,D12,,,,,,,,,10.0,5.0,1.03,1.96,,,,,,,,,,,,
600211.SH,西藏药业,〔2023〕22号、〔2023〕23号,操纵市场,20200425,20200614,20200526,D11,,,,,1.83,5.85,0.282,10.0,,,,,,,,,,,,,,,,
600211.SH,西藏药业,〔2023〕22号、〔2023〕23号,操纵市场,20200425,20200614,20200527,D9,1.68,-0.2,88613.66,52742.0,,,,,,,,,,,,,,,,,,,,
600211.SH,西藏药业,〔2023〕22号、〔2023〕23号,操纵市场,20200425,20200614,20200527,D11,,,,,2.03,3.57,0.359,10.0,,,,,,,,,,,,,,,,
600211.SH,西藏药业,〔2023〕22号、〔2023〕23号,操纵市场,20200425,20200614,20200528,D9,1.62,2.69,91175.21,56443.0,,,,,,,,,,,,,,,,,,,,
600211.SH,西藏药业,〔2023〕22号、〔2023〕23号,操纵市场,20200425,20200614,20200528,D11,,,,,0.98,3.68,0.433,10.0,,,,,,,,,,,,,,,,
600211.SH,西藏药业,〔2023〕22号、〔2023〕23号,操纵市场,20200425,20200614,20200529,D11,,,,,1.35,4.53,0.464,10.0,,,,,,,,,,,,,,,,
600211.SH,西藏药业,〔2023〕22号、〔2023〕23号,操纵市场,20200425,20200614,20200529,D12,,,,,,,,,10.0,5.0,1.34,2.9,,,,,,,,,,,,
600211.SH,西藏药业,〔2023〕22号、〔2023〕23号,操纵市场,20200425,20200614,20200601,D9,1.55,2.92,88840.5,57231.0,,,,,,,,,,,,,,,,,,,,
600211.SH,西藏药业,〔2023〕22号、〔2023〕23号,操纵市场,20200425,20200614,20200601,D11,,,,,1.08,3.58,0.425,10.0,,,,,,,,,,,,,,,,
600211.SH,西藏药业,〔2023〕22号、〔2023〕23号,操纵市场,20200425,20200614,20200601,D12,,,,,,,,,10.0,6.0,1.42,2.9,,,,,,,,,,,,
600211.SH,西藏药业,〔2023〕22号、〔2023〕23号,操纵市场,20200425,20200614,20200602,D11,,,,,1.0,3.2,0.32,10.0,,,,,,,,,,,,,,,,
600211.SH,西藏药业,〔2023〕22号、〔2023〕23号,操纵市场,20200425,20200614,20200602,D12,,,,,,,,,10.0,7.0,1.49,2.9,,,,,,,,,,,,
600211.SH,西藏药业,〔2023〕22号、〔2023〕23号,操纵市场,20200425,20200614,20200603,D12,,,,,,,,,10.0,8.0,1.54,2.9,,,,,,,,,,,,
600211.SH,西藏药业,〔2023〕22号、〔2023〕23号,操纵市场,20200425,20200614,20200604,D12,,,,,,,,,10.0,9.0,1.66,2.9,,,,,,,,,,,,
600211.SH,西藏药业,〔2023〕22号、〔2023〕23号,操纵市场,20200425,20200614,20200605,D12,,,,,,,,,10.0,10.0,1.74,2.9,,,,,,,,,,,,
600211.SH,西藏药业,〔2023〕22号、〔2023〕23号,操纵市场,20200425,20200614,20200608,D12,,,,,,,,,10.0,10.0,1.7,2.9,,,,,,,,,,,,
600211.SH,西藏药业,〔2023〕22号、〔2023〕23号,操纵市场,20200425,20200614,20200609,D12,,,,,,,,,10.0,10.0,1.59,1.92,,,,,,,,,,,,
600211.SH,西藏药业,〔2023〕22号、〔2023〕23号,操纵市场,20200425,20200614,20200610,D12,,,,,,,,,10.0,10.0,1.63,2.1,,,,,,,,,,,,
600211.SH,西藏药业,〔2023〕22号、〔2023〕23号,操纵市场,20200425,20200614,20200611,D12,,,,,,,,,10.0,10.0,1.65,2.1,,,,,,,,,,,,
600211.SH,西藏药业,〔2023〕22号、〔2023〕23号,操纵市场,20200425,20200614,20200612,D12,,,,,,,,,10.0,10.0,1.62,2.1,,,,,,,,,,,,
600211.SH,西藏药业,〔2023〕22号、〔2023〕23号,操纵市场,20200425,20200614,20200612,D14,2.07,,,,,,,,,,,,,,,,,,,,43452.0,89829.0,20.0,20.0
600243.SH,青海华鼎,,操纵市场,20190213,20190404,20190221,D9,2.23,-1.82,51544.35,23063.0,,,,,,,,,,,,,,,,,,,,
600243.SH,青海华鼎,,操纵市场,20190213,20190404,20190221,D10,,,,,,,,,,,1.51,,,,,,3.0,1.82,,,,,,
600243.SH,青海华鼎,,操纵市场,20190213,20190404,20190225,D12,,,,,,,,,10.0,5.0,1.23,2.23,,,,,,,,,,,,
600243.SH,青海华鼎,,操纵市场,20190213,20190404,20190226,D9,1.54,-0.64,42513.57,27589.0,,,,,,,,,,,,,,,,,,,,
600243.SH,青海华鼎,,操纵市场,20190213,20190404,20190226,D12,,,,,,,,,10.0,6.0,1.34,2.23,,,,,,,,,,,,
600243.SH,青海华鼎,,操纵市场,20190213,20190404,20190227,D9,1.62,1.29,46504.02,28734.0,,,,,,,,,,,,,,,,,,,,
600243.SH,青海华鼎,,操纵市场,20190213,20190404,20190227,D12,,,,,,,,,10.0,7.0,1.45,2.23,,,,,,,,,,,,
600243.SH,青海华鼎,,操纵市场,20190213,20190404,20190228,D12,,,,,,,,,10.0,7.0,1.47,2.23,,,,,,,,,,,,
600243.SH,青海华鼎,,操纵市场,20190213,20190404,20190301,D9,1.78,1.27,54301.41,30434.0,,,,,,,,,,,,,,,,,,,,
600243.SH,青海华鼎,,操纵市场,20190213,20190404,20190301,D12,,,,,,,,,10.0,8.0,1.57,2.23,,,,,,,,,,,,
600243.SH,青海华鼎,,操纵市场,20190213,20190404,20190304,D9,1.4,0.63,44217.75,31588.0,,,,,,,,,,,,,,,,,,,,
600243.SH,青海华鼎,,操纵市场,20190213,20190404,20190304,D12,,,,,,,,,10.0,9.0,1.61,2.23,,,,,,,,,,,,
600243.SH,青海华鼎,,操纵市场,20190213,20190404,20190305,D9,1.29,2.5,40956.74,31808.0,,,,,,,,,,,,,,,,,,,,
600243.SH,青海华鼎,,操纵市场,20190213,20190404,20190305,D10,,,,,,,,,,,1.49,,,,,,3.0,2.5,,,,,,
600243.SH,青海华鼎,,操纵市场,20190213,20190404,20190305,D12,,,,,,,,,10.0,9.0,1.63,2.23,,,,,,,,,,,,
600243.SH,青海华鼎,,操纵市场,20190213,20190404,20190306,D9,1.3,2.03,42531.25,32760.0,,,,,,,,,,,,,,,,,,,,
600243.SH,青海华鼎,,操纵市场,20190213,20190404,20190306,D10,,,,,,,,,,,1.33,,,,,,3.0,2.5,,,,,,
600243.SH,青海华鼎,,操纵市场,20190213,20190404,20190306,D12,,,,,,,,,10.0,9.0,1.64,2.23,,,,,,,,,,,,
600243.SH,青海华鼎,,操纵市场,20190213,20190404,20190307,D12,,,,,,,,,10.0,9.0,1.6,2.23,,,,,,,,,,,,
600243.SH,青海华鼎,,操纵市场,20190213,20190404,20190308,D12,,,,,,,,,10.0,9.0,1.55,2.23,,,,,,,,,,,,
600243.SH,青海华鼎,,操纵市场,20190213,20190404,20190311,D12,,,,,,,,,10.0,9.0,1.51,1.83,,,,,,,,,,,,
600243.SH,青海华鼎,,操纵市场,20190213,20190404,20190312,D9,2.25,0.19,101110.14,44985.0,,,,,,,,,,,,,,,,,,,,
600243.SH,青海华鼎,,操纵市场,20190213,20190404,20190312,D12,,,,,,,,,10.0,9.0,1.58,2.25,,,,,,,,,,,,
600243.SH,青海华鼎,,操纵市场,20190213,20190404,20190313,D12,,,,,,,,,10.0,9.0,1.52,2.25,,,,,,,,,,,,
600243.SH,青海华鼎,,操纵市场,20190213,20190404,20190314,D12,,,,,,,,,10.0,9.0,1.5,2.25,,,,,,,,,,,,
600243.SH,青海华鼎,,操纵市场,20190213,20190404,20190315,D12,,,,,,,,,10.0,8.0,1.37,2.25,,,,,,,,,,,,
600243.SH,青海华鼎,,操纵市场,20190213,20190404,20190318,D12,,,,,,,,,10.0,7.0,1.3,2.25,,,,,,,,,,,,
600243.SH,青海华鼎,,操纵市场,20190213,20190404,20190319,D12,,,,,,,,,10.0,7.0,1.27,2.25,,,,,,,,,,,,
600243.SH,青海华鼎,,操纵市场,20190213,20190404,20190320,D12,,,,,,,,,10.0,7.0,1.33,2.25,,,,,,,,,,,,
600243.SH,青海华鼎,,操纵市场,20190213,20190404,20190320,D14,2.31,,,,,,,,,,,,,,,,,,,,22556.0,52173.0,20.0,20.0
600243.SH,青海华鼎,,操纵市场,20190213,20190404,20190321,D12,,,,,,,,,10.0,6.0,1.24,2.25,,,,,,,,,,,,
600243.SH,青海华鼎,,操纵市场,20190213,20190404,20190321,D14,2.26,,,,,,,,,,,,,,,,,,,,23063.0,52020.0,20.0,20.0
600243.SH,青海华鼎,,操纵市场,20190213,20190404,20190322,D12,,,,,,,,,10.0,5.0,1.17,2.25,,,,,,,,,,,,
600243.SH,青海华鼎,,操纵市场,20190213,20190404,20190322,D14,2.11,,,,,,,,,,,,,,,,,,,,24486.0,51703.0,20.0,20.0
600243.SH,青海华鼎,,操纵市场,20190213,20190404,20190329,D9,1.3,2.59,64835.13,49984.0,,,,,,,,,,,,,,,,,,,,
600251.SH,冠农股份,〔2023〕36号,操纵市场,20170628,20170817,20170628,D9,1.97,-1.09,261933.69,132836.0,,,,,,,,,,,,,,,,,,,,
600251.SH,冠农股份,〔2023〕36号,操纵市场,20170628,20170817,20170628,D12,,,,,,,,,10.0,7.0,2.13,4.17,,,,,,,,,,,,
600251.SH,冠农股份,〔2023〕36号,操纵市场,20170628,20170817,20170628,D14,2.44,,,,,,,,,,,,,,,,,,,,54426.0,132836.0,20.0,20.0
600251.SH,冠农股份,〔2023〕36号,操纵市场,20170628,20170817,20170629,D12,,,,,,,,,10.0,7.0,1.9,4.17,,,,,,,,,,,,
600251.SH,冠农股份,〔2023〕36号,操纵市场,20170628,20170817,20170629,D14,2.54,,,,,,,,,,,,,,,,,,,,54331.0,138051.0,20.0,20.0
600251.SH,冠农股份,〔2023〕36号,操纵市场,20170628,20170817,20170630,D12,,,,,,,,,10.0,7.0,1.9,4.17,,,,,,,,,,,,
600251.SH,冠农股份,〔2023〕36号,操纵市场,20170628,20170817,20170630,D14,2.64,,,,,,,,,,,,,,,,,,,,53478.0,141382.0,20.0,20.0
600251.SH,冠农股份,〔2023〕36号,操纵市场,20170628,20170817,20170703,D12,,,,,,,,,10.0,7.0,1.59,3.66,,,,,,,,,,,,
600251.SH,冠农股份,〔2023〕36号,操纵市场,20170628,20170817,20170703,D14,2.85,,,,,,,,,,,,,,,,,,,,52113.0,148387.0,20.0,20.0
600251.SH,冠农股份,〔2023〕36号,操纵市场,20170628,20170817,20170704,D12,,,,,,,,,10.0,6.0,1.41,3.66,,,,,,,,,,,,
600251.SH,冠农股份,〔2023〕36号,操纵市场,20170628,20170817,20170704,D14,3.0,,,,,,,,,,,,,,,,,,,,50760.0,152108.0,20.0,20.0
600251.SH,冠农股份,〔2023〕36号,操纵市场,20170628,20170817,20170705,D9,1.7,1.85,279414.77,164096.0,,,,,,,,,,,,,,,,,,,,
600251.SH,冠农股份,〔2023〕36号,操纵市场,20170628,20170817,20170705,D12,,,,,,,,,10.0,6.0,1.48,3.66,,,,,,,,,,,,
600251.SH,冠农股份,〔2023〕36号,操纵市场,20170628,20170817,20170705,D14,3.24,,,,,,,,,,,,,,,,,,,,50605.0,164096.0,20.0,20.0
600251.SH,冠农股份,〔2023〕36号,操纵市场,20170628,20170817,20170706,D9,1.96,0.73,349223.11,178448.0,,,,,,,,,,,,,,,,,,,,
600251.SH,冠农股份,〔2023〕36号,操纵市场,20170628,20170817,20170706,D12,,,,,,,,,10.0,7.0,1.58,3.66,,,,,,,,,,,,
600251.SH,冠农股份,〔2023〕36号,操纵市场,20170628,20170817,20170706,D14,3.64,,,,,,,,,,,,,,,,,,,,49054.0,178448.0,20.0,20.0
600251.SH,冠农股份,〔2023〕36号,操纵市场,20170628,20170817,20170707,D12,,,,,,,,,10.0,7.0,1.57,3.66,,,,,,,,,,,,
600251.SH,冠农股份,〔2023〕36号,操纵市场,20170628,20170817,20170707,D14,3.78,,,,,,,,,,,,,,,,,,,,48563.0,183333.0,20.0,20.0
600251.SH,冠农股份,〔2023〕36号,操纵市场,20170628,20170817,20170710,D12,,,,,,,,,10.0,6.0,1.47,3.66,,,,,,,,,,,,
600251.SH,冠农股份,〔2023〕36号,操纵市场,20170628,20170817,20170710,D14,3.45,,,,,,,,,,,,,,,,,,,,53322.0,183807.0,20.0,20.0
600251.SH,冠农股份,〔2023〕36号,操纵市场,20170628,20170817,20170711,D12,,,,,,,,,10.0,6.0,1.23,1.97,,,,,,,,,,,,
600251.SH,冠农股份,〔2023〕36号,操纵市场,20170628,20170817,20170711,D14,3.28,,,,,,,,,,,,,,,,,,,,57608.0,189136.0,20.0,20.0
600251.SH,冠农股份,〔2023〕36号,操纵市场,20170628,20170817,20170712,D12,,,,,,,,,10.0,6.0,1.14,1.96,,,,,,,,,,,,
600251.SH,冠农股份,〔2023〕36号,操纵市场,20170628,20170817,20170712,D14,3.42,,,,,,,,,,,,,,,,,,,,57575.0,196849.0,20.0,20.0
600251.SH,冠农股份,〔2023〕36号,操纵市场,20170628,20170817,20170713,D12,,,,,,,,,10.0,5.0,1.13,1.96,,,,,,,,,,,,
600251.SH,冠农股份,〔2023〕36号,操纵市场,20170628,20170817,20170713,D14,2.98,,,,,,,,,,,,,,,,,,,,65488.0,195057.0,20.0,20.0
600251.SH,冠农股份,〔2023〕36号,操纵市场,20170628,20170817,20170714,D12,,,,,,,,,10.0,5.0,1.13,1.96,,,,,,,,,,,,
600251.SH,冠农股份,〔2023〕36号,操纵市场,20170628,20170817,20170714,D14,3.07,,,,,,,,,,,,,,,,,,,,65086.0,199902.0,20.0,20.0
600251.SH,冠农股份,〔2023〕36号,操纵市场,20170628,20170817,20170717,D14,2.37,,,,,,,,,,,,,,,,,,,,80339.0,190448.0,20.0,20.0
600251.SH,冠农股份,〔2023〕36号,操纵市场,20170628,20170817,20170718,D14,2.07,,,,,,,,,,,,,,,,,,,,90305.0,187106.0,20.0,20.0
600251.SH,冠农股份,〔2023〕36号,操纵市场,20170628,20170817,20170719,D14,2.05,,,,,,,,,,,,,,,,,,,,92176.0,189325.0,20.0,20.0
600251.SH,冠农股份,〔2023〕36号,操纵市场,20170628,20170817,20170720,D14,2.03,,,,,,,,,,,,,,,,,,,,93971.0,190725.0,20.0,20.0
600251.SH,冠农股份,〔2023〕36号,操纵市场,20170628,20170817,20170721,D14,2.01,,,,,,,,,,,,,,,,,,,,94959.0,191178.0,20.0,20.0
600251.SH,冠农股份,〔2023〕36号,操纵市场,20170628,20170817,20170727,D9,1.25,1.83,203456.51,163001.0,,,,,,,,,,,,,,,,,,,,
600251.SH,冠农股份,〔2023〕36号,操纵市场,20170628,20170817,20170802,D9,1.31,1.4,205519.69,157058.0,,,,,,,,,,,,,,,,,,,,
600251.SH,冠农股份,〔2023〕36号,操纵市场,20170628,20170817,20170803,D9,1.29,2.14,191710.8,149183.0,,,,,,,,,,,,,,,,,,,,
600251.SH,冠农股份,〔2023〕36号,操纵市场,20170628,20170817,20170808,D9,1.27,1.75,179642.01,141812.0,,,,,,,,,,,,,,,,,,,,
600251.SH,冠农股份,〔2023〕36号,操纵市场,20170628,20170817,20170817,D11,,,,,1.87,5.34,0.178,10.0,,,,,,,,,,,,,,,,
600281.SH,太化股份,〔2023〕36号,操纵市场,20150516,20150705,20150522,D12,,,,,,,,,10.0,5.0,1.09,1.9,,,,,,,,,,,,
600281.SH,太化股份,〔2023〕36号,操纵市场,20150516,20150705,20150525,D12,,,,,,,,,10.0,5.0,1.16,1.9,,,,,,,,,,,,
600281.SH,太化股份,〔2023〕36号,操纵市场,20150516,20150705,20150526,D9,1.31,0.18,255673.24,194972.0,,,,,,,,,,,,,,,,,,,,
600281.SH,太化股份,〔2023〕36号,操纵市场,20150516,20150705,20150526,D12,,,,,,,,,10.0,5.0,1.1,1.78,,,,,,,,,,,,
600281.SH,太化股份,〔2023〕36号,操纵市场,20150516,20150705,20150527,D12,,,,,,,,,10.0,5.0,1.1,1.78,,,,,,,,,,,,
600281.SH,太化股份,〔2023〕36号,操纵市场,20150516,20150705,20150528,D12,,,,,,,,,10.0,5.0,1.14,1.78,,,,,,,,,,,,
600281.SH,太化股份,〔2023〕36号,操纵市场,20150516,20150705,20150529,D11,,,,,1.93,4.59,0.369,10.0,,,,,,,,,,,,,,,,
600281.SH,太化股份,〔2023〕36号,操纵市场,20150516,20150705,20150529,D12,,,,,,,,,10.0,6.0,1.17,1.78,,,,,,,,,,,,
600281.SH,太化股份,〔2023〕36号,操纵市场,20150516,20150705,20150601,D12,,,,,,,,,10.0,6.0,1.2,1.78,,,,,,,,,,,,
600281.SH,太化股份,〔2023〕36号,操纵市场,20150516,20150705,20150602,D12,,,,,,,,,10.0,7.0,1.22,1.78,,,,,,,,,,,,
600281.SH,太化股份,〔2023〕36号,操纵市场,20150516,20150705,20150603,D9,1.57,1.6,345578.58,220224.0,,,,,,,,,,,,,,,,,,,,
600281.SH,太化股份,〔2023〕36号,操纵市场,20150516,20150705,20150603,D12,,,,,,,,,10.0,8.0,1.28,1.78,,,,,,,,,,,,
600281.SH,太化股份,〔2023〕36号,操纵市场,20150516,20150705,20150604,D12,,,,,,,,,10.0,9.0,1.32,1.78,,,,,,,,,,,,
600281.SH,太化股份,〔2023〕36号,操纵市场,20150516,20150705,20150605,D9,1.27,1.27,301938.86,236941.0,,,,,,,,,,,,,,,,,,,,
600281.SH,太化股份,〔2023〕36号,操纵市场,20150516,20150705,20150605,D12,,,,,,,,,10.0,9.0,1.3,1.78,,,,,,,,,,,,
600281.SH,太化股份,〔2023〕36号,操纵市场,20150516,20150705,20150608,D12,,,,,,,,,10.0,9.0,1.3,1.8,,,,,,,,,,,,
600281.SH,太化股份,〔2023〕36号,操纵市场,20150516,20150705,20150609,D12,,,,,,,,,10.0,9.0,1.31,1.8,,,,,,,,,,,,
600281.SH,太化股份,〔2023〕36号,操纵市场,20150516,20150705,20150610,D12,,,,,,,,,10.0,8.0,1.25,1.8,,,,,,,,,,,,
600281.SH,太化股份,〔2023〕36号,操纵市场,20150516,20150705,20150611,D12,,,,,,,,,10.0,7.0,1.18,1.8,,,,,,,,,,,,
600281.SH,太化股份,〔2023〕36号,操纵市场,20150516,20150705,20150612,D12,,,,,,,,,10.0,7.0,1.17,1.8,,,,,,,,,,,,
600281.SH,太化股份,〔2023〕36号,操纵市场,20150516,20150705,20150615,D12,,,,,,,,,10.0,8.0,1.2,1.8,,,,,,,,,,,,
600281.SH,太化股份,〔2023〕36号,操纵市场,20150516,20150705,20150616,D12,,,,,,,,,10.0,7.0,1.17,1.8,,,,,,,,,,,,
600281.SH,太化股份,〔2023〕36号,操纵市场,20150516,20150705,20150617,D12,,,,,,,,,10.0,6.0,1.09,1.8,,,,,,,,,,,,
600281.SH,太化股份,〔2023〕36号,操纵市场,20150516,20150705,20150618,D12,,,,,,,,,10.0,5.0,1.01,1.8,,,,,,,,,,,,
600281.SH,太化股份,〔2023〕36号,操纵市场,20150516,20150705,20150630,D9,1.31,-2.5,355307.76,272150.0,,,,,,,,,,,,,,,,,,,,
600281.SH,太化股份,〔2023〕36号,操纵市场,20150516,20150705,20150701,D12,,,,,,,,,10.0,5.0,1.03,2.2,,,,,,,,,,,,
600281.SH,太化股份,〔2023〕36号,操纵市场,20150516,20150705,20150702,D11,,,,,2.67,4.42,0.429,10.0,,,,,,,,,,,,,,,,
600281.SH,太化股份,〔2023〕36号,操纵市场,20150516,20150705,20150702,D12,,,,,,,,,10.0,5.0,1.04,2.2,,,,,,,,,,,,
600281.SH,太化股份,〔2023〕36号,操纵市场,20150516,20150705,20150703,D11,,,,,2.58,3.82,0.183,10.0,,,,,,,,,,,,,,,,
600281.SH,太化股份,〔2023〕36号,操纵市场,20150516,20150705,20150703,D12,,,,,,,,,10.0,5.0,1.06,2.2,,,,,,,,,,,,
600300.SH,维维股份,〔2023〕36号,操纵市场,20170911,20171031,20170913,D9,2.16,2.24,273149.49,126699.0,,,,,,,,,,,,,,,,,,,,
600300.SH,维维股份,〔2023〕36号,操纵市场,20170911,20171031,20170914,D9,1.22,-0.73,156670.35,128907.0,,,,,,,,,,,,,,,,,,,,
600300.SH,维维股份,〔2023〕36号,操纵市场,20170911,20171031,20170918,D9,1.32,1.3,177080.29,134299.0,,,,,,,,,,,,,,,,,,,,
600300.SH,维维股份,〔2023〕36号,操纵市场,20170911,20171031,20170918,D12,,,,,,,,,10.0,5.0,1.14,2.16,,,,,,,,,,,,
600300.SH,维维股份,〔2023〕36号,操纵市场,20170911,20171031,20170919,D12,,,,,,,,,10.0,6.0,1.19,2.16,,,,,,,,,,,,
600300.SH,维维股份,〔2023〕36号,操纵市场,20170911,20171031,20170920,D12,,,,,,,,,10.0,6.0,1.18,2.16,,,,,,,,,,,,
600300.SH,维维股份,〔2023〕36号,操纵市场,20170911,20171031,20170921,D12,,,,,,,,,10.0,6.0,1.12,2.16,,,,,,,,,,,,
600300.SH,维维股份,〔2023〕36号,操纵市场,20170911,20171031,20170922,D12,,,,,,,,,10.0,5.0,1.11,2.16,,,,,,,,,,,,
600300.SH,维维股份,〔2023〕36号,操纵市场,20170911,20171031,20170925,D8,,,84359.82,,,,,,,,,,0.33,254265.0,1.72,0.5,,,,,,,,
600300.SH,维维股份,〔2023〕36号,操纵市场,20170911,20171031,20170925,D12,,,,,,,,,10.0,5.0,1.1,2.16,,,,,,,,,,,,
600300.SH,维维股份,〔2023〕36号,操纵市场,20170911,20171031,20170926,D8,,,82435.93,,,,,,,,,,0.32,254262.0,1.17,0.49,,,,,,,,
600300.SH,维维股份,〔2023〕36号,操纵市场,20170911,20171031,20170926,D12,,,,,,,,,10.0,5.0,1.06,2.16,,,,,,,,,,,,
600300.SH,维维股份,〔2023〕36号,操纵市场,20170911,20171031,20170927,D8,,,67064.96,,,,,,,,,,0.26,253556.0,1.16,0.4,,,,,,,,
600300.SH,维维股份,〔2023〕36号,操纵市场,20170911,20171031,20170928,D8,,,89210.29,,,,,,,,,,0.35,253191.0,0.78,0.53,,,,,,,,
600300.SH,维维股份,〔2023〕36号,操纵市场,20170911,20171031,20170929,D8,,,98280.85,,,,,,,,,,0.4,248319.0,1.36,0.59,,,,,,,,
600300.SH,维维股份,〔2023〕36号,操纵市场,20170911,20171031,20171011,D10,,,,,,,,,,,1.58,,,,,,3.0,1.53,,,,,,
600300.SH,维维股份,〔2023〕36号,操纵市场,20170911,20171031,20171012,D9,1.22,-1.13,171797.1,140944.0,,,,,,,,,,,,,,,,,,,,
600300.SH,维维股份,〔2023〕36号,操纵市场,20170911,20171031,20171012,D10,,,,,,,,,,,1.6,,,,,,3.0,1.53,,,,,,
600300.SH,维维股份,〔2023〕36号,操纵市场,20170911,20171031,20171013,D11,,,,,0.5,4.11,0.28,10.0,,,,,,,,,,,,,,,,
600300.SH,维维股份,〔2023〕36号,操纵市场,20170911,20171031,20171013,D12,,,,,,,,,10.0,5.0,1.33,4.07,,,,,,,,,,,,
600300.SH,维维股份,〔2023〕36号,操纵市场,20170911,20171031,20171016,D11,,,,,0.49,4.0,0.392,10.0,,,,,,,,,,,,,,,,
600300.SH,维维股份,〔2023〕36号,操纵市场,20170911,20171031,20171016,D12,,,,,,,,,10.0,6.0,1.6,4.07,,,,,,,,,,,,
600300.SH,维维股份,〔2023〕36号,操纵市场,20170911,20171031,20171017,D11,,,,,0.4,3.9,0.455,10.0,,,,,,,,,,,,,,,,
600300.SH,维维股份,〔2023〕36号,操纵市场,20170911,20171031,20171017,D12,,,,,,,,,10.0,7.0,1.83,4.07,,,,,,,,,,,,
600300.SH,维维股份,〔2023〕36号,操纵市场,20170911,20171031,20171018,D9,2.12,-0.9,498395.51,235365.0,,,,,,,,,,,,,,,,,,,,
600300.SH,维维股份,〔2023〕36号,操纵市场,20170911,20171031,20171018,D10,,,,,,,,,,,2.8,,,,,,3.0,1.09,,,,,,
600300.SH,维维股份,〔2023〕36号,操纵市场,20170911,20171031,20171018,D11,,,,,0.53,2.98,0.421,10.0,,,,,,,,,,,,,,,,
600300.SH,维维股份,〔2023〕36号,操纵市场,20170911,20171031,20171018,D12,,,,,,,,,10.0,8.0,1.99,4.07,,,,,,,,,,,,
600300.SH,维维股份,〔2023〕36号,操纵市场,20170911,20171031,20171019,D9,2.32,0.91,595703.29,257317.0,,,,,,,,,,,,,,,,,,,,
600300.SH,维维股份,〔2023〕36号,操纵市场,20170911,20171031,20171019,D10,,,,,,,,,,,2.45,,,,,,3.0,1.09,,,,,,
600300.SH,维维股份,〔2023〕36号,操纵市场,20170911,20171031,20171019,D11,,,,,0.59,3.56,0.396,10.0,,,,,,,,,,,,,,,,
600300.SH,维维股份,〔2023〕36号,操纵市场,20170911,20171031,20171019,D12,,,,,,,,,10.0,9.0,2.15,4.07,,,,,,,,,,,,
600300.SH,维维股份,〔2023〕36号,操纵市场,20170911,20171031,20171020,D11,,,,,0.9,3.26,0.322,10.0,,,,,,,,,,,,,,,,
600300.SH,维维股份,〔2023〕36号,操纵市场,20170911,20171031,20171020,D12,,,,,,,,,10.0,10.0,2.27,4.07,,,,,,,,,,,,
600300.SH,维维股份,〔2023〕36号,操纵市场,20170911,20171031,20171020,D13,,,,,,,,,,,,,,,,,5.0,,3.94,4.72,,,,
600300.SH,维维股份,〔2023〕36号,操纵市场,20170911,20171031,20171020,D14,2.15,,,,,,,,,,,,,,,,,,,,129828.0,278905.0,20.0,20.0
600300.SH,维维股份,〔2023〕36号,操纵市场,20170911,20171031,20171023,D11,,,,,0.81,4.04,0.278,10.0,,,,,,,,,,,,,,,,
600300.SH,维维股份,〔2023〕36号,操纵市场,20170911,20171031,20171023,D12,,,,,,,,,10.0,10.0,2.38,4.07,,,,,,,,,,,,
600300.SH,维维股份,〔2023〕36号,操纵市场,20170911,20171031,20171023,D14,2.26,,,,,,,,,,,,,,,,,,,,134299.0,303856.0,20.0,20.0
600300.SH,维维股份,〔2023〕36号,操纵市场,20170911,20171031,20171024,D12,,,,,,,,,10.0,9.0,2.34,4.07,,,,,,,,,,,,
600300.SH,维维股份,〔2023〕36号,操纵市场,20170911,20171031,20171024,D14,2.24,,,,,,,,,,,,,,,,,,,,136969.0,307197.0,20.0,20.0
600300.SH,维维股份,〔2023〕36号,操纵市场,20170911,20171031,20171025,D12,,,,,,,,,10.0,8.0,2.13,4.07,,,,,,,,,,,,
600300.SH,维维股份,〔2023〕36号,操纵市场,20170911,20171031,20171025,D14,2.26,,,,,,,,,,,,,,,,,,,,136953.0,309162.0,20.0,20.0
600300.SH,维维股份,〔2023〕36号,操纵市场,20170911,20171031,20171026,D12,,,,,,,,,10.0,8.0,2.12,4.07,,,,,,,,,,,,
600300.SH,维维股份,〔2023〕36号,操纵市场,20170911,20171031,20171026,D14,2.38,,,,,,,,,,,,,,,,,,,,134292.0,319473.0,20.0,20.0
600300.SH,维维股份,〔2023〕36号,操纵市场,20170911,20171031,20171027,D12,,,,,,,,,10.0,7.0,1.77,3.39,,,,,,,,,,,,
600300.SH,维维股份,〔2023〕36号,操纵市场,20170911,20171031,20171027,D14,2.39,,,,,,,,,,,,,,,,,,,,134339.0,321596.0,20.0,20.0
600300.SH,维维股份,〔2023〕36号,操纵市场,20170911,20171031,20171030,D12,,,,,,,,,10.0,6.0,1.5,2.91,,,,,,,,,,,,
600300.SH,维维股份,〔2023〕36号,操纵市场,20170911,20171031,20171030,D14,2.51,,,,,,,,,,,,,,,,,,,,131423.0,330280.0,20.0,20.0
600300.SH,维维股份,〔2023〕36号,操纵市场,20170911,20171031,20171031,D12,,,,,,,,,10.0,5.0,1.25,2.32,,,,,,,,,,,,
600300.SH,维维股份,〔2023〕36号,操纵市场,20170911,20171031,20171031,D14,2.55,,,,,,,,,,,,,,,,,,,,130633.0,332528.0,20.0,20.0
600306.SH,商业城,,操纵市场,20200204,20200325,20200225,D9,1.45,-3.0,27277.26,18872.0,,,,,,,,,,,,,,,,,,,,
600306.SH,商业城,,操纵市场,20200204,20200325,20200226,D9,1.32,0.0,25384.26,19182.0,,,,,,,,,,,,,,,,,,,,
600306.SH,商业城,,操纵市场,20200204,20200325,20200226,D10,,,,,,,,,,,1.3,,,,,,3.0,3.0,,,,,,
600306.SH,商业城,,操纵市场,20200204,20200325,20200226,D12,,,,,,,,,10.0,5.0,0.96,1.45,,,,,,,,,,,,
600306.SH,商业城,,操纵市场,20200204,20200325,20200227,D12,,,,,,,,,10.0,5.0,0.97,1.45,,,,,,,,,,,,
600306.SH,商业城,,操纵市场,20200204,20200325,20200228,D12,,,,,,,,,10.0,6.0,1.06,1.56,,,,,,,,,,,,
600306.SH,商业城,,操纵市场,20200204,20200325,20200302,D12,,,,,,,,,10.0,5.0,1.06,1.56,,,,,,,,,,,,
600306.SH,商业城,,操纵市场,20200204,20200325,20200303,D9,1.22,0.85,23492.0,19185.0,,,,,,,,,,,,,,,,,,,,
600306.SH,商业城,,操纵市场,20200204,20200325,20200303,D12,,,,,,,,,10.0,6.0,1.12,1.56,,,,,,,,,,,,
600306.SH,商业城,,操纵市场,20200204,20200325,20200304,D12,,,,,,,,,10.0,7.0,1.14,1.56,,,,,,,,,,,,
600306.SH,商业城,,操纵市场,20200204,20200325,20200305,D11,,,,,0.95,5.58,0.246,10.0,,,,,,,,,,,,,,,,
600306.SH,商业城,,操纵市场,20200204,20200325,20200305,D12,,,,,,,,,10.0,7.0,1.47,4.29,,,,,,,,,,,,
600306.SH,商业城,,操纵市场,20200204,20200325,20200306,D11,,,,,1.17,3.75,0.311,10.0,,,,,,,,,,,,,,,,
600306.SH,商业城,,操纵市场,20200204,20200325,20200306,D12,,,,,,,,,10.0,8.0,1.64,4.29,,,,,,,,,,,,
600306.SH,商业城,,操纵市场,20200204,20200325,20200309,D9,2.04,1.93,55625.04,27252.0,,,,,,,,,,,,,,,,,,,,
600306.SH,商业城,,操纵市场,20200204,20200325,20200309,D11,,,,,1.54,3.13,0.324,10.0,,,,,,,,,,,,,,,,
600306.SH,商业城,,操纵市场,20200204,20200325,20200309,D12,,,,,,,,,10.0,8.0,1.73,4.29,,,,,,,,,,,,
600306.SH,商业城,,操纵市场,20200204,20200325,20200310,D11,,,,,1.43,4.21,0.396,10.0,,,,,,,,,,,,,,,,
600306.SH,商业城,,操纵市场,20200204,20200325,20200310,D12,,,,,,,,,10.0,8.0,1.83,4.29,,,,,,,,,,,,
600306.SH,商业城,,操纵市场,20200204,20200325,20200311,D11,,,,,0.76,6.85,0.573,10.0,,,,,,,,,,,,,,,,
600306.SH,商业城,,操纵市场,20200204,20200325,20200311,D12,,,,,,,,,10.0,8.0,2.04,4.29,,,,,,,,,,,,
600306.SH,商业城,,操纵市场,20200204,20200325,20200312,D11,,,,,1.68,3.3,0.445,10.0,,,,,,,,,,,,,,,,
600306.SH,商业城,,操纵市场,20200204,20200325,20200312,D12,,,,,,,,,10.0,9.0,2.12,4.29,,,,,,,,,,,,
600306.SH,商业城,,操纵市场,20200204,20200325,20200313,D11,,,,,1.08,2.16,0.286,10.0,,,,,,,,,,,,,,,,
600306.SH,商业城,,操纵市场,20200204,20200325,20200313,D12,,,,,,,,,10.0,8.0,2.07,4.29,,,,,,,,,,,,
600306.SH,商业城,,操纵市场,20200204,20200325,20200316,D12,,,,,,,,,10.0,8.0,2.04,4.29,,,,,,,,,,,,
600306.SH,商业城,,操纵市场,20200204,20200325,20200317,D12,,,,,,,,,10.0,7.0,1.97,4.29,,,,,,,,,,,,
600306.SH,商业城,,操纵市场,20200204,20200325,20200318,D12,,,,,,,,,10.0,6.0,1.9,4.29,,,,,,,,,,,,
600306.SH,商业城,,操纵市场,20200204,20200325,20200318,D14,2.12,,,,,,,,,,,,,,,,,,,,18823.0,39818.0,20.0,20.0
600306.SH,商业城,,操纵市场,20200204,20200325,20200319,D12,,,,,,,,,10.0,6.0,1.62,3.41,,,,,,,,,,,,
600306.SH,商业城,,操纵市场,20200204,20200325,20200319,D14,2.29,,,,,,,,,,,,,,,,,,,,18318.0,42011.0,20.0,20.0
600306.SH,商业城,,操纵市场,20200204,20200325,20200320,D9,1.21,2.73,53060.95,43818.0,,,,,,,,,,,,,,,,,,,,
600306.SH,商业城,,操纵市场,20200204,20200325,20200320,D12,,,,,,,,,10.0,6.0,1.48,3.41,,,,,,,,,,,,
600306.SH,商业城,,操纵市场,20200204,20200325,20200320,D14,2.43,,,,,,,,,,,,,,,,,,,,18036.0,43818.0,20.0,20.0
600306.SH,商业城,,操纵市场,20200204,20200325,20200323,D12,,,,,,,,,10.0,5.0,1.33,3.41,,,,,,,,,,,,
600306.SH,商业城,,操纵市场,20200204,20200325,20200323,D14,2.41,,,,,,,,,,,,,,,,,,,,18283.0,44067.0,20.0,20.0
600306.SH,商业城,,操纵市场,20200204,20200325,20200324,D14,2.34,,,,,,,,,,,,,,,,,,,,18872.0,44127.0,20.0,20.0
600306.SH,商业城,,操纵市场,20200204,20200325,20200325,D14,2.28,,,,,,,,,,,,,,,,,,,,19182.0,43821.0,20.0,20.0
600307.SH,酒钢宏兴,〔2023〕36号,操纵市场,20150314,20150503,20150316,D9,1.7,1.97,236615.05,139559.0,,,,,,,,,,,,,,,,,,,,
600307.SH,酒钢宏兴,〔2023〕36号,操纵市场,20150314,20150503,20150316,D12,,,,,,,,,10.0,5.0,1.23,2.42,,,,,,,,,,,,
600307.SH,酒钢宏兴,〔2023〕36号,操纵市场,20150314,20150503,20150317,D9,2.21,2.42,338464.35,153156.0,,,,,,,,,,,,,,,,,,,,
600307.SH,酒钢宏兴,〔2023〕36号,操纵市场,20150314,20150503,20150317,D12,,,,,,,,,10.0,5.0,1.21,2.21,,,,,,,,,,,,
600307.SH,酒钢宏兴,〔2023〕36号,操纵市场,20150314,20150503,20150318,D12,,,,,,,,,10.0,5.0,1.4,3.09,,,,,,,,,,,,
600307.SH,酒钢宏兴,〔2023〕36号,操纵市场,20150314,20150503,20150319,D9,2.23,-2.67,437048.0,195965.0,,,,,,,,,,,,,,,,,,,,
600307.SH,酒钢宏兴,〔2023〕36号,操纵市场,20150314,20150503,20150319,D12,,,,,,,,,10.0,5.0,1.48,3.09,,,,,,,,,,,,
600307.SH,酒钢宏兴,〔2023〕36号,操纵市场,20150314,20150503,20150320,D12,,,,,,,,,10.0,6.0,1.49,3.09,,,,,,,,,,,,
600307.SH,酒钢宏兴,〔2023〕36号,操纵市场,20150314,20150503,20150323,D12,,,,,,,,,10.0,6.0,1.6,3.09,,,,,,,,,,,,
600307.SH,酒钢宏兴,〔2023〕36号,操纵市场,20150314,20150503,20150324,D12,,,,,,,,,10.0,7.0,2.01,4.97,,,,,,,,,,,,
600307.SH,酒钢宏兴,〔2023〕36号,操纵市场,20150314,20150503,20150324,D14,2.33,,,,,,,,,,,,,,,,,,,,119170.0,277586.0,20.0,20.0
600307.SH,酒钢宏兴,〔2023〕36号,操纵市场,20150314,20150503,20150325,D9,1.84,-2.36,552298.56,299705.0,,,,,,,,,,,,,,,,,,,,
600307.SH,酒钢宏兴,〔2023〕36号,操纵市场,20150314,20150503,20150325,D12,,,,,,,,,10.0,8.0,2.12,4.97,,,,,,,,,,,,
600307.SH,酒钢宏兴,〔2023〕36号,操纵市场,20150314,20150503,20150325,D14,2.57,,,,,,,,,,,,,,,,,,,,116781.0,299705.0,20.0,20.0
600307.SH,酒钢宏兴,〔2023〕36号,操纵市场,20150314,20150503,20150326,D10,,,,,,,,,,,2.64,,,,,,3.0,2.41,,,,,,
600307.SH,酒钢宏兴,〔2023〕36号,操纵市场,20150314,20150503,20150326,D12,,,,,,,,,10.0,9.0,2.13,4.97,,,,,,,,,,,,
600307.SH,酒钢宏兴,〔2023〕36号,操纵市场,20150314,20150503,20150326,D14,2.74,,,,,,,,,,,,,,,,,,,,113503.0,311256.0,20.0,20.0
600307.SH,酒钢宏兴,〔2023〕36号,操纵市场,20150314,20150503,20150327,D12,,,,,,,,,10.0,9.0,2.11,4.97,,,,,,,,,,,,
600307.SH,酒钢宏兴,〔2023〕36号,操纵市场,20150314,20150503,20150327,D14,2.82,,,,,,,,,,,,,,,,,,,,111810.0,315594.0,20.0,20.0
600307.SH,酒钢宏兴,〔2023〕36号,操纵市场,20150314,20150503,20150330,D9,2.49,0.88,865941.03,348062.0,,,,,,,,,,,,,,,,,,,,
600307.SH,酒钢宏兴,〔2023〕36号,操纵市场,20150314,20150503,20150330,D12,,,,,,,,,10.0,9.0,2.19,4.97,,,,,,,,,,,,
600307.SH,酒钢宏兴,〔2023〕36号,操纵市场,20150314,20150503,20150330,D14,2.99,,,,,,,,,,,,,,,,,,,,116446.0,348062.0,20.0,20.0
600307.SH,酒钢宏兴,〔2023〕36号,操纵市场,20150314,20150503,20150331,D12,,,,,,,,,10.0,9.0,2.23,4.97,,,,,,,,,,,,
600307.SH,酒钢宏兴,〔2023〕36号,操纵市场,20150314,20150503,20150331,D14,3.12,,,,,,,,,,,,,,,,,,,,122781.0,383355.0,20.0,20.0
600307.SH,酒钢宏兴,〔2023〕36号,操纵市场,20150314,20150503,20150401,D9,2.26,0.87,959456.19,423933.0,,,,,,,,,,,,,,,,,,,,
600307.SH,酒钢宏兴,〔2023〕36号,操纵市场,20150314,20150503,20150401,D10,,,,,,,,,,,2.46,,,,,,3.0,0.88,,,,,,
600307.SH,酒钢宏兴,〔2023〕36号,操纵市场,20150314,20150503,20150401,D12,,,,,,,,,10.0,9.0,2.15,4.97,,,,,,,,,,,,
600307.SH,酒钢宏兴,〔2023〕36号,操纵市场,20150314,20150503,20150401,D14,3.38,,,,,,,,,,,,,,,,,,,,125295.0,423933.0,20.0,20.0
600307.SH,酒钢宏兴,〔2023〕36号,操纵市场,20150314,20150503,20150402,D9,1.64,0.22,741736.49,452168.0,,,,,,,,,,,,,,,,,,,,
600307.SH,酒钢宏兴,〔2023〕36号,操纵市场,20150314,20150503,20150402,D10,,,,,,,,,,,2.17,,,,,,3.0,0.87,,,,,,
600307.SH,酒钢宏兴,〔2023〕36号,操纵市场,20150314,20150503,20150402,D12,,,,,,,,,10.0,9.0,2.09,4.97,,,,,,,,,,,,
600307.SH,酒钢宏兴,〔2023〕36号,操纵市场,20150314,20150503,20150402,D14,3.55,,,,,,,,,,,,,,,,,,,,127230.0,452168.0,20.0,20.0
600307.SH,酒钢宏兴,〔2023〕36号,操纵市场,20150314,20150503,20150403,D12,,,,,,,,,10.0,9.0,2.34,4.97,,,,,,,,,,,,
600307.SH,酒钢宏兴,〔2023〕36号,操纵市场,20150314,20150503,20150403,D14,4.22,,,,,,,,,,,,,,,,,,,,129139.0,544936.0,20.0,20.0
600307.SH,酒钢宏兴,〔2023〕36号,操纵市场,20150314,20150503,20150407,D9,2.4,2.69,1465961.31,611428.0,,,,,,,,,,,,,,,,,,,,
600307.SH,酒钢宏兴,〔2023〕36号,操纵市场,20150314,20150503,20150407,D12,,,,,,,,,10.0,9.0,2.37,4.97,,,,,,,,,,,,
600307.SH,酒钢宏兴,〔2023〕36号,操纵市场,20150314,20150503,20150407,D14,4.72,,,,,,,,,,,,,,,,,,,,129629.0,611428.0,20.0,20.0
600307.SH,酒钢宏兴,〔2023〕36号,操纵市场,20150314,20150503,20150408,D9,1.66,-0.4,1099148.69,660509.0,,,,,,,,,,,,,,,,,,,,
600307.SH,酒钢宏兴,〔2023〕36号,操纵市场,20150314,20150503,20150408,D11,,,,,0.88,1.75,0.204,10.0,,,,,,,,,,,,,,,,
600307.SH,酒钢宏兴,〔2023〕36号,操纵市场,20150314,20150503,20150408,D12,,,,,,,,,10.0,9.0,2.04,3.64,,,,,,,,,,,,
600307.SH,酒钢宏兴,〔2023〕36号,操纵市场,20150314,20150503,20150408,D14,5.02,,,,,,,,,,,,,,,,,,,,131629.0,660509.0,20.0,20.0
600307.SH,酒钢宏兴,〔2023〕36号,操纵市场,20150314,20150503,20150409,D11,,,,,0.55,2.68,0.23,10.0,,,,,,,,,,,,,,,,
600307.SH,酒钢宏兴,〔2023〕36号,操纵市场,20150314,20150503,20150409,D12,,,,,,,,,10.0,9.0,2.09,3.64,,,,,,,,,,,,
600307.SH,酒钢宏兴,〔2023〕36号,操纵市场,20150314,20150503,20150409,D14,5.78,,,,,,,,,,,,,,,,,,,,127975.0,739854.0,20.0,20.0
600307.SH,酒钢宏兴,〔2023〕36号,操纵市场,20150314,20150503,20150410,D12,,,,,,,,,10.0,9.0,2.09,3.64,,,,,,,,,,,,
600307.SH,酒钢宏兴,〔2023〕36号,操纵市场,20150314,20150503,20150410,D14,6.04,,,,,,,,,,,,,,,,,,,,128998.0,779368.0,20.0,20.0
600307.SH,酒钢宏兴,〔2023〕36号,操纵市场,20150314,20150503,20150413,D9,1.32,1.54,1097096.01,828020.0,,,,,,,,,,,,,,,,,,,,
600307.SH,酒钢宏兴,〔2023〕36号,操纵市场,20150314,20150503,20150413,D12,,,,,,,,,10.0,10.0,2.15,3.64,,,,,,,,,,,,
600307.SH,酒钢宏兴,〔2023〕36号,操纵市场,20150314,20150503,20150413,D14,6.34,,,,,,,,,,,,,,,,,,,,130689.0,828020.0,20.0,20.0
600307.SH,酒钢宏兴,〔2023〕36号,操纵市场,20150314,20150503,20150414,D9,2.35,0.95,2169011.35,924639.0,,,,,,,,,,,,,,,,,,,,
600307.SH,酒钢宏兴,〔2023〕36号,操纵市场,20150314,20150503,20150414,D10,,,,,,,,,,,1.61,,,,,,3.0,1.54,,,,,,
600307.SH,酒钢宏兴,〔2023〕36号,操纵市场,20150314,20150503,20150414,D12,,,,,,,,,10.0,10.0,2.13,3.64,,,,,,,,,,,,
600307.SH,酒钢宏兴,〔2023〕36号,操纵市场,20150314,20150503,20150414,D14,6.63,,,,,,,,,,,,,,,,,,,,139559.0,924639.0,20.0,20.0
600307.SH,酒钢宏兴,〔2023〕36号,操纵市场,20150314,20150503,20150415,D9,1.81,-2.81,1803107.3,997871.0,,,,,,,,,,,,,,,,,,,,
600307.SH,酒钢宏兴,〔2023〕36号,操纵市场,20150314,20150503,20150415,D10,,,,,,,,,,,1.83,,,,,,3.0,2.81,,,,,,
600307.SH,酒钢宏兴,〔2023〕36号,操纵市场,20150314,20150503,20150415,D12,,,,,,,,,10.0,10.0,2.05,3.64,,,,,,,,,,,,
600307.SH,酒钢宏兴,〔2023〕36号,操纵市场,20150314,20150503,20150415,D14,6.52,,,,,,,,,,,,,,,,,,,,153156.0,997871.0,20.0,20.0
600307.SH,酒钢宏兴,〔2023〕36号,操纵市场,20150314,20150503,20150416,D9,1.66,0.0,1759929.98,1058321.0,,,,,,,,,,,,,,,,,,,,
600307.SH,酒钢宏兴,〔2023〕36号,操纵市场,20150314,20150503,20150416,D10,,,,,,,,,,,1.94,,,,,,3.0,2.81,,,,,,
600307.SH,酒钢宏兴,〔2023〕36号,操纵市场,20150314,20150503,20150416,D12,,,,,,,,,10.0,10.0,1.99,3.64,,,,,,,,,,,,
600307.SH,酒钢宏兴,〔2023〕36号,操纵市场,20150314,20150503,20150416,D14,5.94,,,,,,,,,,,,,,,,,,,,178063.0,1058321.0,20.0,20.0
600307.SH,酒钢宏兴,〔2023〕36号,操纵市场,20150314,20150503,20150417,D9,1.96,0.96,2248271.69,1148882.0,,,,,,,,,,,,,,,,,,,,
600307.SH,酒钢宏兴,〔2023〕36号,操纵市场,20150314,20150503,20150417,D10,,,,,,,,,,,1.81,,,,,,3.0,2.81,,,,,,
600307.SH,酒钢宏兴,〔2023〕36号,操纵市场,20150314,20150503,20150417,D12,,,,,,,,,10.0,10.0,2.02,3.64,,,,,,,,,,,,
600307.SH,酒钢宏兴,〔2023〕36号,操纵市场,20150314,20150503,20150417,D14,5.86,,,,,,,,,,,,,,,,,,,,195965.0,1148882.0,20.0,20.0
600307.SH,酒钢宏兴,〔2023〕36号,操纵市场,20150314,20150503,20150420,D9,2.01,1.91,2537852.03,1264809.0,,,,,,,,,,,,,,,,,,,,
600307.SH,酒钢宏兴,〔2023〕36号,操纵市场,20150314,20150503,20150420,D10,,,,,,,,,,,1.88,,,,,,3.0,1.91,,,,,,
600307.SH,酒钢宏兴,〔2023〕36号,操纵市场,20150314,20150503,20150420,D11,,,,,2.34,4.05,0.211,10.0,,,,,,,,,,,,,,,,
600307.SH,酒钢宏兴,〔2023〕36号,操纵市场,20150314,20150503,20150420,D12,,,,,,,,,10.0,10.0,1.86,2.4,,,,,,,,,,,,
600307.SH,酒钢宏兴,〔2023〕36号,操纵市场,20150314,20150503,20150420,D14,6.43,,,,,,,,,,,,,,,,,,,,196856.0,1264809.0,20.0,20.0
600307.SH,酒钢宏兴,〔2023〕36号,操纵市场,20150314,20150503,20150421,D11,,,,,1.75,4.85,0.307,10.0,,,,,,,,,,,,,,,,
600307.SH,酒钢宏兴,〔2023〕36号,操纵市场,20150314,20150503,20150421,D12,,,,,,,,,10.0,10.0,1.84,2.35,,,,,,,,,,,,
600307.SH,酒钢宏兴,〔2023〕36号,操纵市场,20150314,20150503,20150421,D14,6.54,,,,,,,,,,,,,,,,,,,,213059.0,1394157.0,20.0,20.0
600307.SH,酒钢宏兴,〔2023〕36号,操纵市场,20150314,20150503,20150422,D11,,,,,2.68,6.17,0.406,10.0,,,,,,,,,,,,,,,,
600307.SH,酒钢宏兴,〔2023〕36号,操纵市场,20150314,20150503,20150422,D12,,,,,,,,,10.0,10.0,1.93,2.55,,,,,,,,,,,,
600307.SH,酒钢宏兴,〔2023〕36号,操纵市场,20150314,20150503,20150422,D14,5.47,,,,,,,,,,,,,,,,,,,,277586.0,1518438.0,20.0,20.0
600307.SH,酒钢宏兴,〔2023〕36号,操纵市场,20150314,20150503,20150423,D11,,,,,1.46,9.62,0.701,10.0,,,,,,,,,,,,,,,,
600307.SH,酒钢宏兴,〔2023〕36号,操纵市场,20150314,20150503,20150423,D12,,,,,,,,,10.0,10.0,2.04,3.36,,,,,,,,,,,,
600307.SH,酒钢宏兴,〔2023〕36号,操纵市场,20150314,20150503,20150423,D14,5.98,,,,,,,,,,,,,,,,,,,,299705.0,1792067.0,20.0,20.0
600307.SH,酒钢宏兴,〔2023〕36号,操纵市场,20150314,20150503,20150424,D11,,,,,1.75,9.7,0.834,10.0,,,,,,,,,,,,,,,,
600307.SH,酒钢宏兴,〔2023〕36号,操纵市场,20150314,20150503,20150424,D12,,,,,,,,,10.0,10.0,2.21,3.36,,,,,,,,,,,,
600307.SH,酒钢宏兴,〔2023〕36号,操纵市场,20150314,20150503,20150424,D14,6.68,,,,,,,,,,,,,,,,,,,,311256.0,2078577.0,20.0,20.0
600307.SH,酒钢宏兴,〔2023〕36号,操纵市场,20150314,20150503,20150427,D9,1.88,-0.99,4278216.71,2280402.0,,,,,,,,,,,,,,,,,,,,
600307.SH,酒钢宏兴,〔2023〕36号,操纵市场,20150314,20150503,20150427,D12,,,,,,,,,10.0,10.0,2.27,3.36,,,,,,,,,,,,
600307.SH,酒钢宏兴,〔2023〕36号,操纵市场,20150314,20150503,20150427,D14,7.23,,,,,,,,,,,,,,,,,,,,315594.0,2280402.0,20.0,20.0
600307.SH,酒钢宏兴,〔2023〕36号,操纵市场,20150314,20150503,20150428,D11,,,,,2.88,4.74,0.567,10.0,,,,,,,,,,,,,,,,
600307.SH,酒钢宏兴,〔2023〕36号,操纵市场,20150314,20150503,20150428,D12,,,,,,,,,10.0,10.0,2.16,3.36,,,,,,,,,,,,
600307.SH,酒钢宏兴,〔2023〕36号,操纵市场,20150314,20150503,20150428,D14,6.85,,,,,,,,,,,,,,,,,,,,348062.0,2385690.0,20.0,20.0
600307.SH,酒钢宏兴,〔2023〕36号,操纵市场,20150314,20150503,20150429,D11,,,,,2.81,3.43,0.276,10.0,,,,,,,,,,,,,,,,
600307.SH,酒钢宏兴,〔2023〕36号,操纵市场,20150314,20150503,20150429,D12,,,,,,,,,10.0,9.0,2.06,3.36,,,,,,,,,,,,
600307.SH,酒钢宏兴,〔2023〕36号,操纵市场,20150314,20150503,20150429,D14,6.37,,,,,,,,,,,,,,,,,,,,383355.0,2442992.0,20.0,20.0
600307.SH,酒钢宏兴,〔2023〕36号,操纵市场,20150314,20150503,20150430,D12,,,,,,,,,10.0,9.0,2.01,3.36,,,,,,,,,,,,
600307.SH,酒钢宏兴,〔2023〕36号,操纵市场,20150314,20150503,20150430,D14,6.0,,,,,,,,,,,,,,,,,,,,423933.0,2544057.0,20.0,20.0
600333.SH,长春燃气,〔2023〕33号,操纵市场,20170109,20170228,20170109,D9,1.27,2.0,91469.27,71871.0,,,,,,,,,,,,,,,,,,,,
600333.SH,长春燃气,〔2023〕33号,操纵市场,20170109,20170228,20170116,D12,,,,,,,,,10.0,5.0,1.06,1.37,,,,,,,,,,,,
600333.SH,长春燃气,〔2023〕33号,操纵市场,20170109,20170228,20170123,D9,1.33,1.87,81583.4,61259.0,,,,,,,,,,,,,,,,,,,,
600333.SH,长春燃气,〔2023〕33号,操纵市场,20170109,20170228,20170125,D8,,,35439.51,,,,,,,,,,0.41,85769.0,1.46,0.67,,,,,,,,
600333.SH,长春燃气,〔2023〕33号,操纵市场,20170109,20170228,20170203,D8,,,31615.43,,,,,,,,,,0.37,84473.0,0.8,0.6,,,,,,,,
600333.SH,长春燃气,〔2023〕33号,操纵市场,20170109,20170228,20170209,D9,1.41,0.76,88398.38,62797.0,,,,,,,,,,,,,,,,,,,,
600333.SH,长春燃气,〔2023〕33号,操纵市场,20170109,20170228,20170210,D12,,,,,,,,,10.0,5.0,1.06,2.16,,,,,,,,,,,,
600333.SH,长春燃气,〔2023〕33号,操纵市场,20170109,20170228,20170214,D9,2.06,1.13,132567.28,64393.0,,,,,,,,,,,,,,,,,,,,
600333.SH,长春燃气,〔2023〕33号,操纵市场,20170109,20170228,20170214,D12,,,,,,,,,10.0,5.0,1.14,2.16,,,,,,,,,,,,
600333.SH,长春燃气,〔2023〕33号,操纵市场,20170109,20170228,20170215,D11,,,,,0.9,13.58,0.77,10.0,,,,,,,,,,,,,,,,
600333.SH,长春燃气,〔2023〕33号,操纵市场,20170109,20170228,20170215,D12,,,,,,,,,10.0,6.0,1.82,7.42,,,,,,,,,,,,
600333.SH,长春燃气,〔2023〕33号,操纵市场,20170109,20170228,20170216,D11,,,,,0.6,18.01,1.496,10.0,,,,,,,,,,,,,,,,
600333.SH,长春燃气,〔2023〕33号,操纵市场,20170109,20170228,20170216,D12,,,,,,,,,10.0,7.0,2.41,7.42,,,,,,,,,,,,
600333.SH,长春燃气,〔2023〕33号,操纵市场,20170109,20170228,20170216,D14,2.09,,,,,,,,,,,,,,,,,,,,67909.0,141984.0,20.0,20.0
600333.SH,长春燃气,〔2023〕33号,操纵市场,20170109,20170228,20170217,D11,,,,,0.87,12.22,1.677,10.0,,,,,,,,,,,,,,,,
600333.SH,长春燃气,〔2023〕33号,操纵市场,20170109,20170228,20170217,D12,,,,,,,,,10.0,8.0,2.73,7.42,,,,,,,,,,,,
600333.SH,长春燃气,〔2023〕33号,操纵市场,20170109,20170228,20170217,D14,2.55,,,,,,,,,,,,,,,,,,,,67563.0,171999.0,20.0,20.0
600333.SH,长春燃气,〔2023〕33号,操纵市场,20170109,20170228,20170220,D11,,,,,1.26,14.5,1.859,10.0,,,,,,,,,,,,,,,,
600333.SH,长春燃气,〔2023〕33号,操纵市场,20170109,20170228,20170220,D12,,,,,,,,,10.0,9.0,3.03,7.42,,,,,,,,,,,,
600333.SH,长春燃气,〔2023〕33号,操纵市场,20170109,20170228,20170220,D14,2.97,,,,,,,,,,,,,,,,,,,,69187.0,205640.0,20.0,20.0
600333.SH,长春燃气,〔2023〕33号,操纵市场,20170109,20170228,20170221,D11,,,,,2.56,13.78,1.864,10.0,,,,,,,,,,,,,,,,
600333.SH,长春燃气,〔2023〕33号,操纵市场,20170109,20170228,20170221,D12,,,,,,,,,10.0,9.0,3.22,7.42,,,,,,,,,,,,
600333.SH,长春燃气,〔2023〕33号,操纵市场,20170109,20170228,20170221,D14,3.45,,,,,,,,,,,,,,,,,,,,69440.0,239343.0,20.0,20.0
600333.SH,长春燃气,〔2023〕33号,操纵市场,20170109,20170228,20170222,D11,,,,,1.67,14.16,1.824,10.0,,,,,,,,,,,,,,,,
600333.SH,长春燃气,〔2023〕33号,操纵市场,20170109,20170228,20170222,D12,,,,,,,,,10.0,9.0,3.28,7.42,,,,,,,,,,,,
600333.SH,长春燃气,〔2023〕33号,操纵市场,20170109,20170228,20170222,D14,4.02,,,,,,,,,,,,,,,,,,,,68462.0,275106.0,20.0,20.0
600333.SH,长春燃气,〔2023〕33号,操纵市场,20170109,20170228,20170223,D9,1.93,-2.0,583764.54,301830.0,,,,,,,,,,,,,,,,,,,,
600333.SH,长春燃气,〔2023〕33号,操纵市场,20170109,20170228,20170223,D10,,,,,,,,,,,2.57,,,,,,3.0,2.0,,,,,,
600333.SH,长春燃气,〔2023〕33号,操纵市场,20170109,20170228,20170223,D11,,,,,1.35,11.02,1.413,10.0,,,,,,,,,,,,,,,,
600333.SH,长春燃气,〔2023〕33号,操纵市场,20170109,20170228,20170223,D12,,,,,,,,,10.0,9.0,3.33,7.42,,,,,,,,,,,,
600333.SH,长春燃气,〔2023〕33号,操纵市场,20170109,20170228,20170223,D14,4.61,,,,,,,,,,,,,,,,,,,,65509.0,301830.0,20.0,20.0
600333.SH,长春燃气,〔2023〕33号,操纵市场,20170109,20170228,20170224,D9,1.4,-2.47,452090.37,321798.0,,,,,,,,,,,,,,,,,,,,
600333.SH,长春燃气,〔2023〕33号,操纵市场,20170109,20170228,20170224,D10,,,,,,,,,,,2.02,,,,,,3.0,2.47,,,,,,
600333.SH,长春燃气,〔2023〕33号,操纵市场,20170109,20170228,20170224,D11,,,,,0.92,8.54,0.731,10.0,,,,,,,,,,,,,,,,
600333.SH,长春燃气,〔2023〕33号,操纵市场,20170109,20170228,20170224,D12,,,,,,,,,10.0,9.0,3.36,7.42,,,,,,,,,,,,
600333.SH,长春燃气,〔2023〕33号,操纵市场,20170109,20170228,20170224,D14,5.23,,,,,,,,,,,,,,,,,,,,61577.0,321798.0,20.0,20.0
600333.SH,长春燃气,〔2023〕33号,操纵市场,20170109,20170228,20170227,D10,,,,,,,,,,,1.46,,,,,,3.0,2.47,,,,,,
600333.SH,长春燃气,〔2023〕33号,操纵市场,20170109,20170228,20170227,D12,,,,,,,,,10.0,10.0,3.38,7.42,,,,,,,,,,,,
600333.SH,长春燃气,〔2023〕33号,操纵市场,20170109,20170228,20170227,D14,5.47,,,,,,,,,,,,,,,,,,,,61259.0,334968.0,20.0,20.0
600333.SH,长春燃气,〔2023〕33号,操纵市场,20170109,20170228,20170228,D12,,,,,,,,,10.0,9.0,3.26,7.42,,,,,,,,,,,,
600333.SH,长春燃气,〔2023〕33号,操纵市场,20170109,20170228,20170228,D14,5.66,,,,,,,,,,,,,,,,,,,,61263.0,346571.0,20.0,20.0
600488.SH,天药股份,〔2023〕44号,操纵市场,20180318,20180507,20180319,D12,,,,,,,,,10.0,7.0,1.21,1.67,,,,,,,,,,,,
600488.SH,天药股份,〔2023〕44号,操纵市场,20180318,20180507,20180320,D12,,,,,,,,,10.0,7.0,1.44,3.36,,,,,,,,,,,,
600488.SH,天药股份,〔2023〕44号,操纵市场,20180318,20180507,20180321,D10,,,,,,,,,,,2.36,,,,,,3.0,2.86,,,,,,
600488.SH,天药股份,〔2023〕44号,操纵市场,20180318,20180507,20180321,D12,,,,,,,,,10.0,8.0,1.61,3.36,,,,,,,,,,,,
600488.SH,天药股份,〔2023〕44号,操纵市场,20180318,20180507,20180322,D10,,,,,,,,,,,3.05,,,,,,3.0,2.86,,,,,,
600488.SH,天药股份,〔2023〕44号,操纵市场,20180318,20180507,20180322,D12,,,,,,,,,10.0,8.0,1.76,3.36,,,,,,,,,,,,
600488.SH,天药股份,〔2023〕44号,操纵市场,20180318,20180507,20180323,D12,,,,,,,,,10.0,8.0,1.77,3.36,,,,,,,,,,,,
600488.SH,天药股份,〔2023〕44号,操纵市场,20180318,20180507,20180323,D13,,,,,,,,,,,,,,,,,5.0,,3.19,4.27,,,,
600488.SH,天药股份,〔2023〕44号,操纵市场,20180318,20180507,20180326,D12,,,,,,,,,10.0,8.0,1.78,3.36,,,,,,,,,,,,
600488.SH,天药股份,〔2023〕44号,操纵市场,20180318,20180507,20180327,D9,2.2,2.38,73935.06,33590.0,,,,,,,,,,,,,,,,,,,,
600488.SH,天药股份,〔2023〕44号,操纵市场,20180318,20180507,20180327,D12,,,,,,,,,10.0,8.0,1.87,3.36,,,,,,,,,,,,
600488.SH,天药股份,〔2023〕44号,操纵市场,20180318,20180507,20180328,D9,1.5,-0.85,53587.01,35832.0,,,,,,,,,,,,,,,,,,,,
600488.SH,天药股份,〔2023〕44号,操纵市场,20180318,20180507,20180328,D12,,,,,,,,,10.0,9.0,1.93,3.36,,,,,,,,,,,,
600488.SH,天药股份,〔2023〕44号,操纵市场,20180318,20180507,20180329,D9,1.23,-0.85,45947.0,37385.0,,,,,,,,,,,,,,,,,,,,
600488.SH,天药股份,〔2023〕44号,操纵市场,20180318,20180507,20180329,D10,,,,,,,,,,,1.64,,,,,,3.0,2.38,,,,,,
600488.SH,天药股份,〔2023〕44号,操纵市场,20180318,20180507,20180329,D12,,,,,,,,,10.0,9.0,1.94,3.36,,,,,,,,,,,,
600488.SH,天药股份,〔2023〕44号,操纵市场,20180318,20180507,20180329,D14,2.01,,,,,,,,,,,,,,,,,,,,18587.0,37385.0,20.0,20.0
600488.SH,天药股份,〔2023〕44号,操纵市场,20180318,20180507,20180330,D12,,,,,,,,,10.0,9.0,1.93,3.36,,,,,,,,,,,,
600488.SH,天药股份,〔2023〕44号,操纵市场,20180318,20180507,20180402,D12,,,,,,,,,10.0,8.0,1.91,3.36,,,,,,,,,,,,
600488.SH,天药股份,〔2023〕44号,操纵市场,20180318,20180507,20180402,D14,2.07,,,,,,,,,,,,,,,,,,,,18406.0,38158.0,20.0,20.0
600488.SH,天药股份,〔2023〕44号,操纵市场,20180318,20180507,20180403,D9,1.53,2.37,61337.15,40219.0,,,,,,,,,,,,,,,,,,,,
600488.SH,天药股份,〔2023〕44号,操纵市场,20180318,20180507,20180403,D12,,,,,,,,,10.0,8.0,1.72,3.14,,,,,,,,,,,,
600488.SH,天药股份,〔2023〕44号,操纵市场,20180318,20180507,20180403,D14,2.22,,,,,,,,,,,,,,,,,,,,18134.0,40219.0,20.0,20.0
600488.SH,天药股份,〔2023〕44号,操纵市场,20180318,20180507,20180404,D9,2.1,-1.05,92699.22,44054.0,,,,,,,,,,,,,,,,,,,,
600488.SH,天药股份,〔2023〕44号,操纵市场,20180318,20180507,20180404,D12,,,,,,,,,10.0,8.0,1.67,3.14,,,,,,,,,,,,
600488.SH,天药股份,〔2023〕44号,操纵市场,20180318,20180507,20180404,D14,2.54,,,,,,,,,,,,,,,,,,,,17338.0,44054.0,20.0,20.0
600488.SH,天药股份,〔2023〕44号,操纵市场,20180318,20180507,20180409,D12,,,,,,,,,10.0,7.0,1.45,2.2,,,,,,,,,,,,
600488.SH,天药股份,〔2023〕44号,操纵市场,20180318,20180507,20180409,D14,2.63,,,,,,,,,,,,,,,,,,,,17033.0,44789.0,20.0,20.0
600488.SH,天药股份,〔2023〕44号,操纵市场,20180318,20180507,20180410,D12,,,,,,,,,10.0,6.0,1.36,2.2,,,,,,,,,,,,
600488.SH,天药股份,〔2023〕44号,操纵市场,20180318,20180507,20180410,D14,2.6,,,,,,,,,,,,,,,,,,,,17331.0,45101.0,20.0,20.0
600488.SH,天药股份,〔2023〕44号,操纵市场,20180318,20180507,20180411,D12,,,,,,,,,10.0,5.0,1.25,2.2,,,,,,,,,,,,
600488.SH,天药股份,〔2023〕44号,操纵市场,20180318,20180507,20180411,D14,2.52,,,,,,,,,,,,,,,,,,,,17882.0,45016.0,20.0,20.0
600488.SH,天药股份,〔2023〕44号,操纵市场,20180318,20180507,20180412,D14,2.65,,,,,,,,,,,,,,,,,,,,17022.0,45086.0,20.0,20.0
600488.SH,天药股份,〔2023〕44号,操纵市场,20180318,20180507,20180413,D14,2.66,,,,,,,,,,,,,,,,,,,,16974.0,45225.0,20.0,20.0
600488.SH,天药股份,〔2023〕44号,操纵市场,20180318,20180507,20180416,D14,2.64,,,,,,,,,,,,,,,,,,,,17434.0,46103.0,20.0,20.0
600488.SH,天药股份,〔2023〕44号,操纵市场,20180318,20180507,20180417,D14,2.68,,,,,,,,,,,,,,,,,,,,17360.0,46472.0,20.0,20.0
600488.SH,天药股份,〔2023〕44号,操纵市场,20180318,20180507,20180418,D14,2.63,,,,,,,,,,,,,,,,,,,,17702.0,46644.0,20.0,20.0
600488.SH,天药股份,〔2023〕44号,操纵市场,20180318,20180507,20180419,D14,2.15,,,,,,,,,,,,,,,,,,,,20582.0,44196.0,20.0,20.0
600488.SH,天药股份,〔2023〕44号,操纵市场,20180318,20180507,20180504,D9,2.04,1.55,66682.74,32756.0,,,,,,,,,,,,,,,,,,,,
600561.SH,江西长运,,操纵市场,20191026,20191215,20191031,D9,1.32,-0.83,20290.64,15400.0,,,,,,,,,,,,,,,,,,,,
600561.SH,江西长运,,操纵市场,20191026,20191215,20191120,D8,,,5426.16,,,,,,,,,,0.34,15839.0,1.05,0.23,,,,,,,,
600561.SH,江西长运,,操纵市场,20191026,20191215,20191121,D8,,,7800.52,,,,,,,,,,0.49,15880.0,1.95,0.33,,,,,,,,
600561.SH,江西长运,,操纵市场,20191026,20191215,20191128,D9,1.57,1.22,18276.25,11660.0,,,,,,,,,,,,,,,,,,,,
600561.SH,江西长运,,操纵市场,20191026,20191215,20191128,D10,,,,,,,,,,,1.28,,,,,,3.0,1.22,,,,,,
600561.SH,江西长运,,操纵市场,20191026,20191215,20191129,D9,2.25,2.93,27849.71,12352.0,,,,,,,,,,,,,,,,,,,,
600561.SH,江西长运,,操纵市场,20191026,20191215,20191129,D10,,,,,,,,,,,1.63,,,,,,3.0,2.93,,,,,,
600561.SH,江西长运,,操纵市场,20191026,20191215,20191129,D12,,,,,,,,,10.0,5.0,1.08,2.25,,,,,,,,,,,,
600561.SH,江西长运,,操纵市场,20191026,20191215,20191202,D9,2.2,1.5,28448.07,12922.0,,,,,,,,,,,,,,,,,,,,
600561.SH,江西长运,,操纵市场,20191026,20191215,20191202,D10,,,,,,,,,,,2.01,,,,,,3.0,2.93,,,,,,
600561.SH,江西长运,,操纵市场,20191026,20191215,20191202,D12,,,,,,,,,10.0,6.0,1.23,2.25,,,,,,,,,,,,
600561.SH,江西长运,,操纵市场,20191026,20191215,20191202,D13,,,,,,,,,,,,,,,,,5.0,,2.42,3.44,,,,
600561.SH,江西长运,,操纵市场,20191026,20191215,20191203,D12,,,,,,,,,10.0,7.0,1.41,2.72,,,,,,,,,,,,
600561.SH,江西长运,,操纵市场,20191026,20191215,20191204,D11,,,,,0.33,4.98,0.335,10.0,,,,,,,,,,,,,,,,
600561.SH,江西长运,,操纵市场,20191026,20191215,20191204,D12,,,,,,,,,10.0,8.0,1.98,6.12,,,,,,,,,,,,
600561.SH,江西长运,,操纵市场,20191026,20191215,20191205,D9,2.49,-2.68,53396.0,21469.0,,,,,,,,,,,,,,,,,,,,
600561.SH,江西长运,,操纵市场,20191026,20191215,20191205,D11,,,,,0.55,2.25,0.332,10.0,,,,,,,,,,,,,,,,
600561.SH,江西长运,,操纵市场,20191026,20191215,20191205,D12,,,,,,,,,10.0,9.0,2.16,6.12,,,,,,,,,,,,
600561.SH,江西长运,,操纵市场,20191026,20191215,20191206,D11,,,,,0.44,0.78,0.24,10.0,,,,,,,,,,,,,,,,
600561.SH,江西长运,,操纵市场,20191026,20191215,20191206,D12,,,,,,,,,10.0,8.0,2.14,6.12,,,,,,,,,,,,
600561.SH,江西长运,,操纵市场,20191026,20191215,20191209,D12,,,,,,,,,10.0,8.0,2.11,6.12,,,,,,,,,,,,
600561.SH,江西长运,,操纵市场,20191026,20191215,20191210,D12,,,,,,,,,10.0,8.0,2.09,6.12,,,,,,,,,,,,
600561.SH,江西长运,,操纵市场,20191026,20191215,20191211,D12,,,,,,,,,10.0,7.0,2.03,6.12,,,,,,,,,,,,
600561.SH,江西长运,,操纵市场,20191026,20191215,20191212,D12,,,,,,,,,10.0,6.0,1.93,6.12,,,,,,,,,,,,
600561.SH,江西长运,,操纵市场,20191026,20191215,20191213,D12,,,,,,,,,10.0,5.0,1.76,6.12,,,,,,,,,,,,
600587.SH,新华医疗,〔2021〕49号,操纵市场,20180225,20180416,20180306,D9,1.36,2.93,30810.84,22726.0,,,,,,,,,,,,,,,,,,,,
600587.SH,新华医疗,〔2021〕49号,操纵市场,20180225,20180416,20180321,D9,2.22,-0.67,41561.42,18726.0,,,,,,,,,,,,,,,,,,,,
600587.SH,新华医疗,〔2021〕49号,操纵市场,20180225,20180416,20180323,D12,,,,,,,,,10.0,5.0,1.22,2.22,,,,,,,,,,,,
600587.SH,新华医疗,〔2021〕49号,操纵市场,20180225,20180416,20180326,D12,,,,,,,,,10.0,5.0,1.21,2.22,,,,,,,,,,,,
600587.SH,新华医疗,〔2021〕49号,操纵市场,20180225,20180416,20180327,D12,,,,,,,,,10.0,5.0,1.24,2.22,,,,,,,,,,,,
600587.SH,新华医疗,〔2021〕49号,操纵市场,20180225,20180416,20180328,D9,1.54,1.42,32781.29,21239.0,,,,,,,,,,,,,,,,,,,,
600587.SH,新华医疗,〔2021〕49号,操纵市场,20180225,20180416,20180328,D12,,,,,,,,,10.0,6.0,1.33,2.22,,,,,,,,,,,,
600587.SH,新华医疗,〔2021〕49号,操纵市场,20180225,20180416,20180329,D12,,,,,,,,,10.0,7.0,1.6,3.57,,,,,,,,,,,,
600587.SH,新华医疗,〔2021〕49号,操纵市场,20180225,20180416,20180330,D12,,,,,,,,,10.0,8.0,1.79,3.57,,,,,,,,,,,,
600587.SH,新华医疗,〔2021〕49号,操纵市场,20180225,20180416,20180402,D9,1.95,-0.69,58667.28,30088.0,,,,,,,,,,,,,,,,,,,,
600587.SH,新华医疗,〔2021〕49号,操纵市场,20180225,20180416,20180402,D12,,,,,,,,,10.0,9.0,1.9,3.57,,,,,,,,,,,,
600587.SH,新华医疗,〔2021〕49号,操纵市场,20180225,20180416,20180403,D10,,,,,,,,,,,2.46,,,,,,3.0,1.45,,,,,,
600587.SH,新华医疗,〔2021〕49号,操纵市场,20180225,20180416,20180403,D11,,,,,1.03,2.15,0.168,10.0,,,,,,,,,,,,,,,,
600587.SH,新华医疗,〔2021〕49号,操纵市场,20180225,20180416,20180403,D12,,,,,,,,,10.0,9.0,1.98,3.57,,,,,,,,,,,,
600587.SH,新华医疗,〔2021〕49号,操纵市场,20180225,20180416,20180404,D11,,,,,0.39,1.24,0.158,10.0,,,,,,,,,,,,,,,,
600587.SH,新华医疗,〔2021〕49号,操纵市场,20180225,20180416,20180404,D12,,,,,,,,,10.0,9.0,1.9,3.57,,,,,,,,,,,,
600587.SH,新华医疗,〔2021〕49号,操纵市场,20180225,20180416,20180409,D12,,,,,,,,,10.0,9.0,1.92,3.57,,,,,,,,,,,,
600587.SH,新华医疗,〔2021〕49号,操纵市场,20180225,20180416,20180410,D12,,,,,,,,,10.0,8.0,1.8,3.57,,,,,,,,,,,,
600587.SH,新华医疗,〔2021〕49号,操纵市场,20180225,20180416,20180411,D12,,,,,,,,,10.0,7.0,1.75,3.57,,,,,,,,,,,,
600587.SH,新华医疗,〔2021〕49号,操纵市场,20180225,20180416,20180412,D12,,,,,,,,,10.0,6.0,1.69,3.57,,,,,,,,,,,,
600587.SH,新华医疗,〔2021〕49号,操纵市场,20180225,20180416,20180412,D14,2.09,,,,,,,,,,,,,,,,,,,,17488.0,36488.0,20.0,20.0
600587.SH,新华医疗,〔2021〕49号,操纵市场,20180225,20180416,20180413,D12,,,,,,,,,10.0,5.0,1.62,3.57,,,,,,,,,,,,
600587.SH,新华医疗,〔2021〕49号,操纵市场,20180225,20180416,20180413,D14,2.24,,,,,,,,,,,,,,,,,,,,16768.0,37538.0,20.0,20.0
600587.SH,新华医疗,〔2021〕49号,操纵市场,20180225,20180416,20180416,D14,2.27,,,,,,,,,,,,,,,,,,,,16713.0,37943.0,20.0,20.0
600719.SH,大连热电,〔2022〕64号,操纵市场,20200226,20200416,20200226,D10,,,,,,,,,,,1.19,,,,,,3.0,2.6,,,,,,
600719.SH,大连热电,〔2022〕64号,操纵市场,20200226,20200416,20200226,D12,,,,,,,,,10.0,5.0,0.94,1.8,,,,,,,,,,,,
600719.SH,大连热电,〔2022〕64号,操纵市场,20200226,20200416,20200226,D13,,,,,,,,,,,,,,,,,5.0,,3.37,4.55,,,,
600719.SH,大连热电,〔2022〕64号,操纵市场,20200226,20200416,20200227,D12,,,,,,,,,10.0,5.0,0.96,1.8,,,,,,,,,,,,
600719.SH,大连热电,〔2022〕64号,操纵市场,20200226,20200416,20200228,D12,,,,,,,,,10.0,6.0,1.02,1.8,,,,,,,,,,,,
600719.SH,大连热电,〔2022〕64号,操纵市场,20200226,20200416,20200302,D9,1.56,1.5,51873.0,33208.0,,,,,,,,,,,,,,,,,,,,
600719.SH,大连热电,〔2022〕64号,操纵市场,20200226,20200416,20200302,D12,,,,,,,,,10.0,7.0,1.11,1.8,,,,,,,,,,,,
600719.SH,大连热电,〔2022〕64号,操纵市场,20200226,20200416,20200303,D9,1.21,0.74,39303.0,32397.0,,,,,,,,,,,,,,,,,,,,
600719.SH,大连热电,〔2022〕64号,操纵市场,20200226,20200416,20200303,D12,,,,,,,,,10.0,8.0,1.17,1.8,,,,,,,,,,,,
600719.SH,大连热电,〔2022〕64号,操纵市场,20200226,20200416,20200304,D10,,,,,,,,,,,1.28,,,,,,3.0,1.5,,,,,,
600719.SH,大连热电,〔2022〕64号,操纵市场,20200226,20200416,20200304,D12,,,,,,,,,10.0,9.0,1.24,1.8,,,,,,,,,,,,
600719.SH,大连热电,〔2022〕64号,操纵市场,20200226,20200416,20200305,D12,,,,,,,,,10.0,9.0,1.23,1.7,,,,,,,,,,,,
600719.SH,大连热电,〔2022〕64号,操纵市场,20200226,20200416,20200305,D13,,,,,,,,,,,,,,,,,5.0,,2.82,4.05,,,,
600719.SH,大连热电,〔2022〕64号,操纵市场,20200226,20200416,20200306,D12,,,,,,,,,10.0,9.0,1.22,1.7,,,,,,,,,,,,
600719.SH,大连热电,〔2022〕64号,操纵市场,20200226,20200416,20200306,D13,,,,,,,,,,,,,,,,,5.0,,2.67,3.28,,,,
600719.SH,大连热电,〔2022〕64号,操纵市场,20200226,20200416,20200309,D12,,,,,,,,,10.0,9.0,1.27,1.7,,,,,,,,,,,,
600719.SH,大连热电,〔2022〕64号,操纵市场,20200226,20200416,20200310,D9,1.8,0.72,64740.81,35975.0,,,,,,,,,,,,,,,,,,,,
600719.SH,大连热电,〔2022〕64号,操纵市场,20200226,20200416,20200310,D12,,,,,,,,,10.0,9.0,1.3,1.8,,,,,,,,,,,,
600719.SH,大连热电,〔2022〕64号,操纵市场,20200226,20200416,20200311,D12,,,,,,,,,10.0,9.0,1.3,1.8,,,,,,,,,,,,
600719.SH,大连热电,〔2022〕64号,操纵市场,20200226,20200416,20200312,D12,,,,,,,,,10.0,9.0,1.31,1.8,,,,,,,,,,,,
600719.SH,大连热电,〔2022〕64号,操纵市场,20200226,20200416,20200313,D12,,,,,,,,,10.0,8.0,1.28,1.8,,,,,,,,,,,,
600719.SH,大连热电,〔2022〕64号,操纵市场,20200226,20200416,20200316,D12,,,,,,,,,10.0,7.0,1.21,1.8,,,,,,,,,,,,
600719.SH,大连热电,〔2022〕64号,操纵市场,20200226,20200416,20200317,D12,,,,,,,,,10.0,6.0,1.17,1.8,,,,,,,,,,,,
600719.SH,大连热电,〔2022〕64号,操纵市场,20200226,20200416,20200318,D12,,,,,,,,,10.0,5.0,1.13,1.8,,,,,,,,,,,,
600719.SH,大连热电,〔2022〕64号,操纵市场,20200226,20200416,20200330,D11,,,,,0.71,3.08,0.18,10.0,,,,,,,,,,,,,,,,
600719.SH,大连热电,〔2022〕64号,操纵市场,20200226,20200416,20200331,D11,,,,,0.72,3.96,0.317,10.0,,,,,,,,,,,,,,,,
600719.SH,大连热电,〔2022〕64号,操纵市场,20200226,20200416,20200401,D11,,,,,0.9,3.64,0.399,10.0,,,,,,,,,,,,,,,,
600719.SH,大连热电,〔2022〕64号,操纵市场,20200226,20200416,20200402,D11,,,,,0.51,9.58,0.781,10.0,,,,,,,,,,,,,,,,
600719.SH,大连热电,〔2022〕64号,操纵市场,20200226,20200416,20200402,D12,,,,,,,,,10.0,5.0,1.98,5.5,,,,,,,,,,,,
600719.SH,大连热电,〔2022〕64号,操纵市场,20200226,20200416,20200402,D14,2.18,,,,,,,,,,,,,,,,,,,,32392.0,70468.0,20.0,20.0
600719.SH,大连热电,〔2022〕64号,操纵市场,20200226,20200416,20200403,D11,,,,,0.57,4.81,0.771,10.0,,,,,,,,,,,,,,,,
600719.SH,大连热电,〔2022〕64号,操纵市场,20200226,20200416,20200403,D12,,,,,,,,,10.0,6.0,2.18,5.5,,,,,,,,,,,,
600719.SH,大连热电,〔2022〕64号,操纵市场,20200226,20200416,20200403,D14,2.4,,,,,,,,,,,,,,,,,,,,32716.0,78443.0,20.0,20.0
600719.SH,大连热电,〔2022〕64号,操纵市场,20200226,20200416,20200407,D11,,,,,0.61,2.29,0.577,10.0,,,,,,,,,,,,,,,,
600719.SH,大连热电,〔2022〕64号,操纵市场,20200226,20200416,20200407,D12,,,,,,,,,10.0,7.0,2.23,5.5,,,,,,,,,,,,
600719.SH,大连热电,〔2022〕64号,操纵市场,20200226,20200416,20200407,D14,2.36,,,,,,,,,,,,,,,,,,,,34077.0,80567.0,20.0,20.0
600719.SH,大连热电,〔2022〕64号,操纵市场,20200226,20200416,20200408,D11,,,,,0.61,1.59,0.326,10.0,,,,,,,,,,,,,,,,
600719.SH,大连热电,〔2022〕64号,操纵市场,20200226,20200416,20200408,D12,,,,,,,,,10.0,7.0,2.24,5.5,,,,,,,,,,,,
600719.SH,大连热电,〔2022〕64号,操纵市场,20200226,20200416,20200408,D14,2.24,,,,,,,,,,,,,,,,,,,,35975.0,80546.0,20.0,20.0
600719.SH,大连热电,〔2022〕64号,操纵市场,20200226,20200416,20200409,D12,,,,,,,,,10.0,7.0,2.23,5.5,,,,,,,,,,,,
600719.SH,大连热电,〔2022〕64号,操纵市场,20200226,20200416,20200409,D14,2.2,,,,,,,,,,,,,,,,,,,,36833.0,80882.0,20.0,20.0
600719.SH,大连热电,〔2022〕64号,操纵市场,20200226,20200416,20200410,D12,,,,,,,,,10.0,7.0,2.24,5.5,,,,,,,,,,,,
600719.SH,大连热电,〔2022〕64号,操纵市场,20200226,20200416,20200410,D14,2.18,,,,,,,,,,,,,,,,,,,,37527.0,81777.0,20.0,20.0
600719.SH,大连热电,〔2022〕64号,操纵市场,20200226,20200416,20200413,D12,,,,,,,,,10.0,6.0,2.05,5.5,,,,,,,,,,,,
600719.SH,大连热电,〔2022〕64号,操纵市场,20200226,20200416,20200413,D14,2.12,,,,,,,,,,,,,,,,,,,,38389.0,81439.0,20.0,20.0
600719.SH,大连热电,〔2022〕64号,操纵市场,20200226,20200416,20200414,D8,,,18790.62,,,,,,,,,,0.37,50561.0,2.1,0.46,,,,,,,,
600719.SH,大连热电,〔2022〕64号,操纵市场,20200226,20200416,20200414,D12,,,,,,,,,10.0,5.0,1.78,5.5,,,,,,,,,,,,
600719.SH,大连热电,〔2022〕64号,操纵市场,20200226,20200416,20200414,D14,2.06,,,,,,,,,,,,,,,,,,,,39058.0,80635.0,20.0,20.0
600719.SH,大连热电,〔2022〕64号,操纵市场,20200226,20200416,20200415,D8,,,20143.61,,,,,,,,,,0.4,50402.0,2.08,0.5,,,,,,,,
600719.SH,大连热电,〔2022〕64号,操纵市场,20200226,20200416,20200415,D14,2.03,,,,,,,,,,,,,,,,,,,,39570.0,80201.0,20.0,20.0
600719.SH,大连热电,〔2022〕64号,操纵市场,20200226,20200416,20200416,D14,2.01,,,,,,,,,,,,,,,,,,,,40363.0,81018.0,20.0,20.0
600793.SH,宜宾纸业,〔2022〕64号,操纵市场,20200328,20200517,20200403,D9,1.63,1.69,23454.28,14429.0,,,,,,,,,,,,,,,,,,,,
600793.SH,宜宾纸业,〔2022〕64号,操纵市场,20200328,20200517,20200403,D12,,,,,,,,,10.0,5.0,1.07,1.83,,,,,,,,,,,,
600793.SH,宜宾纸业,〔2022〕64号,操纵市场,20200328,20200517,20200407,D9,1.53,1.58,22442.84,14670.0,,,,,,,,,,,,,,,,,,,,
600793.SH,宜宾纸业,〔2022〕64号,操纵市场,20200328,20200517,20200407,D10,,,,,,,,,,,1.42,,,,,,3.0,2.94,,,,,,
600793.SH,宜宾纸业,〔2022〕64号,操纵市场,20200328,20200517,20200407,D12,,,,,,,,,10.0,5.0,1.04,1.63,,,,,,,,,,,,
600793.SH,宜宾纸业,〔2022〕64号,操纵市场,20200328,20200517,20200408,D12,,,,,,,,,10.0,5.0,1.28,3.79,,,,,,,,,,,,
600793.SH,宜宾纸业,〔2022〕64号,操纵市场,20200328,20200517,20200409,D12,,,,,,,,,10.0,6.0,1.5,3.79,,,,,,,,,,,,
600793.SH,宜宾纸业,〔2022〕64号,操纵市场,20200328,20200517,20200410,D9,1.47,-2.93,29830.71,20321.0,,,,,,,,,,,,,,,,,,,,
600793.SH,宜宾纸业,〔2022〕64号,操纵市场,20200328,20200517,20200410,D12,,,,,,,,,10.0,7.0,1.59,3.79,,,,,,,,,,,,
600793.SH,宜宾纸业,〔2022〕64号,操纵市场,20200328,20200517,20200413,D11,,,,,1.26,2.49,0.383,10.0,,,,,,,,,,,,,,,,
600793.SH,宜宾纸业,〔2022〕64号,操纵市场,20200328,20200517,20200413,D12,,,,,,,,,10.0,7.0,1.59,3.79,,,,,,,,,,,,
600793.SH,宜宾纸业,〔2022〕64号,操纵市场,20200328,20200517,20200414,D11,,,,,0.8,1.4,0.229,10.0,,,,,,,,,,,,,,,,
600793.SH,宜宾纸业,〔2022〕64号,操纵市场,20200328,20200517,20200414,D12,,,,,,,,,10.0,7.0,1.57,3.79,,,,,,,,,,,,
600793.SH,宜宾纸业,〔2022〕64号,操纵市场,20200328,20200517,20200415,D12,,,,,,,,,10.0,7.0,1.6,3.79,,,,,,,,,,,,
600793.SH,宜宾纸业,〔2022〕64号,操纵市场,20200328,20200517,20200416,D12,,,,,,,,,10.0,7.0,1.59,3.79,,,,,,,,,,,,
600793.SH,宜宾纸业,〔2022〕64号,操纵市场,20200328,20200517,20200417,D12,,,,,,,,,10.0,6.0,1.53,3.79,,,,,,,,,,,,
600793.SH,宜宾纸业,〔2022〕64号,操纵市场,20200328,20200517,20200420,D12,,,,,,,,,10.0,5.0,1.41,3.79,,,,,,,,,,,,
600793.SH,宜宾纸业,〔2022〕64号,操纵市场,20200328,20200517,20200428,D9,1.22,2.02,25576.64,21013.0,,,,,,,,,,,,,,,,,,,,
600793.SH,宜宾纸业,〔2022〕64号,操纵市场,20200328,20200517,20200507,D11,,,,,1.56,3.0,0.164,10.0,,,,,,,,,,,,,,,,
600793.SH,宜宾纸业,〔2022〕64号,操纵市场,20200328,20200517,20200508,D11,,,,,1.17,9.17,0.551,10.0,,,,,,,,,,,,,,,,
600793.SH,宜宾纸业,〔2022〕64号,操纵市场,20200328,20200517,20200511,D11,,,,,1.01,5.98,0.645,10.0,,,,,,,,,,,,,,,,
600793.SH,宜宾纸业,〔2022〕64号,操纵市场,20200328,20200517,20200511,D12,,,,,,,,,10.0,5.0,1.35,3.65,,,,,,,,,,,,
600793.SH,宜宾纸业,〔2022〕64号,操纵市场,20200328,20200517,20200512,D11,,,,,1.37,2.46,0.479,10.0,,,,,,,,,,,,,,,,
600793.SH,宜宾纸业,〔2022〕64号,操纵市场,20200328,20200517,20200512,D12,,,,,,,,,10.0,6.0,1.4,3.65,,,,,,,,,,,,
600793.SH,宜宾纸业,〔2022〕64号,操纵市场,20200328,20200517,20200513,D11,,,,,1.64,1.58,0.271,10.0,,,,,,,,,,,,,,,,
600793.SH,宜宾纸业,〔2022〕64号,操纵市场,20200328,20200517,20200513,D12,,,,,,,,,10.0,6.0,1.4,3.65,,,,,,,,,,,,
600793.SH,宜宾纸业,〔2022〕64号,操纵市场,20200328,20200517,20200514,D12,,,,,,,,,10.0,6.0,1.37,3.65,,,,,,,,,,,,
600793.SH,宜宾纸业,〔2022〕64号,操纵市场,20200328,20200517,20200515,D12,,,,,,,,,10.0,5.0,1.31,3.65,,,,,,,,,,,,
600853.SH,龙建股份,〔2023〕44号,操纵市场,20181020,20181209,20181022,D14,2.73,,,,,,,,,,,,,,,,,,,,35406.0,96594.0,20.0,20.0
600853.SH,龙建股份,〔2023〕44号,操纵市场,20181020,20181209,20181023,D14,2.79,,,,,,,,,,,,,,,,,,,,34923.0,97533.0,20.0,20.0
600853.SH,龙建股份,〔2023〕44号,操纵市场,20181020,20181209,20181024,D14,2.61,,,,,,,,,,,,,,,,,,,,36642.0,95529.0,20.0,20.0
600853.SH,龙建股份,〔2023〕44号,操纵市场,20181020,20181209,20181025,D14,2.57,,,,,,,,,,,,,,,,,,,,36726.0,94322.0,20.0,20.0
600853.SH,龙建股份,〔2023〕44号,操纵市场,20181020,20181209,20181026,D14,2.45,,,,,,,,,,,,,,,,,,,,37950.0,93110.0,20.0,20.0
600853.SH,龙建股份,〔2023〕44号,操纵市场,20181020,20181209,20181029,D14,2.36,,,,,,,,,,,,,,,,,,,,39023.0,92098.0,20.0,20.0
600853.SH,龙建股份,〔2023〕44号,操纵市场,20181020,20181209,20181106,D9,1.23,1.66,56960.0,46373.0,,,,,,,,,,,,,,,,,,,,
600853.SH,龙建股份,〔2023〕44号,操纵市场,20181020,20181209,20181113,D9,1.69,2.42,66453.0,39209.0,,,,,,,,,,,,,,,,,,,,
600853.SH,龙建股份,〔2023〕44号,操纵市场,20181020,20181209,20181114,D9,1.4,0.0,56750.0,40457.0,,,,,,,,,,,,,,,,,,,,
600853.SH,龙建股份,〔2023〕44号,操纵市场,20181020,20181209,20181114,D10,,,,,,,,,,,1.42,,,,,,3.0,2.42,,,,,,
600853.SH,龙建股份,〔2023〕44号,操纵市场,20181020,20181209,20181115,D9,1.21,1.84,50438.03,41585.0,,,,,,,,,,,,,,,,,,,,
600853.SH,龙建股份,〔2023〕44号,操纵市场,20181020,20181209,20181115,D10,,,,,,,,,,,1.44,,,,,,3.0,2.42,,,,,,
600853.SH,龙建股份,〔2023〕44号,操纵市场,20181020,20181209,20181115,D12,,,,,,,,,10.0,5.0,1.12,1.69,,,,,,,,,,,,
600853.SH,龙建股份,〔2023〕44号,操纵市场,20181020,20181209,20181116,D10,,,,,,,,,,,1.27,,,,,,3.0,1.84,,,,,,
600853.SH,龙建股份,〔2023〕44号,操纵市场,20181020,20181209,20181116,D12,,,,,,,,,10.0,6.0,1.16,1.69,,,,,,,,,,,,
600853.SH,龙建股份,〔2023〕44号,操纵市场,20181020,20181209,20181119,D12,,,,,,,,,10.0,6.0,1.17,1.69,,,,,,,,,,,,
600853.SH,龙建股份,〔2023〕44号,操纵市场,20181020,20181209,20181120,D12,,,,,,,,,10.0,6.0,1.15,1.69,,,,,,,,,,,,
600853.SH,龙建股份,〔2023〕44号,操纵市场,20181020,20181209,20181121,D12,,,,,,,,,10.0,6.0,1.14,1.69,,,,,,,,,,,,
600853.SH,龙建股份,〔2023〕44号,操纵市场,20181020,20181209,20181122,D12,,,,,,,,,10.0,6.0,1.14,1.69,,,,,,,,,,,,
600853.SH,龙建股份,〔2023〕44号,操纵市场,20181020,20181209,20181123,D12,,,,,,,,,10.0,7.0,1.16,1.69,,,,,,,,,,,,
600853.SH,龙建股份,〔2023〕44号,操纵市场,20181020,20181209,20181126,D12,,,,,,,,,10.0,6.0,1.12,1.69,,,,,,,,,,,,
600853.SH,龙建股份,〔2023〕44号,操纵市场,20181020,20181209,20181127,D12,,,,,,,,,10.0,5.0,1.04,1.4,,,,,,,,,,,,
600853.SH,龙建股份,〔2023〕44号,操纵市场,20181020,20181209,20181204,D9,1.61,2.88,71776.34,44522.0,,,,,,,,,,,,,,,,,,,,
600853.SH,龙建股份,〔2023〕44号,操纵市场,20181020,20181209,20181206,D8,,,27389.95,,,,,,,,,,0.45,60787.0,1.79,0.51,,,,,,,,
600853.SH,龙建股份,〔2023〕44号,操纵市场,20181020,20181209,20181207,D8,,,24255.71,,,,,,,,,,0.4,60540.0,1.3,0.45,,,,,,,,
600982.SH,宁波热电,〔2022〕64号,操纵市场,20200413,20200602,20200417,D9,1.24,-0.71,41198.0,33169.0,,,,,,,,,,,,,,,,,,,,
600982.SH,宁波热电,〔2022〕64号,操纵市场,20200413,20200602,20200427,D9,1.41,-2.6,44662.5,31567.0,,,,,,,,,,,,,,,,,,,,
600982.SH,宁波热电,〔2022〕64号,操纵市场,20200413,20200602,20200518,D9,1.7,2.26,56687.5,33372.0,,,,,,,,,,,,,,,,,,,,
600982.SH,宁波热电,〔2022〕64号,操纵市场,20200413,20200602,20200519,D10,,,,,,,,,,,1.3,,,,,,3.0,2.26,,,,,,
600982.SH,宁波热电,〔2022〕64号,操纵市场,20200413,20200602,20200520,D10,,,,,,,,,,,2.0,,,,,,3.0,2.26,,,,,,
600982.SH,宁波热电,〔2022〕64号,操纵市场,20200413,20200602,20200521,D9,1.78,1.1,64577.52,36218.0,,,,,,,,,,,,,,,,,,,,
600982.SH,宁波热电,〔2022〕64号,操纵市场,20200413,20200602,20200521,D10,,,,,,,,,,,2.03,,,,,,3.0,1.1,,,,,,
600982.SH,宁波热电,〔2022〕64号,操纵市场,20200413,20200602,20200521,D12,,,,,,,,,10.0,5.0,1.31,3.2,,,,,,,,,,,,
600982.SH,宁波热电,〔2022〕64号,操纵市场,20200413,20200602,20200521,D13,,,,,,,,,,,,,,,,,5.0,,2.23,3.69,,,,
600982.SH,宁波热电,〔2022〕64号,操纵市场,20200413,20200602,20200522,D12,,,,,,,,,10.0,5.0,1.34,3.2,,,,,,,,,,,,
600982.SH,宁波热电,〔2022〕64号,操纵市场,20200413,20200602,20200525,D12,,,,,,,,,10.0,6.0,1.37,3.2,,,,,,,,,,,,
600982.SH,宁波热电,〔2022〕64号,操纵市场,20200413,20200602,20200526,D9,2.45,0.36,101761.11,41482.0,,,,,,,,,,,,,,,,,,,,
600982.SH,宁波热电,〔2022〕64号,操纵市场,20200413,20200602,20200526,D12,,,,,,,,,10.0,7.0,1.53,3.2,,,,,,,,,,,,
600982.SH,宁波热电,〔2022〕64号,操纵市场,20200413,20200602,20200527,D9,1.67,-1.08,73086.0,43894.0,,,,,,,,,,,,,,,,,,,,
600982.SH,宁波热电,〔2022〕64号,操纵市场,20200413,20200602,20200527,D10,,,,,,,,,,,1.75,,,,,,3.0,2.58,,,,,,
600982.SH,宁波热电,〔2022〕64号,操纵市场,20200413,20200602,20200527,D12,,,,,,,,,10.0,8.0,1.6,3.2,,,,,,,,,,,,
600982.SH,宁波热电,〔2022〕64号,操纵市场,20200413,20200602,20200528,D12,,,,,,,,,10.0,9.0,1.9,3.97,,,,,,,,,,,,
600982.SH,宁波热电,〔2022〕64号,操纵市场,20200413,20200602,20200529,D11,,,,,0.76,2.19,0.171,10.0,,,,,,,,,,,,,,,,
600982.SH,宁波热电,〔2022〕64号,操纵市场,20200413,20200602,20200529,D12,,,,,,,,,10.0,9.0,2.07,3.97,,,,,,,,,,,,
600982.SH,宁波热电,〔2022〕64号,操纵市场,20200413,20200602,20200601,D11,,,,,0.46,5.69,0.388,10.0,,,,,,,,,,,,,,,,
600982.SH,宁波热电,〔2022〕64号,操纵市场,20200413,20200602,20200601,D12,,,,,,,,,10.0,9.0,2.45,5.43,,,,,,,,,,,,
600982.SH,宁波热电,〔2022〕64号,操纵市场,20200413,20200602,20200601,D14,2.49,,,,,,,,,,,,,,,,,,,,31373.0,78252.0,20.0,20.0
600982.SH,宁波热电,〔2022〕64号,操纵市场,20200413,20200602,20200602,D11,,,,,1.47,3.0,0.379,10.0,,,,,,,,,,,,,,,,
600982.SH,宁波热电,〔2022〕64号,操纵市场,20200413,20200602,20200602,D12,,,,,,,,,10.0,9.0,2.59,5.43,,,,,,,,,,,,
600982.SH,宁波热电,〔2022〕64号,操纵市场,20200413,20200602,20200602,D14,2.76,,,,,,,,,,,,,,,,,,,,31778.0,87779.0,20.0,20.0
601226.SH,华电重工,〔2023〕44号,操纵市场,20180818,20181007,20180820,D9,1.29,1.75,57993.84,44793.0,,,,,,,,,,,,,,,,,,,,
601226.SH,华电重工,〔2023〕44号,操纵市场,20180818,20181007,20180820,D12,,,,,,,,,10.0,6.0,1.92,5.51,,,,,,,,,,,,
601226.SH,华电重工,〔2023〕44号,操纵市场,20180818,20181007,20180820,D14,2.85,,,,,,,,,,,,,,,,,,,,15741.0,44793.0,20.0,20.0
601226.SH,华电重工,〔2023〕44号,操纵市场,20180818,20181007,20180821,D12,,,,,,,,,10.0,7.0,1.95,5.51,,,,,,,,,,,,
601226.SH,华电重工,〔2023〕44号,操纵市场,20180818,20181007,20180821,D14,2.67,,,,,,,,,,,,,,,,,,,,17070.0,45553.0,20.0,20.0
601226.SH,华电重工,〔2023〕44号,操纵市场,20180818,20181007,20180822,D12,,,,,,,,,10.0,7.0,1.95,5.51,,,,,,,,,,,,
601226.SH,华电重工,〔2023〕44号,操纵市场,20180818,20181007,20180822,D14,2.66,,,,,,,,,,,,,,,,,,,,17428.0,46350.0,20.0,20.0
601226.SH,华电重工,〔2023〕44号,操纵市场,20180818,20181007,20180823,D12,,,,,,,,,10.0,6.0,1.85,5.51,,,,,,,,,,,,
601226.SH,华电重工,〔2023〕44号,操纵市场,20180818,20181007,20180823,D14,2.62,,,,,,,,,,,,,,,,,,,,17742.0,46548.0,20.0,20.0
601226.SH,华电重工,〔2023〕44号,操纵市场,20180818,20181007,20180824,D12,,,,,,,,,10.0,5.0,1.72,5.51,,,,,,,,,,,,
601226.SH,华电重工,〔2023〕44号,操纵市场,20180818,20181007,20180824,D14,2.24,,,,,,,,,,,,,,,,,,,,19931.0,44578.0,20.0,20.0
601226.SH,华电重工,〔2023〕44号,操纵市场,20180818,20181007,20180827,D12,,,,,,,,,10.0,5.0,1.68,5.51,,,,,,,,,,,,
601226.SH,华电重工,〔2023〕44号,操纵市场,20180818,20181007,20180827,D14,2.16,,,,,,,,,,,,,,,,,,,,20522.0,44258.0,20.0,20.0
601226.SH,华电重工,〔2023〕44号,操纵市场,20180818,20181007,20180828,D12,,,,,,,,,10.0,5.0,1.67,5.51,,,,,,,,,,,,
601226.SH,华电重工,〔2023〕44号,操纵市场,20180818,20181007,20180828,D14,2.24,,,,,,,,,,,,,,,,,,,,20086.0,44962.0,20.0,20.0
601226.SH,华电重工,〔2023〕44号,操纵市场,20180818,20181007,20180829,D14,2.24,,,,,,,,,,,,,,,,,,,,20494.0,45924.0,20.0,20.0
601226.SH,华电重工,〔2023〕44号,操纵市场,20180818,20181007,20180830,D14,2.16,,,,,,,,,,,,,,,,,,,,21205.0,45742.0,20.0,20.0
601226.SH,华电重工,〔2023〕44号,操纵市场,20180818,20181007,20180831,D14,2.17,,,,,,,,,,,,,,,,,,,,21108.0,45887.0,20.0,20.0
601226.SH,华电重工,〔2023〕44号,操纵市场,20180818,20181007,20180903,D14,2.14,,,,,,,,,,,,,,,,,,,,21444.0,45866.0,20.0,20.0
601226.SH,华电重工,〔2023〕44号,操纵市场,20180818,20181007,20180904,D14,2.07,,,,,,,,,,,,,,,,,,,,22070.0,45747.0,20.0,20.0
601226.SH,华电重工,〔2023〕44号,操纵市场,20180818,20181007,20180905,D8,,,12714.5,,,,,,,,,,0.44,29051.0,1.53,0.11,,,,,,,,
601226.SH,华电重工,〔2023〕44号,操纵市场,20180818,20181007,20180905,D14,2.05,,,,,,,,,,,,,,,,,,,,22165.0,45415.0,20.0,20.0
601226.SH,华电重工,〔2023〕44号,操纵市场,20180818,20181007,20180907,D8,,,12753.78,,,,,,,,,,0.44,28963.0,2.05,0.11,,,,,,,,
601226.SH,华电重工,〔2023〕44号,操纵市场,20180818,20181007,20180911,D8,,,10151.0,,,,,,,,,,0.36,27984.0,2.05,0.09,,,,,,,,
601226.SH,华电重工,〔2023〕44号,操纵市场,20180818,20181007,20180912,D8,,,10762.29,,,,,,,,,,0.39,27759.0,1.02,0.09,,,,,,,,
601226.SH,华电重工,〔2023〕44号,操纵市场,20180818,20181007,20180913,D8,,,11010.0,,,,,,,,,,0.4,27390.0,1.27,0.1,,,,,,,,
601226.SH,华电重工,〔2023〕44号,操纵市场,20180818,20181007,20180914,D8,,,12404.5,,,,,,,,,,0.46,27260.0,1.26,0.11,,,,,,,,
601226.SH,华电重工,〔2023〕44号,操纵市场,20180818,20181007,20180917,D8,,,11685.0,,,,,,,,,,0.43,27241.0,1.51,0.1,,,,,,,,
601226.SH,华电重工,〔2023〕44号,操纵市场,20180818,20181007,20180920,D9,1.85,-1.23,37982.09,20564.0,,,,,,,,,,,,,,,,,,,,
601226.SH,华电重工,〔2023〕44号,操纵市场,20180818,20181007,20180920,D10,,,,,,,,,,,1.84,,,,,,3.0,2.53,,,,,,
601226.SH,华电重工,〔2023〕44号,操纵市场,20180818,20181007,20180921,D9,1.27,1.0,26570.59,20902.0,,,,,,,,,,,,,,,,,,,,
601226.SH,华电重工,〔2023〕44号,操纵市场,20180818,20181007,20180921,D10,,,,,,,,,,,1.88,,,,,,3.0,1.23,,,,,,
601368.SH,绿城水务,〔2022〕64号,操纵市场,20200407,20200527,20200409,D9,1.5,1.31,28632.2,19026.0,,,,,,,,,,,,,,,,,,,,
601368.SH,绿城水务,〔2022〕64号,操纵市场,20200407,20200527,20200410,D9,1.45,0.74,27461.0,18944.0,,,,,,,,,,,,,,,,,,,,
601368.SH,绿城水务,〔2022〕64号,操纵市场,20200407,20200527,20200413,D10,,,,,,,,,,,1.85,,,,,,3.0,1.31,,,,,,
601368.SH,绿城水务,〔2022〕64号,操纵市场,20200407,20200527,20200414,D10,,,,,,,,,,,2.68,,,,,,3.0,2.91,,,,,,
601368.SH,绿城水务,〔2022〕64号,操纵市场,20200407,20200527,20200415,D12,,,,,,,,,10.0,5.0,1.65,4.01,,,,,,,,,,,,
601368.SH,绿城水务,〔2022〕64号,操纵市场,20200407,20200527,20200415,D13,,,,,,,,,,,,,,,,,5.0,,3.24,4.59,,,,
601368.SH,绿城水务,〔2022〕64号,操纵市场,20200407,20200527,20200416,D12,,,,,,,,,10.0,5.0,1.7,4.01,,,,,,,,,,,,
601368.SH,绿城水务,〔2022〕64号,操纵市场,20200407,20200527,20200417,D12,,,,,,,,,10.0,5.0,1.72,4.01,,,,,,,,,,,,
601368.SH,绿城水务,〔2022〕64号,操纵市场,20200407,20200527,20200420,D12,,,,,,,,,10.0,5.0,1.71,4.01,,,,,,,,,,,,
601368.SH,绿城水务,〔2022〕64号,操纵市场,20200407,20200527,20200421,D12,,,,,,,,,10.0,5.0,1.67,4.01,,,,,,,,,,,,
601368.SH,绿城水务,〔2022〕64号,操纵市场,20200407,20200527,20200422,D12,,,,,,,,,10.0,5.0,1.64,4.01,,,,,,,,,,,,
601368.SH,绿城水务,〔2022〕64号,操纵市场,20200407,20200527,20200427,D8,,,8709.0,,,,,,,,,,0.32,27146.0,1.51,0.12,,,,,,,,
601368.SH,绿城水务,〔2022〕64号,操纵市场,20200407,20200527,20200429,D8,,,11804.0,,,,,,,,,,0.44,26665.0,1.54,0.16,,,,,,,,
601368.SH,绿城水务,〔2022〕64号,操纵市场,20200407,20200527,20200430,D8,,,9126.48,,,,,,,,,,0.35,26451.0,1.55,0.12,,,,,,,,
601368.SH,绿城水务,〔2022〕64号,操纵市场,20200407,20200527,20200507,D8,,,11228.2,,,,,,,,,,0.44,25715.0,0.76,0.15,,,,,,,,
601368.SH,绿城水务,〔2022〕64号,操纵市场,20200407,20200527,20200514,D11,,,,,0.3,2.16,0.189,10.0,,,,,,,,,,,,,,,,
601368.SH,绿城水务,〔2022〕64号,操纵市场,20200407,20200527,20200515,D11,,,,,0.16,4.1,0.355,10.0,,,,,,,,,,,,,,,,
601368.SH,绿城水务,〔2022〕64号,操纵市场,20200407,20200527,20200515,D12,,,,,,,,,10.0,5.0,1.97,6.06,,,,,,,,,,,,
601368.SH,绿城水务,〔2022〕64号,操纵市场,20200407,20200527,20200515,D14,2.14,,,,,,,,,,,,,,,,,,,,23191.0,49731.0,20.0,20.0
601368.SH,绿城水务,〔2022〕64号,操纵市场,20200407,20200527,20200518,D11,,,,,0.12,1.44,0.321,10.0,,,,,,,,,,,,,,,,
601368.SH,绿城水务,〔2022〕64号,操纵市场,20200407,20200527,20200518,D12,,,,,,,,,10.0,6.0,2.13,6.06,,,,,,,,,,,,
601368.SH,绿城水务,〔2022〕64号,操纵市场,20200407,20200527,20200519,D11,,,,,0.18,0.31,0.208,10.0,,,,,,,,,,,,,,,,
601368.SH,绿城水务,〔2022〕64号,操纵市场,20200407,20200527,20200519,D12,,,,,,,,,10.0,6.0,2.14,6.06,,,,,,,,,,,,
601368.SH,绿城水务,〔2022〕64号,操纵市场,20200407,20200527,20200520,D12,,,,,,,,,10.0,6.0,2.13,6.06,,,,,,,,,,,,
601368.SH,绿城水务,〔2022〕64号,操纵市场,20200407,20200527,20200521,D8,,,13811.33,,,,,,,,,,0.39,35829.0,0.95,0.19,,,,,,,,
601368.SH,绿城水务,〔2022〕64号,操纵市场,20200407,20200527,20200521,D12,,,,,,,,,10.0,6.0,2.12,6.06,,,,,,,,,,,,
601368.SH,绿城水务,〔2022〕64号,操纵市场,20200407,20200527,20200522,D12,,,,,,,,,10.0,6.0,2.1,6.06,,,,,,,,,,,,
601368.SH,绿城水务,〔2022〕64号,操纵市场,20200407,20200527,20200525,D8,,,17255.0,,,,,,,,,,0.49,35476.0,1.33,0.23,,,,,,,,
601368.SH,绿城水务,〔2022〕64号,操纵市场,20200407,20200527,20200525,D12,,,,,,,,,10.0,5.0,1.98,6.06,,,,,,,,,,,,
601368.SH,绿城水务,〔2022〕64号,操纵市场,20200407,20200527,20200527,D8,,,14103.0,,,,,,,,,,0.4,35050.0,0.76,0.19,,,,,,,,
603007.SH,花王股份,〔2024〕22号,内幕交易,20161106,20161226,20161107,D9,1.67,-2.1,104098.4,62177.0,,,,,,,,,,,,,,,,,,,,
603007.SH,花王股份,〔2024〕22号,内幕交易,20161106,20161226,20161107,D12,,,,,,,,,10.0,8.0,1.36,1.94,,,,,,,,,,,,
603007.SH,花王股份,〔2024〕22号,内幕交易,20161106,20161226,20161108,D12,,,,,,,,,10.0,8.0,1.41,1.94,,,,,,,,,,,,
603007.SH,花王股份,〔2024〕22号,内幕交易,20161106,20161226,20161109,D12,,,,,,,,,10.0,9.0,1.59,2.7,,,,,,,,,,,,
603007.SH,花王股份,〔2024〕22号,内幕交易,20161106,20161226,20161110,D12,,,,,,,,,10.0,9.0,1.63,2.7,,,,,,,,,,,,
603007.SH,花王股份,〔2024〕22号,内幕交易,20161106,20161226,20161111,D12,,,,,,,,,10.0,9.0,1.61,2.7,,,,,,,,,,,,
603007.SH,花王股份,〔2024〕22号,内幕交易,20161106,20161226,20161114,D12,,,,,,,,,10.0,9.0,1.62,2.7,,,,,,,,,,,,
603007.SH,花王股份,〔2024〕22号,内幕交易,20161106,20161226,20161115,D12,,,,,,,,,10.0,8.0,1.59,2.7,,,,,,,,,,,,
603007.SH,花王股份,〔2024〕22号,内幕交易,20161106,20161226,20161116,D12,,,,,,,,,10.0,7.0,1.55,2.7,,,,,,,,,,,,
603007.SH,花王股份,〔2024〕22号,内幕交易,20161106,20161226,20161117,D12,,,,,,,,,10.0,6.0,1.49,2.7,,,,,,,,,,,,
603007.SH,花王股份,〔2024〕22号,内幕交易,20161106,20161226,20161118,D12,,,,,,,,,10.0,5.0,1.37,2.7,,,,,,,,,,,,
603007.SH,花王股份,〔2024〕22号,内幕交易,20161106,20161226,20161121,D12,,,,,,,,,10.0,5.0,1.32,2.7,,,,,,,,,,,,
603007.SH,花王股份,〔2024〕22号,内幕交易,20161106,20161226,20161122,D12,,,,,,,,,10.0,5.0,1.25,2.7,,,,,,,,,,,,
603008.SH,喜临门,〔2021〕72号,操纵市场,20180909,20181029,20180925,D8,,,10312.95,,,,,,,,,,0.37,27813.0,2.06,0.32,,,,,,,,
603008.SH,喜临门,〔2021〕72号,操纵市场,20180909,20181029,20180926,D8,,,13259.91,,,,,,,,,,0.48,27352.0,1.43,0.41,,,,,,,,
603008.SH,喜临门,〔2021〕72号,操纵市场,20180909,20181029,20181008,D12,,,,,,,,,10.0,5.0,1.16,2.55,,,,,,,,,,,,
603008.SH,喜临门,〔2021〕72号,操纵市场,20180909,20181029,20181009,D9,2.1,-1.14,43039.21,20516.0,,,,,,,,,,,,,,,,,,,,
603008.SH,喜临门,〔2021〕72号,操纵市场,20180909,20181029,20181009,D12,,,,,,,,,10.0,6.0,1.31,2.55,,,,,,,,,,,,
603008.SH,喜临门,〔2021〕72号,操纵市场,20180909,20181029,20181010,D9,1.94,-1.85,41246.31,21224.0,,,,,,,,,,,,,,,,,,,,
603008.SH,喜临门,〔2021〕72号,操纵市场,20180909,20181029,20181010,D12,,,,,,,,,10.0,7.0,1.42,2.55,,,,,,,,,,,,
603008.SH,喜临门,〔2021〕72号,操纵市场,20180909,20181029,20181011,D11,,,,,0.38,4.29,0.288,10.0,,,,,,,,,,,,,,,,
603008.SH,喜临门,〔2021〕72号,操纵市场,20180909,20181029,20181011,D12,,,,,,,,,10.0,7.0,1.82,5.03,,,,,,,,,,,,
603008.SH,喜临门,〔2021〕72号,操纵市场,20180909,20181029,20181012,D11,,,,,0.68,3.13,0.335,10.0,,,,,,,,,,,,,,,,
603008.SH,喜临门,〔2021〕72号,操纵市场,20180909,20181029,20181012,D12,,,,,,,,,10.0,8.0,2.08,5.03,,,,,,,,,,,,
603008.SH,喜临门,〔2021〕72号,操纵市场,20180909,20181029,20181015,D11,,,,,0.32,4.2,0.426,10.0,,,,,,,,,,,,,,,,
603008.SH,喜临门,〔2021〕72号,操纵市场,20180909,20181029,20181015,D12,,,,,,,,,10.0,8.0,2.33,5.03,,,,,,,,,,,,
603008.SH,喜临门,〔2021〕72号,操纵市场,20180909,20181029,20181016,D11,,,,,0.41,3.39,0.407,10.0,,,,,,,,,,,,,,,,
603008.SH,喜临门,〔2021〕72号,操纵市场,20180909,20181029,20181016,D12,,,,,,,,,10.0,9.0,2.54,5.03,,,,,,,,,,,,
603008.SH,喜临门,〔2021〕72号,操纵市场,20180909,20181029,20181017,D11,,,,,1.21,1.48,0.253,10.0,,,,,,,,,,,,,,,,
603008.SH,喜临门,〔2021〕72号,操纵市场,20180909,20181029,20181017,D12,,,,,,,,,10.0,10.0,2.57,5.03,,,,,,,,,,,,
603008.SH,喜临门,〔2021〕72号,操纵市场,20180909,20181029,20181018,D12,,,,,,,,,10.0,9.0,2.44,5.03,,,,,,,,,,,,
603008.SH,喜临门,〔2021〕72号,操纵市场,20180909,20181029,20181018,D14,2.01,,,,,,,,,,,,,,,,,,,,22551.0,45372.0,20.0,20.0
603008.SH,喜临门,〔2021〕72号,操纵市场,20180909,20181029,20181019,D12,,,,,,,,,10.0,8.0,2.36,5.03,,,,,,,,,,,,
603008.SH,喜临门,〔2021〕72号,操纵市场,20180909,20181029,20181019,D14,2.17,,,,,,,,,,,,,,,,,,,,21428.0,46477.0,20.0,20.0
603008.SH,喜临门,〔2021〕72号,操纵市场,20180909,20181029,20181022,D9,1.65,1.82,81576.0,49502.0,,,,,,,,,,,,,,,,,,,,
603008.SH,喜临门,〔2021〕72号,操纵市场,20180909,20181029,20181022,D12,,,,,,,,,10.0,8.0,2.27,5.03,,,,,,,,,,,,
603008.SH,喜临门,〔2021〕72号,操纵市场,20180909,20181029,20181022,D14,2.34,,,,,,,,,,,,,,,,,,,,21192.0,49502.0,20.0,20.0
603008.SH,喜临门,〔2021〕72号,操纵市场,20180909,20181029,20181023,D12,,,,,,,,,10.0,8.0,2.28,5.03,,,,,,,,,,,,
603008.SH,喜临门,〔2021〕72号,操纵市场,20180909,20181029,20181023,D14,2.64,,,,,,,,,,,,,,,,,,,,20772.0,54880.0,20.0,20.0
603008.SH,喜临门,〔2021〕72号,操纵市场,20180909,20181029,20181024,D12,,,,,,,,,10.0,8.0,2.48,5.03,,,,,,,,,,,,
603008.SH,喜临门,〔2021〕72号,操纵市场,20180909,20181029,20181024,D14,3.28,,,,,,,,,,,,,,,,,,,,20476.0,67213.0,20.0,20.0
603008.SH,喜临门,〔2021〕72号,操纵市场,20180909,20181029,20181025,D9,1.51,-2.43,107743.18,71510.0,,,,,,,,,,,,,,,,,,,,
603008.SH,喜临门,〔2021〕72号,操纵市场,20180909,20181029,20181025,D12,,,,,,,,,10.0,8.0,2.13,3.91,,,,,,,,,,,,
603008.SH,喜临门,〔2021〕72号,操纵市场,20180909,20181029,20181025,D14,3.51,,,,,,,,,,,,,,,,,,,,20361.0,71510.0,20.0,20.0
603008.SH,喜临门,〔2021〕72号,操纵市场,20180909,20181029,20181026,D9,1.49,2.0,114431.2,76625.0,,,,,,,,,,,,,,,,,,,,
603008.SH,喜临门,〔2021〕72号,操纵市场,20180909,20181029,20181026,D12,,,,,,,,,10.0,8.0,1.96,3.91,,,,,,,,,,,,
603008.SH,喜临门,〔2021〕72号,操纵市场,20180909,20181029,20181026,D14,3.78,,,,,,,,,,,,,,,,,,,,20294.0,76625.0,20.0,20.0
603008.SH,喜临门,〔2021〕72号,操纵市场,20180909,20181029,20181029,D12,,,,,,,,,10.0,7.0,1.69,3.91,,,,,,,,,,,,
603008.SH,喜临门,〔2021〕72号,操纵市场,20180909,20181029,20181029,D14,3.8,,,,,,,,,,,,,,,,,,,,20743.0,78900.0,20.0,20.0
603036.SH,如通股份,,操纵市场,20190724,20190912,20190801,D9,1.8,2.37,24039.0,13344.0,,,,,,,,,,,,,,,,,,,,
603036.SH,如通股份,,操纵市场,20190724,20190912,20190805,D12,,,,,,,,,10.0,5.0,1.29,3.52,,,,,,,,,,,,
603036.SH,如通股份,,操纵市场,20190724,20190912,20190806,D11,,,,,2.99,6.53,0.652,10.0,,,,,,,,,,,,,,,,
603036.SH,如通股份,,操纵市场,20190724,20190912,20190806,D12,,,,,,,,,10.0,6.0,1.4,3.52,,,,,,,,,,,,
603036.SH,如通股份,,操纵市场,20190724,20190912,20190807,D12,,,,,,,,,10.0,5.0,1.38,3.52,,,,,,,,,,,,
603036.SH,如通股份,,操纵市场,20190724,20190912,20190808,D11,,,,,1.78,1.98,0.33,10.0,,,,,,,,,,,,,,,,
603036.SH,如通股份,,操纵市场,20190724,20190912,20190812,D8,,,5301.0,,,,,,,,,,0.35,15218.0,1.49,1.04,,,,,,,,
603036.SH,如通股份,,操纵市场,20190724,20190912,20190813,D8,,,5780.0,,,,,,,,,,0.38,15157.0,1.47,1.14,,,,,,,,
603036.SH,如通股份,,操纵市场,20190724,20190912,20190821,D8,,,6975.99,,,,,,,,,,0.46,15321.0,1.52,1.37,,,,,,,,
603036.SH,如通股份,,操纵市场,20190724,20190912,20190822,D8,,,7074.06,,,,,,,,,,0.46,15247.0,1.07,1.39,,,,,,,,
603036.SH,如通股份,,操纵市场,20190724,20190912,20190826,D9,1.94,2.12,31482.0,16242.0,,,,,,,,,,,,,,,,,,,,
603036.SH,如通股份,,操纵市场,20190724,20190912,20190826,D11,,,,,1.14,6.19,0.273,10.0,,,,,,,,,,,,,,,,
603036.SH,如通股份,,操纵市场,20190724,20190912,20190827,D11,,,,,1.58,9.05,0.543,10.0,,,,,,,,,,,,,,,,
603036.SH,如通股份,,操纵市场,20190724,20190912,20190828,D9,1.48,-1.32,28400.99,19143.0,,,,,,,,,,,,,,,,,,,,
603036.SH,如通股份,,操纵市场,20190724,20190912,20190828,D11,,,,,1.59,5.59,0.556,10.0,,,,,,,,,,,,,,,,
603036.SH,如通股份,,操纵市场,20190724,20190912,20190828,D12,,,,,,,,,10.0,5.0,1.12,2.55,,,,,,,,,,,,
603036.SH,如通股份,,操纵市场,20190724,20190912,20190829,D12,,,,,,,,,10.0,5.0,1.15,2.55,,,,,,,,,,,,
603036.SH,如通股份,,操纵市场,20190724,20190912,20190902,D11,,,,,2.46,6.11,0.383,10.0,,,,,,,,,,,,,,,,
603036.SH,如通股份,,操纵市场,20190724,20190912,20190903,D11,,,,,1.37,6.75,0.422,10.0,,,,,,,,,,,,,,,,
603036.SH,如通股份,,操纵市场,20190724,20190912,20190903,D12,,,,,,,,,10.0,5.0,1.34,2.55,,,,,,,,,,,,
603036.SH,如通股份,,操纵市场,20190724,20190912,20190904,D11,,,,,1.39,20.56,1.091,10.0,,,,,,,,,,,,,,,,
603036.SH,如通股份,,操纵市场,20190724,20190912,20190904,D12,,,,,,,,,10.0,6.0,1.78,4.92,,,,,,,,,,,,
603036.SH,如通股份,,操纵市场,20190724,20190912,20190905,D11,,,,,2.58,12.06,1.064,10.0,,,,,,,,,,,,,,,,
603036.SH,如通股份,,操纵市场,20190724,20190912,20190905,D12,,,,,,,,,10.0,7.0,1.99,4.92,,,,,,,,,,,,
603036.SH,如通股份,,操纵市场,20190724,20190912,20190906,D12,,,,,,,,,10.0,8.0,2.01,4.92,,,,,,,,,,,,
603036.SH,如通股份,,操纵市场,20190724,20190912,20190909,D12,,,,,,,,,10.0,7.0,1.91,4.92,,,,,,,,,,,,
603036.SH,如通股份,,操纵市场,20190724,20190912,20190910,D12,,,,,,,,,10.0,6.0,1.73,4.92,,,,,,,,,,,,
603036.SH,如通股份,,操纵市场,20190724,20190912,20190911,D12,,,,,,,,,10.0,5.0,1.67,4.92,,,,,,,,,,,,
603036.SH,如通股份,,操纵市场,20190724,20190912,20190912,D12,,,,,,,,,10.0,5.0,1.64,4.92,,,,,,,,,,,,
603042.SH,华脉科技,〔2024〕88号,操纵市场,20230128,20230319,20230202,D9,1.47,0.29,24938.65,16940.0,,,,,,,,,,,,,,,,,,,,
603042.SH,华脉科技,〔2024〕88号,操纵市场,20230128,20230319,20230203,D9,1.38,1.44,23653.34,17145.0,,,,,,,,,,,,,,,,,,,,
603042.SH,华脉科技,〔2024〕88号,操纵市场,20230128,20230319,20230203,D10,,,,,,,,,,,1.31,,,,,,3.0,2.16,,,,,,
603042.SH,华脉科技,〔2024〕88号,操纵市场,20230128,20230319,20230203,D12,,,,,,,,,10.0,5.0,1.06,1.47,,,,,,,,,,,,
603042.SH,华脉科技,〔2024〕88号,操纵市场,20230128,20230319,20230206,D10,,,,,,,,,,,1.35,,,,,,3.0,1.44,,,,,,
603042.SH,华脉科技,〔2024〕88号,操纵市场,20230128,20230319,20230206,D12,,,,,,,,,10.0,6.0,1.08,1.47,,,,,,,,,,,,
603042.SH,华脉科技,〔2024〕88号,操纵市场,20230128,20230319,20230207,D9,1.65,1.5,29368.95,17782.0,,,,,,,,,,,,,,,,,,,,
603042.SH,华脉科技,〔2024〕88号,操纵市场,20230128,20230319,20230207,D10,,,,,,,,,,,1.41,,,,,,3.0,1.5,,,,,,
603042.SH,华脉科技,〔2024〕88号,操纵市场,20230128,20230319,20230207,D12,,,,,,,,,10.0,7.0,1.17,1.65,,,,,,,,,,,,
603042.SH,华脉科技,〔2024〕88号,操纵市场,20230128,20230319,20230207,D13,,,,,,,,,,,,,,,,,5.0,,2.16,2.65,,,,
603042.SH,华脉科技,〔2024〕88号,操纵市场,20230128,20230319,20230208,D9,1.28,-1.29,23164.95,18087.0,,,,,,,,,,,,,,,,,,,,
603042.SH,华脉科技,〔2024〕88号,操纵市场,20230128,20230319,20230208,D10,,,,,,,,,,,1.37,,,,,,3.0,1.5,,,,,,
603042.SH,华脉科技,〔2024〕88号,操纵市场,20230128,20230319,20230208,D12,,,,,,,,,10.0,7.0,1.18,1.65,,,,,,,,,,,,
603042.SH,华脉科技,〔2024〕88号,操纵市场,20230128,20230319,20230208,D13,,,,,,,,,,,,,,,,,5.0,,2.09,2.39,,,,
603042.SH,华脉科技,〔2024〕88号,操纵市场,20230128,20230319,20230209,D9,1.77,2.52,33950.0,19173.0,,,,,,,,,,,,,,,,,,,,
603042.SH,华脉科技,〔2024〕88号,操纵市场,20230128,20230319,20230209,D10,,,,,,,,,,,1.57,,,,,,3.0,2.52,,,,,,
603042.SH,华脉科技,〔2024〕88号,操纵市场,20230128,20230319,20230209,D12,,,,,,,,,10.0,8.0,1.28,1.77,,,,,,,,,,,,
603042.SH,华脉科技,〔2024〕88号,操纵市场,20230128,20230319,20230209,D13,,,,,,,,,,,,,,,,,5.0,,2.65,4.39,,,,
603042.SH,华脉科技,〔2024〕88号,操纵市场,20230128,20230319,20230210,D9,1.9,0.0,38823.34,20432.0,,,,,,,,,,,,,,,,,,,,
603042.SH,华脉科技,〔2024〕88号,操纵市场,20230128,20230319,20230210,D10,,,,,,,,,,,1.65,,,,,,3.0,2.52,,,,,,
603042.SH,华脉科技,〔2024〕88号,操纵市场,20230128,20230319,20230210,D11,,,,,0.98,2.42,0.152,10.0,,,,,,,,,,,,,,,,
603042.SH,华脉科技,〔2024〕88号,操纵市场,20230128,20230319,20230210,D12,,,,,,,,,10.0,8.0,1.33,1.9,,,,,,,,,,,,
603042.SH,华脉科技,〔2024〕88号,操纵市场,20230128,20230319,20230210,D13,,,,,,,,,,,,,,,,,5.0,,2.62,4.39,,,,
603042.SH,华脉科技,〔2024〕88号,操纵市场,20230128,20230319,20230213,D10,,,,,,,,,,,1.58,,,,,,3.0,2.52,,,,,,
603042.SH,华脉科技,〔2024〕88号,操纵市场,20230128,20230319,20230213,D12,,,,,,,,,10.0,9.0,1.35,1.9,,,,,,,,,,,,
603042.SH,华脉科技,〔2024〕88号,操纵市场,20230128,20230319,20230213,D13,,,,,,,,,,,,,,,,,5.0,,2.57,4.39,,,,
603042.SH,华脉科技,〔2024〕88号,操纵市场,20230128,20230319,20230214,D12,,,,,,,,,10.0,9.0,1.37,1.9,,,,,,,,,,,,
603042.SH,华脉科技,〔2024〕88号,操纵市场,20230128,20230319,20230215,D9,1.43,2.18,29557.26,20733.0,,,,,,,,,,,,,,,,,,,,
603042.SH,华脉科技,〔2024〕88号,操纵市场,20230128,20230319,20230215,D12,,,,,,,,,10.0,9.0,1.4,1.9,,,,,,,,,,,,
603042.SH,华脉科技,〔2024〕88号,操纵市场,20230128,20230319,20230216,D12,,,,,,,,,10.0,9.0,1.4,1.9,,,,,,,,,,,,
603042.SH,华脉科技,〔2024〕88号,操纵市场,20230128,20230319,20230217,D12,,,,,,,,,10.0,9.0,1.36,1.9,,,,,,,,,,,,
603042.SH,华脉科技,〔2024〕88号,操纵市场,20230128,20230319,20230220,D12,,,,,,,,,10.0,8.0,1.33,1.9,,,,,,,,,,,,
603042.SH,华脉科技,〔2024〕88号,操纵市场,20230128,20230319,20230221,D12,,,,,,,,,10.0,7.0,1.25,1.9,,,,,,,,,,,,
603042.SH,华脉科技,〔2024〕88号,操纵市场,20230128,20230319,20230222,D12,,,,,,,,,10.0,6.0,1.21,1.9,,,,,,,,,,,,
603042.SH,华脉科技,〔2024〕88号,操纵市场,20230128,20230319,20230223,D12,,,,,,,,,10.0,5.0,1.11,1.9,,,,,,,,,,,,
603042.SH,华脉科技,〔2024〕88号,操纵市场,20230128,20230319,20230227,D11,,,,,1.11,10.02,0.416,10.0,,,,,,,,,,,,,,,,
603042.SH,华脉科技,〔2024〕88号,操纵市场,20230128,20230319,20230228,D11,,,,,1.84,2.82,0.378,10.0,,,,,,,,,,,,,,,,
603042.SH,华脉科技,〔2024〕88号,操纵市场,20230128,20230319,20230228,D12,,,,,,,,,10.0,5.0,1.47,5.37,,,,,,,,,,,,
603042.SH,华脉科技,〔2024〕88号,操纵市场,20230128,20230319,20230301,D11,,,,,1.94,1.54,0.297,10.0,,,,,,,,,,,,,,,,
603042.SH,华脉科技,〔2024〕88号,操纵市场,20230128,20230319,20230302,D11,,,,,1.41,1.3,0.215,10.0,,,,,,,,,,,,,,,,
603042.SH,华脉科技,〔2024〕88号,操纵市场,20230128,20230319,20230303,D11,,,,,1.23,50.85,2.807,10.0,,,,,,,,,,,,,,,,
603042.SH,华脉科技,〔2024〕88号,操纵市场,20230128,20230319,20230303,D14,4.16,,,,,,,,,,,,,,,,,,,,17145.0,71400.0,20.0,20.0
603042.SH,华脉科技,〔2024〕88号,操纵市场,20230128,20230319,20230306,D11,,,,,1.2,18.4,3.018,10.0,,,,,,,,,,,,,,,,
603042.SH,华脉科技,〔2024〕88号,操纵市场,20230128,20230319,20230306,D14,4.85,,,,,,,,,,,,,,,,,,,,17540.0,85136.0,20.0,20.0
603042.SH,华脉科技,〔2024〕88号,操纵市场,20230128,20230319,20230307,D11,,,,,1.23,43.61,4.394,10.0,,,,,,,,,,,,,,,,
603042.SH,华脉科技,〔2024〕88号,操纵市场,20230128,20230319,20230307,D12,,,,,,,,,10.0,5.0,3.13,11.44,,,,,,,,,,,,
603042.SH,华脉科技,〔2024〕88号,操纵市场,20230128,20230319,20230307,D14,6.67,,,,,,,,,,,,,,,,,,,,17782.0,118681.0,20.0,20.0
603042.SH,华脉科技,〔2024〕88号,操纵市场,20230128,20230319,20230308,D11,,,,,1.05,33.2,4.691,10.0,,,,,,,,,,,,,,,,
603042.SH,华脉科技,〔2024〕88号,操纵市场,20230128,20230319,20230308,D12,,,,,,,,,10.0,6.0,3.41,11.44,,,,,,,,,,,,
603042.SH,华脉科技,〔2024〕88号,操纵市场,20230128,20230319,20230308,D14,7.97,,,,,,,,,,,,,,,,,,,,18087.0,144184.0,20.0,20.0
603042.SH,华脉科技,〔2024〕88号,操纵市场,20230128,20230319,20230309,D11,,,,,0.93,29.91,4.408,10.0,,,,,,,,,,,,,,,,
603042.SH,华脉科技,〔2024〕88号,操纵市场,20230128,20230319,20230309,D12,,,,,,,,,10.0,7.0,3.63,11.44,,,,,,,,,,,,
603042.SH,华脉科技,〔2024〕88号,操纵市场,20230128,20230319,20230309,D14,8.68,,,,,,,,,,,,,,,,,,,,19173.0,166506.0,20.0,20.0
603042.SH,华脉科技,〔2024〕88号,操纵市场,20230128,20230319,20230310,D12,,,,,,,,,10.0,8.0,3.77,11.44,,,,,,,,,,,,
603042.SH,华脉科技,〔2024〕88号,操纵市场,20230128,20230319,20230310,D14,8.97,,,,,,,,,,,,,,,,,,,,20432.0,183323.0,20.0,20.0
603042.SH,华脉科技,〔2024〕88号,操纵市场,20230128,20230319,20230313,D9,1.41,0.72,276138.18,196036.0,,,,,,,,,,,,,,,,,,,,
603042.SH,华脉科技,〔2024〕88号,操纵市场,20230128,20230319,20230313,D11,,,,,2.82,17.2,2.409,10.0,,,,,,,,,,,,,,,,
603042.SH,华脉科技,〔2024〕88号,操纵市场,20230128,20230319,20230313,D12,,,,,,,,,10.0,8.0,3.37,11.44,,,,,,,,,,,,
603042.SH,华脉科技,〔2024〕88号,操纵市场,20230128,20230319,20230313,D14,9.67,,,,,,,,,,,,,,,,,,,,20266.0,196036.0,20.0,20.0
603042.SH,华脉科技,〔2024〕88号,操纵市场,20230128,20230319,20230314,D11,,,,,1.54,15.25,0.736,10.0,,,,,,,,,,,,,,,,
603042.SH,华脉科技,〔2024〕88号,操纵市场,20230128,20230319,20230314,D12,,,,,,,,,10.0,8.0,3.35,11.44,,,,,,,,,,,,
603042.SH,华脉科技,〔2024〕88号,操纵市场,20230128,20230319,20230314,D14,10.24,,,,,,,,,,,,,,,,,,,,20261.0,207385.0,20.0,20.0
603042.SH,华脉科技,〔2024〕88号,操纵市场,20230128,20230319,20230315,D12,,,,,,,,,10.0,8.0,3.35,11.44,,,,,,,,,,,,
603042.SH,华脉科技,〔2024〕88号,操纵市场,20230128,20230319,20230315,D14,10.37,,,,,,,,,,,,,,,,,,,,20733.0,215021.0,20.0,20.0
603042.SH,华脉科技,〔2024〕88号,操纵市场,20230128,20230319,20230316,D12,,,,,,,,,10.0,9.0,3.43,11.44,,,,,,,,,,,,
603042.SH,华脉科技,〔2024〕88号,操纵市场,20230128,20230319,20230316,D14,10.61,,,,,,,,,,,,,,,,,,,,21722.0,230376.0,20.0,20.0
603042.SH,华脉科技,〔2024〕88号,操纵市场,20230128,20230319,20230317,D12,,,,,,,,,10.0,9.0,2.4,5.9,,,,,,,,,,,,
603042.SH,华脉科技,〔2024〕88号,操纵市场,20230128,20230319,20230317,D14,10.9,,,,,,,,,,,,,,,,,,,,22235.0,242378.0,20.0,20.0
603055.SH,台华新材,,操纵市场,20190821,20191010,20190828,D9,1.21,0.44,13822.8,11437.0,,,,,,,,,,,,,,,,,,,,
603055.SH,台华新材,,操纵市场,20190821,20191010,20190829,D10,,,,,,,,,,,1.09,,,,,,3.0,1.34,,,,,,
603055.SH,台华新材,,操纵市场,20190821,20191010,20190830,D9,1.24,-2.19,13597.4,10977.0,,,,,,,,,,,,,,,,,,,,
603055.SH,台华新材,,操纵市场,20190821,20191010,20190830,D10,,,,,,,,,,,1.16,,,,,,3.0,2.19,,,,,,
603055.SH,台华新材,,操纵市场,20190821,20191010,20190902,D10,,,,,,,,,,,1.1,,,,,,3.0,2.19,,,,,,
603055.SH,台华新材,,操纵市场,20190821,20191010,20190902,D12,,,,,,,,,10.0,5.0,0.79,1.24,,,,,,,,,,,,
603055.SH,台华新材,,操纵市场,20190821,20191010,20190902,D13,,,,,,,,,,,,,,,,,5.0,,1.86,3.65,,,,
603055.SH,台华新材,,操纵市场,20190821,20191010,20190903,D8,,,10566.2,,,,,,,,,,0.42,25058.0,1.18,0.75,,,,,,,,
603055.SH,台华新材,,操纵市场,20190821,20191010,20190903,D10,,,,,,,,,,,1.1,,,,,,3.0,2.19,,,,,,
603055.SH,台华新材,,操纵市场,20190821,20191010,20190903,D12,,,,,,,,,10.0,6.0,0.85,1.24,,,,,,,,,,,,
603055.SH,台华新材,,操纵市场,20190821,20191010,20190903,D13,,,,,,,,,,,,,,,,,5.0,,1.79,3.65,,,,
603055.SH,台华新材,,操纵市场,20190821,20191010,20190904,D9,1.35,0.59,14190.95,10512.0,,,,,,,,,,,,,,,,,,,,
603055.SH,台华新材,,操纵市场,20190821,20191010,20190904,D10,,,,,,,,,,,1.13,,,,,,3.0,1.19,,,,,,
603055.SH,台华新材,,操纵市场,20190821,20191010,20190904,D12,,,,,,,,,10.0,7.0,0.94,1.35,,,,,,,,,,,,
603055.SH,台华新材,,操纵市场,20190821,20191010,20190904,D13,,,,,,,,,,,,,,,,,5.0,,1.85,3.65,,,,
603055.SH,台华新材,,操纵市场,20190821,20191010,20190905,D9,2.37,0.29,27134.6,11442.0,,,,,,,,,,,,,,,,,,,,
603055.SH,台华新材,,操纵市场,20190821,20191010,20190905,D10,,,,,,,,,,,1.58,,,,,,3.0,0.59,,,,,,
603055.SH,台华新材,,操纵市场,20190821,20191010,20190905,D12,,,,,,,,,10.0,8.0,1.13,2.37,,,,,,,,,,,,
603055.SH,台华新材,,操纵市场,20190821,20191010,20190905,D13,,,,,,,,,,,,,,,,,5.0,,2.03,3.65,,,,
603055.SH,台华新材,,操纵市场,20190821,20191010,20190906,D9,1.22,0.58,14246.49,11679.0,,,,,,,,,,,,,,,,,,,,
603055.SH,台华新材,,操纵市场,20190821,20191010,20190906,D10,,,,,,,,,,,1.65,,,,,,3.0,0.59,,,,,,
603055.SH,台华新材,,操纵市场,20190821,20191010,20190906,D12,,,,,,,,,10.0,9.0,1.21,2.37,,,,,,,,,,,,
603055.SH,台华新材,,操纵市场,20190821,20191010,20190906,D13,,,,,,,,,,,,,,,,,5.0,,1.53,1.94,,,,
603055.SH,台华新材,,操纵市场,20190821,20191010,20190909,D9,1.71,1.45,21090.01,12313.0,,,,,,,,,,,,,,,,,,,,
603055.SH,台华新材,,操纵市场,20190821,20191010,20190909,D10,,,,,,,,,,,1.77,,,,,,3.0,1.45,,,,,,
603055.SH,台华新材,,操纵市场,20190821,20191010,20190909,D12,,,,,,,,,10.0,10.0,1.32,2.37,,,,,,,,,,,,
603055.SH,台华新材,,操纵市场,20190821,20191010,20190909,D13,,,,,,,,,,,,,,,,,5.0,,1.55,2.03,,,,
603055.SH,台华新材,,操纵市场,20190821,20191010,20190910,D9,1.36,0.71,17269.0,12726.0,,,,,,,,,,,,,,,,,,,,
603055.SH,台华新材,,操纵市场,20190821,20191010,20190910,D10,,,,,,,,,,,1.43,,,,,,3.0,1.45,,,,,,
603055.SH,台华新材,,操纵市场,20190821,20191010,20190910,D12,,,,,,,,,10.0,10.0,1.36,2.37,,,,,,,,,,,,
603055.SH,台华新材,,操纵市场,20190821,20191010,20190910,D13,,,,,,,,,,,,,,,,,5.0,,1.65,2.03,,,,
603055.SH,台华新材,,操纵市场,20190821,20191010,20190911,D9,1.56,0.14,20891.2,13374.0,,,,,,,,,,,,,,,,,,,,
603055.SH,台华新材,,操纵市场,20190821,20191010,20190911,D10,,,,,,,,,,,1.54,,,,,,3.0,1.45,,,,,,
603055.SH,台华新材,,操纵市场,20190821,20191010,20190911,D12,,,,,,,,,10.0,10.0,1.39,2.37,,,,,,,,,,,,
603055.SH,台华新材,,操纵市场,20190821,20191010,20190911,D13,,,,,,,,,,,,,,,,,5.0,,1.64,2.03,,,,
603055.SH,台华新材,,操纵市场,20190821,20191010,20190912,D12,,,,,,,,,10.0,9.0,1.37,2.37,,,,,,,,,,,,
603055.SH,台华新材,,操纵市场,20190821,20191010,20190916,D9,1.21,0.28,16675.2,13752.0,,,,,,,,,,,,,,,,,,,,
603055.SH,台华新材,,操纵市场,20190821,20191010,20190916,D12,,,,,,,,,10.0,9.0,1.37,2.37,,,,,,,,,,,,
603055.SH,台华新材,,操纵市场,20190821,20191010,20190917,D9,1.8,-2.97,25680.6,14272.0,,,,,,,,,,,,,,,,,,,,
603055.SH,台华新材,,操纵市场,20190821,20191010,20190917,D12,,,,,,,,,10.0,9.0,1.45,2.37,,,,,,,,,,,,
603055.SH,台华新材,,操纵市场,20190821,20191010,20190918,D12,,,,,,,,,10.0,8.0,1.42,2.37,,,,,,,,,,,,
603055.SH,台华新材,,操纵市场,20190821,20191010,20190919,D12,,,,,,,,,10.0,7.0,1.35,2.37,,,,,,,,,,,,
603055.SH,台华新材,,操纵市场,20190821,20191010,20190920,D12,,,,,,,,,10.0,7.0,1.41,2.99,,,,,,,,,,,,
603055.SH,台华新材,,操纵市场,20190821,20191010,20190923,D11,,,,,1.49,5.33,0.282,10.0,,,,,,,,,,,,,,,,
603055.SH,台华新材,,操纵市场,20190821,20191010,20190923,D12,,,,,,,,,10.0,7.0,1.68,3.82,,,,,,,,,,,,
603055.SH,台华新材,,操纵市场,20190821,20191010,20190924,D9,2.31,-0.14,50311.0,21821.0,,,,,,,,,,,,,,,,,,,,
603055.SH,台华新材,,操纵市场,20190821,20191010,20190924,D10,,,,,,,,,,,3.04,,,,,,3.0,2.95,,,,,,
603055.SH,台华新材,,操纵市场,20190821,20191010,20190924,D11,,,,,1.22,3.57,0.355,10.0,,,,,,,,,,,,,,,,
603055.SH,台华新材,,操纵市场,20190821,20191010,20190924,D12,,,,,,,,,10.0,7.0,1.73,3.82,,,,,,,,,,,,
603055.SH,台华新材,,操纵市场,20190821,20191010,20190925,D10,,,,,,,,,,,3.13,,,,,,3.0,2.95,,,,,,
603055.SH,台华新材,,操纵市场,20190821,20191010,20190925,D11,,,,,1.48,5.87,0.511,10.0,,,,,,,,,,,,,,,,
603055.SH,台华新材,,操纵市场,20190821,20191010,20190925,D12,,,,,,,,,10.0,7.0,1.93,3.82,,,,,,,,,,,,
603055.SH,台华新材,,操纵市场,20190821,20191010,20190925,D14,2.12,,,,,,,,,,,,,,,,,,,,11968.0,25344.0,20.0,20.0
603055.SH,台华新材,,操纵市场,20190821,20191010,20190926,D9,1.96,-0.81,53605.13,27333.0,,,,,,,,,,,,,,,,,,,,
603055.SH,台华新材,,操纵市场,20190821,20191010,20190926,D10,,,,,,,,,,,2.51,,,,,,3.0,1.23,,,,,,
603055.SH,台华新材,,操纵市场,20190821,20191010,20190926,D11,,,,,0.81,3.8,0.514,10.0,,,,,,,,,,,,,,,,
603055.SH,台华新材,,操纵市场,20190821,20191010,20190926,D12,,,,,,,,,10.0,7.0,1.97,3.82,,,,,,,,,,,,
603055.SH,台华新材,,操纵市场,20190821,20191010,20190926,D13,,,,,,,,,,,,,,,,,5.0,,4.17,4.92,,,,
603055.SH,台华新材,,操纵市场,20190821,20191010,20190926,D14,2.39,,,,,,,,,,,,,,,,,,,,11437.0,27333.0,20.0,20.0
603055.SH,台华新材,,操纵市场,20190821,20191010,20190927,D10,,,,,,,,,,,2.14,,,,,,3.0,1.23,,,,,,
603055.SH,台华新材,,操纵市场,20190821,20191010,20190927,D11,,,,,1.18,2.42,0.369,10.0,,,,,,,,,,,,,,,,
603055.SH,台华新材,,操纵市场,20190821,20191010,20190927,D12,,,,,,,,,10.0,8.0,2.0,3.82,,,,,,,,,,,,
603055.SH,台华新材,,操纵市场,20190821,20191010,20190927,D13,,,,,,,,,,,,,,,,,5.0,,3.65,4.92,,,,
603055.SH,台华新材,,操纵市场,20190821,20191010,20190927,D14,2.51,,,,,,,,,,,,,,,,,,,,11335.0,28448.0,20.0,20.0
603055.SH,台华新材,,操纵市场,20190821,20191010,20190930,D11,,,,,1.82,1.48,0.179,10.0,,,,,,,,,,,,,,,,
603055.SH,台华新材,,操纵市场,20190821,20191010,20190930,D12,,,,,,,,,10.0,7.0,1.95,3.82,,,,,,,,,,,,
603055.SH,台华新材,,操纵市场,20190821,20191010,20190930,D14,2.62,,,,,,,,,,,,,,,,,,,,10977.0,28815.0,20.0,20.0
603055.SH,台华新材,,操纵市场,20190821,20191010,20191008,D11,,,,,0.78,5.24,0.233,10.0,,,,,,,,,,,,,,,,
603055.SH,台华新材,,操纵市场,20190821,20191010,20191008,D12,,,,,,,,,10.0,7.0,2.0,3.82,,,,,,,,,,,,
603055.SH,台华新材,,操纵市场,20190821,20191010,20191008,D14,2.93,,,,,,,,,,,,,,,,,,,,10902.0,31954.0,20.0,20.0
603055.SH,台华新材,,操纵市场,20190821,20191010,20191009,D9,1.7,1.97,58405.01,34346.0,,,,,,,,,,,,,,,,,,,,
603055.SH,台华新材,,操纵市场,20190821,20191010,20191009,D12,,,,,,,,,10.0,8.0,2.1,3.82,,,,,,,,,,,,
603055.SH,台华新材,,操纵市场,20190821,20191010,20191009,D14,3.34,,,,,,,,,,,,,,,,,,,,10276.0,34346.0,20.0,20.0
603055.SH,台华新材,,操纵市场,20190821,20191010,20191010,D12,,,,,,,,,10.0,9.0,2.27,3.82,,,,,,,,,,,,
603055.SH,台华新材,,操纵市场,20190821,20191010,20191010,D14,3.64,,,,,,,,,,,,,,,,,,,,10512.0,38250.0,20.0,20.0
603058.SH,永吉股份,,操纵市场,20200315,20200504,20200408,D9,1.44,1.62,25095.05,17410.0,,,,,,,,,,,,,,,,,,,,
603058.SH,永吉股份,,操纵市场,20200315,20200504,20200415,D9,2.0,1.89,32835.15,16411.0,,,,,,,,,,,,,,,,,,,,
603058.SH,永吉股份,,操纵市场,20200315,20200504,20200415,D12,,,,,,,,,10.0,5.0,1.0,2.0,,,,,,,,,,,,
603058.SH,永吉股份,,操纵市场,20200315,20200504,20200416,D11,,,,,0.44,3.76,0.211,10.0,,,,,,,,,,,,,,,,
603058.SH,永吉股份,,操纵市场,20200315,20200504,20200416,D12,,,,,,,,,10.0,6.0,1.38,4.29,,,,,,,,,,,,
603058.SH,永吉股份,,操纵市场,20200315,20200504,20200417,D11,,,,,0.4,5.65,0.416,10.0,,,,,,,,,,,,,,,,
603058.SH,永吉股份,,操纵市场,20200315,20200504,20200417,D12,,,,,,,,,10.0,7.0,1.83,5.03,,,,,,,,,,,,
603058.SH,永吉股份,,操纵市场,20200315,20200504,20200420,D9,2.06,-2.3,56198.17,27324.0,,,,,,,,,,,,,,,,,,,,
603058.SH,永吉股份,,操纵市场,20200315,20200504,20200420,D11,,,,,0.89,2.52,0.385,10.0,,,,,,,,,,,,,,,,
603058.SH,永吉股份,,操纵市场,20200315,20200504,20200420,D12,,,,,,,,,10.0,8.0,1.99,5.03,,,,,,,,,,,,
603058.SH,永吉股份,,操纵市场,20200315,20200504,20200421,D9,1.29,-1.39,36012.0,28018.0,,,,,,,,,,,,,,,,,,,,
603058.SH,永吉股份,,操纵市场,20200315,20200504,20200421,D10,,,,,,,,,,,2.79,,,,,,3.0,2.51,,,,,,
603058.SH,永吉股份,,操纵市场,20200315,20200504,20200421,D11,,,,,1.12,1.61,0.311,10.0,,,,,,,,,,,,,,,,
603058.SH,永吉股份,,操纵市场,20200315,20200504,20200421,D12,,,,,,,,,10.0,8.0,2.0,5.03,,,,,,,,,,,,
603058.SH,永吉股份,,操纵市场,20200315,20200504,20200422,D10,,,,,,,,,,,1.5,,,,,,3.0,2.3,,,,,,
603058.SH,永吉股份,,操纵市场,20200315,20200504,20200422,D11,,,,,0.84,1.47,0.236,10.0,,,,,,,,,,,,,,,,
603058.SH,永吉股份,,操纵市场,20200315,20200504,20200422,D12,,,,,,,,,10.0,8.0,1.97,5.03,,,,,,,,,,,,
603058.SH,永吉股份,,操纵市场,20200315,20200504,20200423,D10,,,,,,,,,,,1.17,,,,,,3.0,1.4,,,,,,
603058.SH,永吉股份,,操纵市场,20200315,20200504,20200423,D12,,,,,,,,,10.0,8.0,1.97,5.03,,,,,,,,,,,,
603058.SH,永吉股份,,操纵市场,20200315,20200504,20200424,D12,,,,,,,,,10.0,8.0,1.94,5.03,,,,,,,,,,,,
603058.SH,永吉股份,,操纵市场,20200315,20200504,20200427,D12,,,,,,,,,10.0,9.0,1.97,5.03,,,,,,,,,,,,
603058.SH,永吉股份,,操纵市场,20200315,20200504,20200428,D12,,,,,,,,,10.0,9.0,1.96,5.03,,,,,,,,,,,,
603058.SH,永吉股份,,操纵市场,20200315,20200504,20200429,D12,,,,,,,,,10.0,8.0,1.86,5.03,,,,,,,,,,,,
603058.SH,永吉股份,,操纵市场,20200315,20200504,20200430,D12,,,,,,,,,10.0,8.0,1.63,5.03,,,,,,,,,,,,
603090.SH,宏盛股份,,操纵市场,20190701,20190820,20190701,D12,,,,,,,,,10.0,5.0,1.06,1.56,,,,,,,,,,,,
603090.SH,宏盛股份,,操纵市场,20190701,20190820,20190702,D9,1.56,0.0,11798.65,7583.0,,,,,,,,,,,,,,,,,,,,
603090.SH,宏盛股份,,操纵市场,20190701,20190820,20190702,D12,,,,,,,,,10.0,6.0,1.17,1.56,,,,,,,,,,,,
603090.SH,宏盛股份,,操纵市场,20190701,20190820,20190703,D12,,,,,,,,,10.0,5.0,1.15,1.56,,,,,,,,,,,,
603090.SH,宏盛股份,,操纵市场,20190701,20190820,20190704,D12,,,,,,,,,10.0,5.0,1.13,1.56,,,,,,,,,,,,
603090.SH,宏盛股份,,操纵市场,20190701,20190820,20190708,D12,,,,,,,,,10.0,5.0,1.08,1.56,,,,,,,,,,,,
603090.SH,宏盛股份,,操纵市场,20190701,20190820,20190725,D9,1.25,0.0,8977.34,7192.0,,,,,,,,,,,,,,,,,,,,
603090.SH,宏盛股份,,操纵市场,20190701,20190820,20190802,D9,1.26,-1.11,8250.0,6549.0,,,,,,,,,,,,,,,,,,,,
603090.SH,宏盛股份,,操纵市场,20190701,20190820,20190802,D12,,,,,,,,,10.0,5.0,0.99,1.26,,,,,,,,,,,,
603090.SH,宏盛股份,,操纵市场,20190701,20190820,20190805,D9,2.03,1.59,13744.58,6776.0,,,,,,,,,,,,,,,,,,,,
603090.SH,宏盛股份,,操纵市场,20190701,20190820,20190805,D12,,,,,,,,,10.0,5.0,1.07,2.03,,,,,,,,,,,,
603090.SH,宏盛股份,,操纵市场,20190701,20190820,20190806,D10,,,,,,,,,,,2.46,,,,,,3.0,1.59,,,,,,
603090.SH,宏盛股份,,操纵市场,20190701,20190820,20190806,D11,,,,,1.78,8.22,0.435,10.0,,,,,,,,,,,,,,,,
603090.SH,宏盛股份,,操纵市场,20190701,20190820,20190806,D12,,,,,,,,,10.0,6.0,1.39,4.08,,,,,,,,,,,,
603090.SH,宏盛股份,,操纵市场,20190701,20190820,20190807,D9,2.11,-2.75,18600.34,8807.0,,,,,,,,,,,,,,,,,,,,
603090.SH,宏盛股份,,操纵市场,20190701,20190820,20190807,D10,,,,,,,,,,,2.74,,,,,,3.0,2.75,,,,,,
603090.SH,宏盛股份,,操纵市场,20190701,20190820,20190807,D11,,,,,2.21,4.57,0.506,10.0,,,,,,,,,,,,,,,,
603090.SH,宏盛股份,,操纵市场,20190701,20190820,20190807,D12,,,,,,,,,10.0,6.0,1.49,4.08,,,,,,,,,,,,
603090.SH,宏盛股份,,操纵市场,20190701,20190820,20190808,D11,,,,,1.16,10.99,0.922,10.0,,,,,,,,,,,,,,,,
603090.SH,宏盛股份,,操纵市场,20190701,20190820,20190808,D12,,,,,,,,,10.0,6.0,1.78,4.15,,,,,,,,,,,,
603090.SH,宏盛股份,,操纵市场,20190701,20190820,20190809,D11,,,,,1.0,17.31,1.506,10.0,,,,,,,,,,,,,,,,
603090.SH,宏盛股份,,操纵市场,20190701,20190820,20190809,D12,,,,,,,,,10.0,7.0,2.22,5.03,,,,,,,,,,,,
603090.SH,宏盛股份,,操纵市场,20190701,20190820,20190812,D11,,,,,1.77,7.83,1.367,10.0,,,,,,,,,,,,,,,,
603090.SH,宏盛股份,,操纵市场,20190701,20190820,20190812,D12,,,,,,,,,10.0,8.0,2.37,5.03,,,,,,,,,,,,
603090.SH,宏盛股份,,操纵市场,20190701,20190820,20190813,D11,,,,,1.46,3.29,0.948,10.0,,,,,,,,,,,,,,,,
603090.SH,宏盛股份,,操纵市场,20190701,20190820,20190813,D12,,,,,,,,,10.0,7.0,2.35,5.03,,,,,,,,,,,,
603090.SH,宏盛股份,,操纵市场,20190701,20190820,20190813,D14,2.03,,,,,,,,,,,,,,,,,,,,7679.0,15602.0,20.0,20.0
603090.SH,宏盛股份,,操纵市场,20190701,20190820,20190814,D11,,,,,1.5,13.65,1.056,10.0,,,,,,,,,,,,,,,,
603090.SH,宏盛股份,,操纵市场,20190701,20190820,20190814,D12,,,,,,,,,10.0,8.0,2.56,5.03,,,,,,,,,,,,
603090.SH,宏盛股份,,操纵市场,20190701,20190820,20190814,D14,2.4,,,,,,,,,,,,,,,,,,,,7552.0,18104.0,20.0,20.0
603090.SH,宏盛股份,,操纵市场,20190701,20190820,20190815,D9,1.88,0.62,36945.08,19635.0,,,,,,,,,,,,,,,,,,,,
603090.SH,宏盛股份,,操纵市场,20190701,20190820,20190815,D11,,,,,2.03,9.08,0.769,10.0,,,,,,,,,,,,,,,,
603090.SH,宏盛股份,,操纵市场,20190701,20190820,20190815,D12,,,,,,,,,10.0,9.0,2.66,5.03,,,,,,,,,,,,
603090.SH,宏盛股份,,操纵市场,20190701,20190820,20190815,D14,2.64,,,,,,,,,,,,,,,,,,,,7432.0,19635.0,20.0,20.0
603090.SH,宏盛股份,,操纵市场,20190701,20190820,20190816,D9,1.26,-1.73,25896.19,20613.0,,,,,,,,,,,,,,,,,,,,
603090.SH,宏盛股份,,操纵市场,20190701,20190820,20190816,D12,,,,,,,,,10.0,9.0,2.66,5.03,,,,,,,,,,,,
603090.SH,宏盛股份,,操纵市场,20190701,20190820,20190816,D14,2.88,,,,,,,,,,,,,,,,,,,,7164.0,20613.0,20.0,20.0
603090.SH,宏盛股份,,操纵市场,20190701,20190820,20190819,D12,,,,,,,,,10.0,9.0,2.61,5.03,,,,,,,,,,,,
603090.SH,宏盛股份,,操纵市场,20190701,20190820,20190819,D14,3.03,,,,,,,,,,,,,,,,,,,,7248.0,21937.0,20.0,20.0
603090.SH,宏盛股份,,操纵市场,20190701,20190820,20190820,D9,1.57,1.51,36752.85,23461.0,,,,,,,,,,,,,,,,,,,,
603090.SH,宏盛股份,,操纵市场,20190701,20190820,20190820,D12,,,,,,,,,10.0,9.0,2.36,5.03,,,,,,,,,,,,
603090.SH,宏盛股份,,操纵市场,20190701,20190820,20190820,D14,3.36,,,,,,,,,,,,,,,,,,,,6990.0,23461.0,20.0,20.0
603116.SH,红蜻蜓,〔2024〕6号,操纵市场,20170624,20170813,20170630,D9,1.38,0.77,26851.3,19467.0,,,,,,,,,,,,,,,,,,,,
603116.SH,红蜻蜓,〔2024〕6号,操纵市场,20170624,20170813,20170704,D10,,,,,,,,,,,1.21,,,,,,3.0,0.77,,,,,,
603116.SH,红蜻蜓,〔2024〕6号,操纵市场,20170624,20170813,20170705,D9,1.26,0.27,24347.34,19389.0,,,,,,,,,,,,,,,,,,,,
603116.SH,红蜻蜓,〔2024〕6号,操纵市场,20170624,20170813,20170705,D10,,,,,,,,,,,1.17,,,,,,3.0,0.38,,,,,,
603116.SH,红蜻蜓,〔2024〕6号,操纵市场,20170624,20170813,20170705,D12,,,,,,,,,10.0,5.0,0.98,1.38,,,,,,,,,,,,
603116.SH,红蜻蜓,〔2024〕6号,操纵市场,20170624,20170813,20170706,D9,1.36,-0.66,26434.13,19443.0,,,,,,,,,,,,,,,,,,,,
603116.SH,红蜻蜓,〔2024〕6号,操纵市场,20170624,20170813,20170706,D10,,,,,,,,,,,1.24,,,,,,3.0,0.66,,,,,,
603116.SH,红蜻蜓,〔2024〕6号,操纵市场,20170624,20170813,20170706,D12,,,,,,,,,10.0,5.0,1.01,1.38,,,,,,,,,,,,
603116.SH,红蜻蜓,〔2024〕6号,操纵市场,20170624,20170813,20170706,D13,,,,,,,,,,,,,,,,,5.0,,1.24,1.7,,,,
603116.SH,红蜻蜓,〔2024〕6号,操纵市场,20170624,20170813,20170707,D10,,,,,,,,,,,1.23,,,,,,3.0,0.66,,,,,,
603116.SH,红蜻蜓,〔2024〕6号,操纵市场,20170624,20170813,20170707,D12,,,,,,,,,10.0,6.0,1.03,1.38,,,,,,,,,,,,
603116.SH,红蜻蜓,〔2024〕6号,操纵市场,20170624,20170813,20170707,D13,,,,,,,,,,,,,,,,,5.0,,1.09,1.43,,,,
603116.SH,红蜻蜓,〔2024〕6号,操纵市场,20170624,20170813,20170710,D12,,,,,,,,,10.0,6.0,1.05,1.38,,,,,,,,,,,,
603116.SH,红蜻蜓,〔2024〕6号,操纵市场,20170624,20170813,20170711,D9,1.45,0.28,29306.75,20229.0,,,,,,,,,,,,,,,,,,,,
603116.SH,红蜻蜓,〔2024〕6号,操纵市场,20170624,20170813,20170711,D12,,,,,,,,,10.0,7.0,1.12,1.45,,,,,,,,,,,,
603116.SH,红蜻蜓,〔2024〕6号,操纵市场,20170624,20170813,20170712,D12,,,,,,,,,10.0,8.0,1.15,1.45,,,,,,,,,,,,
603116.SH,红蜻蜓,〔2024〕6号,操纵市场,20170624,20170813,20170713,D12,,,,,,,,,10.0,8.0,1.18,1.45,,,,,,,,,,,,
603116.SH,红蜻蜓,〔2024〕6号,操纵市场,20170624,20170813,20170714,D12,,,,,,,,,10.0,7.0,1.12,1.45,,,,,,,,,,,,
603116.SH,红蜻蜓,〔2024〕6号,操纵市场,20170624,20170813,20170717,D12,,,,,,,,,10.0,7.0,1.17,1.69,,,,,,,,,,,,
603116.SH,红蜻蜓,〔2024〕6号,操纵市场,20170624,20170813,20170718,D12,,,,,,,,,10.0,6.0,1.14,1.69,,,,,,,,,,,,
603116.SH,红蜻蜓,〔2024〕6号,操纵市场,20170624,20170813,20170719,D12,,,,,,,,,10.0,5.0,1.1,1.69,,,,,,,,,,,,
603116.SH,红蜻蜓,〔2024〕6号,操纵市场,20170624,20170813,20170721,D8,,,11339.41,,,,,,,,,,0.49,23109.0,0.7,0.63,,,,,,,,
603116.SH,红蜻蜓,〔2024〕6号,操纵市场,20170624,20170813,20170724,D9,1.47,1.52,31168.24,21138.0,,,,,,,,,,,,,,,,,,,,
603116.SH,红蜻蜓,〔2024〕6号,操纵市场,20170624,20170813,20170726,D9,1.79,-0.11,44786.0,24974.0,,,,,,,,,,,,,,,,,,,,
603116.SH,红蜻蜓,〔2024〕6号,操纵市场,20170624,20170813,20170726,D11,,,,,1.11,2.48,0.167,10.0,,,,,,,,,,,,,,,,
603116.SH,红蜻蜓,〔2024〕6号,操纵市场,20170624,20170813,20170727,D9,1.61,1.0,42329.67,26343.0,,,,,,,,,,,,,,,,,,,,
603116.SH,红蜻蜓,〔2024〕6号,操纵市场,20170624,20170813,20170727,D11,,,,,0.88,2.34,0.186,10.0,,,,,,,,,,,,,,,,
603116.SH,红蜻蜓,〔2024〕6号,操纵市场,20170624,20170813,20170727,D12,,,,,,,,,10.0,5.0,1.3,2.57,,,,,,,,,,,,
603116.SH,红蜻蜓,〔2024〕6号,操纵市场,20170624,20170813,20170728,D9,1.71,-0.61,46810.45,27341.0,,,,,,,,,,,,,,,,,,,,
603116.SH,红蜻蜓,〔2024〕6号,操纵市场,20170624,20170813,20170728,D10,,,,,,,,,,,1.7,,,,,,3.0,1.0,,,,,,
603116.SH,红蜻蜓,〔2024〕6号,操纵市场,20170624,20170813,20170728,D11,,,,,1.96,2.59,0.189,10.0,,,,,,,,,,,,,,,,
603116.SH,红蜻蜓,〔2024〕6号,操纵市场,20170624,20170813,20170728,D12,,,,,,,,,10.0,6.0,1.39,2.57,,,,,,,,,,,,
603116.SH,红蜻蜓,〔2024〕6号,操纵市场,20170624,20170813,20170731,D9,1.5,-0.94,42549.11,28369.0,,,,,,,,,,,,,,,,,,,,
603116.SH,红蜻蜓,〔2024〕6号,操纵市场,20170624,20170813,20170731,D10,,,,,,,,,,,1.61,,,,,,3.0,1.0,,,,,,
603116.SH,红蜻蜓,〔2024〕6号,操纵市场,20170624,20170813,20170731,D11,,,,,0.88,2.35,0.231,10.0,,,,,,,,,,,,,,,,
603116.SH,红蜻蜓,〔2024〕6号,操纵市场,20170624,20170813,20170731,D12,,,,,,,,,10.0,6.0,1.38,2.57,,,,,,,,,,,,
603116.SH,红蜻蜓,〔2024〕6号,操纵市场,20170624,20170813,20170801,D12,,,,,,,,,10.0,6.0,1.39,2.57,,,,,,,,,,,,
603116.SH,红蜻蜓,〔2024〕6号,操纵市场,20170624,20170813,20170802,D12,,,,,,,,,10.0,6.0,1.39,2.57,,,,,,,,,,,,
603116.SH,红蜻蜓,〔2024〕6号,操纵市场,20170624,20170813,20170803,D12,,,,,,,,,10.0,6.0,1.35,2.57,,,,,,,,,,,,
603116.SH,红蜻蜓,〔2024〕6号,操纵市场,20170624,20170813,20170808,D12,,,,,,,,,10.0,6.0,1.36,2.57,,,,,,,,,,,,
603116.SH,红蜻蜓,〔2024〕6号,操纵市场,20170624,20170813,20170809,D12,,,,,,,,,10.0,5.0,1.27,2.57,,,,,,,,,,,,
603136.SH,天目湖,,操纵市场,20190703,20190822,20190703,D9,1.42,-1.43,12026.51,8454.0,,,,,,,,,,,,,,,,,,,,
603136.SH,天目湖,,操纵市场,20190703,20190822,20190703,D12,,,,,,,,,10.0,7.0,1.43,2.42,,,,,,,,,,,,
603136.SH,天目湖,,操纵市场,20190703,20190822,20190704,D12,,,,,,,,,10.0,7.0,1.41,2.42,,,,,,,,,,,,
603136.SH,天目湖,,操纵市场,20190703,20190822,20190705,D12,,,,,,,,,10.0,6.0,1.36,2.42,,,,,,,,,,,,
603136.SH,天目湖,,操纵市场,20190703,20190822,20190708,D12,,,,,,,,,10.0,7.0,1.4,2.42,,,,,,,,,,,,
603136.SH,天目湖,,操纵市场,20190703,20190822,20190709,D12,,,,,,,,,10.0,7.0,1.42,2.42,,,,,,,,,,,,
603136.SH,天目湖,,操纵市场,20190703,20190822,20190710,D12,,,,,,,,,10.0,8.0,1.48,2.42,,,,,,,,,,,,
603136.SH,天目湖,,操纵市场,20190703,20190822,20190711,D12,,,,,,,,,10.0,8.0,1.35,2.42,,,,,,,,,,,,
603136.SH,天目湖,,操纵市场,20190703,20190822,20190712,D12,,,,,,,,,10.0,7.0,1.22,2.42,,,,,,,,,,,,
603136.SH,天目湖,,操纵市场,20190703,20190822,20190715,D12,,,,,,,,,10.0,6.0,1.17,2.42,,,,,,,,,,,,
603136.SH,天目湖,,操纵市场,20190703,20190822,20190716,D12,,,,,,,,,10.0,5.0,0.99,1.42,,,,,,,,,,,,
603136.SH,天目湖,,操纵市场,20190703,20190822,20190723,D8,,,2886.3,,,,,,,,,,0.35,8321.0,1.21,1.0,,,,,,,,
603136.SH,天目湖,,操纵市场,20190703,20190822,20190724,D8,,,2790.1,,,,,,,,,,0.35,8069.0,1.96,0.96,,,,,,,,
603136.SH,天目湖,,操纵市场,20190703,20190822,20190725,D8,,,3726.1,,,,,,,,,,0.47,7878.0,1.45,1.28,,,,,,,,
603136.SH,天目湖,,操纵市场,20190703,20190822,20190731,D8,,,3187.75,,,,,,,,,,0.44,7324.0,2.25,1.1,,,,,,,,
603136.SH,天目湖,,操纵市场,20190703,20190822,20190801,D8,,,2961.3,,,,,,,,,,0.41,7281.0,1.27,1.02,,,,,,,,
603136.SH,天目湖,,操纵市场,20190703,20190822,20190807,D9,1.24,-1.43,6380.75,5143.0,,,,,,,,,,,,,,,,,,,,
603136.SH,天目湖,,操纵市场,20190703,20190822,20190809,D9,1.32,1.11,6309.7,4791.0,,,,,,,,,,,,,,,,,,,,
603136.SH,天目湖,,操纵市场,20190703,20190822,20190812,D11,,,,,1.5,4.05,0.22,10.0,,,,,,,,,,,,,,,,
603136.SH,天目湖,,操纵市场,20190703,20190822,20190813,D11,,,,,1.1,6.38,0.441,10.0,,,,,,,,,,,,,,,,
603136.SH,天目湖,,操纵市场,20190703,20190822,20190813,D12,,,,,,,,,10.0,5.0,1.28,3.28,,,,,,,,,,,,
603136.SH,天目湖,,操纵市场,20190703,20190822,20190814,D11,,,,,1.02,6.63,0.589,10.0,,,,,,,,,,,,,,,,
603136.SH,天目湖,,操纵市场,20190703,20190822,20190814,D12,,,,,,,,,10.0,6.0,1.53,3.28,,,,,,,,,,,,
603136.SH,天目湖,,操纵市场,20190703,20190822,20190815,D11,,,,,1.35,6.72,0.67,10.0,,,,,,,,,,,,,,,,
603136.SH,天目湖,,操纵市场,20190703,20190822,20190815,D12,,,,,,,,,10.0,7.0,1.76,3.28,,,,,,,,,,,,
603136.SH,天目湖,,操纵市场,20190703,20190822,20190816,D11,,,,,1.83,17.77,1.306,10.0,,,,,,,,,,,,,,,,
603136.SH,天目湖,,操纵市场,20190703,20190822,20190816,D12,,,,,,,,,10.0,8.0,2.25,5.54,,,,,,,,,,,,
603136.SH,天目湖,,操纵市场,20190703,20190822,20190819,D11,,,,,1.87,11.99,1.461,10.0,,,,,,,,,,,,,,,,
603136.SH,天目湖,,操纵市场,20190703,20190822,20190819,D12,,,,,,,,,10.0,9.0,2.47,5.54,,,,,,,,,,,,
603136.SH,天目湖,,操纵市场,20190703,20190822,20190820,D9,2.06,-1.65,24458.3,11898.0,,,,,,,,,,,,,,,,,,,,
603136.SH,天目湖,,操纵市场,20190703,20190822,20190820,D11,,,,,2.2,8.43,1.301,10.0,,,,,,,,,,,,,,,,
603136.SH,天目湖,,操纵市场,20190703,20190822,20190820,D12,,,,,,,,,10.0,9.0,2.58,5.54,,,,,,,,,,,,
603136.SH,天目湖,,操纵市场,20190703,20190822,20190821,D10,,,,,,,,,,,2.11,,,,,,3.0,2.18,,,,,,
603136.SH,天目湖,,操纵市场,20190703,20190822,20190821,D11,,,,,1.67,4.6,0.874,10.0,,,,,,,,,,,,,,,,
603136.SH,天目湖,,操纵市场,20190703,20190822,20190821,D12,,,,,,,,,10.0,9.0,2.56,5.54,,,,,,,,,,,,
603136.SH,天目湖,,操纵市场,20190703,20190822,20190822,D11,,,,,2.18,3.87,0.342,10.0,,,,,,,,,,,,,,,,
603136.SH,天目湖,,操纵市场,20190703,20190822,20190822,D12,,,,,,,,,10.0,9.0,2.55,5.54,,,,,,,,,,,,
603139.SH,康惠制药,〔2021〕123号、〔2024〕53号,操纵市场,20170527,20170716,20170705,D9,1.82,1.41,30541.36,16806.0,,,,,,,,,,,,,,,,,,,,
603139.SH,康惠制药,〔2021〕123号、〔2024〕53号,操纵市场,20170527,20170716,20170706,D9,2.12,1.29,37085.52,17460.0,,,,,,,,,,,,,,,,,,,,
603139.SH,康惠制药,〔2021〕123号、〔2024〕53号,操纵市场,20170527,20170716,20170707,D9,2.09,1.66,38676.51,18522.0,,,,,,,,,,,,,,,,,,,,
603139.SH,康惠制药,〔2021〕123号、〔2024〕53号,操纵市场,20170527,20170716,20170707,D10,,,,,,,,,,,2.01,,,,,,3.0,1.66,,,,,,
603139.SH,康惠制药,〔2021〕123号、〔2024〕53号,操纵市场,20170527,20170716,20170707,D12,,,,,,,,,10.0,5.0,1.31,2.18,,,,,,,,,,,,
603139.SH,康惠制药,〔2021〕123号、〔2024〕53号,操纵市场,20170527,20170716,20170710,D12,,,,,,,,,10.0,6.0,1.38,2.18,,,,,,,,,,,,
603139.SH,康惠制药,〔2021〕123号、〔2024〕53号,操纵市场,20170527,20170716,20170711,D12,,,,,,,,,10.0,7.0,1.55,2.42,,,,,,,,,,,,
603139.SH,康惠制药,〔2021〕123号、〔2024〕53号,操纵市场,20170527,20170716,20170711,D13,,,,,,,,,,,,,,,,,5.0,,3.56,4.55,,,,
603139.SH,康惠制药,〔2021〕123号、〔2024〕53号,操纵市场,20170527,20170716,20170712,D9,1.75,-0.98,38062.98,21771.0,,,,,,,,,,,,,,,,,,,,
603139.SH,康惠制药,〔2021〕123号、〔2024〕53号,操纵市场,20170527,20170716,20170712,D12,,,,,,,,,10.0,8.0,1.65,2.42,,,,,,,,,,,,
603139.SH,康惠制药,〔2021〕123号、〔2024〕53号,操纵市场,20170527,20170716,20170712,D13,,,,,,,,,,,,,,,,,5.0,,3.89,4.55,,,,
603139.SH,康惠制药,〔2021〕123号、〔2024〕53号,操纵市场,20170527,20170716,20170713,D9,1.27,-1.78,27982.38,22117.0,,,,,,,,,,,,,,,,,,,,
603139.SH,康惠制药,〔2021〕123号、〔2024〕53号,操纵市场,20170527,20170716,20170713,D12,,,,,,,,,10.0,9.0,1.73,2.42,,,,,,,,,,,,
603139.SH,康惠制药,〔2021〕123号、〔2024〕53号,操纵市场,20170527,20170716,20170713,D13,,,,,,,,,,,,,,,,,5.0,,3.73,4.55,,,,
603139.SH,康惠制药,〔2021〕123号、〔2024〕53号,操纵市场,20170527,20170716,20170714,D10,,,,,,,,,,,1.35,,,,,,3.0,2.17,,,,,,
603139.SH,康惠制药,〔2021〕123号、〔2024〕53号,操纵市场,20170527,20170716,20170714,D12,,,,,,,,,10.0,9.0,1.69,2.42,,,,,,,,,,,,
603139.SH,康惠制药,〔2021〕123号、〔2024〕53号,操纵市场,20170527,20170716,20170714,D13,,,,,,,,,,,,,,,,,5.0,,3.99,4.55,,,,
603159.SH,上海亚虹,〔2024〕6号,操纵市场,20180204,20180326,20180302,D11,,,,,1.66,3.12,0.188,10.0,,,,,,,,,,,,,,,,
603159.SH,上海亚虹,〔2024〕6号,操纵市场,20180204,20180326,20180305,D11,,,,,1.89,2.44,0.157,10.0,,,,,,,,,,,,,,,,
603159.SH,上海亚虹,〔2024〕6号,操纵市场,20180204,20180326,20180306,D9,1.46,1.44,10181.0,6959.0,,,,,,,,,,,,,,,,,,,,
603159.SH,上海亚虹,〔2024〕6号,操纵市场,20180204,20180326,20180306,D11,,,,,1.18,4.07,0.221,10.0,,,,,,,,,,,,,,,,
603159.SH,上海亚虹,〔2024〕6号,操纵市场,20180204,20180326,20180308,D9,1.48,1.89,9828.33,6650.0,,,,,,,,,,,,,,,,,,,,
603159.SH,上海亚虹,〔2024〕6号,操纵市场,20180204,20180326,20180309,D12,,,,,,,,,10.0,5.0,1.3,3.31,,,,,,,,,,,,
603159.SH,上海亚虹,〔2024〕6号,操纵市场,20180204,20180326,20180312,D11,,,,,2.55,10.14,0.757,10.0,,,,,,,,,,,,,,,,
603159.SH,上海亚虹,〔2024〕6号,操纵市场,20180204,20180326,20180312,D12,,,,,,,,,10.0,6.0,1.5,3.31,,,,,,,,,,,,
603159.SH,上海亚虹,〔2024〕6号,操纵市场,20180204,20180326,20180313,D11,,,,,2.63,14.05,1.157,10.0,,,,,,,,,,,,,,,,
603159.SH,上海亚虹,〔2024〕6号,操纵市场,20180204,20180326,20180313,D12,,,,,,,,,10.0,7.0,1.77,3.55,,,,,,,,,,,,
603159.SH,上海亚虹,〔2024〕6号,操纵市场,20180204,20180326,20180314,D9,1.74,-2.54,18040.0,10344.0,,,,,,,,,,,,,,,,,,,,
603159.SH,上海亚虹,〔2024〕6号,操纵市场,20180204,20180326,20180314,D11,,,,,2.84,7.22,1.05,10.0,,,,,,,,,,,,,,,,
603159.SH,上海亚虹,〔2024〕6号,操纵市场,20180204,20180326,20180314,D12,,,,,,,,,10.0,8.0,1.86,3.55,,,,,,,,,,,,
603159.SH,上海亚虹,〔2024〕6号,操纵市场,20180204,20180326,20180315,D12,,,,,,,,,10.0,8.0,1.9,3.55,,,,,,,,,,,,
603159.SH,上海亚虹,〔2024〕6号,操纵市场,20180204,20180326,20180316,D11,,,,,2.44,3.32,0.481,10.0,,,,,,,,,,,,,,,,
603159.SH,上海亚虹,〔2024〕6号,操纵市场,20180204,20180326,20180316,D12,,,,,,,,,10.0,7.0,1.87,3.55,,,,,,,,,,,,
603159.SH,上海亚虹,〔2024〕6号,操纵市场,20180204,20180326,20180319,D12,,,,,,,,,10.0,7.0,1.85,3.55,,,,,,,,,,,,
603159.SH,上海亚虹,〔2024〕6号,操纵市场,20180204,20180326,20180320,D12,,,,,,,,,10.0,6.0,1.78,3.55,,,,,,,,,,,,
603159.SH,上海亚虹,〔2024〕6号,操纵市场,20180204,20180326,20180321,D9,1.3,2.3,15414.0,11869.0,,,,,,,,,,,,,,,,,,,,
603159.SH,上海亚虹,〔2024〕6号,操纵市场,20180204,20180326,20180321,D12,,,,,,,,,10.0,7.0,1.81,3.55,,,,,,,,,,,,
603159.SH,上海亚虹,〔2024〕6号,操纵市场,20180204,20180326,20180322,D12,,,,,,,,,10.0,6.0,1.74,3.55,,,,,,,,,,,,
603159.SH,上海亚虹,〔2024〕6号,操纵市场,20180204,20180326,20180323,D12,,,,,,,,,10.0,5.0,1.5,3.55,,,,,,,,,,,,
603178.SH,圣龙股份,〔2021〕124号,操纵市场,20190119,20190310,20190128,D9,1.64,-1.61,13665.72,8321.0,,,,,,,,,,,,,,,,,,,,
603178.SH,圣龙股份,〔2021〕124号,操纵市场,20190119,20190310,20190131,D12,,,,,,,,,10.0,5.0,1.72,4.8,,,,,,,,,,,,
603178.SH,圣龙股份,〔2021〕124号,操纵市场,20190119,20190310,20190201,D11,,,,,1.76,2.27,0.57,10.0,,,,,,,,,,,,,,,,
603178.SH,圣龙股份,〔2021〕124号,操纵市场,20190119,20190310,20190211,D11,,,,,1.37,2.39,0.398,10.0,,,,,,,,,,,,,,,,
603178.SH,圣龙股份,〔2021〕124号,操纵市场,20190119,20190310,20190212,D11,,,,,1.05,2.45,0.196,10.0,,,,,,,,,,,,,,,,
603178.SH,圣龙股份,〔2021〕124号,操纵市场,20190119,20190310,20190214,D12,,,,,,,,,10.0,5.0,1.74,4.8,,,,,,,,,,,,
603178.SH,圣龙股份,〔2021〕124号,操纵市场,20190119,20190310,20190215,D12,,,,,,,,,10.0,5.0,1.74,4.8,,,,,,,,,,,,
603178.SH,圣龙股份,〔2021〕124号,操纵市场,20190119,20190310,20190218,D12,,,,,,,,,10.0,5.0,1.71,4.8,,,,,,,,,,,,
603178.SH,圣龙股份,〔2021〕124号,操纵市场,20190119,20190310,20190219,D9,1.52,0.51,24301.23,15964.0,,,,,,,,,,,,,,,,,,,,
603178.SH,圣龙股份,〔2021〕124号,操纵市场,20190119,20190310,20190219,D12,,,,,,,,,10.0,5.0,1.39,2.76,,,,,,,,,,,,
603178.SH,圣龙股份,〔2021〕124号,操纵市场,20190119,20190310,20190220,D12,,,,,,,,,10.0,5.0,1.21,2.56,,,,,,,,,,,,
603178.SH,圣龙股份,〔2021〕124号,操纵市场,20190119,20190310,20190221,D9,1.55,0.71,26819.28,17288.0,,,,,,,,,,,,,,,,,,,,
603178.SH,圣龙股份,〔2021〕124号,操纵市场,20190119,20190310,20190221,D10,,,,,,,,,,,1.36,,,,,,3.0,1.43,,,,,,
603178.SH,圣龙股份,〔2021〕124号,操纵市场,20190119,20190310,20190221,D11,,,,,2.27,5.26,0.291,10.0,,,,,,,,,,,,,,,,
603178.SH,圣龙股份,〔2021〕124号,操纵市场,20190119,20190310,20190221,D12,,,,,,,,,10.0,5.0,1.11,1.55,,,,,,,,,,,,
603178.SH,圣龙股份,〔2021〕124号,操纵市场,20190119,20190310,20190222,D11,,,,,2.39,2.99,0.21,10.0,,,,,,,,,,,,,,,,
603178.SH,圣龙股份,〔2021〕124号,操纵市场,20190119,20190310,20190222,D12,,,,,,,,,10.0,5.0,1.11,1.55,,,,,,,,,,,,
603178.SH,圣龙股份,〔2021〕124号,操纵市场,20190119,20190310,20190225,D11,,,,,2.45,7.88,0.394,10.0,,,,,,,,,,,,,,,,
603178.SH,圣龙股份,〔2021〕124号,操纵市场,20190119,20190310,20190225,D12,,,,,,,,,10.0,6.0,1.23,2.13,,,,,,,,,,,,
603178.SH,圣龙股份,〔2021〕124号,操纵市场,20190119,20190310,20190226,D11,,,,,2.69,10.47,0.657,10.0,,,,,,,,,,,,,,,,
603178.SH,圣龙股份,〔2021〕124号,操纵市场,20190119,20190310,20190226,D12,,,,,,,,,10.0,7.0,1.39,2.51,,,,,,,,,,,,
603178.SH,圣龙股份,〔2021〕124号,操纵市场,20190119,20190310,20190226,D14,2.21,,,,,,,,,,,,,,,,,,,,9609.0,21211.0,20.0,20.0
603178.SH,圣龙股份,〔2021〕124号,操纵市场,20190119,20190310,20190227,D12,,,,,,,,,10.0,7.0,1.39,2.51,,,,,,,,,,,,
603178.SH,圣龙股份,〔2021〕124号,操纵市场,20190119,20190310,20190227,D14,2.4,,,,,,,,,,,,,,,,,,,,9181.0,22007.0,20.0,20.0
603178.SH,圣龙股份,〔2021〕124号,操纵市场,20190119,20190310,20190228,D11,,,,,2.41,5.37,0.405,10.0,,,,,,,,,,,,,,,,
603178.SH,圣龙股份,〔2021〕124号,操纵市场,20190119,20190310,20190228,D12,,,,,,,,,10.0,7.0,1.4,2.51,,,,,,,,,,,,
603178.SH,圣龙股份,〔2021〕124号,操纵市场,20190119,20190310,20190228,D14,2.78,,,,,,,,,,,,,,,,,,,,8270.0,23023.0,20.0,20.0
603178.SH,圣龙股份,〔2021〕124号,操纵市场,20190119,20190310,20190301,D12,,,,,,,,,10.0,8.0,1.42,2.51,,,,,,,,,,,,
603178.SH,圣龙股份,〔2021〕124号,操纵市场,20190119,20190310,20190301,D14,2.92,,,,,,,,,,,,,,,,,,,,8180.0,23874.0,20.0,20.0
603178.SH,圣龙股份,〔2021〕124号,操纵市场,20190119,20190310,20190304,D12,,,,,,,,,10.0,7.0,1.36,2.51,,,,,,,,,,,,
603178.SH,圣龙股份,〔2021〕124号,操纵市场,20190119,20190310,20190304,D14,2.91,,,,,,,,,,,,,,,,,,,,8321.0,24213.0,20.0,20.0
603178.SH,圣龙股份,〔2021〕124号,操纵市场,20190119,20190310,20190305,D12,,,,,,,,,10.0,7.0,1.32,2.51,,,,,,,,,,,,
603178.SH,圣龙股份,〔2021〕124号,操纵市场,20190119,20190310,20190305,D14,2.22,,,,,,,,,,,,,,,,,,,,10355.0,22999.0,20.0,20.0
603178.SH,圣龙股份,〔2021〕124号,操纵市场,20190119,20190310,20190306,D9,1.53,0.36,35428.28,23153.0,,,,,,,,,,,,,,,,,,,,
603178.SH,圣龙股份,〔2021〕124号,操纵市场,20190119,20190310,20190306,D12,,,,,,,,,10.0,7.0,1.37,2.51,,,,,,,,,,,,
603178.SH,圣龙股份,〔2021〕124号,操纵市场,20190119,20190310,20190307,D11,,,,,2.99,12.29,0.295,10.0,,,,,,,,,,,,,,,,
603178.SH,圣龙股份,〔2021〕124号,操纵市场,20190119,20190310,20190307,D12,,,,,,,,,10.0,7.0,1.47,2.55,,,,,,,,,,,,
603178.SH,圣龙股份,〔2021〕124号,操纵市场,20190119,20190310,20190308,D9,1.61,-2.83,42061.92,26126.0,,,,,,,,,,,,,,,,,,,,
603178.SH,圣龙股份,〔2021〕124号,操纵市场,20190119,20190310,20190308,D12,,,,,,,,,10.0,8.0,1.54,2.55,,,,,,,,,,,,
603218.SH,日月股份,〔2024〕6号,操纵市场,20170620,20170809,20170620,D12,,,,,,,,,10.0,5.0,1.05,1.59,,,,,,,,,,,,
603218.SH,日月股份,〔2024〕6号,操纵市场,20170620,20170809,20170630,D9,1.21,2.61,26869.29,22177.0,,,,,,,,,,,,,,,,,,,,
603218.SH,日月股份,〔2024〕6号,操纵市场,20170620,20170809,20170710,D9,1.28,-2.27,28207.66,22096.0,,,,,,,,,,,,,,,,,,,,
603218.SH,日月股份,〔2024〕6号,操纵市场,20170620,20170809,20170712,D11,,,,,2.67,4.86,0.251,10.0,,,,,,,,,,,,,,,,
603218.SH,日月股份,〔2024〕6号,操纵市场,20170620,20170809,20170720,D12,,,,,,,,,10.0,5.0,1.15,2.15,,,,,,,,,,,,
603218.SH,日月股份,〔2024〕6号,操纵市场,20170620,20170809,20170721,D9,1.38,2.02,29370.22,21340.0,,,,,,,,,,,,,,,,,,,,
603218.SH,日月股份,〔2024〕6号,操纵市场,20170620,20170809,20170721,D12,,,,,,,,,10.0,5.0,1.07,1.56,,,,,,,,,,,,
603218.SH,日月股份,〔2024〕6号,操纵市场,20170620,20170809,20170724,D12,,,,,,,,,10.0,5.0,1.06,1.56,,,,,,,,,,,,
603218.SH,日月股份,〔2024〕6号,操纵市场,20170620,20170809,20170725,D9,1.99,0.61,46857.5,23502.0,,,,,,,,,,,,,,,,,,,,
603218.SH,日月股份,〔2024〕6号,操纵市场,20170620,20170809,20170725,D10,,,,,,,,,,,1.52,,,,,,3.0,2.48,,,,,,
603218.SH,日月股份,〔2024〕6号,操纵市场,20170620,20170809,20170725,D12,,,,,,,,,10.0,6.0,1.16,1.99,,,,,,,,,,,,
603218.SH,日月股份,〔2024〕6号,操纵市场,20170620,20170809,20170726,D12,,,,,,,,,10.0,7.0,1.19,1.99,,,,,,,,,,,,
603218.SH,日月股份,〔2024〕6号,操纵市场,20170620,20170809,20170727,D11,,,,,2.7,4.79,0.315,10.0,,,,,,,,,,,,,,,,
603218.SH,日月股份,〔2024〕6号,操纵市场,20170620,20170809,20170727,D12,,,,,,,,,10.0,7.0,1.21,1.99,,,,,,,,,,,,
603218.SH,日月股份,〔2024〕6号,操纵市场,20170620,20170809,20170728,D12,,,,,,,,,10.0,7.0,1.22,1.99,,,,,,,,,,,,
603218.SH,日月股份,〔2024〕6号,操纵市场,20170620,20170809,20170731,D12,,,,,,,,,10.0,6.0,1.11,1.99,,,,,,,,,,,,
603218.SH,日月股份,〔2024〕6号,操纵市场,20170620,20170809,20170801,D12,,,,,,,,,10.0,5.0,1.07,1.99,,,,,,,,,,,,
603218.SH,日月股份,〔2024〕6号,操纵市场,20170620,20170809,20170802,D12,,,,,,,,,10.0,5.0,1.04,1.99,,,,,,,,,,,,
603238.SH,诺邦股份,〔2021〕124号,操纵市场,20181121,20190110,20181121,D12,,,,,,,,,10.0,5.0,1.33,3.76,,,,,,,,,,,,
603238.SH,诺邦股份,〔2021〕124号,操纵市场,20181121,20190110,20181204,D11,,,,,2.08,3.96,0.364,10.0,,,,,,,,,,,,,,,,
603238.SH,诺邦股份,〔2021〕124号,操纵市场,20181121,20190110,20181205,D11,,,,,2.45,10.44,0.712,10.0,,,,,,,,,,,,,,,,
603238.SH,诺邦股份,〔2021〕124号,操纵市场,20181121,20190110,20181206,D9,1.44,-2.16,16733.0,11632.0,,,,,,,,,,,,,,,,,,,,
603238.SH,诺邦股份,〔2021〕124号,操纵市场,20181121,20190110,20181206,D10,,,,,,,,,,,1.8,,,,,,3.0,2.44,,,,,,
603238.SH,诺邦股份,〔2021〕124号,操纵市场,20181121,20190110,20181206,D11,,,,,2.56,5.58,0.719,10.0,,,,,,,,,,,,,,,,
603238.SH,诺邦股份,〔2021〕124号,操纵市场,20181121,20190110,20181206,D12,,,,,,,,,10.0,5.0,1.23,2.78,,,,,,,,,,,,
603238.SH,诺邦股份,〔2021〕124号,操纵市场,20181121,20190110,20181207,D11,,,,,1.5,3.12,0.562,10.0,,,,,,,,,,,,,,,,
603238.SH,诺邦股份,〔2021〕124号,操纵市场,20181121,20190110,20181207,D12,,,,,,,,,10.0,5.0,1.23,2.78,,,,,,,,,,,,
603238.SH,诺邦股份,〔2021〕124号,操纵市场,20181121,20190110,20181210,D11,,,,,1.62,1.55,0.24,10.0,,,,,,,,,,,,,,,,
603238.SH,诺邦股份,〔2021〕124号,操纵市场,20181121,20190110,20181210,D12,,,,,,,,,10.0,5.0,1.23,2.78,,,,,,,,,,,,
603238.SH,诺邦股份,〔2021〕124号,操纵市场,20181121,20190110,20181211,D12,,,,,,,,,10.0,5.0,1.23,2.78,,,,,,,,,,,,
603238.SH,诺邦股份,〔2021〕124号,操纵市场,20181121,20190110,20181212,D8,,,3472.0,,,,,,,,,,0.41,8464.0,1.93,1.16,,,,,,,,
603238.SH,诺邦股份,〔2021〕124号,操纵市场,20181121,20190110,20181212,D12,,,,,,,,,10.0,5.0,1.21,2.78,,,,,,,,,,,,
603238.SH,诺邦股份,〔2021〕124号,操纵市场,20181121,20190110,20181213,D9,1.22,2.45,11651.26,9580.0,,,,,,,,,,,,,,,,,,,,
603238.SH,诺邦股份,〔2021〕124号,操纵市场,20181121,20190110,20181213,D12,,,,,,,,,10.0,6.0,1.25,2.78,,,,,,,,,,,,
603238.SH,诺邦股份,〔2021〕124号,操纵市场,20181121,20190110,20181214,D12,,,,,,,,,10.0,6.0,1.21,2.78,,,,,,,,,,,,
603238.SH,诺邦股份,〔2021〕124号,操纵市场,20181121,20190110,20181217,D12,,,,,,,,,10.0,5.0,1.07,2.78,,,,,,,,,,,,
603238.SH,诺邦股份,〔2021〕124号,操纵市场,20181121,20190110,20181221,D9,1.24,0.61,13529.65,10943.0,,,,,,,,,,,,,,,,,,,,
603238.SH,诺邦股份,〔2021〕124号,操纵市场,20181121,20190110,20181221,D11,,,,,1.55,4.51,0.401,10.0,,,,,,,,,,,,,,,,
603238.SH,诺邦股份,〔2021〕124号,操纵市场,20181121,20190110,20181224,D11,,,,,1.75,2.75,0.275,10.0,,,,,,,,,,,,,,,,
603238.SH,诺邦股份,〔2021〕124号,操纵市场,20181121,20190110,20181225,D11,,,,,1.16,3.0,0.162,10.0,,,,,,,,,,,,,,,,
603238.SH,诺邦股份,〔2021〕124号,操纵市场,20181121,20190110,20181226,D12,,,,,,,,,10.0,5.0,1.06,2.11,,,,,,,,,,,,
603238.SH,诺邦股份,〔2021〕124号,操纵市场,20181121,20190110,20190108,D11,,,,,2.75,3.71,0.207,10.0,,,,,,,,,,,,,,,,
603238.SH,诺邦股份,〔2021〕124号,操纵市场,20181121,20190110,20190110,D12,,,,,,,,,10.0,5.0,1.55,4.5,,,,,,,,,,,,
603239.SH,浙江仙通,,操纵市场,20190511,20190630,20190517,D12,,,,,,,,,10.0,5.0,1.1,1.62,,,,,,,,,,,,
603239.SH,浙江仙通,,操纵市场,20190511,20190630,20190520,D12,,,,,,,,,10.0,5.0,1.08,1.62,,,,,,,,,,,,
603239.SH,浙江仙通,,操纵市场,20190511,20190630,20190528,D9,1.23,0.43,29851.13,24361.0,,,,,,,,,,,,,,,,,,,,
603239.SH,浙江仙通,,操纵市场,20190511,20190630,20190529,D9,1.3,-0.97,31978.5,24657.0,,,,,,,,,,,,,,,,,,,,
603239.SH,浙江仙通,,操纵市场,20190511,20190630,20190530,D8,,,17307.0,,,,,,,,,,0.42,41639.0,2.06,1.91,,,,,,,,
603239.SH,浙江仙通,,操纵市场,20190511,20190630,20190531,D8,,,16669.52,,,,,,,,,,0.41,40757.0,2.85,1.84,,,,,,,,
603239.SH,浙江仙通,,操纵市场,20190511,20190630,20190603,D11,,,,,2.19,5.56,0.222,10.0,,,,,,,,,,,,,,,,
603239.SH,浙江仙通,,操纵市场,20190511,20190630,20190604,D9,1.48,0.42,38482.72,26060.0,,,,,,,,,,,,,,,,,,,,
603239.SH,浙江仙通,,操纵市场,20190511,20190630,20190604,D11,,,,,1.81,4.24,0.282,10.0,,,,,,,,,,,,,,,,
603239.SH,浙江仙通,,操纵市场,20190511,20190630,20190605,D11,,,,,1.94,9.8,0.594,10.0,,,,,,,,,,,,,,,,
603239.SH,浙江仙通,,操纵市场,20190511,20190630,20190605,D12,,,,,,,,,10.0,5.0,1.26,3.03,,,,,,,,,,,,
603239.SH,浙江仙通,,操纵市场,20190511,20190630,20190606,D11,,,,,1.72,5.32,0.574,10.0,,,,,,,,,,,,,,,,
603239.SH,浙江仙通,,操纵市场,20190511,20190630,20190606,D12,,,,,,,,,10.0,6.0,1.35,3.03,,,,,,,,,,,,
603239.SH,浙江仙通,,操纵市场,20190511,20190630,20190610,D11,,,,,2.44,3.95,0.424,10.0,,,,,,,,,,,,,,,,
603239.SH,浙江仙通,,操纵市场,20190511,20190630,20190610,D12,,,,,,,,,10.0,7.0,1.41,3.03,,,,,,,,,,,,
603239.SH,浙江仙通,,操纵市场,20190511,20190630,20190611,D12,,,,,,,,,10.0,8.0,1.52,3.03,,,,,,,,,,,,
603239.SH,浙江仙通,,操纵市场,20190511,20190630,20190612,D12,,,,,,,,,10.0,8.0,1.64,3.03,,,,,,,,,,,,
603239.SH,浙江仙通,,操纵市场,20190511,20190630,20190613,D11,,,,,1.91,17.6,1.206,10.0,,,,,,,,,,,,,,,,
603239.SH,浙江仙通,,操纵市场,20190511,20190630,20190613,D12,,,,,,,,,10.0,8.0,1.89,3.77,,,,,,,,,,,,
603239.SH,浙江仙通,,操纵市场,20190511,20190630,20190614,D11,,,,,1.84,8.83,1.001,10.0,,,,,,,,,,,,,,,,
603239.SH,浙江仙通,,操纵市场,20190511,20190630,20190614,D12,,,,,,,,,10.0,9.0,1.99,3.77,,,,,,,,,,,,
603239.SH,浙江仙通,,操纵市场,20190511,20190630,20190617,D12,,,,,,,,,10.0,9.0,2.0,3.77,,,,,,,,,,,,
603239.SH,浙江仙通,,操纵市场,20190511,20190630,20190618,D12,,,,,,,,,10.0,8.0,1.85,3.77,,,,,,,,,,,,
603239.SH,浙江仙通,,操纵市场,20190511,20190630,20190619,D12,,,,,,,,,10.0,7.0,1.78,3.77,,,,,,,,,,,,
603239.SH,浙江仙通,,操纵市场,20190511,20190630,20190620,D12,,,,,,,,,10.0,6.0,1.55,3.77,,,,,,,,,,,,
603239.SH,浙江仙通,,操纵市场,20190511,20190630,20190621,D12,,,,,,,,,10.0,5.0,1.47,3.77,,,,,,,,,,,,
603239.SH,浙江仙通,,操纵市场,20190511,20190630,20190626,D8,,,16845.54,,,,,,,,,,0.49,34366.0,1.83,1.86,,,,,,,,
603286.SH,日盈电子,〔2024〕55号,操纵市场,20170717,20170905,20170822,D9,1.66,1.83,57994.33,35024.0,,,,,,,,,,,,,,,,,,,,
603286.SH,日盈电子,〔2024〕55号,操纵市场,20170717,20170905,20170823,D9,1.36,1.95,47594.43,35102.0,,,,,,,,,,,,,,,,,,,,
603286.SH,日盈电子,〔2024〕55号,操纵市场,20170717,20170905,20170824,D9,1.45,-1.84,51114.06,35346.0,,,,,,,,,,,,,,,,,,,,
603286.SH,日盈电子,〔2024〕55号,操纵市场,20170717,20170905,20170824,D10,,,,,,,,,,,1.49,,,,,,3.0,1.95,,,,,,
603286.SH,日盈电子,〔2024〕55号,操纵市场,20170717,20170905,20170825,D12,,,,,,,,,10.0,5.0,1.01,1.66,,,,,,,,,,,,
603286.SH,日盈电子,〔2024〕55号,操纵市场,20170717,20170905,20170828,D12,,,,,,,,,10.0,6.0,1.15,2.14,,,,,,,,,,,,
603286.SH,日盈电子,〔2024〕55号,操纵市场,20170717,20170905,20170829,D12,,,,,,,,,10.0,7.0,1.35,2.41,,,,,,,,,,,,
603286.SH,日盈电子,〔2024〕55号,操纵市场,20170717,20170905,20170830,D12,,,,,,,,,10.0,8.0,1.47,2.41,,,,,,,,,,,,
603286.SH,日盈电子,〔2024〕55号,操纵市场,20170717,20170905,20170831,D12,,,,,,,,,10.0,9.0,1.55,2.41,,,,,,,,,,,,
603286.SH,日盈电子,〔2024〕55号,操纵市场,20170717,20170905,20170901,D12,,,,,,,,,10.0,10.0,1.6,2.41,,,,,,,,,,,,
603286.SH,日盈电子,〔2024〕55号,操纵市场,20170717,20170905,20170904,D12,,,,,,,,,10.0,10.0,1.6,2.41,,,,,,,,,,,,
603286.SH,日盈电子,〔2024〕55号,操纵市场,20170717,20170905,20170905,D12,,,,,,,,,10.0,9.0,1.51,2.41,,,,,,,,,,,,
603319.SH,湘油泵,〔2024〕54号,操纵市场,20170514,20170703,20170606,D8,,,3072.85,,,,,,,,,,0.21,14581.0,2.45,1.52,,,,,,,,
603319.SH,湘油泵,〔2024〕54号,操纵市场,20170514,20170703,20170608,D9,1.28,-0.05,9325.0,7282.0,,,,,,,,,,,,,,,,,,,,
603319.SH,湘油泵,〔2024〕54号,操纵市场,20170514,20170703,20170613,D12,,,,,,,,,10.0,5.0,0.97,1.54,,,,,,,,,,,,
603319.SH,湘油泵,〔2024〕54号,操纵市场,20170514,20170703,20170614,D12,,,,,,,,,10.0,6.0,1.34,4.59,,,,,,,,,,,,
603319.SH,湘油泵,〔2024〕54号,操纵市场,20170514,20170703,20170615,D12,,,,,,,,,10.0,6.0,1.57,4.59,,,,,,,,,,,,
603319.SH,湘油泵,〔2024〕54号,操纵市场,20170514,20170703,20170616,D11,,,,,2.06,15.0,1.92,10.0,,,,,,,,,,,,,,,,
603319.SH,湘油泵,〔2024〕54号,操纵市场,20170514,20170703,20170616,D12,,,,,,,,,10.0,7.0,1.76,4.59,,,,,,,,,,,,
603319.SH,湘油泵,〔2024〕54号,操纵市场,20170514,20170703,20170619,D11,,,,,1.52,20.6,2.235,10.0,,,,,,,,,,,,,,,,
603319.SH,湘油泵,〔2024〕54号,操纵市场,20170514,20170703,20170619,D12,,,,,,,,,10.0,8.0,2.01,4.59,,,,,,,,,,,,
603319.SH,湘油泵,〔2024〕54号,操纵市场,20170514,20170703,20170620,D10,,,,,,,,,,,2.97,,,,,,3.0,2.96,,,,,,
603319.SH,湘油泵,〔2024〕54号,操纵市场,20170514,20170703,20170620,D12,,,,,,,,,10.0,9.0,2.29,4.59,,,,,,,,,,,,
603319.SH,湘油泵,〔2024〕54号,操纵市场,20170514,20170703,20170621,D12,,,,,,,,,10.0,9.0,2.33,4.59,,,,,,,,,,,,
603319.SH,湘油泵,〔2024〕54号,操纵市场,20170514,20170703,20170622,D12,,,,,,,,,10.0,9.0,2.32,4.59,,,,,,,,,,,,
603319.SH,湘油泵,〔2024〕54号,操纵市场,20170514,20170703,20170623,D12,,,,,,,,,10.0,10.0,2.38,4.59,,,,,,,,,,,,
603319.SH,湘油泵,〔2024〕54号,操纵市场,20170514,20170703,20170626,D12,,,,,,,,,10.0,10.0,2.48,4.59,,,,,,,,,,,,
603319.SH,湘油泵,〔2024〕54号,操纵市场,20170514,20170703,20170626,D14,2.16,,,,,,,,,,,,,,,,,,,,8972.0,19421.0,20.0,20.0
603319.SH,湘油泵,〔2024〕54号,操纵市场,20170514,20170703,20170627,D9,2.12,2.7,45347.0,21417.0,,,,,,,,,,,,,,,,,,,,
603319.SH,湘油泵,〔2024〕54号,操纵市场,20170514,20170703,20170627,D12,,,,,,,,,10.0,10.0,2.54,4.59,,,,,,,,,,,,
603319.SH,湘油泵,〔2024〕54号,操纵市场,20170514,20170703,20170627,D14,2.48,,,,,,,,,,,,,,,,,,,,8625.0,21417.0,20.0,20.0
603319.SH,湘油泵,〔2024〕54号,操纵市场,20170514,20170703,20170628,D9,1.38,-2.67,31174.41,22624.0,,,,,,,,,,,,,,,,,,,,
603319.SH,湘油泵,〔2024〕54号,操纵市场,20170514,20170703,20170628,D12,,,,,,,,,10.0,10.0,2.22,3.43,,,,,,,,,,,,
603319.SH,湘油泵,〔2024〕54号,操纵市场,20170514,20170703,20170628,D14,2.64,,,,,,,,,,,,,,,,,,,,8582.0,22624.0,20.0,20.0
603319.SH,湘油泵,〔2024〕54号,操纵市场,20170514,20170703,20170629,D12,,,,,,,,,10.0,10.0,2.04,3.14,,,,,,,,,,,,
603319.SH,湘油泵,〔2024〕54号,操纵市场,20170514,20170703,20170629,D14,2.92,,,,,,,,,,,,,,,,,,,,8308.0,24224.0,20.0,20.0
603319.SH,湘油泵,〔2024〕54号,操纵市场,20170514,20170703,20170630,D12,,,,,,,,,10.0,9.0,1.85,3.14,,,,,,,,,,,,
603319.SH,湘油泵,〔2024〕54号,操纵市场,20170514,20170703,20170630,D14,3.21,,,,,,,,,,,,,,,,,,,,7725.0,24782.0,20.0,20.0
603319.SH,湘油泵,〔2024〕54号,操纵市场,20170514,20170703,20170703,D12,,,,,,,,,10.0,9.0,1.65,3.14,,,,,,,,,,,,
603319.SH,湘油泵,〔2024〕54号,操纵市场,20170514,20170703,20170703,D14,3.53,,,,,,,,,,,,,,,,,,,,7355.0,25992.0,20.0,20.0
603321.SH,梅轮电梯,〔2021〕127号,操纵市场,20181225,20190213,20181227,D9,2.2,1.72,48135.1,21902.0,,,,,,,,,,,,,,,,,,,,
603321.SH,梅轮电梯,〔2021〕127号,操纵市场,20181225,20190213,20190103,D12,,,,,,,,,10.0,5.0,1.57,4.25,,,,,,,,,,,,
603321.SH,梅轮电梯,〔2021〕127号,操纵市场,20181225,20190213,20190104,D12,,,,,,,,,10.0,5.0,1.59,4.25,,,,,,,,,,,,
603321.SH,梅轮电梯,〔2021〕127号,操纵市场,20181225,20190213,20190107,D12,,,,,,,,,10.0,6.0,1.65,4.25,,,,,,,,,,,,
603321.SH,梅轮电梯,〔2021〕127号,操纵市场,20181225,20190213,20190108,D12,,,,,,,,,10.0,6.0,1.66,4.25,,,,,,,,,,,,
603321.SH,梅轮电梯,〔2021〕127号,操纵市场,20181225,20190213,20190109,D12,,,,,,,,,10.0,6.0,1.66,4.25,,,,,,,,,,,,
603321.SH,梅轮电梯,〔2021〕127号,操纵市场,20181225,20190213,20190110,D12,,,,,,,,,10.0,6.0,1.63,4.25,,,,,,,,,,,,
603321.SH,梅轮电梯,〔2021〕127号,操纵市场,20181225,20190213,20190111,D12,,,,,,,,,10.0,5.0,1.43,4.25,,,,,,,,,,,,
603321.SH,梅轮电梯,〔2021〕127号,操纵市场,20181225,20190213,20190116,D11,,,,,2.53,7.08,0.22,10.0,,,,,,,,,,,,,,,,
603321.SH,梅轮电梯,〔2021〕127号,操纵市场,20181225,20190213,20190117,D11,,,,,2.11,2.63,0.236,10.0,,,,,,,,,,,,,,,,
603321.SH,梅轮电梯,〔2021〕127号,操纵市场,20181225,20190213,20190122,D11,,,,,1.31,4.33,0.221,10.0,,,,,,,,,,,,,,,,
603321.SH,梅轮电梯,〔2021〕127号,操纵市场,20181225,20190213,20190123,D11,,,,,1.05,3.46,0.194,10.0,,,,,,,,,,,,,,,,
603321.SH,梅轮电梯,〔2021〕127号,操纵市场,20181225,20190213,20190124,D11,,,,,1.9,4.93,0.203,10.0,,,,,,,,,,,,,,,,
603321.SH,梅轮电梯,〔2021〕127号,操纵市场,20181225,20190213,20190124,D14,2.06,,,,,,,,,,,,,,,,,,,,18694.0,38537.0,20.0,20.0
603321.SH,梅轮电梯,〔2021〕127号,操纵市场,20181225,20190213,20190125,D11,,,,,1.38,13.81,0.707,10.0,,,,,,,,,,,,,,,,
603321.SH,梅轮电梯,〔2021〕127号,操纵市场,20181225,20190213,20190125,D12,,,,,,,,,10.0,5.0,1.38,3.67,,,,,,,,,,,,
603321.SH,梅轮电梯,〔2021〕127号,操纵市场,20181225,20190213,20190125,D14,2.16,,,,,,,,,,,,,,,,,,,,20263.0,43745.0,20.0,20.0
603321.SH,梅轮电梯,〔2021〕127号,操纵市场,20181225,20190213,20190128,D11,,,,,2.45,18.27,1.275,10.0,,,,,,,,,,,,,,,,
603321.SH,梅轮电梯,〔2021〕127号,操纵市场,20181225,20190213,20190128,D12,,,,,,,,,10.0,6.0,1.73,4.08,,,,,,,,,,,,
603321.SH,梅轮电梯,〔2021〕127号,操纵市场,20181225,20190213,20190128,D14,2.37,,,,,,,,,,,,,,,,,,,,21902.0,51945.0,20.0,20.0
603321.SH,梅轮电梯,〔2021〕127号,操纵市场,20181225,20190213,20190129,D12,,,,,,,,,10.0,7.0,2.06,4.23,,,,,,,,,,,,
603321.SH,梅轮电梯,〔2021〕127号,操纵市场,20181225,20190213,20190129,D14,2.22,,,,,,,,,,,,,,,,,,,,26415.0,58768.0,20.0,20.0
603321.SH,梅轮电梯,〔2021〕127号,操纵市场,20181225,20190213,20190130,D11,,,,,2.63,25.92,2.813,10.0,,,,,,,,,,,,,,,,
603321.SH,梅轮电梯,〔2021〕127号,操纵市场,20181225,20190213,20190130,D12,,,,,,,,,10.0,7.0,2.22,4.25,,,,,,,,,,,,
603321.SH,梅轮电梯,〔2021〕127号,操纵市场,20181225,20190213,20190130,D14,2.61,,,,,,,,,,,,,,,,,,,,27138.0,70872.0,20.0,20.0
603321.SH,梅轮电梯,〔2021〕127号,操纵市场,20181225,20190213,20190131,D11,,,,,1.2,15.37,2.642,10.0,,,,,,,,,,,,,,,,
603321.SH,梅轮电梯,〔2021〕127号,操纵市场,20181225,20190213,20190131,D12,,,,,,,,,10.0,8.0,2.36,4.25,,,,,,,,,,,,
603321.SH,梅轮电梯,〔2021〕127号,操纵市场,20181225,20190213,20190131,D14,2.97,,,,,,,,,,,,,,,,,,,,26414.0,78327.0,20.0,20.0
603321.SH,梅轮电梯,〔2021〕127号,操纵市场,20181225,20190213,20190201,D9,2.17,0.8,187458.58,86473.0,,,,,,,,,,,,,,,,,,,,
603321.SH,梅轮电梯,〔2021〕127号,操纵市场,20181225,20190213,20190201,D11,,,,,1.68,16.15,2.265,10.0,,,,,,,,,,,,,,,,
603321.SH,梅轮电梯,〔2021〕127号,操纵市场,20181225,20190213,20190201,D12,,,,,,,,,10.0,9.0,2.53,4.25,,,,,,,,,,,,
603321.SH,梅轮电梯,〔2021〕127号,操纵市场,20181225,20190213,20190201,D14,3.23,,,,,,,,,,,,,,,,,,,,26763.0,86473.0,20.0,20.0
603321.SH,梅轮电梯,〔2021〕127号,操纵市场,20181225,20190213,20190211,D9,2.26,1.47,216501.26,95688.0,,,,,,,,,,,,,,,,,,,,
603321.SH,梅轮电梯,〔2021〕127号,操纵市场,20181225,20190213,20190211,D12,,,,,,,,,10.0,10.0,2.7,4.25,,,,,,,,,,,,
603321.SH,梅轮电梯,〔2021〕127号,操纵市场,20181225,20190213,20190211,D14,3.46,,,,,,,,,,,,,,,,,,,,27650.0,95688.0,20.0,20.0
603321.SH,梅轮电梯,〔2021〕127号,操纵市场,20181225,20190213,20190212,D9,2.11,-1.0,222600.13,105746.0,,,,,,,,,,,,,,,,,,,,
603321.SH,梅轮电梯,〔2021〕127号,操纵市场,20181225,20190213,20190212,D10,,,,,,,,,,,2.18,,,,,,3.0,1.47,,,,,,
603321.SH,梅轮电梯,〔2021〕127号,操纵市场,20181225,20190213,20190212,D12,,,,,,,,,10.0,10.0,2.76,4.25,,,,,,,,,,,,
603321.SH,梅轮电梯,〔2021〕127号,操纵市场,20181225,20190213,20190212,D14,3.74,,,,,,,,,,,,,,,,,,,,28285.0,105746.0,20.0,20.0
603321.SH,梅轮电梯,〔2021〕127号,操纵市场,20181225,20190213,20190213,D12,,,,,,,,,10.0,10.0,2.82,4.25,,,,,,,,,,,,
603321.SH,梅轮电梯,〔2021〕127号,操纵市场,20181225,20190213,20190213,D14,4.04,,,,,,,,,,,,,,,,,,,,28409.0,114691.0,20.0,20.0
603388.SH,元成股份,〔2021〕84号,内幕交易,20170526,20170715,20170612,D12,,,,,,,,,10.0,5.0,1.54,5.23,,,,,,,,,,,,
603388.SH,元成股份,〔2021〕84号,内幕交易,20170526,20170715,20170613,D12,,,,,,,,,10.0,6.0,1.72,5.23,,,,,,,,,,,,
603388.SH,元成股份,〔2021〕84号,内幕交易,20170526,20170715,20170614,D12,,,,,,,,,10.0,6.0,1.78,5.23,,,,,,,,,,,,
603388.SH,元成股份,〔2021〕84号,内幕交易,20170526,20170715,20170615,D9,1.44,2.25,44442.33,30958.0,,,,,,,,,,,,,,,,,,,,
603388.SH,元成股份,〔2021〕84号,内幕交易,20170526,20170715,20170615,D12,,,,,,,,,10.0,7.0,1.84,5.23,,,,,,,,,,,,
603388.SH,元成股份,〔2021〕84号,内幕交易,20170526,20170715,20170616,D12,,,,,,,,,10.0,8.0,1.89,5.23,,,,,,,,,,,,
603388.SH,元成股份,〔2021〕84号,内幕交易,20170526,20170715,20170619,D12,,,,,,,,,10.0,8.0,1.9,5.23,,,,,,,,,,,,
603388.SH,元成股份,〔2021〕84号,内幕交易,20170526,20170715,20170620,D12,,,,,,,,,10.0,9.0,1.99,5.23,,,,,,,,,,,,
603388.SH,元成股份,〔2021〕84号,内幕交易,20170526,20170715,20170621,D12,,,,,,,,,10.0,9.0,2.1,5.23,,,,,,,,,,,,
603388.SH,元成股份,〔2021〕84号,内幕交易,20170526,20170715,20170622,D12,,,,,,,,,10.0,9.0,2.12,5.23,,,,,,,,,,,,
603388.SH,元成股份,〔2021〕84号,内幕交易,20170526,20170715,20170623,D12,,,,,,,,,10.0,9.0,1.72,2.67,,,,,,,,,,,,
603388.SH,元成股份,〔2021〕84号,内幕交易,20170526,20170715,20170626,D12,,,,,,,,,10.0,8.0,1.53,2.6,,,,,,,,,,,,
603388.SH,元成股份,〔2021〕84号,内幕交易,20170526,20170715,20170627,D12,,,,,,,,,10.0,7.0,1.35,2.41,,,,,,,,,,,,
603388.SH,元成股份,〔2021〕84号,内幕交易,20170526,20170715,20170627,D14,2.08,,,,,,,,,,,,,,,,,,,,20980.0,43666.0,20.0,20.0
603388.SH,元成股份,〔2021〕84号,内幕交易,20170526,20170715,20170628,D12,,,,,,,,,10.0,6.0,1.24,2.41,,,,,,,,,,,,
603388.SH,元成股份,〔2021〕84号,内幕交易,20170526,20170715,20170628,D14,2.13,,,,,,,,,,,,,,,,,,,,20507.0,43779.0,20.0,20.0
603388.SH,元成股份,〔2021〕84号,内幕交易,20170526,20170715,20170629,D12,,,,,,,,,10.0,5.0,1.14,2.41,,,,,,,,,,,,
603388.SH,元成股份,〔2021〕84号,内幕交易,20170526,20170715,20170629,D14,2.21,,,,,,,,,,,,,,,,,,,,19947.0,44084.0,20.0,20.0
603388.SH,元成股份,〔2021〕84号,内幕交易,20170526,20170715,20170630,D14,2.43,,,,,,,,,,,,,,,,,,,,18806.0,45634.0,20.0,20.0
603388.SH,元成股份,〔2021〕84号,内幕交易,20170526,20170715,20170703,D14,2.52,,,,,,,,,,,,,,,,,,,,18505.0,46582.0,20.0,20.0
603388.SH,元成股份,〔2021〕84号,内幕交易,20170526,20170715,20170704,D14,2.77,,,,,,,,,,,,,,,,,,,,17694.0,49006.0,20.0,20.0
603388.SH,元成股份,〔2021〕84号,内幕交易,20170526,20170715,20170705,D14,2.81,,,,,,,,,,,,,,,,,,,,17750.0,49956.0,20.0,20.0
603388.SH,元成股份,〔2021〕84号,内幕交易,20170526,20170715,20170706,D14,2.77,,,,,,,,,,,,,,,,,,,,18212.0,50483.0,20.0,20.0
603518.SH,维格娜丝,〔2024〕6号,操纵市场,20170625,20170814,20170721,D9,1.23,1.35,9795.76,7963.0,,,,,,,,,,,,,,,,,,,,
603518.SH,维格娜丝,〔2024〕6号,操纵市场,20170625,20170814,20170726,D8,,,4512.17,,,,,,,,,,0.5,9049.0,2.25,0.81,,,,,,,,
603518.SH,维格娜丝,〔2024〕6号,操纵市场,20170625,20170814,20170731,D9,1.47,1.7,12183.09,8265.0,,,,,,,,,,,,,,,,,,,,
603518.SH,维格娜丝,〔2024〕6号,操纵市场,20170625,20170814,20170731,D10,,,,,,,,,,,1.18,,,,,,3.0,2.26,,,,,,
603518.SH,维格娜丝,〔2024〕6号,操纵市场,20170625,20170814,20170803,D12,,,,,,,,,10.0,5.0,1.11,2.2,,,,,,,,,,,,
603518.SH,维格娜丝,〔2024〕6号,操纵市场,20170625,20170814,20170804,D9,2.22,-0.12,20632.25,9288.0,,,,,,,,,,,,,,,,,,,,
603518.SH,维格娜丝,〔2024〕6号,操纵市场,20170625,20170814,20170804,D11,,,,,1.06,3.71,0.257,10.0,,,,,,,,,,,,,,,,
603518.SH,维格娜丝,〔2024〕6号,操纵市场,20170625,20170814,20170804,D12,,,,,,,,,10.0,5.0,1.21,2.22,,,,,,,,,,,,
603518.SH,维格娜丝,〔2024〕6号,操纵市场,20170625,20170814,20170807,D11,,,,,1.25,2.02,0.216,10.0,,,,,,,,,,,,,,,,
603518.SH,维格娜丝,〔2024〕6号,操纵市场,20170625,20170814,20170807,D12,,,,,,,,,10.0,6.0,1.25,2.22,,,,,,,,,,,,
603518.SH,维格娜丝,〔2024〕6号,操纵市场,20170625,20170814,20170808,D9,2.09,-2.74,21001.27,10051.0,,,,,,,,,,,,,,,,,,,,
603518.SH,维格娜丝,〔2024〕6号,操纵市场,20170625,20170814,20170808,D10,,,,,,,,,,,1.83,,,,,,3.0,2.74,,,,,,
603518.SH,维格娜丝,〔2024〕6号,操纵市场,20170625,20170814,20170808,D11,,,,,0.81,3.78,0.273,10.0,,,,,,,,,,,,,,,,
603518.SH,维格娜丝,〔2024〕6号,操纵市场,20170625,20170814,20170808,D12,,,,,,,,,10.0,7.0,1.37,2.22,,,,,,,,,,,,
603518.SH,维格娜丝,〔2024〕6号,操纵市场,20170625,20170814,20170809,D9,1.78,0.41,18719.32,10523.0,,,,,,,,,,,,,,,,,,,,
603518.SH,维格娜丝,〔2024〕6号,操纵市场,20170625,20170814,20170809,D10,,,,,,,,,,,1.69,,,,,,3.0,2.74,,,,,,
603518.SH,维格娜丝,〔2024〕6号,操纵市场,20170625,20170814,20170809,D11,,,,,1.52,3.37,0.246,10.0,,,,,,,,,,,,,,,,
603518.SH,维格娜丝,〔2024〕6号,操纵市场,20170625,20170814,20170809,D12,,,,,,,,,10.0,8.0,1.49,2.22,,,,,,,,,,,,
603518.SH,维格娜丝,〔2024〕6号,操纵市场,20170625,20170814,20170810,D10,,,,,,,,,,,1.64,,,,,,3.0,2.93,,,,,,
603518.SH,维格娜丝,〔2024〕6号,操纵市场,20170625,20170814,20170810,D11,,,,,1.48,2.04,0.164,10.0,,,,,,,,,,,,,,,,
603518.SH,维格娜丝,〔2024〕6号,操纵市场,20170625,20170814,20170810,D12,,,,,,,,,10.0,8.0,1.49,2.22,,,,,,,,,,,,
603518.SH,维格娜丝,〔2024〕6号,操纵市场,20170625,20170814,20170811,D12,,,,,,,,,10.0,7.0,1.48,2.22,,,,,,,,,,,,
603518.SH,维格娜丝,〔2024〕6号,操纵市场,20170625,20170814,20170814,D12,,,,,,,,,10.0,6.0,1.41,2.22,,,,,,,,,,,,
603555.SH,贵人鸟,〔2023〕36号,操纵市场,20150415,20150604,20150421,D9,1.6,0.83,87533.66,54779.0,,,,,,,,,,,,,,,,,,,,
603555.SH,贵人鸟,〔2023〕36号,操纵市场,20150415,20150604,20150423,D9,1.45,0.75,82186.04,56626.0,,,,,,,,,,,,,,,,,,,,
603555.SH,贵人鸟,〔2023〕36号,操纵市场,20150415,20150604,20150424,D9,1.58,-0.07,92734.32,58724.0,,,,,,,,,,,,,,,,,,,,
603555.SH,贵人鸟,〔2023〕36号,操纵市场,20150415,20150604,20150430,D12,,,,,,,,,10.0,5.0,1.16,1.97,,,,,,,,,,,,
603555.SH,贵人鸟,〔2023〕36号,操纵市场,20150415,20150604,20150504,D12,,,,,,,,,10.0,5.0,1.13,1.97,,,,,,,,,,,,
603555.SH,贵人鸟,〔2023〕36号,操纵市场,20150415,20150604,20150505,D12,,,,,,,,,10.0,5.0,1.11,1.97,,,,,,,,,,,,
603555.SH,贵人鸟,〔2023〕36号,操纵市场,20150415,20150604,20150525,D9,1.61,-1.05,89750.44,55917.0,,,,,,,,,,,,,,,,,,,,
603555.SH,贵人鸟,〔2023〕36号,操纵市场,20150415,20150604,20150525,D11,,,,,2.58,7.88,0.242,10.0,,,,,,,,,,,,,,,,
603555.SH,贵人鸟,〔2023〕36号,操纵市场,20150415,20150604,20150525,D12,,,,,,,,,10.0,5.0,0.96,1.61,,,,,,,,,,,,
603555.SH,贵人鸟,〔2023〕36号,操纵市场,20150415,20150604,20150526,D12,,,,,,,,,10.0,6.0,1.05,1.61,,,,,,,,,,,,
603555.SH,贵人鸟,〔2023〕36号,操纵市场,20150415,20150604,20150527,D12,,,,,,,,,10.0,7.0,1.11,1.61,,,,,,,,,,,,
603555.SH,贵人鸟,〔2023〕36号,操纵市场,20150415,20150604,20150528,D12,,,,,,,,,10.0,6.0,1.1,1.61,,,,,,,,,,,,
603555.SH,贵人鸟,〔2023〕36号,操纵市场,20150415,20150604,20150529,D9,1.21,-1.99,63146.44,52096.0,,,,,,,,,,,,,,,,,,,,
603555.SH,贵人鸟,〔2023〕36号,操纵市场,20150415,20150604,20150529,D12,,,,,,,,,10.0,6.0,1.11,1.61,,,,,,,,,,,,
603555.SH,贵人鸟,〔2023〕36号,操纵市场,20150415,20150604,20150601,D12,,,,,,,,,10.0,5.0,1.07,1.61,,,,,,,,,,,,
603555.SH,贵人鸟,〔2023〕36号,操纵市场,20150415,20150604,20150602,D12,,,,,,,,,10.0,5.0,1.07,1.61,,,,,,,,,,,,
603555.SH,贵人鸟,〔2023〕36号,操纵市场,20150415,20150604,20150603,D12,,,,,,,,,10.0,6.0,1.1,1.61,,,,,,,,,,,,
603555.SH,贵人鸟,〔2023〕36号,操纵市场,20150415,20150604,20150604,D12,,,,,,,,,10.0,6.0,1.1,1.61,,,,,,,,,,,,
603577.SH,汇金通,,操纵市场,20170204,20170326,20170215,D9,1.42,-1.21,76418.19,53676.0,,,,,,,,,,,,,,,,,,,,
603577.SH,汇金通,,操纵市场,20170204,20170326,20170308,D9,2.47,2.0,125419.77,50854.0,,,,,,,,,,,,,,,,,,,,
603577.SH,汇金通,,操纵市场,20170204,20170326,20170310,D9,1.77,0.0,101298.16,57379.0,,,,,,,,,,,,,,,,,,,,
603577.SH,汇金通,,操纵市场,20170204,20170326,20170310,D12,,,,,,,,,10.0,5.0,1.5,3.12,,,,,,,,,,,,
603577.SH,汇金通,,操纵市场,20170204,20170326,20170313,D12,,,,,,,,,10.0,6.0,1.62,3.12,,,,,,,,,,,,
603577.SH,汇金通,,操纵市场,20170204,20170326,20170314,D9,1.66,1.75,104839.57,63262.0,,,,,,,,,,,,,,,,,,,,
603577.SH,汇金通,,操纵市场,20170204,20170326,20170314,D12,,,,,,,,,10.0,7.0,1.72,3.12,,,,,,,,,,,,
603577.SH,汇金通,,操纵市场,20170204,20170326,20170315,D12,,,,,,,,,10.0,8.0,1.76,3.12,,,,,,,,,,,,
603577.SH,汇金通,,操纵市场,20170204,20170326,20170316,D12,,,,,,,,,10.0,9.0,1.86,3.12,,,,,,,,,,,,
603577.SH,汇金通,,操纵市场,20170204,20170326,20170317,D9,1.62,1.17,113181.09,69749.0,,,,,,,,,,,,,,,,,,,,
603577.SH,汇金通,,操纵市场,20170204,20170326,20170317,D12,,,,,,,,,10.0,10.0,1.97,3.12,,,,,,,,,,,,
603577.SH,汇金通,,操纵市场,20170204,20170326,20170320,D9,1.53,-1.93,113341.0,74014.0,,,,,,,,,,,,,,,,,,,,
603577.SH,汇金通,,操纵市场,20170204,20170326,20170320,D12,,,,,,,,,10.0,10.0,1.92,3.12,,,,,,,,,,,,
603577.SH,汇金通,,操纵市场,20170204,20170326,20170321,D12,,,,,,,,,10.0,9.0,1.7,2.47,,,,,,,,,,,,
603577.SH,汇金通,,操纵市场,20170204,20170326,20170322,D12,,,,,,,,,10.0,9.0,1.57,2.25,,,,,,,,,,,,
603577.SH,汇金通,,操纵市场,20170204,20170326,20170323,D12,,,,,,,,,10.0,8.0,1.44,1.94,,,,,,,,,,,,
603577.SH,汇金通,,操纵市场,20170204,20170326,20170324,D12,,,,,,,,,10.0,8.0,1.37,1.94,,,,,,,,,,,,
603586.SH,金麒麟,〔2024〕6号,操纵市场,20170723,20170911,20170814,D8,,,9909.07,,,,,,,,,,0.34,29571.0,1.14,1.89,,,,,,,,
603586.SH,金麒麟,〔2024〕6号,操纵市场,20170723,20170911,20170816,D9,1.22,1.02,20014.68,16392.0,,,,,,,,,,,,,,,,,,,,
603586.SH,金麒麟,〔2024〕6号,操纵市场,20170723,20170911,20170818,D9,1.69,0.57,28317.36,16764.0,,,,,,,,,,,,,,,,,,,,
603586.SH,金麒麟,〔2024〕6号,操纵市场,20170723,20170911,20170818,D10,,,,,,,,,,,1.35,,,,,,3.0,1.02,,,,,,
603586.SH,金麒麟,〔2024〕6号,操纵市场,20170723,20170911,20170818,D11,,,,,1.68,5.39,0.267,10.0,,,,,,,,,,,,,,,,
603586.SH,金麒麟,〔2024〕6号,操纵市场,20170723,20170911,20170821,D10,,,,,,,,,,,1.34,,,,,,3.0,0.67,,,,,,
603586.SH,金麒麟,〔2024〕6号,操纵市场,20170723,20170911,20170821,D11,,,,,2.46,3.73,0.22,10.0,,,,,,,,,,,,,,,,
603586.SH,金麒麟,〔2024〕6号,操纵市场,20170723,20170911,20170821,D12,,,,,,,,,10.0,5.0,0.98,1.69,,,,,,,,,,,,
603586.SH,金麒麟,〔2024〕6号,操纵市场,20170723,20170911,20170822,D9,2.03,1.43,35634.39,17548.0,,,,,,,,,,,,,,,,,,,,
603586.SH,金麒麟,〔2024〕6号,操纵市场,20170723,20170911,20170822,D10,,,,,,,,,,,1.63,,,,,,3.0,1.43,,,,,,
603586.SH,金麒麟,〔2024〕6号,操纵市场,20170723,20170911,20170822,D11,,,,,2.02,6.79,0.367,10.0,,,,,,,,,,,,,,,,
603586.SH,金麒麟,〔2024〕6号,操纵市场,20170723,20170911,20170822,D12,,,,,,,,,10.0,6.0,1.12,2.03,,,,,,,,,,,,
603586.SH,金麒麟,〔2024〕6号,操纵市场,20170723,20170911,20170822,D13,,,,,,,,,,,,,,,,,5.0,,2.2,3.49,,,,
603586.SH,金麒麟,〔2024〕6号,操纵市场,20170723,20170911,20170823,D9,1.23,-1.11,21698.05,17626.0,,,,,,,,,,,,,,,,,,,,
603586.SH,金麒麟,〔2024〕6号,操纵市场,20170723,20170911,20170823,D10,,,,,,,,,,,1.48,,,,,,3.0,1.43,,,,,,
603586.SH,金麒麟,〔2024〕6号,操纵市场,20170723,20170911,20170823,D12,,,,,,,,,10.0,7.0,1.18,2.03,,,,,,,,,,,,
603586.SH,金麒麟,〔2024〕6号,操纵市场,20170723,20170911,20170823,D13,,,,,,,,,,,,,,,,,5.0,,2.4,3.49,,,,
603586.SH,金麒麟,〔2024〕6号,操纵市场,20170723,20170911,20170824,D10,,,,,,,,,,,1.45,,,,,,3.0,1.99,,,,,,
603586.SH,金麒麟,〔2024〕6号,操纵市场,20170723,20170911,20170824,D12,,,,,,,,,10.0,7.0,1.18,2.03,,,,,,,,,,,,
603586.SH,金麒麟,〔2024〕6号,操纵市场,20170723,20170911,20170824,D13,,,,,,,,,,,,,,,,,5.0,,2.75,3.49,,,,
603586.SH,金麒麟,〔2024〕6号,操纵市场,20170723,20170911,20170825,D11,,,,,1.89,7.47,0.422,10.0,,,,,,,,,,,,,,,,
603586.SH,金麒麟,〔2024〕6号,操纵市场,20170723,20170911,20170825,D12,,,,,,,,,10.0,8.0,1.3,2.13,,,,,,,,,,,,
603586.SH,金麒麟,〔2024〕6号,操纵市场,20170723,20170911,20170825,D13,,,,,,,,,,,,,,,,,5.0,,2.95,3.89,,,,
603586.SH,金麒麟,〔2024〕6号,操纵市场,20170723,20170911,20170828,D9,2.37,2.7,47715.9,20151.0,,,,,,,,,,,,,,,,,,,,
603586.SH,金麒麟,〔2024〕6号,操纵市场,20170723,20170911,20170828,D11,,,,,2.18,9.09,0.529,10.0,,,,,,,,,,,,,,,,
603586.SH,金麒麟,〔2024〕6号,操纵市场,20170723,20170911,20170828,D12,,,,,,,,,10.0,9.0,1.48,2.37,,,,,,,,,,,,
603586.SH,金麒麟,〔2024〕6号,操纵市场,20170723,20170911,20170828,D13,,,,,,,,,,,,,,,,,5.0,,3.15,3.89,,,,
603586.SH,金麒麟,〔2024〕6号,操纵市场,20170723,20170911,20170829,D12,,,,,,,,,10.0,10.0,1.71,3.02,,,,,,,,,,,,
603586.SH,金麒麟,〔2024〕6号,操纵市场,20170723,20170911,20170829,D13,,,,,,,,,,,,,,,,,5.0,,3.42,4.79,,,,
603586.SH,金麒麟,〔2024〕6号,操纵市场,20170723,20170911,20170830,D9,1.36,-2.06,32069.13,23658.0,,,,,,,,,,,,,,,,,,,,
603586.SH,金麒麟,〔2024〕6号,操纵市场,20170723,20170911,20170830,D10,,,,,,,,,,,2.25,,,,,,3.0,2.7,,,,,,
603586.SH,金麒麟,〔2024〕6号,操纵市场,20170723,20170911,20170830,D12,,,,,,,,,10.0,10.0,1.72,3.02,,,,,,,,,,,,
603586.SH,金麒麟,〔2024〕6号,操纵市场,20170723,20170911,20170830,D13,,,,,,,,,,,,,,,,,5.0,,3.47,4.79,,,,
603586.SH,金麒麟,〔2024〕6号,操纵市场,20170723,20170911,20170831,D9,1.27,1.97,30817.5,24250.0,,,,,,,,,,,,,,,,,,,,
603586.SH,金麒麟,〔2024〕6号,操纵市场,20170723,20170911,20170831,D10,,,,,,,,,,,1.88,,,,,,3.0,2.06,,,,,,
603586.SH,金麒麟,〔2024〕6号,操纵市场,20170723,20170911,20170831,D12,,,,,,,,,10.0,10.0,1.74,3.02,,,,,,,,,,,,
603586.SH,金麒麟,〔2024〕6号,操纵市场,20170723,20170911,20170831,D13,,,,,,,,,,,,,,,,,5.0,,3.32,4.79,,,,
603586.SH,金麒麟,〔2024〕6号,操纵市场,20170723,20170911,20170901,D12,,,,,,,,,10.0,9.0,1.66,3.02,,,,,,,,,,,,
603586.SH,金麒麟,〔2024〕6号,操纵市场,20170723,20170911,20170904,D12,,,,,,,,,10.0,8.0,1.62,3.02,,,,,,,,,,,,
603586.SH,金麒麟,〔2024〕6号,操纵市场,20170723,20170911,20170905,D12,,,,,,,,,10.0,7.0,1.48,3.02,,,,,,,,,,,,
603586.SH,金麒麟,〔2024〕6号,操纵市场,20170723,20170911,20170906,D12,,,,,,,,,10.0,6.0,1.44,3.02,,,,,,,,,,,,
603586.SH,金麒麟,〔2024〕6号,操纵市场,20170723,20170911,20170907,D9,1.42,0.58,38381.45,26996.0,,,,,,,,,,,,,,,,,,,,
603586.SH,金麒麟,〔2024〕6号,操纵市场,20170723,20170911,20170907,D12,,,,,,,,,10.0,6.0,1.48,3.02,,,,,,,,,,,,
603586.SH,金麒麟,〔2024〕6号,操纵市场,20170723,20170911,20170908,D12,,,,,,,,,10.0,6.0,1.37,3.02,,,,,,,,,,,,
603586.SH,金麒麟,〔2024〕6号,操纵市场,20170723,20170911,20170911,D9,1.29,1.69,37309.42,28998.0,,,,,,,,,,,,,,,,,,,,
603586.SH,金麒麟,〔2024〕6号,操纵市场,20170723,20170911,20170911,D10,,,,,,,,,,,1.27,,,,,,3.0,2.05,,,,,,
603586.SH,金麒麟,〔2024〕6号,操纵市场,20170723,20170911,20170911,D12,,,,,,,,,10.0,6.0,1.27,3.02,,,,,,,,,,,,
603613.SH,国联股份,〔2022〕45号,操纵市场,20201212,20210131,20201214,D12,,,,,,,,,10.0,8.0,1.24,1.74,,,,,,,,,,,,
603613.SH,国联股份,〔2022〕45号,操纵市场,20201212,20210131,20201215,D12,,,,,,,,,10.0,8.0,1.23,1.74,,,,,,,,,,,,
603613.SH,国联股份,〔2022〕45号,操纵市场,20201212,20210131,20201216,D12,,,,,,,,,10.0,7.0,1.13,1.74,,,,,,,,,,,,
603613.SH,国联股份,〔2022〕45号,操纵市场,20201212,20210131,20201217,D12,,,,,,,,,10.0,7.0,1.12,1.74,,,,,,,,,,,,
603613.SH,国联股份,〔2022〕45号,操纵市场,20201212,20210131,20201218,D12,,,,,,,,,10.0,6.0,1.07,1.74,,,,,,,,,,,,
603613.SH,国联股份,〔2022〕45号,操纵市场,20201212,20210131,20201221,D12,,,,,,,,,10.0,6.0,1.01,1.62,,,,,,,,,,,,
603613.SH,国联股份,〔2022〕45号,操纵市场,20201212,20210131,20201222,D12,,,,,,,,,10.0,5.0,0.91,1.33,,,,,,,,,,,,
603613.SH,国联股份,〔2022〕45号,操纵市场,20201212,20210131,20201223,D9,1.25,1.04,28979.32,23170.0,,,,,,,,,,,,,,,,,,,,
603613.SH,国联股份,〔2022〕45号,操纵市场,20201212,20210131,20201223,D12,,,,,,,,,10.0,5.0,0.9,1.25,,,,,,,,,,,,
603613.SH,国联股份,〔2022〕45号,操纵市场,20201212,20210131,20201229,D12,,,,,,,,,10.0,5.0,0.94,1.25,,,,,,,,,,,,
603613.SH,国联股份,〔2022〕45号,操纵市场,20201212,20210131,20201230,D12,,,,,,,,,10.0,6.0,1.01,1.25,,,,,,,,,,,,
603613.SH,国联股份,〔2022〕45号,操纵市场,20201212,20210131,20201231,D12,,,,,,,,,10.0,5.0,0.98,1.25,,,,,,,,,,,,
603613.SH,国联股份,〔2022〕45号,操纵市场,20201212,20210131,20210104,D12,,,,,,,,,10.0,5.0,0.97,1.25,,,,,,,,,,,,
603613.SH,国联股份,〔2022〕45号,操纵市场,20201212,20210131,20210105,D12,,,,,,,,,10.0,5.0,1.03,1.68,,,,,,,,,,,,
603613.SH,国联股份,〔2022〕45号,操纵市场,20201212,20210131,20210106,D12,,,,,,,,,10.0,6.0,1.09,1.68,,,,,,,,,,,,
603613.SH,国联股份,〔2022〕45号,操纵市场,20201212,20210131,20210107,D12,,,,,,,,,10.0,5.0,1.05,1.68,,,,,,,,,,,,
603613.SH,国联股份,〔2022〕45号,操纵市场,20201212,20210131,20210108,D12,,,,,,,,,10.0,6.0,1.05,1.68,,,,,,,,,,,,
603613.SH,国联股份,〔2022〕45号,操纵市场,20201212,20210131,20210111,D12,,,,,,,,,10.0,7.0,1.09,1.68,,,,,,,,,,,,
603613.SH,国联股份,〔2022〕45号,操纵市场,20201212,20210131,20210112,D12,,,,,,,,,10.0,7.0,1.09,1.68,,,,,,,,,,,,
603613.SH,国联股份,〔2022〕45号,操纵市场,20201212,20210131,20210113,D12,,,,,,,,,10.0,6.0,1.05,1.68,,,,,,,,,,,,
603613.SH,国联股份,〔2022〕45号,操纵市场,20201212,20210131,20210114,D12,,,,,,,,,10.0,6.0,1.1,1.68,,,,,,,,,,,,
603613.SH,国联股份,〔2022〕45号,操纵市场,20201212,20210131,20210115,D12,,,,,,,,,10.0,7.0,1.17,1.68,,,,,,,,,,,,
603613.SH,国联股份,〔2022〕45号,操纵市场,20201212,20210131,20210118,D12,,,,,,,,,10.0,8.0,1.26,1.68,,,,,,,,,,,,
603613.SH,国联股份,〔2022〕45号,操纵市场,20201212,20210131,20210119,D9,1.58,-0.17,43891.45,27796.0,,,,,,,,,,,,,,,,,,,,
603613.SH,国联股份,〔2022〕45号,操纵市场,20201212,20210131,20210119,D11,,,,,2.36,3.65,0.221,10.0,,,,,,,,,,,,,,,,
603613.SH,国联股份,〔2022〕45号,操纵市场,20201212,20210131,20210119,D12,,,,,,,,,10.0,8.0,1.25,1.67,,,,,,,,,,,,
603613.SH,国联股份,〔2022〕45号,操纵市场,20201212,20210131,20210120,D11,,,,,1.49,2.67,0.213,10.0,,,,,,,,,,,,,,,,
603613.SH,国联股份,〔2022〕45号,操纵市场,20201212,20210131,20210120,D12,,,,,,,,,10.0,8.0,1.24,1.67,,,,,,,,,,,,
603613.SH,国联股份,〔2022〕45号,操纵市场,20201212,20210131,20210121,D12,,,,,,,,,10.0,8.0,1.25,1.67,,,,,,,,,,,,
603613.SH,国联股份,〔2022〕45号,操纵市场,20201212,20210131,20210122,D12,,,,,,,,,10.0,7.0,1.21,1.67,,,,,,,,,,,,
603613.SH,国联股份,〔2022〕45号,操纵市场,20201212,20210131,20210125,D12,,,,,,,,,10.0,6.0,1.17,1.67,,,,,,,,,,,,
603613.SH,国联股份,〔2022〕45号,操纵市场,20201212,20210131,20210126,D12,,,,,,,,,10.0,5.0,1.13,1.67,,,,,,,,,,,,
603613.SH,国联股份,〔2022〕45号,操纵市场,20201212,20210131,20210127,D12,,,,,,,,,10.0,5.0,1.13,1.67,,,,,,,,,,,,
603665.SH,康隆达,〔2024〕6号,操纵市场,20170821,20171010,20170825,D9,1.24,1.48,7791.72,6290.0,,,,,,,,,,,,,,,,,,,,
603665.SH,康隆达,〔2024〕6号,操纵市场,20170821,20171010,20170828,D9,2.04,1.27,13900.69,6809.0,,,,,,,,,,,,,,,,,,,,
603665.SH,康隆达,〔2024〕6号,操纵市场,20170821,20171010,20170829,D9,2.03,0.36,14440.29,7098.0,,,,,,,,,,,,,,,,,,,,
603665.SH,康隆达,〔2024〕6号,操纵市场,20170821,20171010,20170829,D10,,,,,,,,,,,1.77,,,,,,3.0,1.48,,,,,,
603665.SH,康隆达,〔2024〕6号,操纵市场,20170821,20171010,20170830,D9,1.36,-1.63,9877.0,7259.0,,,,,,,,,,,,,,,,,,,,
603665.SH,康隆达,〔2024〕6号,操纵市场,20170821,20171010,20170830,D10,,,,,,,,,,,1.81,,,,,,3.0,1.63,,,,,,
603665.SH,康隆达,〔2024〕6号,操纵市场,20170821,20171010,20170831,D9,1.51,2.59,11439.26,7557.0,,,,,,,,,,,,,,,,,,,,
603665.SH,康隆达,〔2024〕6号,操纵市场,20170821,20171010,20170831,D10,,,,,,,,,,,1.64,,,,,,3.0,2.59,,,,,,
603665.SH,康隆达,〔2024〕6号,操纵市场,20170821,20171010,20170831,D12,,,,,,,,,10.0,5.0,1.21,2.04,,,,,,,,,,,,
603665.SH,康隆达,〔2024〕6号,操纵市场,20170821,20171010,20170831,D13,,,,,,,,,,,,,,,,,5.0,,2.48,3.12,,,,
603665.SH,康隆达,〔2024〕6号,操纵市场,20170821,20171010,20170901,D10,,,,,,,,,,,1.32,,,,,,3.0,2.59,,,,,,
603665.SH,康隆达,〔2024〕6号,操纵市场,20170821,20171010,20170901,D11,,,,,2.19,3.36,0.329,10.0,,,,,,,,,,,,,,,,
603665.SH,康隆达,〔2024〕6号,操纵市场,20170821,20171010,20170901,D12,,,,,,,,,10.0,6.0,1.24,2.04,,,,,,,,,,,,
603665.SH,康隆达,〔2024〕6号,操纵市场,20170821,20171010,20170901,D13,,,,,,,,,,,,,,,,,5.0,,2.45,3.12,,,,
603665.SH,康隆达,〔2024〕6号,操纵市场,20170821,20171010,20170904,D11,,,,,1.72,2.57,0.201,10.0,,,,,,,,,,,,,,,,
603665.SH,康隆达,〔2024〕6号,操纵市场,20170821,20171010,20170904,D12,,,,,,,,,10.0,6.0,1.24,2.04,,,,,,,,,,,,
603665.SH,康隆达,〔2024〕6号,操纵市场,20170821,20171010,20170905,D12,,,,,,,,,10.0,7.0,1.27,2.04,,,,,,,,,,,,
603665.SH,康隆达,〔2024〕6号,操纵市场,20170821,20171010,20170906,D11,,,,,1.98,9.24,0.264,10.0,,,,,,,,,,,,,,,,
603665.SH,康隆达,〔2024〕6号,操纵市场,20170821,20171010,20170906,D12,,,,,,,,,10.0,8.0,1.48,2.86,,,,,,,,,,,,
603665.SH,康隆达,〔2024〕6号,操纵市场,20170821,20171010,20170907,D9,1.62,-1.61,13554.84,8382.0,,,,,,,,,,,,,,,,,,,,
603665.SH,康隆达,〔2024〕6号,操纵市场,20170821,20171010,20170907,D12,,,,,,,,,10.0,9.0,1.56,2.86,,,,,,,,,,,,
603665.SH,康隆达,〔2024〕6号,操纵市场,20170821,20171010,20170908,D12,,,,,,,,,10.0,8.0,1.53,2.86,,,,,,,,,,,,
603665.SH,康隆达,〔2024〕6号,操纵市场,20170821,20171010,20170911,D12,,,,,,,,,10.0,7.0,1.4,2.86,,,,,,,,,,,,
603665.SH,康隆达,〔2024〕6号,操纵市场,20170821,20171010,20170912,D12,,,,,,,,,10.0,7.0,1.3,2.86,,,,,,,,,,,,
603665.SH,康隆达,〔2024〕6号,操纵市场,20170821,20171010,20170913,D12,,,,,,,,,10.0,7.0,1.33,2.86,,,,,,,,,,,,
603665.SH,康隆达,〔2024〕6号,操纵市场,20170821,20171010,20170914,D9,1.33,-1.33,12720.0,9595.0,,,,,,,,,,,,,,,,,,,,
603665.SH,康隆达,〔2024〕6号,操纵市场,20170821,20171010,20170914,D12,,,,,,,,,10.0,7.0,1.31,2.86,,,,,,,,,,,,
603665.SH,康隆达,〔2024〕6号,操纵市场,20170821,20171010,20170915,D12,,,,,,,,,10.0,6.0,1.27,2.86,,,,,,,,,,,,
603665.SH,康隆达,〔2024〕6号,操纵市场,20170821,20171010,20170918,D12,,,,,,,,,10.0,6.0,1.23,2.86,,,,,,,,,,,,
603665.SH,康隆达,〔2024〕6号,操纵市场,20170821,20171010,20170919,D12,,,,,,,,,10.0,5.0,1.19,2.86,,,,,,,,,,,,
603665.SH,康隆达,〔2024〕6号,操纵市场,20170821,20171010,20170920,D12,,,,,,,,,10.0,5.0,1.05,1.72,,,,,,,,,,,,
603665.SH,康隆达,〔2024〕6号,操纵市场,20170821,20171010,20170921,D9,1.31,1.66,14032.16,10680.0,,,,,,,,,,,,,,,,,,,,
603665.SH,康隆达,〔2024〕6号,操纵市场,20170821,20171010,20170921,D11,,,,,2.87,5.61,0.162,10.0,,,,,,,,,,,,,,,,
603665.SH,康隆达,〔2024〕6号,操纵市场,20170821,20171010,20170921,D12,,,,,,,,,10.0,5.0,1.02,1.72,,,,,,,,,,,,
603665.SH,康隆达,〔2024〕6号,操纵市场,20170821,20171010,20170922,D9,1.52,1.69,16933.24,11137.0,,,,,,,,,,,,,,,,,,,,
603665.SH,康隆达,〔2024〕6号,操纵市场,20170821,20171010,20170922,D11,,,,,2.61,6.77,0.253,10.0,,,,,,,,,,,,,,,,
603665.SH,康隆达,〔2024〕6号,操纵市场,20170821,20171010,20170922,D12,,,,,,,,,10.0,6.0,1.09,1.72,,,,,,,,,,,,
603665.SH,康隆达,〔2024〕6号,操纵市场,20170821,20171010,20170925,D10,,,,,,,,,,,2.03,,,,,,3.0,2.56,,,,,,
603665.SH,康隆达,〔2024〕6号,操纵市场,20170821,20171010,20170925,D12,,,,,,,,,10.0,7.0,1.34,3.26,,,,,,,,,,,,
603665.SH,康隆达,〔2024〕6号,操纵市场,20170821,20171010,20170926,D12,,,,,,,,,10.0,7.0,1.37,3.26,,,,,,,,,,,,
603665.SH,康隆达,〔2024〕6号,操纵市场,20170821,20171010,20170927,D9,1.46,-1.15,19078.49,13097.0,,,,,,,,,,,,,,,,,,,,
603665.SH,康隆达,〔2024〕6号,操纵市场,20170821,20171010,20170927,D12,,,,,,,,,10.0,7.0,1.35,3.26,,,,,,,,,,,,
603665.SH,康隆达,〔2024〕6号,操纵市场,20170821,20171010,20170928,D11,,,,,2.41,4.7,0.705,10.0,,,,,,,,,,,,,,,,
603665.SH,康隆达,〔2024〕6号,操纵市场,20170821,20171010,20170928,D12,,,,,,,,,10.0,6.0,1.3,3.26,,,,,,,,,,,,
603665.SH,康隆达,〔2024〕6号,操纵市场,20170821,20171010,20170929,D11,,,,,1.91,2.68,0.276,10.0,,,,,,,,,,,,,,,,
603665.SH,康隆达,〔2024〕6号,操纵市场,20170821,20171010,20170929,D12,,,,,,,,,10.0,6.0,1.29,3.26,,,,,,,,,,,,
603665.SH,康隆达,〔2024〕6号,操纵市场,20170821,20171010,20171009,D12,,,,,,,,,10.0,6.0,1.29,3.26,,,,,,,,,,,,
603665.SH,康隆达,〔2024〕6号,操纵市场,20170821,20171010,20171010,D12,,,,,,,,,10.0,6.0,1.29,3.26,,,,,,,,,,,,
603677.SH,奇精机械,,操纵市场,20190622,20190811,20190705,D9,1.29,1.47,18940.76,14708.0,,,,,,,,,,,,,,,,,,,,
603677.SH,奇精机械,,操纵市场,20190622,20190811,20190716,D8,,,9736.9,,,,,,,,,,0.47,20822.0,1.45,1.71,,,,,,,,
603677.SH,奇精机械,,操纵市场,20190622,20190811,20190717,D12,,,,,,,,,10.0,5.0,1.08,2.38,,,,,,,,,,,,
603677.SH,奇精机械,,操纵市场,20190622,20190811,20190718,D9,1.39,-1.34,20967.4,15034.0,,,,,,,,,,,,,,,,,,,,
603677.SH,奇精机械,,操纵市场,20190622,20190811,20190718,D12,,,,,,,,,10.0,5.0,1.11,2.38,,,,,,,,,,,,
603677.SH,奇精机械,,操纵市场,20190622,20190811,20190719,D11,,,,,2.29,2.79,0.228,10.0,,,,,,,,,,,,,,,,
603677.SH,奇精机械,,操纵市场,20190622,20190811,20190719,D12,,,,,,,,,10.0,5.0,1.09,2.38,,,,,,,,,,,,
603677.SH,奇精机械,,操纵市场,20190622,20190811,20190722,D11,,,,,1.63,3.22,0.227,10.0,,,,,,,,,,,,,,,,
603677.SH,奇精机械,,操纵市场,20190622,20190811,20190722,D12,,,,,,,,,10.0,6.0,1.12,2.38,,,,,,,,,,,,
603677.SH,奇精机械,,操纵市场,20190622,20190811,20190723,D12,,,,,,,,,10.0,6.0,1.13,2.38,,,,,,,,,,,,
603677.SH,奇精机械,,操纵市场,20190622,20190811,20190724,D12,,,,,,,,,10.0,5.0,1.11,2.38,,,,,,,,,,,,
603677.SH,奇精机械,,操纵市场,20190622,20190811,20190725,D12,,,,,,,,,10.0,6.0,1.21,2.38,,,,,,,,,,,,
603677.SH,奇精机械,,操纵市场,20190622,20190811,20190726,D11,,,,,2.84,9.18,0.336,10.0,,,,,,,,,,,,,,,,
603677.SH,奇精机械,,操纵市场,20190622,20190811,20190726,D12,,,,,,,,,10.0,7.0,1.43,2.95,,,,,,,,,,,,
603677.SH,奇精机械,,操纵市场,20190622,20190811,20190729,D11,,,,,1.71,8.61,0.527,10.0,,,,,,,,,,,,,,,,
603677.SH,奇精机械,,操纵市场,20190622,20190811,20190729,D12,,,,,,,,,10.0,7.0,1.56,2.95,,,,,,,,,,,,
603677.SH,奇精机械,,操纵市场,20190622,20190811,20190730,D12,,,,,,,,,10.0,8.0,1.77,2.95,,,,,,,,,,,,
603677.SH,奇精机械,,操纵市场,20190622,20190811,20190731,D12,,,,,,,,,10.0,8.0,1.86,3.27,,,,,,,,,,,,
603677.SH,奇精机械,,操纵市场,20190622,20190811,20190801,D11,,,,,2.79,5.85,1.047,10.0,,,,,,,,,,,,,,,,
603677.SH,奇精机械,,操纵市场,20190622,20190811,20190801,D12,,,,,,,,,10.0,8.0,1.85,3.27,,,,,,,,,,,,
603677.SH,奇精机械,,操纵市场,20190622,20190811,20190802,D12,,,,,,,,,10.0,7.0,1.84,3.27,,,,,,,,,,,,
603677.SH,奇精机械,,操纵市场,20190622,20190811,20190805,D11,,,,,2.06,2.09,0.232,10.0,,,,,,,,,,,,,,,,
603677.SH,奇精机械,,操纵市场,20190622,20190811,20190805,D12,,,,,,,,,10.0,6.0,1.76,3.27,,,,,,,,,,,,
603677.SH,奇精机械,,操纵市场,20190622,20190811,20190806,D12,,,,,,,,,10.0,6.0,1.77,3.27,,,,,,,,,,,,
603677.SH,奇精机械,,操纵市场,20190622,20190811,20190807,D12,,,,,,,,,10.0,6.0,1.72,3.27,,,,,,,,,,,,
603677.SH,奇精机械,,操纵市场,20190622,20190811,20190808,D8,,,7172.22,,,,,,,,,,0.38,19056.0,2.14,1.26,,,,,,,,
603677.SH,奇精机械,,操纵市场,20190622,20190811,20190808,D12,,,,,,,,,10.0,5.0,1.57,3.27,,,,,,,,,,,,
603679.SH,华体科技,〔2024〕55号,操纵市场,20170618,20170807,20170704,D11,,,,,0.05,64.09,6.085,10.0,,,,,,,,,,,,,,,,
603679.SH,华体科技,〔2024〕55号,操纵市场,20170618,20170807,20170705,D11,,,,,0.01,55.25,7.575,10.0,,,,,,,,,,,,,,,,
603679.SH,华体科技,〔2024〕55号,操纵市场,20170618,20170807,20170706,D11,,,,,0.02,36.07,7.347,10.0,,,,,,,,,,,,,,,,
603679.SH,华体科技,〔2024〕55号,操纵市场,20170618,20170807,20170707,D11,,,,,0.02,32.44,6.484,10.0,,,,,,,,,,,,,,,,
603679.SH,华体科技,〔2024〕55号,操纵市场,20170618,20170807,20170710,D11,,,,,0.12,27.1,4.937,10.0,,,,,,,,,,,,,,,,
603679.SH,华体科技,〔2024〕55号,操纵市场,20170618,20170807,20170711,D11,,,,,0.26,13.06,2.302,10.0,,,,,,,,,,,,,,,,
603679.SH,华体科技,〔2024〕55号,操纵市场,20170618,20170807,20170726,D12,,,,,,,,,10.0,5.0,0.97,1.26,,,,,,,,,,,,
603679.SH,华体科技,〔2024〕55号,操纵市场,20170618,20170807,20170727,D12,,,,,,,,,10.0,5.0,0.95,1.26,,,,,,,,,,,,
603679.SH,华体科技,〔2024〕55号,操纵市场,20170618,20170807,20170728,D12,,,,,,,,,10.0,5.0,0.91,1.26,,,,,,,,,,,,
603679.SH,华体科技,〔2024〕55号,操纵市场,20170618,20170807,20170731,D12,,,,,,,,,10.0,5.0,0.86,1.26,,,,,,,,,,,,
603679.SH,华体科技,〔2024〕55号,操纵市场,20170618,20170807,20170801,D12,,,,,,,,,10.0,6.0,0.94,1.31,,,,,,,,,,,,
603679.SH,华体科技,〔2024〕55号,操纵市场,20170618,20170807,20170802,D12,,,,,,,,,10.0,7.0,1.02,1.31,,,,,,,,,,,,
603679.SH,华体科技,〔2024〕55号,操纵市场,20170618,20170807,20170803,D12,,,,,,,,,10.0,7.0,1.0,1.31,,,,,,,,,,,,
603679.SH,华体科技,〔2024〕55号,操纵市场,20170618,20170807,20170804,D12,,,,,,,,,10.0,7.0,1.01,1.31,,,,,,,,,,,,
603679.SH,华体科技,〔2024〕55号,操纵市场,20170618,20170807,20170807,D12,,,,,,,,,10.0,7.0,1.03,1.46,,,,,,,,,,,,
603721.SH,中广天择,〔2023〕44号,操纵市场,20180217,20180408,20180307,D9,1.33,-2.01,10897.07,8201.0,,,,,,,,,,,,,,,,,,,,
603721.SH,中广天择,〔2023〕44号,操纵市场,20180217,20180408,20180308,D11,,,,,1.91,6.97,0.24,10.0,,,,,,,,,,,,,,,,
603721.SH,中广天择,〔2023〕44号,操纵市场,20180217,20180408,20180309,D12,,,,,,,,,10.0,5.0,1.18,2.34,,,,,,,,,,,,
603721.SH,中广天择,〔2023〕44号,操纵市场,20180217,20180408,20180312,D9,1.92,1.54,19299.62,10039.0,,,,,,,,,,,,,,,,,,,,
603721.SH,中广天择,〔2023〕44号,操纵市场,20180217,20180408,20180312,D12,,,,,,,,,10.0,6.0,1.28,2.34,,,,,,,,,,,,
603721.SH,中广天择,〔2023〕44号,操纵市场,20180217,20180408,20180313,D9,1.51,-1.92,15394.82,10183.0,,,,,,,,,,,,,,,,,,,,
603721.SH,中广天择,〔2023〕44号,操纵市场,20180217,20180408,20180313,D12,,,,,,,,,10.0,6.0,1.33,2.34,,,,,,,,,,,,
603721.SH,中广天择,〔2023〕44号,操纵市场,20180217,20180408,20180314,D9,1.44,0.49,14997.83,10421.0,,,,,,,,,,,,,,,,,,,,
603721.SH,中广天择,〔2023〕44号,操纵市场,20180217,20180408,20180314,D10,,,,,,,,,,,1.62,,,,,,3.0,1.92,,,,,,
603721.SH,中广天择,〔2023〕44号,操纵市场,20180217,20180408,20180314,D11,,,,,2.86,6.0,0.579,10.0,,,,,,,,,,,,,,,,
603721.SH,中广天择,〔2023〕44号,操纵市场,20180217,20180408,20180314,D12,,,,,,,,,10.0,7.0,1.4,2.34,,,,,,,,,,,,
603721.SH,中广天择,〔2023〕44号,操纵市场,20180217,20180408,20180315,D9,2.28,2.52,25974.59,11387.0,,,,,,,,,,,,,,,,,,,,
603721.SH,中广天择,〔2023〕44号,操纵市场,20180217,20180408,20180315,D10,,,,,,,,,,,1.74,,,,,,3.0,2.52,,,,,,
603721.SH,中广天择,〔2023〕44号,操纵市场,20180217,20180408,20180315,D11,,,,,2.67,10.39,0.708,10.0,,,,,,,,,,,,,,,,
603721.SH,中广天择,〔2023〕44号,操纵市场,20180217,20180408,20180315,D12,,,,,,,,,10.0,8.0,1.55,2.34,,,,,,,,,,,,
603721.SH,中广天择,〔2023〕44号,操纵市场,20180217,20180408,20180316,D11,,,,,2.79,15.27,0.999,10.0,,,,,,,,,,,,,,,,
603721.SH,中广天择,〔2023〕44号,操纵市场,20180217,20180408,20180316,D12,,,,,,,,,10.0,9.0,1.77,2.97,,,,,,,,,,,,
603721.SH,中广天择,〔2023〕44号,操纵市场,20180217,20180408,20180319,D9,1.49,-0.69,19974.01,13442.0,,,,,,,,,,,,,,,,,,,,
603721.SH,中广天择,〔2023〕44号,操纵市场,20180217,20180408,20180319,D12,,,,,,,,,10.0,10.0,1.84,2.97,,,,,,,,,,,,
603721.SH,中广天择,〔2023〕44号,操纵市场,20180217,20180408,20180320,D9,1.64,0.04,23449.75,14317.0,,,,,,,,,,,,,,,,,,,,
603721.SH,中广天择,〔2023〕44号,操纵市场,20180217,20180408,20180320,D12,,,,,,,,,10.0,10.0,1.89,2.97,,,,,,,,,,,,
603721.SH,中广天择,〔2023〕44号,操纵市场,20180217,20180408,20180321,D10,,,,,,,,,,,1.44,,,,,,3.0,2.51,,,,,,
603721.SH,中广天择,〔2023〕44号,操纵市场,20180217,20180408,20180321,D12,,,,,,,,,10.0,10.0,1.88,2.97,,,,,,,,,,,,
603721.SH,中广天择,〔2023〕44号,操纵市场,20180217,20180408,20180322,D12,,,,,,,,,10.0,9.0,1.75,2.97,,,,,,,,,,,,
603721.SH,中广天择,〔2023〕44号,操纵市场,20180217,20180408,20180323,D12,,,,,,,,,10.0,9.0,1.64,2.97,,,,,,,,,,,,
603721.SH,中广天择,〔2023〕44号,操纵市场,20180217,20180408,20180326,D12,,,,,,,,,10.0,8.0,1.51,2.97,,,,,,,,,,,,
603721.SH,中广天择,〔2023〕44号,操纵市场,20180217,20180408,20180327,D12,,,,,,,,,10.0,8.0,1.47,2.97,,,,,,,,,,,,
603721.SH,中广天择,〔2023〕44号,操纵市场,20180217,20180408,20180328,D12,,,,,,,,,10.0,8.0,1.48,2.97,,,,,,,,,,,,
603721.SH,中广天择,〔2023〕44号,操纵市场,20180217,20180408,20180329,D9,1.54,0.12,27578.63,17935.0,,,,,,,,,,,,,,,,,,,,
603721.SH,中广天择,〔2023〕44号,操纵市场,20180217,20180408,20180329,D12,,,,,,,,,10.0,8.0,1.4,2.97,,,,,,,,,,,,
603721.SH,中广天择,〔2023〕44号,操纵市场,20180217,20180408,20180330,D9,1.63,0.15,31217.8,19162.0,,,,,,,,,,,,,,,,,,,,
603721.SH,中广天择,〔2023〕44号,操纵市场,20180217,20180408,20180330,D12,,,,,,,,,10.0,8.0,1.27,1.64,,,,,,,,,,,,
603721.SH,中广天择,〔2023〕44号,操纵市场,20180217,20180408,20180330,D14,2.2,,,,,,,,,,,,,,,,,,,,8727.0,19162.0,20.0,20.0
603721.SH,中广天择,〔2023〕44号,操纵市场,20180217,20180408,20180402,D12,,,,,,,,,10.0,7.0,1.21,1.64,,,,,,,,,,,,
603721.SH,中广天择,〔2023〕44号,操纵市场,20180217,20180408,20180402,D14,2.34,,,,,,,,,,,,,,,,,,,,8418.0,19729.0,20.0,20.0
603721.SH,中广天择,〔2023〕44号,操纵市场,20180217,20180408,20180403,D12,,,,,,,,,10.0,7.0,1.22,1.76,,,,,,,,,,,,
603721.SH,中广天择,〔2023〕44号,操纵市场,20180217,20180408,20180403,D14,2.55,,,,,,,,,,,,,,,,,,,,8297.0,21147.0,20.0,20.0
603721.SH,中广天择,〔2023〕44号,操纵市场,20180217,20180408,20180404,D9,1.85,-0.15,41900.19,22697.0,,,,,,,,,,,,,,,,,,,,
603721.SH,中广天择,〔2023〕44号,操纵市场,20180217,20180408,20180404,D12,,,,,,,,,10.0,7.0,1.29,1.85,,,,,,,,,,,,
603721.SH,中广天择,〔2023〕44号,操纵市场,20180217,20180408,20180404,D14,2.77,,,,,,,,,,,,,,,,,,,,8201.0,22697.0,20.0,20.0
603758.SH,秦安股份,〔2024〕6号,操纵市场,20180204,20180326,20180205,D12,,,,,,,,,10.0,6.0,1.36,2.44,,,,,,,,,,,,
603758.SH,秦安股份,〔2024〕6号,操纵市场,20180204,20180326,20180206,D12,,,,,,,,,10.0,7.0,1.45,2.44,,,,,,,,,,,,
603758.SH,秦安股份,〔2024〕6号,操纵市场,20180204,20180326,20180207,D12,,,,,,,,,10.0,6.0,1.29,2.4,,,,,,,,,,,,
603758.SH,秦安股份,〔2024〕6号,操纵市场,20180204,20180326,20180208,D12,,,,,,,,,10.0,5.0,1.21,2.4,,,,,,,,,,,,
603758.SH,秦安股份,〔2024〕6号,操纵市场,20180204,20180326,20180305,D8,,,10279.26,,,,,,,,,,0.35,29520.0,1.52,1.71,,,,,,,,
603758.SH,秦安股份,〔2024〕6号,操纵市场,20180204,20180326,20180313,D9,1.36,0.0,19946.86,14635.0,,,,,,,,,,,,,,,,,,,,
603758.SH,秦安股份,〔2024〕6号,操纵市场,20180204,20180326,20180313,D10,,,,,,,,,,,1.23,,,,,,3.0,1.72,,,,,,
603758.SH,秦安股份,〔2024〕6号,操纵市场,20180204,20180326,20180313,D11,,,,,2.13,3.32,0.17,10.0,,,,,,,,,,,,,,,,
603758.SH,秦安股份,〔2024〕6号,操纵市场,20180204,20180326,20180314,D11,,,,,1.72,9.73,0.55,10.0,,,,,,,,,,,,,,,,
603758.SH,秦安股份,〔2024〕6号,操纵市场,20180204,20180326,20180315,D9,2.24,-0.54,38969.63,17412.0,,,,,,,,,,,,,,,,,,,,
603758.SH,秦安股份,〔2024〕6号,操纵市场,20180204,20180326,20180315,D11,,,,,1.99,6.49,0.634,10.0,,,,,,,,,,,,,,,,
603758.SH,秦安股份,〔2024〕6号,操纵市场,20180204,20180326,20180315,D12,,,,,,,,,10.0,5.0,1.3,3.58,,,,,,,,,,,,
603758.SH,秦安股份,〔2024〕6号,操纵市场,20180204,20180326,20180316,D9,2.26,0.77,42057.6,18587.0,,,,,,,,,,,,,,,,,,,,
603758.SH,秦安股份,〔2024〕6号,操纵市场,20180204,20180326,20180316,D11,,,,,1.71,7.01,0.706,10.0,,,,,,,,,,,,,,,,
603758.SH,秦安股份,〔2024〕6号,操纵市场,20180204,20180326,20180316,D12,,,,,,,,,10.0,6.0,1.47,3.58,,,,,,,,,,,,
603758.SH,秦安股份,〔2024〕6号,操纵市场,20180204,20180326,20180319,D11,,,,,2.49,9.61,0.84,10.0,,,,,,,,,,,,,,,,
603758.SH,秦安股份,〔2024〕6号,操纵市场,20180204,20180326,20180319,D12,,,,,,,,,10.0,7.0,1.69,3.58,,,,,,,,,,,,
603758.SH,秦安股份,〔2024〕6号,操纵市场,20180204,20180326,20180320,D11,,,,,2.27,9.33,0.915,10.0,,,,,,,,,,,,,,,,
603758.SH,秦安股份,〔2024〕6号,操纵市场,20180204,20180326,20180320,D12,,,,,,,,,10.0,8.0,1.85,3.58,,,,,,,,,,,,
603758.SH,秦安股份,〔2024〕6号,操纵市场,20180204,20180326,20180321,D9,1.91,-1.61,48010.39,25094.0,,,,,,,,,,,,,,,,,,,,
603758.SH,秦安股份,〔2024〕6号,操纵市场,20180204,20180326,20180321,D11,,,,,2.23,8.0,0.82,10.0,,,,,,,,,,,,,,,,
603758.SH,秦安股份,〔2024〕6号,操纵市场,20180204,20180326,20180321,D12,,,,,,,,,10.0,9.0,1.97,3.58,,,,,,,,,,,,
603758.SH,秦安股份,〔2024〕6号,操纵市场,20180204,20180326,20180322,D9,1.5,0.14,39926.23,26573.0,,,,,,,,,,,,,,,,,,,,
603758.SH,秦安股份,〔2024〕6号,操纵市场,20180204,20180326,20180322,D12,,,,,,,,,10.0,10.0,2.04,3.58,,,,,,,,,,,,
603758.SH,秦安股份,〔2024〕6号,操纵市场,20180204,20180326,20180323,D12,,,,,,,,,10.0,10.0,2.05,3.58,,,,,,,,,,,,
603758.SH,秦安股份,〔2024〕6号,操纵市场,20180204,20180326,20180326,D9,2.2,1.9,66289.32,30078.0,,,,,,,,,,,,,,,,,,,,
603758.SH,秦安股份,〔2024〕6号,操纵市场,20180204,20180326,20180326,D12,,,,,,,,,10.0,10.0,2.15,3.58,,,,,,,,,,,,
603767.SH,中马传动,〔2024〕6号,操纵市场,20180204,20180326,20180305,D10,,,,,,,,,,,1.07,,,,,,3.0,1.33,,,,,,
603767.SH,中马传动,〔2024〕6号,操纵市场,20180204,20180326,20180306,D9,1.7,1.37,22890.93,13448.0,,,,,,,,,,,,,,,,,,,,
603767.SH,中马传动,〔2024〕6号,操纵市场,20180204,20180326,20180306,D10,,,,,,,,,,,1.29,,,,,,3.0,1.37,,,,,,
603767.SH,中马传动,〔2024〕6号,操纵市场,20180204,20180326,20180306,D11,,,,,1.88,4.29,0.216,10.0,,,,,,,,,,,,,,,,
603767.SH,中马传动,〔2024〕6号,操纵市场,20180204,20180326,20180307,D11,,,,,1.2,2.4,0.178,10.0,,,,,,,,,,,,,,,,
603767.SH,中马传动,〔2024〕6号,操纵市场,20180204,20180326,20180308,D9,1.87,1.89,24290.24,12970.0,,,,,,,,,,,,,,,,,,,,
603767.SH,中马传动,〔2024〕6号,操纵市场,20180204,20180326,20180308,D11,,,,,2.01,4.55,0.206,10.0,,,,,,,,,,,,,,,,
603767.SH,中马传动,〔2024〕6号,操纵市场,20180204,20180326,20180308,D12,,,,,,,,,10.0,5.0,1.09,1.87,,,,,,,,,,,,
603767.SH,中马传动,〔2024〕6号,操纵市场,20180204,20180326,20180309,D9,1.69,1.71,22743.85,13450.0,,,,,,,,,,,,,,,,,,,,
603767.SH,中马传动,〔2024〕6号,操纵市场,20180204,20180326,20180309,D11,,,,,2.33,4.26,0.232,10.0,,,,,,,,,,,,,,,,
603767.SH,中马传动,〔2024〕6号,操纵市场,20180204,20180326,20180309,D12,,,,,,,,,10.0,6.0,1.19,1.87,,,,,,,,,,,,
603767.SH,中马传动,〔2024〕6号,操纵市场,20180204,20180326,20180312,D11,,,,,2.54,10.07,0.568,10.0,,,,,,,,,,,,,,,,
603767.SH,中马传动,〔2024〕6号,操纵市场,20180204,20180326,20180312,D12,,,,,,,,,10.0,7.0,1.45,3.41,,,,,,,,,,,,
603767.SH,中马传动,〔2024〕6号,操纵市场,20180204,20180326,20180313,D9,1.85,-2.54,30473.21,16428.0,,,,,,,,,,,,,,,,,,,,
603767.SH,中马传动,〔2024〕6号,操纵市场,20180204,20180326,20180313,D11,,,,,1.96,5.71,0.587,10.0,,,,,,,,,,,,,,,,
603767.SH,中马传动,〔2024〕6号,操纵市场,20180204,20180326,20180313,D12,,,,,,,,,10.0,8.0,1.55,3.41,,,,,,,,,,,,
603767.SH,中马传动,〔2024〕6号,操纵市场,20180204,20180326,20180314,D11,,,,,2.64,3.23,0.394,10.0,,,,,,,,,,,,,,,,
603767.SH,中马传动,〔2024〕6号,操纵市场,20180204,20180326,20180314,D12,,,,,,,,,10.0,9.0,1.58,3.41,,,,,,,,,,,,
603767.SH,中马传动,〔2024〕6号,操纵市场,20180204,20180326,20180315,D10,,,,,,,,,,,1.36,,,,,,3.0,2.54,,,,,,
603767.SH,中马传动,〔2024〕6号,操纵市场,20180204,20180326,20180315,D11,,,,,2.87,3.85,0.264,10.0,,,,,,,,,,,,,,,,
603767.SH,中马传动,〔2024〕6号,操纵市场,20180204,20180326,20180315,D12,,,,,,,,,10.0,9.0,1.59,3.41,,,,,,,,,,,,
603767.SH,中马传动,〔2024〕6号,操纵市场,20180204,20180326,20180316,D11,,,,,2.53,5.13,0.205,10.0,,,,,,,,,,,,,,,,
603767.SH,中马传动,〔2024〕6号,操纵市场,20180204,20180326,20180316,D12,,,,,,,,,10.0,9.0,1.63,3.41,,,,,,,,,,,,
603767.SH,中马传动,〔2024〕6号,操纵市场,20180204,20180326,20180319,D12,,,,,,,,,10.0,8.0,1.62,3.41,,,,,,,,,,,,
603767.SH,中马传动,〔2024〕6号,操纵市场,20180204,20180326,20180320,D12,,,,,,,,,10.0,7.0,1.54,3.41,,,,,,,,,,,,
603767.SH,中马传动,〔2024〕6号,操纵市场,20180204,20180326,20180321,D9,2.14,1.53,43266.94,20250.0,,,,,,,,,,,,,,,,,,,,
603767.SH,中马传动,〔2024〕6号,操纵市场,20180204,20180326,20180321,D12,,,,,,,,,10.0,8.0,1.66,3.41,,,,,,,,,,,,
603767.SH,中马传动,〔2024〕6号,操纵市场,20180204,20180326,20180322,D12,,,,,,,,,10.0,8.0,1.74,3.41,,,,,,,,,,,,
603767.SH,中马传动,〔2024〕6号,操纵市场,20180204,20180326,20180323,D12,,,,,,,,,10.0,8.0,1.76,3.41,,,,,,,,,,,,
603767.SH,中马传动,〔2024〕6号,操纵市场,20180204,20180326,20180326,D12,,,,,,,,,10.0,7.0,1.51,2.74,,,,,,,,,,,,
603809.SH,豪能股份,,操纵市场,20190813,20191002,20190826,D9,1.45,-2.26,20675.12,14299.0,,,,,,,,,,,,,,,,,,,,
603809.SH,豪能股份,,操纵市场,20190813,20191002,20190826,D11,,,,,0.87,1.8,0.318,10.0,,,,,,,,,,,,,,,,
603809.SH,豪能股份,,操纵市场,20190813,20191002,20190826,D12,,,,,,,,,10.0,5.0,1.6,5.42,,,,,,,,,,,,
603809.SH,豪能股份,,操纵市场,20190813,20191002,20190827,D11,,,,,0.9,1.44,0.251,10.0,,,,,,,,,,,,,,,,
603809.SH,豪能股份,,操纵市场,20190813,20191002,20190827,D12,,,,,,,,,10.0,6.0,1.63,5.42,,,,,,,,,,,,
603809.SH,豪能股份,,操纵市场,20190813,20191002,20190828,D11,,,,,0.61,1.22,0.167,10.0,,,,,,,,,,,,,,,,
603809.SH,豪能股份,,操纵市场,20190813,20191002,20190828,D12,,,,,,,,,10.0,6.0,1.63,5.42,,,,,,,,,,,,
603809.SH,豪能股份,,操纵市场,20190813,20191002,20190829,D12,,,,,,,,,10.0,6.0,1.65,5.42,,,,,,,,,,,,
603809.SH,豪能股份,,操纵市场,20190813,20191002,20190830,D12,,,,,,,,,10.0,6.0,1.69,5.42,,,,,,,,,,,,
603809.SH,豪能股份,,操纵市场,20190813,20191002,20190902,D12,,,,,,,,,10.0,5.0,1.66,5.42,,,,,,,,,,,,
603809.SH,豪能股份,,操纵市场,20190813,20191002,20190903,D12,,,,,,,,,10.0,5.0,1.64,5.42,,,,,,,,,,,,
603809.SH,豪能股份,,操纵市场,20190813,20191002,20190905,D9,1.32,0.84,21334.42,16112.0,,,,,,,,,,,,,,,,,,,,
603809.SH,豪能股份,,操纵市场,20190813,20191002,20190909,D9,1.34,1.86,22533.55,16867.0,,,,,,,,,,,,,,,,,,,,
603809.SH,豪能股份,,操纵市场,20190813,20191002,20190912,D11,,,,,1.23,3.62,0.19,10.0,,,,,,,,,,,,,,,,
603809.SH,豪能股份,,操纵市场,20190813,20191002,20190916,D9,2.16,1.27,46169.36,21405.0,,,,,,,,,,,,,,,,,,,,
603809.SH,豪能股份,,操纵市场,20190813,20191002,20190916,D11,,,,,1.0,4.01,0.304,10.0,,,,,,,,,,,,,,,,
603809.SH,豪能股份,,操纵市场,20190813,20191002,20190916,D12,,,,,,,,,10.0,5.0,1.17,2.16,,,,,,,,,,,,
603809.SH,豪能股份,,操纵市场,20190813,20191002,20190916,D14,2.02,,,,,,,,,,,,,,,,,,,,10603.0,21405.0,20.0,20.0
603809.SH,豪能股份,,操纵市场,20190813,20191002,20190917,D9,2.31,0.68,54587.08,23596.0,,,,,,,,,,,,,,,,,,,,
603809.SH,豪能股份,,操纵市场,20190813,20191002,20190917,D11,,,,,0.8,4.74,0.408,10.0,,,,,,,,,,,,,,,,
603809.SH,豪能股份,,操纵市场,20190813,20191002,20190917,D12,,,,,,,,,10.0,6.0,1.33,2.31,,,,,,,,,,,,
603809.SH,豪能股份,,操纵市场,20190813,20191002,20190917,D14,2.25,,,,,,,,,,,,,,,,,,,,10494.0,23596.0,20.0,20.0
603809.SH,豪能股份,,操纵市场,20190813,20191002,20190918,D11,,,,,0.91,9.01,0.686,10.0,,,,,,,,,,,,,,,,
603809.SH,豪能股份,,操纵市场,20190813,20191002,20190918,D12,,,,,,,,,10.0,7.0,1.63,3.65,,,,,,,,,,,,
603809.SH,豪能股份,,操纵市场,20190813,20191002,20190918,D14,2.75,,,,,,,,,,,,,,,,,,,,10323.0,28363.0,20.0,20.0
603809.SH,豪能股份,,操纵市场,20190813,20191002,20190919,D11,,,,,1.85,16.7,1.292,10.0,,,,,,,,,,,,,,,,
603809.SH,豪能股份,,操纵市场,20190813,20191002,20190919,D12,,,,,,,,,10.0,8.0,2.08,5.19,,,,,,,,,,,,
603809.SH,豪能股份,,操纵市场,20190813,20191002,20190919,D14,3.64,,,,,,,,,,,,,,,,,,,,10176.0,37066.0,20.0,20.0
603809.SH,豪能股份,,操纵市场,20190813,20191002,20190920,D11,,,,,0.91,8.08,1.3,10.0,,,,,,,,,,,,,,,,
603809.SH,豪能股份,,操纵市场,20190813,20191002,20190920,D12,,,,,,,,,10.0,8.0,2.19,5.19,,,,,,,,,,,,
603809.SH,豪能股份,,操纵市场,20190813,20191002,20190920,D14,3.09,,,,,,,,,,,,,,,,,,,,12429.0,38348.0,20.0,20.0
603809.SH,豪能股份,,操纵市场,20190813,20191002,20190923,D11,,,,,1.96,4.29,0.962,10.0,,,,,,,,,,,,,,,,
603809.SH,豪能股份,,操纵市场,20190813,20191002,20190923,D12,,,,,,,,,10.0,9.0,2.26,5.19,,,,,,,,,,,,
603809.SH,豪能股份,,操纵市场,20190813,20191002,20190923,D14,2.86,,,,,,,,,,,,,,,,,,,,13653.0,39063.0,20.0,20.0
603809.SH,豪能股份,,操纵市场,20190813,20191002,20190924,D11,,,,,1.75,3.29,0.598,10.0,,,,,,,,,,,,,,,,
603809.SH,豪能股份,,操纵市场,20190813,20191002,20190924,D12,,,,,,,,,10.0,8.0,2.22,5.19,,,,,,,,,,,,
603809.SH,豪能股份,,操纵市场,20190813,20191002,20190924,D14,2.79,,,,,,,,,,,,,,,,,,,,14299.0,39923.0,20.0,20.0
603809.SH,豪能股份,,操纵市场,20190813,20191002,20190925,D11,,,,,1.41,2.39,0.155,10.0,,,,,,,,,,,,,,,,
603809.SH,豪能股份,,操纵市场,20190813,20191002,20190925,D12,,,,,,,,,10.0,7.0,2.17,5.19,,,,,,,,,,,,
603809.SH,豪能股份,,操纵市场,20190813,20191002,20190925,D14,2.75,,,,,,,,,,,,,,,,,,,,14741.0,40471.0,20.0,20.0
603809.SH,豪能股份,,操纵市场,20190813,20191002,20190926,D12,,,,,,,,,10.0,7.0,2.15,5.19,,,,,,,,,,,,
603809.SH,豪能股份,,操纵市场,20190813,20191002,20190926,D14,2.73,,,,,,,,,,,,,,,,,,,,15076.0,41160.0,20.0,20.0
603809.SH,豪能股份,,操纵市场,20190813,20191002,20190927,D12,,,,,,,,,10.0,6.0,1.97,5.19,,,,,,,,,,,,
603809.SH,豪能股份,,操纵市场,20190813,20191002,20190927,D14,2.68,,,,,,,,,,,,,,,,,,,,15386.0,41307.0,20.0,20.0
603809.SH,豪能股份,,操纵市场,20190813,20191002,20190930,D12,,,,,,,,,10.0,5.0,1.79,5.19,,,,,,,,,,,,
603809.SH,豪能股份,,操纵市场,20190813,20191002,20190930,D14,2.66,,,,,,,,,,,,,,,,,,,,15534.0,41356.0,20.0,20.0
603822.SH,嘉澳环保,〔2021〕116号,操纵市场,20181215,20190203,20181226,D10,,,,,,,,,,,1.08,,,,,,3.0,1.68,,,,,,
603822.SH,嘉澳环保,〔2021〕116号,操纵市场,20181215,20190203,20181227,D10,,,,,,,,,,,1.13,,,,,,3.0,1.23,,,,,,
603822.SH,嘉澳环保,〔2021〕116号,操纵市场,20181215,20190203,20181228,D9,1.52,1.3,4544.72,2986.0,,,,,,,,,,,,,,,,,,,,
603822.SH,嘉澳环保,〔2021〕116号,操纵市场,20181215,20190203,20181228,D10,,,,,,,,,,,1.24,,,,,,3.0,1.3,,,,,,
603822.SH,嘉澳环保,〔2021〕116号,操纵市场,20181215,20190203,20181228,D12,,,,,,,,,10.0,5.0,0.88,1.52,,,,,,,,,,,,
603822.SH,嘉澳环保,〔2021〕116号,操纵市场,20181215,20190203,20181228,D13,,,,,,,,,,,,,,,,,5.0,,2.78,3.63,,,,
603822.SH,嘉澳环保,〔2021〕116号,操纵市场,20181215,20190203,20190102,D10,,,,,,,,,,,1.25,,,,,,3.0,1.3,,,,,,
603822.SH,嘉澳环保,〔2021〕116号,操纵市场,20181215,20190203,20190102,D12,,,,,,,,,10.0,6.0,0.93,1.52,,,,,,,,,,,,
603822.SH,嘉澳环保,〔2021〕116号,操纵市场,20181215,20190203,20190102,D13,,,,,,,,,,,,,,,,,5.0,,2.66,3.63,,,,
603822.SH,嘉澳环保,〔2021〕116号,操纵市场,20181215,20190203,20190103,D12,,,,,,,,,10.0,6.0,0.97,1.52,,,,,,,,,,,,
603822.SH,嘉澳环保,〔2021〕116号,操纵市场,20181215,20190203,20190104,D9,1.69,1.22,4871.0,2883.0,,,,,,,,,,,,,,,,,,,,
603822.SH,嘉澳环保,〔2021〕116号,操纵市场,20181215,20190203,20190104,D12,,,,,,,,,10.0,7.0,1.09,1.69,,,,,,,,,,,,
603822.SH,嘉澳环保,〔2021〕116号,操纵市场,20181215,20190203,20190107,D9,1.82,0.43,5492.2,3022.0,,,,,,,,,,,,,,,,,,,,
603822.SH,嘉澳环保,〔2021〕116号,操纵市场,20181215,20190203,20190107,D12,,,,,,,,,10.0,8.0,1.21,1.82,,,,,,,,,,,,
603822.SH,嘉澳环保,〔2021〕116号,操纵市场,20181215,20190203,20190108,D9,2.28,2.37,7528.29,3302.0,,,,,,,,,,,,,,,,,,,,
603822.SH,嘉澳环保,〔2021〕116号,操纵市场,20181215,20190203,20190108,D10,,,,,,,,,,,1.93,,,,,,3.0,2.37,,,,,,
603822.SH,嘉澳环保,〔2021〕116号,操纵市场,20181215,20190203,20190108,D12,,,,,,,,,10.0,9.0,1.37,2.28,,,,,,,,,,,,
603822.SH,嘉澳环保,〔2021〕116号,操纵市场,20181215,20190203,20190109,D9,1.69,-1.55,5835.0,3463.0,,,,,,,,,,,,,,,,,,,,
603822.SH,嘉澳环保,〔2021〕116号,操纵市场,20181215,20190203,20190109,D10,,,,,,,,,,,1.93,,,,,,3.0,2.37,,,,,,
603822.SH,嘉澳环保,〔2021〕116号,操纵市场,20181215,20190203,20190109,D12,,,,,,,,,10.0,9.0,1.44,2.28,,,,,,,,,,,,
603822.SH,嘉澳环保,〔2021〕116号,操纵市场,20181215,20190203,20190110,D12,,,,,,,,,10.0,8.0,1.4,2.28,,,,,,,,,,,,
603822.SH,嘉澳环保,〔2021〕116号,操纵市场,20181215,20190203,20190111,D8,,,2519.04,,,,,,,,,,0.49,5172.0,1.76,0.62,,,,,,,,
603822.SH,嘉澳环保,〔2021〕116号,操纵市场,20181215,20190203,20190111,D12,,,,,,,,,10.0,7.0,1.37,2.28,,,,,,,,,,,,
603822.SH,嘉澳环保,〔2021〕116号,操纵市场,20181215,20190203,20190114,D12,,,,,,,,,10.0,7.0,1.51,2.58,,,,,,,,,,,,
603822.SH,嘉澳环保,〔2021〕116号,操纵市场,20181215,20190203,20190115,D9,1.25,-0.25,5001.98,3995.0,,,,,,,,,,,,,,,,,,,,
603822.SH,嘉澳环保,〔2021〕116号,操纵市场,20181215,20190203,20190115,D12,,,,,,,,,10.0,7.0,1.48,2.58,,,,,,,,,,,,
603822.SH,嘉澳环保,〔2021〕116号,操纵市场,20181215,20190203,20190116,D9,1.41,1.75,5836.0,4145.0,,,,,,,,,,,,,,,,,,,,
603822.SH,嘉澳环保,〔2021〕116号,操纵市场,20181215,20190203,20190116,D12,,,,,,,,,10.0,7.0,1.52,2.58,,,,,,,,,,,,
603822.SH,嘉澳环保,〔2021〕116号,操纵市场,20181215,20190203,20190117,D10,,,,,,,,,,,2.23,,,,,,3.0,2.18,,,,,,
603822.SH,嘉澳环保,〔2021〕116号,操纵市场,20181215,20190203,20190117,D11,,,,,1.2,5.02,0.212,10.0,,,,,,,,,,,,,,,,
603822.SH,嘉澳环保,〔2021〕116号,操纵市场,20181215,20190203,20190117,D12,,,,,,,,,10.0,8.0,1.83,4.04,,,,,,,,,,,,
603822.SH,嘉澳环保,〔2021〕116号,操纵市场,20181215,20190203,20190118,D9,1.81,1.29,9806.82,5428.0,,,,,,,,,,,,,,,,,,,,
603822.SH,嘉澳环保,〔2021〕116号,操纵市场,20181215,20190203,20190118,D10,,,,,,,,,,,2.42,,,,,,3.0,2.18,,,,,,
603822.SH,嘉澳环保,〔2021〕116号,操纵市场,20181215,20190203,20190118,D11,,,,,1.35,2.42,0.213,10.0,,,,,,,,,,,,,,,,
603822.SH,嘉澳环保,〔2021〕116号,操纵市场,20181215,20190203,20190118,D12,,,,,,,,,10.0,8.0,1.84,4.04,,,,,,,,,,,,
603822.SH,嘉澳环保,〔2021〕116号,操纵市场,20181215,20190203,20190121,D9,1.25,-0.44,7050.76,5660.0,,,,,,,,,,,,,,,,,,,,
603822.SH,嘉澳环保,〔2021〕116号,操纵市场,20181215,20190203,20190121,D10,,,,,,,,,,,2.36,,,,,,3.0,2.18,,,,,,
603822.SH,嘉澳环保,〔2021〕116号,操纵市场,20181215,20190203,20190121,D11,,,,,1.85,1.74,0.173,10.0,,,,,,,,,,,,,,,,
603822.SH,嘉澳环保,〔2021〕116号,操纵市场,20181215,20190203,20190121,D12,,,,,,,,,10.0,8.0,1.78,4.04,,,,,,,,,,,,
603822.SH,嘉澳环保,〔2021〕116号,操纵市场,20181215,20190203,20190122,D10,,,,,,,,,,,1.39,,,,,,3.0,1.29,,,,,,
603822.SH,嘉澳环保,〔2021〕116号,操纵市场,20181215,20190203,20190122,D11,,,,,1.44,1.63,0.156,10.0,,,,,,,,,,,,,,,,
603822.SH,嘉澳环保,〔2021〕116号,操纵市场,20181215,20190203,20190122,D12,,,,,,,,,10.0,8.0,1.67,4.04,,,,,,,,,,,,
603822.SH,嘉澳环保,〔2021〕116号,操纵市场,20181215,20190203,20190123,D10,,,,,,,,,,,1.15,,,,,,3.0,1.37,,,,,,
603822.SH,嘉澳环保,〔2021〕116号,操纵市场,20181215,20190203,20190123,D12,,,,,,,,,10.0,8.0,1.61,4.04,,,,,,,,,,,,
603822.SH,嘉澳环保,〔2021〕116号,操纵市场,20181215,20190203,20190124,D12,,,,,,,,,10.0,8.0,1.61,4.04,,,,,,,,,,,,
603822.SH,嘉澳环保,〔2021〕116号,操纵市场,20181215,20190203,20190125,D12,,,,,,,,,10.0,8.0,1.63,4.04,,,,,,,,,,,,
603822.SH,嘉澳环保,〔2021〕116号,操纵市场,20181215,20190203,20190125,D14,2.11,,,,,,,,,,,,,,,,,,,,2960.0,6258.0,20.0,20.0
603822.SH,嘉澳环保,〔2021〕116号,操纵市场,20181215,20190203,20190128,D12,,,,,,,,,10.0,8.0,1.64,4.04,,,,,,,,,,,,
603822.SH,嘉澳环保,〔2021〕116号,操纵市场,20181215,20190203,20190128,D14,2.39,,,,,,,,,,,,,,,,,,,,2931.0,7001.0,20.0,20.0
603822.SH,嘉澳环保,〔2021〕116号,操纵市场,20181215,20190203,20190129,D9,2.49,2.74,19231.88,7735.0,,,,,,,,,,,,,,,,,,,,
603822.SH,嘉澳环保,〔2021〕116号,操纵市场,20181215,20190203,20190129,D12,,,,,,,,,10.0,8.0,1.76,4.04,,,,,,,,,,,,
603822.SH,嘉澳环保,〔2021〕116号,操纵市场,20181215,20190203,20190129,D14,2.59,,,,,,,,,,,,,,,,,,,,2986.0,7735.0,20.0,20.0
603822.SH,嘉澳环保,〔2021〕116号,操纵市场,20181215,20190203,20190130,D9,1.52,0.82,12447.27,8206.0,,,,,,,,,,,,,,,,,,,,
603822.SH,嘉澳环保,〔2021〕116号,操纵市场,20181215,20190203,20190130,D12,,,,,,,,,10.0,8.0,1.77,4.04,,,,,,,,,,,,
603822.SH,嘉澳环保,〔2021〕116号,操纵市场,20181215,20190203,20190130,D14,2.86,,,,,,,,,,,,,,,,,,,,2870.0,8206.0,20.0,20.0
603822.SH,嘉澳环保,〔2021〕116号,操纵市场,20181215,20190203,20190131,D10,,,,,,,,,,,1.68,,,,,,3.0,2.74,,,,,,
603822.SH,嘉澳环保,〔2021〕116号,操纵市场,20181215,20190203,20190131,D11,,,,,2.42,2.18,0.191,10.0,,,,,,,,,,,,,,,,
603822.SH,嘉澳环保,〔2021〕116号,操纵市场,20181215,20190203,20190131,D12,,,,,,,,,10.0,8.0,1.47,2.61,,,,,,,,,,,,
603822.SH,嘉澳环保,〔2021〕116号,操纵市场,20181215,20190203,20190131,D14,3.02,,,,,,,,,,,,,,,,,,,,2824.0,8517.0,20.0,20.0
603822.SH,嘉澳环保,〔2021〕116号,操纵市场,20181215,20190203,20190201,D11,,,,,1.74,2.01,0.164,10.0,,,,,,,,,,,,,,,,
603822.SH,嘉澳环保,〔2021〕116号,操纵市场,20181215,20190203,20190201,D12,,,,,,,,,10.0,7.0,1.38,2.61,,,,,,,,,,,,
603822.SH,嘉澳环保,〔2021〕116号,操纵市场,20181215,20190203,20190201,D14,3.01,,,,,,,,,,,,,,,,,,,,2883.0,8681.0,20.0,20.0
603877.SH,太平鸟,〔2024〕6号,操纵市场,20170527,20170716,20170531,D9,1.49,0.87,42050.21,28253.0,,,,,,,,,,,,,,,,,,,,
603877.SH,太平鸟,〔2024〕6号,操纵市场,20170527,20170716,20170531,D12,,,,,,,,,10.0,7.0,1.14,1.6,,,,,,,,,,,,
603877.SH,太平鸟,〔2024〕6号,操纵市场,20170527,20170716,20170601,D12,,,,,,,,,10.0,7.0,1.12,1.6,,,,,,,,,,,,
603877.SH,太平鸟,〔2024〕6号,操纵市场,20170527,20170716,20170602,D12,,,,,,,,,10.0,7.0,1.12,1.6,,,,,,,,,,,,
603877.SH,太平鸟,〔2024〕6号,操纵市场,20170527,20170716,20170605,D12,,,,,,,,,10.0,7.0,1.11,1.6,,,,,,,,,,,,
603877.SH,太平鸟,〔2024〕6号,操纵市场,20170527,20170716,20170606,D12,,,,,,,,,10.0,6.0,1.0,1.49,,,,,,,,,,,,
603877.SH,太平鸟,〔2024〕6号,操纵市场,20170527,20170716,20170607,D12,,,,,,,,,10.0,6.0,1.01,1.49,,,,,,,,,,,,
603877.SH,太平鸟,〔2024〕6号,操纵市场,20170527,20170716,20170608,D12,,,,,,,,,10.0,5.0,1.0,1.49,,,,,,,,,,,,
603877.SH,太平鸟,〔2024〕6号,操纵市场,20170527,20170716,20170609,D12,,,,,,,,,10.0,5.0,0.99,1.49,,,,,,,,,,,,
603877.SH,太平鸟,〔2024〕6号,操纵市场,20170527,20170716,20170612,D12,,,,,,,,,10.0,5.0,0.96,1.49,,,,,,,,,,,,
603877.SH,太平鸟,〔2024〕6号,操纵市场,20170527,20170716,20170616,D9,1.32,-1.74,39554.99,29996.0,,,,,,,,,,,,,,,,,,,,
603877.SH,太平鸟,〔2024〕6号,操纵市场,20170527,20170716,20170619,D11,,,,,2.86,3.76,0.313,10.0,,,,,,,,,,,,,,,,
603877.SH,太平鸟,〔2024〕6号,操纵市场,20170527,20170716,20170629,D9,1.35,2.95,34645.32,25665.0,,,,,,,,,,,,,,,,,,,,
603877.SH,太平鸟,〔2024〕6号,操纵市场,20170527,20170716,20170630,D9,1.77,1.49,46862.6,26484.0,,,,,,,,,,,,,,,,,,,,
603877.SH,太平鸟,〔2024〕6号,操纵市场,20170527,20170716,20170705,D9,2.49,2.57,72367.81,29041.0,,,,,,,,,,,,,,,,,,,,
603877.SH,太平鸟,〔2024〕6号,操纵市场,20170527,20170716,20170705,D10,,,,,,,,,,,1.87,,,,,,3.0,2.95,,,,,,
603877.SH,太平鸟,〔2024〕6号,操纵市场,20170527,20170716,20170706,D10,,,,,,,,,,,1.78,,,,,,3.0,2.57,,,,,,
603877.SH,太平鸟,〔2024〕6号,操纵市场,20170527,20170716,20170710,D9,1.4,2.24,41900.18,30021.0,,,,,,,,,,,,,,,,,,,,
603877.SH,太平鸟,〔2024〕6号,操纵市场,20170527,20170716,20170710,D12,,,,,,,,,10.0,5.0,1.15,2.49,,,,,,,,,,,,
603877.SH,太平鸟,〔2024〕6号,操纵市场,20170527,20170716,20170711,D12,,,,,,,,,10.0,5.0,1.13,2.49,,,,,,,,,,,,
603877.SH,太平鸟,〔2024〕6号,操纵市场,20170527,20170716,20170712,D12,,,,,,,,,10.0,5.0,1.12,2.49,,,,,,,,,,,,
603877.SH,太平鸟,〔2024〕6号,操纵市场,20170527,20170716,20170713,D12,,,,,,,,,10.0,5.0,1.1,2.49,,,,,,,,,,,,
603877.SH,太平鸟,〔2024〕6号,操纵市场,20170527,20170716,20170714,D12,,,,,,,,,10.0,5.0,1.07,2.49,,,,,,,,,,,,
603908.SH,牧高笛,,操纵市场,20190316,20190505,20190318,D12,,,,,,,,,10.0,8.0,1.66,3.37,,,,,,,,,,,,
603908.SH,牧高笛,,操纵市场,20190316,20190505,20190318,D14,2.94,,,,,,,,,,,,,,,,,,,,3338.0,9812.0,20.0,20.0
603908.SH,牧高笛,,操纵市场,20190316,20190505,20190319,D12,,,,,,,,,10.0,7.0,1.58,3.37,,,,,,,,,,,,
603908.SH,牧高笛,,操纵市场,20190316,20190505,20190319,D14,2.91,,,,,,,,,,,,,,,,,,,,3446.0,10039.0,20.0,20.0
603908.SH,牧高笛,,操纵市场,20190316,20190505,20190320,D12,,,,,,,,,10.0,6.0,1.48,3.37,,,,,,,,,,,,
603908.SH,牧高笛,,操纵市场,20190316,20190505,20190320,D14,3.05,,,,,,,,,,,,,,,,,,,,3381.0,10313.0,20.0,20.0
603908.SH,牧高笛,,操纵市场,20190316,20190505,20190321,D12,,,,,,,,,10.0,5.0,1.32,3.37,,,,,,,,,,,,
603908.SH,牧高笛,,操纵市场,20190316,20190505,20190321,D14,3.09,,,,,,,,,,,,,,,,,,,,3409.0,10544.0,20.0,20.0
603908.SH,牧高笛,,操纵市场,20190316,20190505,20190322,D14,3.06,,,,,,,,,,,,,,,,,,,,3502.0,10709.0,20.0,20.0
603908.SH,牧高笛,,操纵市场,20190316,20190505,20190325,D9,1.39,1.71,15186.28,10957.0,,,,,,,,,,,,,,,,,,,,
603908.SH,牧高笛,,操纵市场,20190316,20190505,20190325,D14,2.8,,,,,,,,,,,,,,,,,,,,3915.0,10957.0,20.0,20.0
603908.SH,牧高笛,,操纵市场,20190316,20190505,20190326,D14,2.65,,,,,,,,,,,,,,,,,,,,4159.0,11033.0,20.0,20.0
603908.SH,牧高笛,,操纵市场,20190316,20190505,20190327,D14,2.95,,,,,,,,,,,,,,,,,,,,3961.0,11682.0,20.0,20.0
603908.SH,牧高笛,,操纵市场,20190316,20190505,20190328,D12,,,,,,,,,10.0,5.0,1.06,1.82,,,,,,,,,,,,
603908.SH,牧高笛,,操纵市场,20190316,20190505,20190328,D14,2.95,,,,,,,,,,,,,,,,,,,,4097.0,12080.0,20.0,20.0
603908.SH,牧高笛,,操纵市场,20190316,20190505,20190329,D12,,,,,,,,,10.0,6.0,1.11,1.82,,,,,,,,,,,,
603908.SH,牧高笛,,操纵市场,20190316,20190505,20190329,D14,2.8,,,,,,,,,,,,,,,,,,,,4423.0,12364.0,20.0,20.0
603908.SH,牧高笛,,操纵市场,20190316,20190505,20190401,D9,1.93,0.89,25397.08,13131.0,,,,,,,,,,,,,,,,,,,,
603908.SH,牧高笛,,操纵市场,20190316,20190505,20190401,D12,,,,,,,,,10.0,6.0,1.2,1.93,,,,,,,,,,,,
603908.SH,牧高笛,,操纵市场,20190316,20190505,20190401,D13,,,,,,,,,,,,,,,,,5.0,,3.58,4.86,,,,
603908.SH,牧高笛,,操纵市场,20190316,20190505,20190401,D14,2.72,,,,,,,,,,,,,,,,,,,,4834.0,13131.0,20.0,20.0
603908.SH,牧高笛,,操纵市场,20190316,20190505,20190402,D12,,,,,,,,,10.0,7.0,1.23,1.93,,,,,,,,,,,,
603908.SH,牧高笛,,操纵市场,20190316,20190505,20190402,D13,,,,,,,,,,,,,,,,,5.0,,3.49,4.86,,,,
603908.SH,牧高笛,,操纵市场,20190316,20190505,20190402,D14,2.61,,,,,,,,,,,,,,,,,,,,5160.0,13484.0,20.0,20.0
603908.SH,牧高笛,,操纵市场,20190316,20190505,20190403,D10,,,,,,,,,,,1.44,,,,,,3.0,1.18,,,,,,
603908.SH,牧高笛,,操纵市场,20190316,20190505,20190403,D12,,,,,,,,,10.0,8.0,1.27,1.93,,,,,,,,,,,,
603908.SH,牧高笛,,操纵市场,20190316,20190505,20190403,D13,,,,,,,,,,,,,,,,,5.0,,3.58,4.86,,,,
603908.SH,牧高笛,,操纵市场,20190316,20190505,20190403,D14,2.44,,,,,,,,,,,,,,,,,,,,5644.0,13770.0,20.0,20.0
603908.SH,牧高笛,,操纵市场,20190316,20190505,20190404,D12,,,,,,,,,10.0,9.0,1.38,1.96,,,,,,,,,,,,
603908.SH,牧高笛,,操纵市场,20190316,20190505,20190404,D14,2.31,,,,,,,,,,,,,,,,,,,,6248.0,14448.0,20.0,20.0
603908.SH,牧高笛,,操纵市场,20190316,20190505,20190408,D9,2.22,2.32,32917.49,14842.0,,,,,,,,,,,,,,,,,,,,
603908.SH,牧高笛,,操纵市场,20190316,20190505,20190408,D12,,,,,,,,,10.0,10.0,1.53,2.22,,,,,,,,,,,,
603908.SH,牧高笛,,操纵市场,20190316,20190505,20190409,D12,,,,,,,,,10.0,10.0,1.56,2.22,,,,,,,,,,,,
603908.SH,牧高笛,,操纵市场,20190316,20190505,20190410,D12,,,,,,,,,10.0,10.0,1.56,2.22,,,,,,,,,,,,
603908.SH,牧高笛,,操纵市场,20190316,20190505,20190411,D12,,,,,,,,,10.0,9.0,1.43,2.22,,,,,,,,,,,,
603908.SH,牧高笛,,操纵市场,20190316,20190505,20190412,D12,,,,,,,,,10.0,8.0,1.36,2.22,,,,,,,,,,,,
603908.SH,牧高笛,,操纵市场,20190316,20190505,20190415,D12,,,,,,,,,10.0,7.0,1.28,2.22,,,,,,,,,,,,
603908.SH,牧高笛,,操纵市场,20190316,20190505,20190416,D12,,,,,,,,,10.0,6.0,1.15,2.22,,,,,,,,,,,,
603908.SH,牧高笛,,操纵市场,20190316,20190505,20190417,D12,,,,,,,,,10.0,5.0,1.09,2.22,,,,,,,,,,,,
603908.SH,牧高笛,,操纵市场,20190316,20190505,20190426,D12,,,,,,,,,10.0,5.0,1.22,4.02,,,,,,,,,,,,
603908.SH,牧高笛,,操纵市场,20190316,20190505,20190429,D12,,,,,,,,,10.0,5.0,1.26,4.02,,,,,,,,,,,,
603908.SH,牧高笛,,操纵市场,20190316,20190505,20190430,D12,,,,,,,,,10.0,5.0,1.27,4.02,,,,,,,,,,,,
603926.SH,铁流股份,〔2024〕6号,操纵市场,20170716,20170904,20170717,D12,,,,,,,,,10.0,5.0,0.97,1.58,,,,,,,,,,,,
603926.SH,铁流股份,〔2024〕6号,操纵市场,20170716,20170904,20170718,D12,,,,,,,,,10.0,5.0,0.98,1.58,,,,,,,,,,,,
603926.SH,铁流股份,〔2024〕6号,操纵市场,20170716,20170904,20170815,D9,1.33,0.67,13314.29,9981.0,,,,,,,,,,,,,,,,,,,,
603926.SH,铁流股份,〔2024〕6号,操纵市场,20170716,20170904,20170818,D9,2.29,-1.68,29580.14,12891.0,,,,,,,,,,,,,,,,,,,,
603926.SH,铁流股份,〔2024〕6号,操纵市场,20170716,20170904,20170818,D11,,,,,2.7,9.86,1.029,10.0,,,,,,,,,,,,,,,,
603926.SH,铁流股份,〔2024〕6号,操纵市场,20170716,20170904,20170821,D11,,,,,2.5,13.91,1.339,10.0,,,,,,,,,,,,,,,,
603926.SH,铁流股份,〔2024〕6号,操纵市场,20170716,20170904,20170821,D12,,,,,,,,,10.0,5.0,1.59,3.1,,,,,,,,,,,,
603926.SH,铁流股份,〔2024〕6号,操纵市场,20170716,20170904,20170822,D11,,,,,2.53,19.59,1.81,10.0,,,,,,,,,,,,,,,,
603926.SH,铁流股份,〔2024〕6号,操纵市场,20170716,20170904,20170822,D12,,,,,,,,,10.0,6.0,1.87,3.48,,,,,,,,,,,,
603926.SH,铁流股份,〔2024〕6号,操纵市场,20170716,20170904,20170823,D11,,,,,2.89,13.06,1.72,10.0,,,,,,,,,,,,,,,,
603926.SH,铁流股份,〔2024〕6号,操纵市场,20170716,20170904,20170823,D12,,,,,,,,,10.0,7.0,2.02,3.48,,,,,,,,,,,,
603926.SH,铁流股份,〔2024〕6号,操纵市场,20170716,20170904,20170824,D9,1.36,-2.54,25648.26,18847.0,,,,,,,,,,,,,,,,,,,,
603926.SH,铁流股份,〔2024〕6号,操纵市场,20170716,20170904,20170824,D12,,,,,,,,,10.0,8.0,2.07,3.48,,,,,,,,,,,,
603926.SH,铁流股份,〔2024〕6号,操纵市场,20170716,20170904,20170825,D11,,,,,2.37,5.7,0.635,10.0,,,,,,,,,,,,,,,,
603926.SH,铁流股份,〔2024〕6号,操纵市场,20170716,20170904,20170825,D12,,,,,,,,,10.0,8.0,2.07,3.48,,,,,,,,,,,,
603926.SH,铁流股份,〔2024〕6号,操纵市场,20170716,20170904,20170828,D9,1.42,3.0,28868.2,20309.0,,,,,,,,,,,,,,,,,,,,
603926.SH,铁流股份,〔2024〕6号,操纵市场,20170716,20170904,20170828,D12,,,,,,,,,10.0,9.0,2.14,3.48,,,,,,,,,,,,
603926.SH,铁流股份,〔2024〕6号,操纵市场,20170716,20170904,20170829,D9,1.84,0.13,40197.78,21791.0,,,,,,,,,,,,,,,,,,,,
603926.SH,铁流股份,〔2024〕6号,操纵市场,20170716,20170904,20170829,D12,,,,,,,,,10.0,9.0,2.2,3.48,,,,,,,,,,,,
603926.SH,铁流股份,〔2024〕6号,操纵市场,20170716,20170904,20170830,D12,,,,,,,,,10.0,8.0,2.04,3.48,,,,,,,,,,,,
603926.SH,铁流股份,〔2024〕6号,操纵市场,20170716,20170904,20170831,D12,,,,,,,,,10.0,8.0,1.85,3.48,,,,,,,,,,,,
603926.SH,铁流股份,〔2024〕6号,操纵市场,20170716,20170904,20170901,D12,,,,,,,,,10.0,7.0,1.71,3.48,,,,,,,,,,,,
603926.SH,铁流股份,〔2024〕6号,操纵市场,20170716,20170904,20170904,D12,,,,,,,,,10.0,6.0,1.49,3.48,,,,,,,,,,,,
603926.SH,铁流股份,〔2024〕6号,操纵市场,20170716,20170904,20170904,D14,2.09,,,,,,,,,,,,,,,,,,,,11657.0,24418.0,20.0,20.0
603937.SH,丽岛新材,〔2023〕49号,操纵市场,20200223,20200413,20200224,D9,1.64,0.87,34062.7,20802.0,,,,,,,,,,,,,,,,,,,,
603937.SH,丽岛新材,〔2023〕49号,操纵市场,20200223,20200413,20200224,D10,,,,,,,,,,,1.63,,,,,,3.0,2.35,,,,,,
603937.SH,丽岛新材,〔2023〕49号,操纵市场,20200223,20200413,20200224,D12,,,,,,,,,10.0,7.0,1.24,1.88,,,,,,,,,,,,
603937.SH,丽岛新材,〔2023〕49号,操纵市场,20200223,20200413,20200224,D13,,,,,,,,,,,,,,,,,5.0,,2.76,4.22,,,,
603937.SH,丽岛新材,〔2023〕49号,操纵市场,20200223,20200413,20200225,D9,1.47,-1.91,31797.28,21611.0,,,,,,,,,,,,,,,,,,,,
603937.SH,丽岛新材,〔2023〕49号,操纵市场,20200223,20200413,20200225,D10,,,,,,,,,,,1.5,,,,,,3.0,1.91,,,,,,
603937.SH,丽岛新材,〔2023〕49号,操纵市场,20200223,20200413,20200225,D12,,,,,,,,,10.0,8.0,1.29,1.88,,,,,,,,,,,,
603937.SH,丽岛新材,〔2023〕49号,操纵市场,20200223,20200413,20200225,D13,,,,,,,,,,,,,,,,,5.0,,3.28,4.4,,,,
603937.SH,丽岛新材,〔2023〕49号,操纵市场,20200223,20200413,20200226,D9,1.36,0.1,30679.4,22524.0,,,,,,,,,,,,,,,,,,,,
603937.SH,丽岛新材,〔2023〕49号,操纵市场,20200223,20200413,20200226,D10,,,,,,,,,,,1.49,,,,,,3.0,1.91,,,,,,
603937.SH,丽岛新材,〔2023〕49号,操纵市场,20200223,20200413,20200226,D12,,,,,,,,,10.0,8.0,1.31,1.88,,,,,,,,,,,,
603937.SH,丽岛新材,〔2023〕49号,操纵市场,20200223,20200413,20200226,D13,,,,,,,,,,,,,,,,,5.0,,3.49,4.4,,,,
603937.SH,丽岛新材,〔2023〕49号,操纵市场,20200223,20200413,20200227,D12,,,,,,,,,10.0,8.0,1.31,1.88,,,,,,,,,,,,
603937.SH,丽岛新材,〔2023〕49号,操纵市场,20200223,20200413,20200228,D12,,,,,,,,,10.0,9.0,1.39,1.88,,,,,,,,,,,,
603937.SH,丽岛新材,〔2023〕49号,操纵市场,20200223,20200413,20200302,D12,,,,,,,,,10.0,9.0,1.39,1.88,,,,,,,,,,,,
603937.SH,丽岛新材,〔2023〕49号,操纵市场,20200223,20200413,20200303,D9,1.21,1.58,30903.72,25518.0,,,,,,,,,,,,,,,,,,,,
603937.SH,丽岛新材,〔2023〕49号,操纵市场,20200223,20200413,20200303,D12,,,,,,,,,10.0,9.0,1.41,1.88,,,,,,,,,,,,
603937.SH,丽岛新材,〔2023〕49号,操纵市场,20200223,20200413,20200304,D9,1.6,2.24,42113.52,26399.0,,,,,,,,,,,,,,,,,,,,
603937.SH,丽岛新材,〔2023〕49号,操纵市场,20200223,20200413,20200304,D12,,,,,,,,,10.0,9.0,1.42,1.88,,,,,,,,,,,,
603937.SH,丽岛新材,〔2023〕49号,操纵市场,20200223,20200413,20200305,D12,,,,,,,,,10.0,9.0,1.49,2.53,,,,,,,,,,,,
603937.SH,丽岛新材,〔2023〕49号,操纵市场,20200223,20200413,20200306,D9,1.47,-1.94,44292.12,30176.0,,,,,,,,,,,,,,,,,,,,
603937.SH,丽岛新材,〔2023〕49号,操纵市场,20200223,20200413,20200306,D12,,,,,,,,,10.0,9.0,1.5,2.53,,,,,,,,,,,,
603937.SH,丽岛新材,〔2023〕49号,操纵市场,20200223,20200413,20200309,D12,,,,,,,,,10.0,8.0,1.43,2.53,,,,,,,,,,,,
603937.SH,丽岛新材,〔2023〕49号,操纵市场,20200223,20200413,20200310,D12,,,,,,,,,10.0,7.0,1.37,2.53,,,,,,,,,,,,
603937.SH,丽岛新材,〔2023〕49号,操纵市场,20200223,20200413,20200311,D12,,,,,,,,,10.0,6.0,1.3,2.53,,,,,,,,,,,,
603937.SH,丽岛新材,〔2023〕49号,操纵市场,20200223,20200413,20200312,D12,,,,,,,,,10.0,6.0,1.26,2.53,,,,,,,,,,,,
603937.SH,丽岛新材,〔2023〕49号,操纵市场,20200223,20200413,20200313,D12,,,,,,,,,10.0,5.0,1.19,2.53,,,,,,,,,,,,
603937.SH,丽岛新材,〔2023〕49号,操纵市场,20200223,20200413,20200327,D9,1.57,0.68,46862.39,29833.0,,,,,,,,,,,,,,,,,,,,
603937.SH,丽岛新材,〔2023〕49号,操纵市场,20200223,20200413,20200330,D9,1.44,1.55,43728.1,30470.0,,,,,,,,,,,,,,,,,,,,
603937.SH,丽岛新材,〔2023〕49号,操纵市场,20200223,20200413,20200330,D10,,,,,,,,,,,1.37,,,,,,3.0,1.55,,,,,,
603937.SH,丽岛新材,〔2023〕49号,操纵市场,20200223,20200413,20200330,D11,,,,,2.67,5.76,0.434,10.0,,,,,,,,,,,,,,,,
603937.SH,丽岛新材,〔2023〕49号,操纵市场,20200223,20200413,20200331,D9,1.37,1.14,42586.0,31054.0,,,,,,,,,,,,,,,,,,,,
603937.SH,丽岛新材,〔2023〕49号,操纵市场,20200223,20200413,20200331,D10,,,,,,,,,,,1.46,,,,,,3.0,1.55,,,,,,
603937.SH,丽岛新材,〔2023〕49号,操纵市场,20200223,20200413,20200331,D11,,,,,2.21,5.61,0.477,10.0,,,,,,,,,,,,,,,,
603937.SH,丽岛新材,〔2023〕49号,操纵市场,20200223,20200413,20200331,D12,,,,,,,,,10.0,5.0,1.0,1.57,,,,,,,,,,,,
603937.SH,丽岛新材,〔2023〕49号,操纵市场,20200223,20200413,20200401,D11,,,,,1.99,4.01,0.366,10.0,,,,,,,,,,,,,,,,
603937.SH,丽岛新材,〔2023〕49号,操纵市场,20200223,20200413,20200401,D12,,,,,,,,,10.0,5.0,1.05,1.57,,,,,,,,,,,,
603937.SH,丽岛新材,〔2023〕49号,操纵市场,20200223,20200413,20200402,D9,1.55,0.87,45068.14,29061.0,,,,,,,,,,,,,,,,,,,,
603937.SH,丽岛新材,〔2023〕49号,操纵市场,20200223,20200413,20200402,D11,,,,,2.39,5.94,0.324,10.0,,,,,,,,,,,,,,,,
603937.SH,丽岛新材,〔2023〕49号,操纵市场,20200223,20200413,20200402,D12,,,,,,,,,10.0,6.0,1.15,1.57,,,,,,,,,,,,
603937.SH,丽岛新材,〔2023〕49号,操纵市场,20200223,20200413,20200403,D9,1.24,0.19,35346.8,28613.0,,,,,,,,,,,,,,,,,,,,
603937.SH,丽岛新材,〔2023〕49号,操纵市场,20200223,20200413,20200403,D11,,,,,2.99,4.66,0.191,10.0,,,,,,,,,,,,,,,,
603937.SH,丽岛新材,〔2023〕49号,操纵市场,20200223,20200413,20200403,D12,,,,,,,,,10.0,7.0,1.21,1.57,,,,,,,,,,,,
603937.SH,丽岛新材,〔2023〕49号,操纵市场,20200223,20200413,20200407,D9,1.64,1.43,48677.75,29594.0,,,,,,,,,,,,,,,,,,,,
603937.SH,丽岛新材,〔2023〕49号,操纵市场,20200223,20200413,20200407,D10,,,,,,,,,,,1.48,,,,,,3.0,1.43,,,,,,
603937.SH,丽岛新材,〔2023〕49号,操纵市场,20200223,20200413,20200407,D12,,,,,,,,,10.0,8.0,1.3,1.64,,,,,,,,,,,,
603937.SH,丽岛新材,〔2023〕49号,操纵市场,20200223,20200413,20200408,D9,1.57,-0.47,48137.0,30670.0,,,,,,,,,,,,,,,,,,,,
603937.SH,丽岛新材,〔2023〕49号,操纵市场,20200223,20200413,20200408,D10,,,,,,,,,,,1.48,,,,,,3.0,1.43,,,,,,
603937.SH,丽岛新材,〔2023〕49号,操纵市场,20200223,20200413,20200408,D12,,,,,,,,,10.0,8.0,1.34,1.64,,,,,,,,,,,,
603937.SH,丽岛新材,〔2023〕49号,操纵市场,20200223,20200413,20200409,D9,2.14,2.45,70938.26,33139.0,,,,,,,,,,,,,,,,,,,,
603937.SH,丽岛新材,〔2023〕49号,操纵市场,20200223,20200413,20200409,D10,,,,,,,,,,,1.78,,,,,,3.0,2.45,,,,,,
603937.SH,丽岛新材,〔2023〕49号,操纵市场,20200223,20200413,20200409,D12,,,,,,,,,10.0,9.0,1.46,2.14,,,,,,,,,,,,
603937.SH,丽岛新材,〔2023〕49号,操纵市场,20200223,20200413,20200410,D9,1.71,0.46,60447.46,35320.0,,,,,,,,,,,,,,,,,,,,
603937.SH,丽岛新材,〔2023〕49号,操纵市场,20200223,20200413,20200410,D10,,,,,,,,,,,1.81,,,,,,3.0,2.45,,,,,,
603937.SH,丽岛新材,〔2023〕49号,操纵市场,20200223,20200413,20200410,D12,,,,,,,,,10.0,9.0,1.52,2.14,,,,,,,,,,,,
603937.SH,丽岛新材,〔2023〕49号,操纵市场,20200223,20200413,20200413,D12,,,,,,,,,10.0,8.0,1.45,2.14,,,,,,,,,,,,
603985.SH,恒润股份,〔2024〕6号,操纵市场,20180204,20180326,20180228,D8,,,2683.0,,,,,,,,,,0.5,5375.0,1.22,1.34,,,,,,,,
603985.SH,恒润股份,〔2024〕6号,操纵市场,20180204,20180326,20180301,D8,,,2451.0,,,,,,,,,,0.46,5351.0,1.23,1.23,,,,,,,,
603985.SH,恒润股份,〔2024〕6号,操纵市场,20180204,20180326,20180306,D9,1.47,1.55,5150.0,3498.0,,,,,,,,,,,,,,,,,,,,
603985.SH,恒润股份,〔2024〕6号,操纵市场,20180204,20180326,20180308,D9,1.59,2.14,5349.98,3373.0,,,,,,,,,,,,,,,,,,,,
603985.SH,恒润股份,〔2024〕6号,操纵市场,20180204,20180326,20180309,D9,1.62,1.64,5621.98,3468.0,,,,,,,,,,,,,,,,,,,,
603985.SH,恒润股份,〔2024〕6号,操纵市场,20180204,20180326,20180312,D9,1.32,0.87,4705.0,3552.0,,,,,,,,,,,,,,,,,,,,
603985.SH,恒润股份,〔2024〕6号,操纵市场,20180204,20180326,20180312,D10,,,,,,,,,,,1.51,,,,,,3.0,2.14,,,,,,
603985.SH,恒润股份,〔2024〕6号,操纵市场,20180204,20180326,20180313,D9,1.71,-2.85,6084.0,3552.0,,,,,,,,,,,,,,,,,,,,
603985.SH,恒润股份,〔2024〕6号,操纵市场,20180204,20180326,20180313,D10,,,,,,,,,,,1.55,,,,,,3.0,2.85,,,,,,
603985.SH,恒润股份,〔2024〕6号,操纵市场,20180204,20180326,20180313,D11,,,,,1.34,3.04,0.192,10.0,,,,,,,,,,,,,,,,
603985.SH,恒润股份,〔2024〕6号,操纵市场,20180204,20180326,20180313,D12,,,,,,,,,10.0,5.0,1.17,1.71,,,,,,,,,,,,
603985.SH,恒润股份,〔2024〕6号,操纵市场,20180204,20180326,20180314,D12,,,,,,,,,10.0,5.0,1.19,1.71,,,,,,,,,,,,
603985.SH,恒润股份,〔2024〕6号,操纵市场,20180204,20180326,20180315,D12,,,,,,,,,10.0,6.0,1.29,1.71,,,,,,,,,,,,
603985.SH,恒润股份,〔2024〕6号,操纵市场,20180204,20180326,20180316,D8,,,2531.0,,,,,,,,,,0.47,5370.0,1.59,1.27,,,,,,,,
603985.SH,恒润股份,〔2024〕6号,操纵市场,20180204,20180326,20180316,D12,,,,,,,,,10.0,6.0,1.27,1.71,,,,,,,,,,,,
603985.SH,恒润股份,〔2024〕6号,操纵市场,20180204,20180326,20180319,D12,,,,,,,,,10.0,6.0,1.28,1.71,,,,,,,,,,,,
603985.SH,恒润股份,〔2024〕6号,操纵市场,20180204,20180326,20180320,D12,,,,,,,,,10.0,5.0,1.22,1.71,,,,,,,,,,,,
603985.SH,恒润股份,〔2024〕6号,操纵市场,20180204,20180326,20180321,D9,1.3,0.47,5076.0,3898.0,,,,,,,,,,,,,,,,,,,,
603985.SH,恒润股份,〔2024〕6号,操纵市场,20180204,20180326,20180321,D12,,,,,,,,,10.0,6.0,1.26,1.71,,,,,,,,,,,,
603985.SH,恒润股份,〔2024〕6号,操纵市场,20180204,20180326,20180322,D9,1.28,1.33,5146.0,4007.0,,,,,,,,,,,,,,,,,,,,
603985.SH,恒润股份,〔2024〕6号,操纵市场,20180204,20180326,20180322,D12,,,,,,,,,10.0,6.0,1.22,1.71,,,,,,,,,,,,
603985.SH,恒润股份,〔2024〕6号,操纵市场,20180204,20180326,20180323,D12,,,,,,,,,10.0,6.0,1.23,1.71,,,,,,,,,,,,
603985.SH,恒润股份,〔2024〕6号,操纵市场,20180204,20180326,20180326,D12,,,,,,,,,10.0,6.0,1.21,1.71,,,,,,,,,,,,
688068.SH,热景生物,〔2022〕42号、〔2022〕43号,操纵市场,20201121,20210110,20201208,D9,1.33,-0.86,8015.95,6042.0,,,,,,,,,,,,,,,,,,,,
688068.SH,热景生物,〔2022〕42号、〔2022〕43号,操纵市场,20201121,20210110,20201209,D9,1.5,-2.28,9410.7,6286.0,,,,,,,,,,,,,,,,,,,,
688068.SH,热景生物,〔2022〕42号、〔2022〕43号,操纵市场,20201121,20210110,20201211,D12,,,,,,,,,10.0,5.0,1.13,2.09,,,,,,,,,,,,
688068.SH,热景生物,〔2022〕42号、〔2022〕43号,操纵市场,20201121,20210110,20201214,D12,,,,,,,,,10.0,5.0,1.1,2.09,,,,,,,,,,,,
688068.SH,热景生物,〔2022〕42号、〔2022〕43号,操纵市场,20201121,20210110,20201215,D12,,,,,,,,,10.0,5.0,1.11,2.09,,,,,,,,,,,,
688068.SH,热景生物,〔2022〕42号、〔2022〕43号,操纵市场,20201121,20210110,20201216,D12,,,,,,,,,10.0,5.0,1.11,2.09,,,,,,,,,,,,
688068.SH,热景生物,〔2022〕42号、〔2022〕43号,操纵市场,20201121,20210110,20201217,D12,,,,,,,,,10.0,5.0,1.11,2.09,,,,,,,,,,,,
688068.SH,热景生物,〔2022〕42号、〔2022〕43号,操纵市场,20201121,20210110,20201218,D12,,,,,,,,,10.0,5.0,1.09,2.09,,,,,,,,,,,,
688068.SH,热景生物,〔2022〕42号、〔2022〕43号,操纵市场,20201121,20210110,20201221,D9,1.39,2.5,8828.2,6340.0,,,,,,,,,,,,,,,,,,,,
688068.SH,热景生物,〔2022〕42号、〔2022〕43号,操纵市场,20201121,20210110,20201221,D12,,,,,,,,,10.0,5.0,1.02,1.5,,,,,,,,,,,,
688068.SH,热景生物,〔2022〕42号、〔2022〕43号,操纵市场,20201121,20210110,20201222,D11,,,,,2.19,7.44,0.317,10.0,,,,,,,,,,,,,,,,
688068.SH,热景生物,〔2022〕42号、〔2022〕43号,操纵市场,20201121,20210110,20201222,D12,,,,,,,,,10.0,5.0,1.3,4.19,,,,,,,,,,,,
688068.SH,热景生物,〔2022〕42号、〔2022〕43号,操纵市场,20201121,20210110,20201223,D11,,,,,1.45,5.02,0.483,10.0,,,,,,,,,,,,,,,,
688068.SH,热景生物,〔2022〕42号、〔2022〕43号,操纵市场,20201121,20210110,20201223,D12,,,,,,,,,10.0,5.0,1.41,4.19,,,,,,,,,,,,
688068.SH,热景生物,〔2022〕42号、〔2022〕43号,操纵市场,20201121,20210110,20201224,D11,,,,,1.59,2.46,0.426,10.0,,,,,,,,,,,,,,,,
688068.SH,热景生物,〔2022〕42号、〔2022〕43号,操纵市场,20201121,20210110,20201224,D12,,,,,,,,,10.0,6.0,1.44,4.19,,,,,,,,,,,,
688068.SH,热景生物,〔2022〕42号、〔2022〕43号,操纵市场,20201121,20210110,20201225,D11,,,,,0.8,2.23,0.353,10.0,,,,,,,,,,,,,,,,
688068.SH,热景生物,〔2022〕42号、〔2022〕43号,操纵市场,20201121,20210110,20201225,D12,,,,,,,,,10.0,6.0,1.44,4.19,,,,,,,,,,,,
688068.SH,热景生物,〔2022〕42号、〔2022〕43号,操纵市场,20201121,20210110,20201228,D11,,,,,1.26,3.8,0.306,10.0,,,,,,,,,,,,,,,,
688068.SH,热景生物,〔2022〕42号、〔2022〕43号,操纵市场,20201121,20210110,20201228,D12,,,,,,,,,10.0,7.0,1.56,4.19,,,,,,,,,,,,
688068.SH,热景生物,〔2022〕42号、〔2022〕43号,操纵市场,20201121,20210110,20201229,D11,,,,,1.21,2.44,0.178,10.0,,,,,,,,,,,,,,,,
688068.SH,热景生物,〔2022〕42号、〔2022〕43号,操纵市场,20201121,20210110,20201229,D12,,,,,,,,,10.0,8.0,1.59,4.19,,,,,,,,,,,,
688068.SH,热景生物,〔2022〕42号、〔2022〕43号,操纵市场,20201121,20210110,20201230,D12,,,,,,,,,10.0,8.0,1.58,4.19,,,,,,,,,,,,
688068.SH,热景生物,〔2022〕42号、〔2022〕43号,操纵市场,20201121,20210110,20201231,D12,,,,,,,,,10.0,7.0,1.53,4.19,,,,,,,,,,,,
688068.SH,热景生物,〔2022〕42号、〔2022〕43号,操纵市场,20201121,20210110,20210104,D12,,,,,,,,,10.0,8.0,1.61,4.19,,,,,,,,,,,,
688068.SH,热景生物,〔2022〕42号、〔2022〕43号,操纵市场,20201121,20210110,20210105,D12,,,,,,,,,10.0,8.0,1.57,4.19,,,,,,,,,,,,
688068.SH,热景生物,〔2022〕42号、〔2022〕43号,操纵市场,20201121,20210110,20210106,D12,,,,,,,,,10.0,8.0,1.29,2.59,,,,,,,,,,,,
688068.SH,热景生物,〔2022〕42号、〔2022〕43号,操纵市场,20201121,20210110,20210107,D12,,,,,,,,,10.0,8.0,1.16,1.73,,,,,,,,,,,,
688068.SH,热景生物,〔2022〕42号、〔2022〕43号,操纵市场,20201121,20210110,20210108,D12,,,,,,,,,10.0,7.0,1.1,1.73,,,,,,,,,,,,
