ts_code,name,case_id,violation_type,window_start,window_end,trade_date,alert,window_days,days_above_ma20,avg_vol_ratio,max_vol_ratio,consecutive_days,max_pct_chg_abs,turnover_start,turnover_end,slope,r_squared,lookback_days,pre_avg_vol,post_avg_vol,vol_ratio,pre_window,post_window,post_days_above,pct_chg,vol,ma20_vol,avg_amplitude,max_amplitude,vol_ratio_ma60,ma60_vol,amplitude,turnover_rate,drought_days
600587.SH,新华医疗,20210707_袁渊,操纵市场,20180313,20180410,20180323,D12,10.0,5.0,1.22,2.22,,,,,,,,,,,,,,,,,,,,,,,
600587.SH,新华医疗,20210707_袁渊,操纵市场,20180313,20180410,20180326,D12,10.0,5.0,1.21,2.22,,,,,,,,,,,,,,,,,,,,,,,
600587.SH,新华医疗,20210707_袁渊,操纵市场,20180313,20180410,20180327,D12,10.0,5.0,1.24,2.22,,,,,,,,,,,,,,,,,,,,,,,
600587.SH,新华医疗,20210707_袁渊,操纵市场,20180313,20180410,20180328,D12,10.0,6.0,1.33,2.22,,,,,,,,,,,,,,,,,,,,,,,
600587.SH,新华医疗,20210707_袁渊,操纵市场,20180313,20180410,20180329,D12,10.0,7.0,1.6,3.57,,,,,,,,,,,,,,,,,,,,,,,
600587.SH,新华医疗,20210707_袁渊,操纵市场,20180313,20180410,20180330,D12,10.0,8.0,1.79,3.57,,,,,,,,,,,,,,,,,,,,,,,
600587.SH,新华医疗,20210707_袁渊,操纵市场,20180313,20180410,20180402,D12,10.0,9.0,1.9,3.57,,,,,,,,,,,,,,,,,,,,,,,
600587.SH,新华医疗,20210707_袁渊,操纵市场,20180313,20180410,20180403,D10,,,2.46,,3.0,1.45,,,,,,,,,,,,,,,,,,,,,
600587.SH,新华医疗,20210707_袁渊,操纵市场,20180313,20180410,20180403,D11,,,,,,,1.03,2.15,0.168,0.569,10.0,,,,,,,,,,,,,,,,
600587.SH,新华医疗,20210707_袁渊,操纵市场,20180313,20180410,20180403,D12,10.0,9.0,1.98,3.57,,,,,,,,,,,,,,,,,,,,,,,
600587.SH,新华医疗,20210707_袁渊,操纵市场,20180313,20180410,20180404,D11,,,,,,,0.39,1.24,0.158,0.508,10.0,,,,,,,,,,,,,,,,
600587.SH,新华医疗,20210707_袁渊,操纵市场,20180313,20180410,20180404,D12,10.0,9.0,1.9,3.57,,,,,,,,,,,,,,,,,,,,,,,
600587.SH,新华医疗,20210707_袁渊,操纵市场,20180313,20180410,20180409,D12,10.0,9.0,1.92,3.57,,,,,,,,,,,,,,,,,,,,,,,
600587.SH,新华医疗,20210707_袁渊,操纵市场,20180313,20180410,20180410,D12,10.0,8.0,1.8,3.57,,,,,,,,,,,,,,,,,,,,,,,
600833.SH,第一医药,20210707_袁渊,操纵市场,20180405,20180502,20180409,D14,,,,,,,,,,,,15966.0,39547.0,2.48,20.0,20.0,11.0,,,,,,,,,,
600833.SH,第一医药,20210707_袁渊,操纵市场,20180405,20180502,20180410,D14,,,,,,,,,,,,15628.0,39984.0,2.56,20.0,20.0,11.0,,,,,,,,,,
600833.SH,第一医药,20210707_袁渊,操纵市场,20180405,20180502,20180411,D14,,,,,,,,,,,,15296.0,40183.0,2.63,20.0,20.0,10.0,,,,,,,,,,
600833.SH,第一医药,20210707_袁渊,操纵市场,20180405,20180502,20180412,D14,,,,,,,,,,,,14719.0,40321.0,2.74,20.0,20.0,9.0,,,,,,,,,,
600833.SH,第一医药,20210707_袁渊,操纵市场,20180405,20180502,20180413,D14,,,,,,,,,,,,14657.0,40632.0,2.77,20.0,20.0,8.0,,,,,,,,,,
600833.SH,第一医药,20210707_袁渊,操纵市场,20180405,20180502,20180425,D9,,,,,,,,,,,,,,1.36,,,,3.0,37642.47,27684.0,,,,,,,
601113.SH,华鼎股份,20210720_吴国荣,操纵市场,20170714,20170811,20170728,D12,10.0,5.0,1.3,3.03,,,,,,,,,,,,,,,,,,,,,,,
601113.SH,华鼎股份,20210720_吴国荣,操纵市场,20170714,20170811,20170731,D10,,,1.94,,3.0,1.7,,,,,,,,,,,,,,,,,,,,,
601113.SH,华鼎股份,20210720_吴国荣,操纵市场,20170714,20170811,20170731,D12,10.0,5.0,1.28,3.03,,,,,,,,,,,,,,,,,,,,,,,
601113.SH,华鼎股份,20210720_吴国荣,操纵市场,20170714,20170811,20170801,D10,,,1.38,,3.0,0.33,,,,,,,,,,,,,,,,,,,,,
601113.SH,华鼎股份,20210720_吴国荣,操纵市场,20170714,20170811,20170801,D12,10.0,5.0,1.3,3.03,,,,,,,,,,,,,,,,,,,,,,,
601113.SH,华鼎股份,20210720_吴国荣,操纵市场,20170714,20170811,20170802,D12,10.0,6.0,1.32,3.03,,,,,,,,,,,,,,,,,,,,,,,
601113.SH,华鼎股份,20210720_吴国荣,操纵市场,20170714,20170811,20170803,D12,10.0,6.0,1.34,3.03,,,,,,,,,,,,,,,,,,,,,,,
601113.SH,华鼎股份,20210720_吴国荣,操纵市场,20170714,20170811,20170804,D12,10.0,7.0,1.47,3.03,,,,,,,,,,,,,,,,,,,,,,,
601113.SH,华鼎股份,20210720_吴国荣,操纵市场,20170714,20170811,20170807,D12,10.0,8.0,1.5,3.03,,,,,,,,,,,,,,,,,,,,,,,
601113.SH,华鼎股份,20210720_吴国荣,操纵市场,20170714,20170811,20170808,D12,10.0,9.0,1.58,3.03,,,,,,,,,,,,,,,,,,,,,,,
601113.SH,华鼎股份,20210720_吴国荣,操纵市场,20170714,20170811,20170809,D10,,,1.3,,3.0,2.68,,,,,,,,,,,,,,,,,,,,,
601113.SH,华鼎股份,20210720_吴国荣,操纵市场,20170714,20170811,20170809,D12,10.0,9.0,1.47,3.03,,,,,,,,,,,,,,,,,,,,,,,
601113.SH,华鼎股份,20210720_吴国荣,操纵市场,20170714,20170811,20170810,D10,,,1.33,,3.0,2.68,,,,,,,,,,,,,,,,,,,,,
601113.SH,华鼎股份,20210720_吴国荣,操纵市场,20170714,20170811,20170810,D12,10.0,9.0,1.3,1.77,,,,,,,,,,,,,,,,,,,,,,,
601113.SH,华鼎股份,20210720_吴国荣,操纵市场,20170714,20170811,20170811,D10,,,1.22,,3.0,2.4,,,,,,,,,,,,,,,,,,,,,
601113.SH,华鼎股份,20210720_吴国荣,操纵市场,20170714,20170811,20170811,D12,10.0,9.0,1.24,1.71,,,,,,,,,,,,,,,,,,,,,,,
601113.SH,华鼎股份,20210720_吴国荣,操纵市场,20170714,20170811,20170811,D13,,,,,5.0,,,,,,,,,,,,,,,,3.81,4.82,,,,,
002679.SZ,福建金森,20210823_高鹏,操纵市场,20180924,20181028,20181008,D9,,,,,,,,,,,,,,2.38,,,,2.78,19398.96,8140.0,,,,,,,
002679.SZ,福建金森,20210823_高鹏,操纵市场,20180924,20181028,20181010,D10,,,1.7,,3.0,2.78,,,,,,,,,,,,,,,,,,,,,
002679.SZ,福建金森,20210823_高鹏,操纵市场,20180924,20181028,20181015,D12,10.0,6.0,1.3,2.38,,,,,,,,,,,,,,,,,,,,,,,
002679.SZ,福建金森,20210823_高鹏,操纵市场,20180924,20181028,20181016,D10,,,1.5,,3.0,2.61,,,,,,,,,,,,,,,,,,,,,
002679.SZ,福建金森,20210823_高鹏,操纵市场,20180924,20181028,20181016,D12,10.0,7.0,1.36,2.38,,,,,,,,,,,,,,,,,,,,,,,
002679.SZ,福建金森,20210823_高鹏,操纵市场,20180924,20181028,20181017,D12,10.0,8.0,1.44,2.38,,,,,,,,,,,,,,,,,,,,,,,
002679.SZ,福建金森,20210823_高鹏,操纵市场,20180924,20181028,20181018,D12,10.0,9.0,1.61,2.42,,,,,,,,,,,,,,,,,,,,,,,
002679.SZ,福建金森,20210823_高鹏,操纵市场,20180924,20181028,20181019,D12,10.0,10.0,1.66,2.42,,,,,,,,,,,,,,,,,,,,,,,
002679.SZ,福建金森,20210823_高鹏,操纵市场,20180924,20181028,20181022,D12,10.0,10.0,1.58,2.42,,,,,,,,,,,,,,,,,,,,,,,
002679.SZ,福建金森,20210823_高鹏,操纵市场,20180924,20181028,20181023,D12,10.0,10.0,1.68,2.42,,,,,,,,,,,,,,,,,,,,,,,
002679.SZ,福建金森,20210823_高鹏,操纵市场,20180924,20181028,20181024,D12,10.0,10.0,1.7,2.42,,,,,,,,,,,,,,,,,,,,,,,
002679.SZ,福建金森,20210823_高鹏,操纵市场,20180924,20181028,20181025,D12,10.0,9.0,1.62,2.42,,,,,,,,,,,,,,,,,,,,,,,
002679.SZ,福建金森,20210823_高鹏,操纵市场,20180924,20181028,20181026,D12,10.0,9.0,1.61,2.42,,,,,,,,,,,,,,,,,,,,,,,
603823.SH,百合花,20210916_高宗一,操纵市场,20180716,20180819,20180803,D8,,,,,,,,,,,,,,,,,,,7191.55,,,,0.27,26594.0,1.37,1.02,3.0
603823.SH,百合花,20210916_高宗一,操纵市场,20180716,20180819,20180806,D8,,,,,,,,,,,,,,,,,,,7191.55,,,,0.27,26594.0,1.37,1.02,3.0
603823.SH,百合花,20210916_高宗一,操纵市场,20180716,20180819,20180814,D8,,,,,,,,,,,,,,,,,,,8229.51,,,,0.36,22838.0,1.92,1.17,3.0
603823.SH,百合花,20210916_高宗一,操纵市场,20180716,20180819,20180815,D8,,,,,,,,,,,,,,,,,,,8229.51,,,,0.36,22838.0,1.92,1.17,4.0
603823.SH,百合花,20210916_高宗一,操纵市场,20180716,20180819,20180816,D8,,,,,,,,,,,,,,,,,,,7042.9,,,,0.35,20041.0,2.96,1.0,5.0
603823.SH,百合花,20210916_高宗一,操纵市场,20180716,20180819,20180817,D8,,,,,,,,,,,,,,,,,,,7042.9,,,,0.35,20041.0,2.96,1.0,4.0
002647.SZ,仁东控股,20210923_景华,操纵市场,20190520,20190623,20190530,D9,,,,,,,,,,,,,,1.87,,,,0.44,40244.52,21487.0,,,,,,,
002647.SZ,仁东控股,20210923_景华,操纵市场,20190520,20190623,20190611,D8,,,,,,,,,,,,,,,,,,,8359.0,,,,0.29,28829.0,1.65,0.15,3.0
002647.SZ,仁东控股,20210923_景华,操纵市场,20190520,20190623,20190612,D8,,,,,,,,,,,,,,,,,,,6098.62,,,,0.23,26404.0,0.74,0.11,4.0
002647.SZ,仁东控股,20210923_景华,操纵市场,20190520,20190623,20190613,D8,,,,,,,,,,,,,,,,,,,6098.62,,,,0.23,26404.0,0.74,0.11,5.0
002647.SZ,仁东控股,20210923_景华,操纵市场,20190520,20190623,20190614,D8,,,,,,,,,,,,,,,,,,,6098.62,,,,0.23,26404.0,0.74,0.11,5.0
002647.SZ,仁东控股,20210923_景华,操纵市场,20190520,20190623,20190617,D8,,,,,,,,,,,,,,,,,,,3737.05,,,,0.15,25324.0,0.68,0.07,5.0
002647.SZ,仁东控股,20210923_景华,操纵市场,20190520,20190623,20190618,D8,,,,,,,,,,,,,,,,,,,1760.15,,,,0.07,24890.0,0.67,0.03,5.0
002647.SZ,仁东控股,20210923_景华,操纵市场,20190520,20190623,20190619,D8,,,,,,,,,,,,,,,,,,,1760.15,,,,0.07,24890.0,0.67,0.03,5.0
002647.SZ,仁东控股,20210923_景华,操纵市场,20190520,20190623,20190620,D8,,,,,,,,,,,,,,,,,,,1760.15,,,,0.07,24890.0,0.67,0.03,4.0
002647.SZ,仁东控股,20210923_景华,操纵市场,20190520,20190623,20190620,D9,,,,,,,,,,,,,,1.68,,,,0.37,25282.09,15008.0,,,,,,,
002647.SZ,仁东控股,20210923_景华,操纵市场,20190520,20190623,20190621,D8,,,,,,,,,,,,,,,,,,,1760.15,,,,0.07,24890.0,0.67,0.03,3.0
002044.SZ,美年健康,20211122_俞建午,操纵市场,20190708,20190818,20190711,D12,10.0,7.0,1.3,2.48,,,,,,,,,,,,,,,,,,,,,,,
002044.SZ,美年健康,20211122_俞建午,操纵市场,20190708,20190818,20190712,D12,10.0,8.0,1.36,2.48,,,,,,,,,,,,,,,,,,,,,,,
002044.SZ,美年健康,20211122_俞建午,操纵市场,20190708,20190818,20190715,D12,10.0,7.0,1.33,2.48,,,,,,,,,,,,,,,,,,,,,,,
002044.SZ,美年健康,20211122_俞建午,操纵市场,20190708,20190818,20190716,D12,10.0,7.0,1.23,2.48,,,,,,,,,,,,,,,,,,,,,,,
002044.SZ,美年健康,20211122_俞建午,操纵市场,20190708,20190818,20190717,D12,10.0,7.0,1.24,2.48,,,,,,,,,,,,,,,,,,,,,,,
603822.SH,嘉澳环保,20211202_潘日忠,操纵市场,20181230,20190129,20190102,D10,,,1.25,,3.0,1.3,,,,,,,,,,,,,,,,,,,,,
603822.SH,嘉澳环保,20211202_潘日忠,操纵市场,20181230,20190129,20190102,D13,,,,,5.0,,,,,,,,,,,,,,,,2.66,3.63,,,,,
603822.SH,嘉澳环保,20211202_潘日忠,操纵市场,20181230,20190129,20190104,D9,,,,,,,,,,,,,,1.69,,,,1.22,4871.0,2883.0,,,,,,,
603822.SH,嘉澳环保,20211202_潘日忠,操纵市场,20181230,20190129,20190107,D12,10.0,8.0,1.21,1.82,,,,,,,,,,,,,,,,,,,,,,,
603822.SH,嘉澳环保,20211202_潘日忠,操纵市场,20181230,20190129,20190108,D10,,,1.93,,3.0,2.37,,,,,,,,,,,,,,,,,,,,,
603822.SH,嘉澳环保,20211202_潘日忠,操纵市场,20181230,20190129,20190108,D12,10.0,9.0,1.37,2.28,,,,,,,,,,,,,,,,,,,,,,,
603822.SH,嘉澳环保,20211202_潘日忠,操纵市场,20181230,20190129,20190109,D10,,,1.93,,3.0,2.37,,,,,,,,,,,,,,,,,,,,,
603822.SH,嘉澳环保,20211202_潘日忠,操纵市场,20181230,20190129,20190109,D12,10.0,9.0,1.44,2.28,,,,,,,,,,,,,,,,,,,,,,,
603822.SH,嘉澳环保,20211202_潘日忠,操纵市场,20181230,20190129,20190110,D12,10.0,8.0,1.4,2.28,,,,,,,,,,,,,,,,,,,,,,,
603822.SH,嘉澳环保,20211202_潘日忠,操纵市场,20181230,20190129,20190111,D12,10.0,7.0,1.37,2.28,,,,,,,,,,,,,,,,,,,,,,,
603822.SH,嘉澳环保,20211202_潘日忠,操纵市场,20181230,20190129,20190114,D12,10.0,7.0,1.51,2.58,,,,,,,,,,,,,,,,,,,,,,,
603822.SH,嘉澳环保,20211202_潘日忠,操纵市场,20181230,20190129,20190115,D12,10.0,7.0,1.48,2.58,,,,,,,,,,,,,,,,,,,,,,,
603822.SH,嘉澳环保,20211202_潘日忠,操纵市场,20181230,20190129,20190116,D12,10.0,7.0,1.52,2.58,,,,,,,,,,,,,,,,,,,,,,,
603822.SH,嘉澳环保,20211202_潘日忠,操纵市场,20181230,20190129,20190117,D10,,,2.23,,3.0,2.18,,,,,,,,,,,,,,,,,,,,,
603822.SH,嘉澳环保,20211202_潘日忠,操纵市场,20181230,20190129,20190117,D12,10.0,8.0,1.83,4.04,,,,,,,,,,,,,,,,,,,,,,,
603822.SH,嘉澳环保,20211202_潘日忠,操纵市场,20181230,20190129,20190118,D10,,,2.42,,3.0,2.18,,,,,,,,,,,,,,,,,,,,,
603822.SH,嘉澳环保,20211202_潘日忠,操纵市场,20181230,20190129,20190118,D12,10.0,8.0,1.84,4.04,,,,,,,,,,,,,,,,,,,,,,,
603822.SH,嘉澳环保,20211202_潘日忠,操纵市场,20181230,20190129,20190121,D10,,,2.36,,3.0,2.18,,,,,,,,,,,,,,,,,,,,,
603822.SH,嘉澳环保,20211202_潘日忠,操纵市场,20181230,20190129,20190121,D12,10.0,8.0,1.78,4.04,,,,,,,,,,,,,,,,,,,,,,,
603822.SH,嘉澳环保,20211202_潘日忠,操纵市场,20181230,20190129,20190122,D10,,,1.39,,3.0,1.29,,,,,,,,,,,,,,,,,,,,,
603822.SH,嘉澳环保,20211202_潘日忠,操纵市场,20181230,20190129,20190122,D12,10.0,8.0,1.67,4.04,,,,,,,,,,,,,,,,,,,,,,,
603822.SH,嘉澳环保,20211202_潘日忠,操纵市场,20181230,20190129,20190123,D12,10.0,8.0,1.61,4.04,,,,,,,,,,,,,,,,,,,,,,,
603822.SH,嘉澳环保,20211202_潘日忠,操纵市场,20181230,20190129,20190124,D12,10.0,8.0,1.61,4.04,,,,,,,,,,,,,,,,,,,,,,,
603822.SH,嘉澳环保,20211202_潘日忠,操纵市场,20181230,20190129,20190125,D12,10.0,8.0,1.63,4.04,,,,,,,,,,,,,,,,,,,,,,,
603822.SH,嘉澳环保,20211202_潘日忠,操纵市场,20181230,20190129,20190125,D14,,,,,,,,,,,,2960.0,6258.0,2.11,20.0,20.0,15.0,,,,,,,,,,
603822.SH,嘉澳环保,20211202_潘日忠,操纵市场,20181230,20190129,20190128,D12,10.0,8.0,1.64,4.04,,,,,,,,,,,,,,,,,,,,,,,
603822.SH,嘉澳环保,20211202_潘日忠,操纵市场,20181230,20190129,20190128,D14,,,,,,,,,,,,2931.0,7001.0,2.39,20.0,20.0,15.0,,,,,,,,,,
603822.SH,嘉澳环保,20211202_潘日忠,操纵市场,20181230,20190129,20190129,D12,10.0,8.0,1.76,4.04,,,,,,,,,,,,,,,,,,,,,,,
603822.SH,嘉澳环保,20211202_潘日忠,操纵市场,20181230,20190129,20190129,D14,,,,,,,,,,,,2986.0,7735.0,2.59,20.0,20.0,15.0,,,,,,,,,,
300587.SZ,天铁股份,20211202_潘日忠,操纵市场,20181204,20190103,20181207,D9,,,,,,,,,,,,,,1.63,,,,2.79,19305.36,11842.0,,,,,,,
300587.SZ,天铁股份,20211202_潘日忠,操纵市场,20181204,20190103,20181213,D9,,,,,,,,,,,,,,1.85,,,,2.32,19432.1,10524.0,,,,,,,
300587.SZ,天铁股份,20211202_潘日忠,操纵市场,20181204,20190103,20181224,D9,,,,,,,,,,,,,,1.8,,,,2.92,15632.38,8703.0,,,,,,,
300587.SZ,天铁股份,20211202_潘日忠,操纵市场,20181204,20190103,20181226,D10,,,1.57,,3.0,2.92,,,,,,,,,,,,,,,,,,,,,
300587.SZ,天铁股份,20211202_潘日忠,操纵市场,20181204,20190103,20181227,D10,,,1.78,,3.0,0.95,,,,,,,,,,,,,,,,,,,,,
300587.SZ,天铁股份,20211202_潘日忠,操纵市场,20181204,20190103,20181228,D10,,,1.84,,3.0,2.24,,,,,,,,,,,,,,,,,,,,,
300587.SZ,天铁股份,20211202_潘日忠,操纵市场,20181204,20190103,20181228,D11,,,,,,,1.18,4.2,0.471,0.769,10.0,,,,,,,,,,,,,,,,
300587.SZ,天铁股份,20211202_潘日忠,操纵市场,20181204,20190103,20190102,D10,,,1.72,,3.0,2.24,,,,,,,,,,,,,,,,,,,,,
300587.SZ,天铁股份,20211202_潘日忠,操纵市场,20181204,20190103,20190102,D11,,,,,,,1.17,2.95,0.387,0.578,10.0,,,,,,,,,,,,,,,,
300587.SZ,天铁股份,20211202_潘日忠,操纵市场,20181204,20190103,20190102,D12,10.0,6.0,1.24,2.42,,,,,,,,,,,,,,,,,,,,,,,
300587.SZ,天铁股份,20211202_潘日忠,操纵市场,20181204,20190103,20190103,D10,,,1.3,,3.0,2.24,,,,,,,,,,,,,,,,,,,,,
300587.SZ,天铁股份,20211202_潘日忠,操纵市场,20181204,20190103,20190103,D12,10.0,7.0,1.31,2.42,,,,,,,,,,,,,,,,,,,,,,,
300119.SZ,瑞普生物,20211202_潘日忠,操纵市场,20190317,20190416,20190318,D12,10.0,7.0,1.56,2.55,,,,,,,,,,,,,,,,,,,,,,,
300119.SZ,瑞普生物,20211202_潘日忠,操纵市场,20190317,20190416,20190318,D14,,,,,,,,,,,,22823.0,86737.0,3.8,20.0,20.0,15.0,,,,,,,,,,
300119.SZ,瑞普生物,20211202_潘日忠,操纵市场,20190317,20190416,20190319,D12,10.0,6.0,1.46,2.55,,,,,,,,,,,,,,,,,,,,,,,
300119.SZ,瑞普生物,20211202_潘日忠,操纵市场,20190317,20190416,20190319,D14,,,,,,,,,,,,24231.0,88178.0,3.64,20.0,20.0,14.0,,,,,,,,,,
300119.SZ,瑞普生物,20211202_潘日忠,操纵市场,20190317,20190416,20190320,D12,10.0,5.0,1.26,2.34,,,,,,,,,,,,,,,,,,,,,,,
300119.SZ,瑞普生物,20211202_潘日忠,操纵市场,20190317,20190416,20190320,D14,,,,,,,,,,,,24114.0,89742.0,3.72,20.0,20.0,14.0,,,,,,,,,,
300119.SZ,瑞普生物,20211202_潘日忠,操纵市场,20190317,20190416,20190321,D14,,,,,,,,,,,,24232.0,91092.0,3.76,20.0,20.0,13.0,,,,,,,,,,
300119.SZ,瑞普生物,20211202_潘日忠,操纵市场,20190317,20190416,20190322,D14,,,,,,,,,,,,24167.0,93069.0,3.85,20.0,20.0,13.0,,,,,,,,,,
300119.SZ,瑞普生物,20211202_潘日忠,操纵市场,20190317,20190416,20190325,D14,,,,,,,,,,,,26087.0,93439.0,3.58,20.0,20.0,12.0,,,,,,,,,,
300119.SZ,瑞普生物,20211202_潘日忠,操纵市场,20190317,20190416,20190326,D14,,,,,,,,,,,,27932.0,92514.0,3.31,20.0,20.0,11.0,,,,,,,,,,
300119.SZ,瑞普生物,20211202_潘日忠,操纵市场,20190317,20190416,20190327,D14,,,,,,,,,,,,29027.0,92701.0,3.19,20.0,20.0,10.0,,,,,,,,,,
300119.SZ,瑞普生物,20211202_潘日忠,操纵市场,20190317,20190416,20190328,D14,,,,,,,,,,,,33738.0,89745.0,2.66,20.0,20.0,9.0,,,,,,,,,,
300119.SZ,瑞普生物,20211202_潘日忠,操纵市场,20190317,20190416,20190329,D14,,,,,,,,,,,,40064.0,86193.0,2.15,20.0,20.0,8.0,,,,,,,,,,
300119.SZ,瑞普生物,20211202_潘日忠,操纵市场,20190317,20190416,20190410,D12,10.0,5.0,1.24,2.23,,,,,,,,,,,,,,,,,,,,,,,
300119.SZ,瑞普生物,20211202_潘日忠,操纵市场,20190317,20190416,20190411,D12,10.0,6.0,1.5,3.01,,,,,,,,,,,,,,,,,,,,,,,
300119.SZ,瑞普生物,20211202_潘日忠,操纵市场,20190317,20190416,20190412,D12,10.0,7.0,1.55,3.01,,,,,,,,,,,,,,,,,,,,,,,
300119.SZ,瑞普生物,20211202_潘日忠,操纵市场,20190317,20190416,20190415,D12,10.0,7.0,1.52,3.01,,,,,,,,,,,,,,,,,,,,,,,
300119.SZ,瑞普生物,20211202_潘日忠,操纵市场,20190317,20190416,20190416,D12,10.0,6.0,1.41,3.01,,,,,,,,,,,,,,,,,,,,,,,
300378.SZ,鼎捷软件,20211202_潘日忠,操纵市场,20190227,20190329,20190227,D12,10.0,10.0,1.68,2.42,,,,,,,,,,,,,,,,,,,,,,,
300378.SZ,鼎捷软件,20211202_潘日忠,操纵市场,20190227,20190329,20190228,D10,,,1.81,,3.0,2.67,,,,,,,,,,,,,,,,,,,,,
300378.SZ,鼎捷软件,20211202_潘日忠,操纵市场,20190227,20190329,20190228,D12,10.0,10.0,1.71,2.42,,,,,,,,,,,,,,,,,,,,,,,
300378.SZ,鼎捷软件,20211202_潘日忠,操纵市场,20190227,20190329,20190301,D12,10.0,9.0,1.69,2.42,,,,,,,,,,,,,,,,,,,,,,,
300378.SZ,鼎捷软件,20211202_潘日忠,操纵市场,20190227,20190329,20190304,D9,,,,,,,,,,,,,,1.77,,,,2.5,144330.45,81574.0,,,,,,,
300378.SZ,鼎捷软件,20211202_潘日忠,操纵市场,20190227,20190329,20190304,D12,10.0,9.0,1.73,2.42,,,,,,,,,,,,,,,,,,,,,,,
300378.SZ,鼎捷软件,20211202_潘日忠,操纵市场,20190227,20190329,20190305,D12,10.0,9.0,1.7,2.42,,,,,,,,,,,,,,,,,,,,,,,
300378.SZ,鼎捷软件,20211202_潘日忠,操纵市场,20190227,20190329,20190306,D12,10.0,9.0,1.75,2.42,,,,,,,,,,,,,,,,,,,,,,,
300378.SZ,鼎捷软件,20211202_潘日忠,操纵市场,20190227,20190329,20190307,D12,10.0,9.0,1.8,2.42,,,,,,,,,,,,,,,,,,,,,,,
300378.SZ,鼎捷软件,20211202_潘日忠,操纵市场,20190227,20190329,20190308,D12,10.0,9.0,1.8,2.42,,,,,,,,,,,,,,,,,,,,,,,
300378.SZ,鼎捷软件,20211202_潘日忠,操纵市场,20190227,20190329,20190308,D14,,,,,,,,,,,,49548.0,111404.0,2.25,20.0,20.0,17.0,,,,,,,,,,
300378.SZ,鼎捷软件,20211202_潘日忠,操纵市场,20190227,20190329,20190311,D12,10.0,9.0,1.67,2.3,,,,,,,,,,,,,,,,,,,,,,,
300378.SZ,鼎捷软件,20211202_潘日忠,操纵市场,20190227,20190329,20190311,D14,,,,,,,,,,,,48924.0,115994.0,2.37,20.0,20.0,18.0,,,,,,,,,,
300378.SZ,鼎捷软件,20211202_潘日忠,操纵市场,20190227,20190329,20190312,D12,10.0,9.0,1.6,2.3,,,,,,,,,,,,,,,,,,,,,,,
300378.SZ,鼎捷软件,20211202_潘日忠,操纵市场,20190227,20190329,20190312,D14,,,,,,,,,,,,49743.0,122882.0,2.47,20.0,20.0,19.0,,,,,,,,,,
300378.SZ,鼎捷软件,20211202_潘日忠,操纵市场,20190227,20190329,20190313,D12,10.0,9.0,1.51,2.3,,,,,,,,,,,,,,,,,,,,,,,
300378.SZ,鼎捷软件,20211202_潘日忠,操纵市场,20190227,20190329,20190313,D14,,,,,,,,,,,,51857.0,124352.0,2.4,20.0,20.0,19.0,,,,,,,,,,
300378.SZ,鼎捷软件,20211202_潘日忠,操纵市场,20190227,20190329,20190314,D12,10.0,8.0,1.46,2.3,,,,,,,,,,,,,,,,,,,,,,,
300378.SZ,鼎捷软件,20211202_潘日忠,操纵市场,20190227,20190329,20190314,D14,,,,,,,,,,,,52451.0,126831.0,2.42,20.0,20.0,18.0,,,,,,,,,,
300378.SZ,鼎捷软件,20211202_潘日忠,操纵市场,20190227,20190329,20190315,D12,10.0,8.0,1.43,2.3,,,,,,,,,,,,,,,,,,,,,,,
300378.SZ,鼎捷软件,20211202_潘日忠,操纵市场,20190227,20190329,20190315,D14,,,,,,,,,,,,53377.0,127641.0,2.39,20.0,20.0,17.0,,,,,,,,,,
300378.SZ,鼎捷软件,20211202_潘日忠,操纵市场,20190227,20190329,20190318,D12,10.0,7.0,1.3,2.3,,,,,,,,,,,,,,,,,,,,,,,
300378.SZ,鼎捷软件,20211202_潘日忠,操纵市场,20190227,20190329,20190318,D14,,,,,,,,,,,,55668.0,126752.0,2.28,20.0,20.0,16.0,,,,,,,,,,
300378.SZ,鼎捷软件,20211202_潘日忠,操纵市场,20190227,20190329,20190319,D12,10.0,6.0,1.21,2.3,,,,,,,,,,,,,,,,,,,,,,,
300378.SZ,鼎捷软件,20211202_潘日忠,操纵市场,20190227,20190329,20190319,D14,,,,,,,,,,,,54087.0,125708.0,2.32,20.0,20.0,15.0,,,,,,,,,,
300378.SZ,鼎捷软件,20211202_潘日忠,操纵市场,20190227,20190329,20190320,D14,,,,,,,,,,,,51551.0,127047.0,2.46,20.0,20.0,14.0,,,,,,,,,,
300378.SZ,鼎捷软件,20211202_潘日忠,操纵市场,20190227,20190329,20190321,D14,,,,,,,,,,,,52991.0,127626.0,2.41,20.0,20.0,13.0,,,,,,,,,,
300378.SZ,鼎捷软件,20211202_潘日忠,操纵市场,20190227,20190329,20190322,D14,,,,,,,,,,,,55781.0,127210.0,2.28,20.0,20.0,12.0,,,,,,,,,,
300378.SZ,鼎捷软件,20211202_潘日忠,操纵市场,20190227,20190329,20190325,D14,,,,,,,,,,,,61190.0,123540.0,2.02,20.0,20.0,11.0,,,,,,,,,,
002885.SZ,康惠制药,20211213_王小强,操纵市场,20170628,20170728,20170714,D11,,,,,,,0.01,41.32,5.83,0.604,10.0,,,,,,,,,,,,,,,,
002885.SZ,康惠制药,20211213_王小强,操纵市场,20170628,20170728,20170717,D11,,,,,,,0.01,28.48,5.669,0.58,10.0,,,,,,,,,,,,,,,,
002885.SZ,康惠制药,20211213_王小强,操纵市场,20170628,20170728,20170727,D9,,,,,,,,,,,,,,1.41,,,,2.46,45751.46,32425.0,,,,,,,
603389.SH,亚振家居,20211213_郑德胜,操纵市场,20180412,20180512,20180412,D10,,,1.58,,3.0,1.74,,,,,,,,,,,,,,,,,,,,,
603389.SH,亚振家居,20211213_郑德胜,操纵市场,20180412,20180512,20180412,D12,10.0,8.0,1.35,1.79,,,,,,,,,,,,,,,,,,,,,,,
603389.SH,亚振家居,20211213_郑德胜,操纵市场,20180412,20180512,20180413,D12,10.0,8.0,1.35,1.79,,,,,,,,,,,,,,,,,,,,,,,
603389.SH,亚振家居,20211213_郑德胜,操纵市场,20180412,20180512,20180416,D12,10.0,7.0,1.3,1.79,,,,,,,,,,,,,,,,,,,,,,,
603389.SH,亚振家居,20211213_郑德胜,操纵市场,20180412,20180512,20180417,D12,10.0,7.0,1.25,1.79,,,,,,,,,,,,,,,,,,,,,,,
603389.SH,亚振家居,20211213_郑德胜,操纵市场,20180412,20180512,20180418,D12,10.0,8.0,1.27,1.79,,,,,,,,,,,,,,,,,,,,,,,
603389.SH,亚振家居,20211213_郑德胜,操纵市场,20180412,20180512,20180419,D12,10.0,7.0,1.21,1.79,,,,,,,,,,,,,,,,,,,,,,,
603389.SH,亚振家居,20211213_郑德胜,操纵市场,20180412,20180512,20180508,D9,,,,,,,,,,,,,,1.22,,,,2.55,25326.0,20732.0,,,,,,,
603389.SH,亚振家居,20211213_郑德胜,操纵市场,20180412,20180512,20180510,D10,,,1.6,,3.0,2.55,,,,,,,,,,,,,,,,,,,,,
603389.SH,亚振家居,20211213_郑德胜,操纵市场,20180412,20180512,20180511,D10,,,1.68,,3.0,1.95,,,,,,,,,,,,,,,,,,,,,
603389.SH,亚振家居,20211213_郑德胜,操纵市场,20180412,20180512,20180511,D11,,,,,,,1.97,5.01,0.454,0.517,10.0,,,,,,,,,,,,,,,,
603178.SH,圣龙股份,20211213_郑德胜,操纵市场,20190203,20190305,20190214,D12,10.0,5.0,1.74,4.8,,,,,,,,,,,,,,,,,,,,,,,
603178.SH,圣龙股份,20211213_郑德胜,操纵市场,20190203,20190305,20190215,D12,10.0,5.0,1.74,4.8,,,,,,,,,,,,,,,,,,,,,,,
603178.SH,圣龙股份,20211213_郑德胜,操纵市场,20190203,20190305,20190218,D12,10.0,5.0,1.71,4.8,,,,,,,,,,,,,,,,,,,,,,,
603178.SH,圣龙股份,20211213_郑德胜,操纵市场,20190203,20190305,20190219,D12,10.0,5.0,1.39,2.76,,,,,,,,,,,,,,,,,,,,,,,
603178.SH,圣龙股份,20211213_郑德胜,操纵市场,20190203,20190305,20190220,D12,10.0,5.0,1.21,2.56,,,,,,,,,,,,,,,,,,,,,,,
603178.SH,圣龙股份,20211213_郑德胜,操纵市场,20190203,20190305,20190221,D10,,,1.36,,3.0,1.43,,,,,,,,,,,,,,,,,,,,,
603178.SH,圣龙股份,20211213_郑德胜,操纵市场,20190203,20190305,20190225,D12,10.0,6.0,1.23,2.13,,,,,,,,,,,,,,,,,,,,,,,
603178.SH,圣龙股份,20211213_郑德胜,操纵市场,20190203,20190305,20190226,D11,,,,,,,2.69,10.47,0.657,0.583,10.0,,,,,,,,,,,,,,,,
603178.SH,圣龙股份,20211213_郑德胜,操纵市场,20190203,20190305,20190226,D12,10.0,7.0,1.39,2.51,,,,,,,,,,,,,,,,,,,,,,,
603178.SH,圣龙股份,20211213_郑德胜,操纵市场,20190203,20190305,20190226,D14,,,,,,,,,,,,9609.0,21211.0,2.21,20.0,20.0,11.0,,,,,,,,,,
603178.SH,圣龙股份,20211213_郑德胜,操纵市场,20190203,20190305,20190227,D12,10.0,7.0,1.39,2.51,,,,,,,,,,,,,,,,,,,,,,,
603178.SH,圣龙股份,20211213_郑德胜,操纵市场,20190203,20190305,20190227,D14,,,,,,,,,,,,9181.0,22007.0,2.4,20.0,20.0,11.0,,,,,,,,,,
603178.SH,圣龙股份,20211213_郑德胜,操纵市场,20190203,20190305,20190228,D12,10.0,7.0,1.4,2.51,,,,,,,,,,,,,,,,,,,,,,,
603178.SH,圣龙股份,20211213_郑德胜,操纵市场,20190203,20190305,20190228,D14,,,,,,,,,,,,8270.0,23023.0,2.78,20.0,20.0,12.0,,,,,,,,,,
603178.SH,圣龙股份,20211213_郑德胜,操纵市场,20190203,20190305,20190301,D12,10.0,8.0,1.42,2.51,,,,,,,,,,,,,,,,,,,,,,,
603178.SH,圣龙股份,20211213_郑德胜,操纵市场,20190203,20190305,20190301,D14,,,,,,,,,,,,8180.0,23874.0,2.92,20.0,20.0,13.0,,,,,,,,,,
603178.SH,圣龙股份,20211213_郑德胜,操纵市场,20190203,20190305,20190304,D12,10.0,7.0,1.36,2.51,,,,,,,,,,,,,,,,,,,,,,,
603178.SH,圣龙股份,20211213_郑德胜,操纵市场,20190203,20190305,20190304,D14,,,,,,,,,,,,8321.0,24213.0,2.91,20.0,20.0,12.0,,,,,,,,,,
603178.SH,圣龙股份,20211213_郑德胜,操纵市场,20190203,20190305,20190305,D12,10.0,7.0,1.32,2.51,,,,,,,,,,,,,,,,,,,,,,,
603178.SH,圣龙股份,20211213_郑德胜,操纵市场,20190203,20190305,20190305,D14,,,,,,,,,,,,10355.0,22999.0,2.22,20.0,20.0,12.0,,,,,,,,,,
603238.SH,诺邦股份,20211213_郑德胜,操纵市场,20181206,20190106,20181206,D10,,,1.8,,3.0,2.44,,,,,,,,,,,,,,,,,,,,,
603238.SH,诺邦股份,20211213_郑德胜,操纵市场,20181206,20190106,20181206,D12,10.0,5.0,1.23,2.78,,,,,,,,,,,,,,,,,,,,,,,
603238.SH,诺邦股份,20211213_郑德胜,操纵市场,20181206,20190106,20181207,D12,10.0,5.0,1.23,2.78,,,,,,,,,,,,,,,,,,,,,,,
603238.SH,诺邦股份,20211213_郑德胜,操纵市场,20181206,20190106,20181210,D12,10.0,5.0,1.23,2.78,,,,,,,,,,,,,,,,,,,,,,,
603238.SH,诺邦股份,20211213_郑德胜,操纵市场,20181206,20190106,20181211,D12,10.0,5.0,1.23,2.78,,,,,,,,,,,,,,,,,,,,,,,
603238.SH,诺邦股份,20211213_郑德胜,操纵市场,20181206,20190106,20181212,D12,10.0,5.0,1.21,2.78,,,,,,,,,,,,,,,,,,,,,,,
603238.SH,诺邦股份,20211213_郑德胜,操纵市场,20181206,20190106,20181213,D9,,,,,,,,,,,,,,1.22,,,,2.45,11651.26,9580.0,,,,,,,
603238.SH,诺邦股份,20211213_郑德胜,操纵市场,20181206,20190106,20181213,D12,10.0,6.0,1.25,2.78,,,,,,,,,,,,,,,,,,,,,,,
603238.SH,诺邦股份,20211213_郑德胜,操纵市场,20181206,20190106,20181214,D12,10.0,6.0,1.21,2.78,,,,,,,,,,,,,,,,,,,,,,,
603321.SH,梅轮电梯,20211214_胡侃,操纵市场,20190109,20190208,20190109,D12,10.0,6.0,1.66,4.25,,,,,,,,,,,,,,,,,,,,,,,
603321.SH,梅轮电梯,20211214_胡侃,操纵市场,20190109,20190208,20190110,D12,10.0,6.0,1.63,4.25,,,,,,,,,,,,,,,,,,,,,,,
603321.SH,梅轮电梯,20211214_胡侃,操纵市场,20190109,20190208,20190111,D12,10.0,5.0,1.43,4.25,,,,,,,,,,,,,,,,,,,,,,,
603321.SH,梅轮电梯,20211214_胡侃,操纵市场,20190109,20190208,20190124,D14,,,,,,,,,,,,18694.0,38537.0,2.06,20.0,20.0,10.0,,,,,,,,,,
603321.SH,梅轮电梯,20211214_胡侃,操纵市场,20190109,20190208,20190125,D12,10.0,5.0,1.38,3.67,,,,,,,,,,,,,,,,,,,,,,,
603321.SH,梅轮电梯,20211214_胡侃,操纵市场,20190109,20190208,20190125,D14,,,,,,,,,,,,20263.0,43745.0,2.16,20.0,20.0,10.0,,,,,,,,,,
603321.SH,梅轮电梯,20211214_胡侃,操纵市场,20190109,20190208,20190128,D12,10.0,6.0,1.73,4.08,,,,,,,,,,,,,,,,,,,,,,,
603321.SH,梅轮电梯,20211214_胡侃,操纵市场,20190109,20190208,20190128,D14,,,,,,,,,,,,21902.0,51945.0,2.37,20.0,20.0,10.0,,,,,,,,,,
603321.SH,梅轮电梯,20211214_胡侃,操纵市场,20190109,20190208,20190129,D12,10.0,7.0,2.06,4.23,,,,,,,,,,,,,,,,,,,,,,,
603321.SH,梅轮电梯,20211214_胡侃,操纵市场,20190109,20190208,20190129,D14,,,,,,,,,,,,26415.0,58768.0,2.22,20.0,20.0,10.0,,,,,,,,,,
603321.SH,梅轮电梯,20211214_胡侃,操纵市场,20190109,20190208,20190130,D11,,,,,,,2.63,25.92,2.813,0.85,10.0,,,,,,,,,,,,,,,,
603321.SH,梅轮电梯,20211214_胡侃,操纵市场,20190109,20190208,20190130,D12,10.0,7.0,2.22,4.25,,,,,,,,,,,,,,,,,,,,,,,
603321.SH,梅轮电梯,20211214_胡侃,操纵市场,20190109,20190208,20190130,D14,,,,,,,,,,,,27138.0,70872.0,2.61,20.0,20.0,10.0,,,,,,,,,,
603321.SH,梅轮电梯,20211214_胡侃,操纵市场,20190109,20190208,20190131,D11,,,,,,,1.2,15.37,2.642,0.787,10.0,,,,,,,,,,,,,,,,
603321.SH,梅轮电梯,20211214_胡侃,操纵市场,20190109,20190208,20190131,D12,10.0,8.0,2.36,4.25,,,,,,,,,,,,,,,,,,,,,,,
603321.SH,梅轮电梯,20211214_胡侃,操纵市场,20190109,20190208,20190131,D14,,,,,,,,,,,,26414.0,78327.0,2.97,20.0,20.0,10.0,,,,,,,,,,
603321.SH,梅轮电梯,20211214_胡侃,操纵市场,20190109,20190208,20190201,D11,,,,,,,1.68,16.15,2.265,0.662,10.0,,,,,,,,,,,,,,,,
603321.SH,梅轮电梯,20211214_胡侃,操纵市场,20190109,20190208,20190201,D12,10.0,9.0,2.53,4.25,,,,,,,,,,,,,,,,,,,,,,,
603321.SH,梅轮电梯,20211214_胡侃,操纵市场,20190109,20190208,20190201,D14,,,,,,,,,,,,26763.0,86473.0,3.23,20.0,20.0,11.0,,,,,,,,,,
603617.SH,君禾股份,20220228_欧鹏宇,操纵市场,20190303,20190402,20190304,D9,,,,,,,,,,,,,,1.52,,,,0.44,26781.0,17594.0,,,,,,,
603617.SH,君禾股份,20220228_欧鹏宇,操纵市场,20190303,20190402,20190304,D12,10.0,8.0,1.39,2.22,,,,,,,,,,,,,,,,,,,,,,,
603617.SH,君禾股份,20220228_欧鹏宇,操纵市场,20190303,20190402,20190305,D12,10.0,8.0,1.35,2.22,,,,,,,,,,,,,,,,,,,,,,,
603617.SH,君禾股份,20220228_欧鹏宇,操纵市场,20190303,20190402,20190306,D10,,,1.4,,3.0,2.14,,,,,,,,,,,,,,,,,,,,,
603617.SH,君禾股份,20220228_欧鹏宇,操纵市场,20190303,20190402,20190306,D12,10.0,9.0,1.42,2.22,,,,,,,,,,,,,,,,,,,,,,,
603617.SH,君禾股份,20220228_欧鹏宇,操纵市场,20190303,20190402,20190306,D14,,,,,,,,,,,,9140.0,19419.0,2.12,20.0,20.0,18.0,,,,,,,,,,
603617.SH,君禾股份,20220228_欧鹏宇,操纵市场,20190303,20190402,20190307,D10,,,1.37,,3.0,2.14,,,,,,,,,,,,,,,,,,,,,
603617.SH,君禾股份,20220228_欧鹏宇,操纵市场,20190303,20190402,20190307,D12,10.0,9.0,1.42,2.22,,,,,,,,,,,,,,,,,,,,,,,
603617.SH,君禾股份,20220228_欧鹏宇,操纵市场,20190303,20190402,20190307,D14,,,,,,,,,,,,9777.0,19859.0,2.03,20.0,20.0,18.0,,,,,,,,,,
603617.SH,君禾股份,20220228_欧鹏宇,操纵市场,20190303,20190402,20190308,D12,10.0,9.0,1.43,2.22,,,,,,,,,,,,,,,,,,,,,,,
603617.SH,君禾股份,20220228_欧鹏宇,操纵市场,20190303,20190402,20190308,D14,,,,,,,,,,,,9722.0,20601.0,2.12,20.0,20.0,18.0,,,,,,,,,,
603617.SH,君禾股份,20220228_欧鹏宇,操纵市场,20190303,20190402,20190311,D12,10.0,8.0,1.3,1.76,,,,,,,,,,,,,,,,,,,,,,,
603617.SH,君禾股份,20220228_欧鹏宇,操纵市场,20190303,20190402,20190311,D14,,,,,,,,,,,,9769.0,20964.0,2.15,20.0,20.0,17.0,,,,,,,,,,
603617.SH,君禾股份,20220228_欧鹏宇,操纵市场,20190303,20190402,20190312,D9,,,,,,,,,,,,,,1.24,,,,1.34,26613.4,21456.0,,,,,,,
603617.SH,君禾股份,20220228_欧鹏宇,操纵市场,20190303,20190402,20190312,D12,10.0,8.0,1.25,1.65,,,,,,,,,,,,,,,,,,,,,,,
603617.SH,君禾股份,20220228_欧鹏宇,操纵市场,20190303,20190402,20190312,D14,,,,,,,,,,,,10157.0,21456.0,2.11,20.0,20.0,17.0,,,,,,,,,,
603617.SH,君禾股份,20220228_欧鹏宇,操纵市场,20190303,20190402,20190313,D12,10.0,8.0,1.21,1.65,,,,,,,,,,,,,,,,,,,,,,,
603617.SH,君禾股份,20220228_欧鹏宇,操纵市场,20190303,20190402,20190313,D14,,,,,,,,,,,,10670.0,21503.0,2.02,20.0,20.0,17.0,,,,,,,,,,
603617.SH,君禾股份,20220228_欧鹏宇,操纵市场,20190303,20190402,20190319,D12,10.0,7.0,1.2,1.65,,,,,,,,,,,,,,,,,,,,,,,
600833.SH,第一医药,20220228_韩启坤,操纵市场,20181126,20181229,20181126,D12,10.0,8.0,1.37,1.88,,,,,,,,,,,,,,,,,,,,,,,
600833.SH,第一医药,20220228_韩启坤,操纵市场,20181126,20181229,20181127,D12,10.0,7.0,1.28,1.84,,,,,,,,,,,,,,,,,,,,,,,
600833.SH,第一医药,20220228_韩启坤,操纵市场,20181126,20181229,20181128,D9,,,,,,,,,,,,,,1.84,,,,-0.55,28176.18,15335.0,,,,,,,
600833.SH,第一医药,20220228_韩启坤,操纵市场,20181126,20181229,20181128,D12,10.0,7.0,1.31,1.84,,,,,,,,,,,,,,,,,,,,,,,
600833.SH,第一医药,20220228_韩启坤,操纵市场,20181126,20181229,20181129,D12,10.0,6.0,1.24,1.84,,,,,,,,,,,,,,,,,,,,,,,
600833.SH,第一医药,20220228_韩启坤,操纵市场,20181126,20181229,20181221,D8,,,,,,,,,,,,,,,,,,,3675.4,,,,0.31,11770.0,1.7,0.16,3.0
600833.SH,第一医药,20220228_韩启坤,操纵市场,20181126,20181229,20181224,D8,,,,,,,,,,,,,,,,,,,3675.4,,,,0.31,11770.0,1.7,0.16,3.0
600833.SH,第一医药,20220228_韩启坤,操纵市场,20181126,20181229,20181227,D10,,,2.75,,3.0,2.47,,,,,,,,,,,,,,,,,,,,,
600833.SH,第一医药,20220228_韩启坤,操纵市场,20181126,20181229,20181228,D11,,,,,,,0.5,2.29,0.201,0.623,10.0,,,,,,,,,,,,,,,,
600833.SH,第一医药,20220228_韩启坤,操纵市场,20181126,20181229,20181228,D12,10.0,5.0,1.66,4.51,,,,,,,,,,,,,,,,,,,,,,,
603578.SH,三星新材,20220421_胡海洋,操纵市场,20170313,20170413,20170328,D11,,,,,,,0.07,39.37,5.824,0.527,10.0,,,,,,,,,,,,,,,,
603578.SH,三星新材,20220421_胡海洋,操纵市场,20170313,20170413,20170329,D11,,,,,,,0.08,38.63,6.295,0.583,10.0,,,,,,,,,,,,,,,,
603578.SH,三星新材,20220421_胡海洋,操纵市场,20170313,20170413,20170330,D11,,,,,,,0.42,28.83,5.765,0.512,10.0,,,,,,,,,,,,,,,,
603578.SH,三星新材,20220421_胡海洋,操纵市场,20170313,20170413,20170331,D9,,,,,,,,,,,,,,1.99,,,,1.09,49484.09,24817.0,,,,,,,
603578.SH,三星新材,20220421_胡海洋,操纵市场,20170313,20170413,20170406,D10,,,1.55,,3.0,1.09,,,,,,,,,,,,,,,,,,,,,
603578.SH,三星新材,20220421_胡海洋,操纵市场,20170313,20170413,20170407,D10,,,1.28,,3.0,0.95,,,,,,,,,,,,,,,,,,,,,
603578.SH,三星新材,20220421_胡海洋,操纵市场,20170313,20170413,20170411,D12,10.0,5.0,1.32,1.99,,,,,,,,,,,,,,,,,,,,,,,
603578.SH,三星新材,20220421_胡海洋,操纵市场,20170313,20170413,20170412,D12,10.0,5.0,1.22,1.99,,,,,,,,,,,,,,,,,,,,,,,
000150.SZ,宜华健康,20220822_宜华集团、刘绍喜等6名责任主体,操纵市场,20170703,20170804,20170703,D12,10.0,5.0,1.3,2.56,,,,,,,,,,,,,,,,,,,,,,,
000150.SZ,宜华健康,20220822_宜华集团、刘绍喜等6名责任主体,操纵市场,20170703,20170804,20170705,D9,,,,,,,,,,,,,,1.5,,,,2.55,20382.76,13599.0,,,,,,,
000150.SZ,宜华健康,20220822_宜华集团、刘绍喜等6名责任主体,操纵市场,20170703,20170804,20170717,D9,,,,,,,,,,,,,,1.4,,,,-0.12,19787.53,14105.0,,,,,,,
000150.SZ,宜华健康,20220822_宜华集团、刘绍喜等6名责任主体,操纵市场,20170703,20170804,20170727,D12,10.0,5.0,1.28,3.06,,,,,,,,,,,,,,,,,,,,,,,
000150.SZ,宜华健康,20220822_宜华集团、刘绍喜等6名责任主体,操纵市场,20170703,20170804,20170728,D12,10.0,5.0,1.31,3.06,,,,,,,,,,,,,,,,,,,,,,,
600807.SH,ST天业,20220908_盛投和、李佰奇、宋志强,操纵市场,20180725,20180828,20180817,D10,,,1.21,,3.0,2.68,,,,,,,,,,,,,,,,,,,,,
600807.SH,ST天业,20220908_盛投和、李佰奇、宋志强,操纵市场,20180725,20180828,20180822,D9,,,,,,,,,,,,,,1.36,,,,1.78,150383.25,110196.0,,,,,,,
600807.SH,ST天业,20220908_盛投和、李佰奇、宋志强,操纵市场,20180725,20180828,20180824,D10,,,1.24,,3.0,1.78,,,,,,,,,,,,,,,,,,,,,
002969.SZ,昇兴股份,20221102_林永贤、陈宪生、孙磊、徐骏,操纵市场,20191125,20191223,20191217,D11,,,,,,,0.43,64.93,7.065,0.518,10.0,,,,,,,,,,,,,,,,
002969.SZ,昇兴股份,20221102_林永贤、陈宪生、孙磊、徐骏,操纵市场,20191125,20191223,20191218,D11,,,,,,,0.31,68.45,8.947,0.656,10.0,,,,,,,,,,,,,,,,
002969.SZ,昇兴股份,20221102_林永贤、陈宪生、孙磊、徐骏,操纵市场,20191125,20191223,20191219,D11,,,,,,,0.58,46.79,8.815,0.643,10.0,,,,,,,,,,,,,,,,
002718.SZ,友邦吊顶,20221123_王宝元,操纵市场,20200520,20200719,20200522,D9,,,,,,,,,,,,,,1.28,,,,1.22,20576.4,16127.0,,,,,,,
002718.SZ,友邦吊顶,20221123_王宝元,操纵市场,20200520,20200719,20200526,D10,,,1.54,,3.0,2.35,,,,,,,,,,,,,,,,,,,,,
002718.SZ,友邦吊顶,20221123_王宝元,操纵市场,20200520,20200719,20200527,D10,,,2.15,,3.0,2.35,,,,,,,,,,,,,,,,,,,,,
002718.SZ,友邦吊顶,20221123_王宝元,操纵市场,20200520,20200719,20200527,D12,10.0,7.0,1.32,3.08,,,,,,,,,,,,,,,,,,,,,,,
002718.SZ,友邦吊顶,20221123_王宝元,操纵市场,20200520,20200719,20200528,D12,10.0,8.0,1.47,3.08,,,,,,,,,,,,,,,,,,,,,,,
002718.SZ,友邦吊顶,20221123_王宝元,操纵市场,20200520,20200719,20200529,D12,10.0,7.0,1.46,3.08,,,,,,,,,,,,,,,,,,,,,,,
002718.SZ,友邦吊顶,20221123_王宝元,操纵市场,20200520,20200719,20200601,D12,10.0,7.0,1.59,3.08,,,,,,,,,,,,,,,,,,,,,,,
002718.SZ,友邦吊顶,20221123_王宝元,操纵市场,20200520,20200719,20200602,D12,10.0,7.0,1.65,3.08,,,,,,,,,,,,,,,,,,,,,,,
002718.SZ,友邦吊顶,20221123_王宝元,操纵市场,20200520,20200719,20200603,D12,10.0,7.0,1.67,3.08,,,,,,,,,,,,,,,,,,,,,,,
002718.SZ,友邦吊顶,20221123_王宝元,操纵市场,20200520,20200719,20200604,D12,10.0,7.0,1.67,3.08,,,,,,,,,,,,,,,,,,,,,,,
002718.SZ,友邦吊顶,20221123_王宝元,操纵市场,20200520,20200719,20200605,D12,10.0,6.0,1.6,3.08,,,,,,,,,,,,,,,,,,,,,,,
002718.SZ,友邦吊顶,20221123_王宝元,操纵市场,20200520,20200719,20200608,D12,10.0,5.0,1.53,3.08,,,,,,,,,,,,,,,,,,,,,,,
002718.SZ,友邦吊顶,20221123_王宝元,操纵市场,20200520,20200719,20200615,D8,,,,,,,,,,,,,,,,,,,7277.5,,,,0.36,20248.0,2.06,1.1,3.0
002718.SZ,友邦吊顶,20221123_王宝元,操纵市场,20200520,20200719,20200616,D8,,,,,,,,,,,,,,,,,,,7277.5,,,,0.36,20248.0,2.06,1.1,3.0
002718.SZ,友邦吊顶,20221123_王宝元,操纵市场,20200520,20200719,20200617,D8,,,,,,,,,,,,,,,,,,,7277.5,,,,0.36,20248.0,2.06,1.1,3.0
002718.SZ,友邦吊顶,20221123_王宝元,操纵市场,20200520,20200719,20200618,D8,,,,,,,,,,,,,,,,,,,7277.5,,,,0.36,20248.0,2.06,1.1,3.0
002718.SZ,友邦吊顶,20221123_王宝元,操纵市场,20200520,20200719,20200619,D8,,,,,,,,,,,,,,,,,,,7277.5,,,,0.36,20248.0,2.06,1.1,4.0
002718.SZ,友邦吊顶,20221123_王宝元,操纵市场,20200520,20200719,20200622,D8,,,,,,,,,,,,,,,,,,,7592.45,,,,0.38,19745.0,1.55,1.14,3.0
002718.SZ,友邦吊顶,20221123_王宝元,操纵市场,20200520,20200719,20200623,D8,,,,,,,,,,,,,,,,,,,7592.45,,,,0.38,19745.0,1.55,1.14,3.0
002718.SZ,友邦吊顶,20221123_王宝元,操纵市场,20200520,20200719,20200624,D8,,,,,,,,,,,,,,,,,,,6259.5,,,,0.41,15319.0,2.61,0.94,3.0
002718.SZ,友邦吊顶,20221123_王宝元,操纵市场,20200520,20200719,20200629,D8,,,,,,,,,,,,,,,,,,,6259.5,,,,0.41,15319.0,2.61,0.94,3.0
002718.SZ,友邦吊顶,20221123_王宝元,操纵市场,20200520,20200719,20200702,D11,,,,,,,1.14,5.57,0.803,0.519,10.0,,,,,,,,,,,,,,,,
002718.SZ,友邦吊顶,20221123_王宝元,操纵市场,20200520,20200719,20200706,D12,10.0,5.0,1.57,3.88,,,,,,,,,,,,,,,,,,,,,,,
002718.SZ,友邦吊顶,20221123_王宝元,操纵市场,20200520,20200719,20200707,D12,10.0,6.0,1.75,3.88,,,,,,,,,,,,,,,,,,,,,,,
002718.SZ,友邦吊顶,20221123_王宝元,操纵市场,20200520,20200719,20200708,D12,10.0,7.0,1.92,3.88,,,,,,,,,,,,,,,,,,,,,,,
002718.SZ,友邦吊顶,20221123_王宝元,操纵市场,20200520,20200719,20200709,D12,10.0,8.0,2.33,4.47,,,,,,,,,,,,,,,,,,,,,,,
002718.SZ,友邦吊顶,20221123_王宝元,操纵市场,20200520,20200719,20200710,D12,10.0,9.0,2.51,4.47,,,,,,,,,,,,,,,,,,,,,,,
002718.SZ,友邦吊顶,20221123_王宝元,操纵市场,20200520,20200719,20200713,D12,10.0,10.0,2.55,4.47,,,,,,,,,,,,,,,,,,,,,,,
002718.SZ,友邦吊顶,20221123_王宝元,操纵市场,20200520,20200719,20200714,D12,10.0,9.0,2.23,4.47,,,,,,,,,,,,,,,,,,,,,,,
002718.SZ,友邦吊顶,20221123_王宝元,操纵市场,20200520,20200719,20200715,D12,10.0,8.0,1.93,4.47,,,,,,,,,,,,,,,,,,,,,,,
002718.SZ,友邦吊顶,20221123_王宝元,操纵市场,20200520,20200719,20200716,D12,10.0,7.0,1.76,4.47,,,,,,,,,,,,,,,,,,,,,,,
002718.SZ,友邦吊顶,20221123_王宝元,操纵市场,20200520,20200719,20200717,D12,10.0,6.0,1.65,4.47,,,,,,,,,,,,,,,,,,,,,,,
601518.SH,吉林高速,20221123_王宝元,操纵市场,20200119,20200218,20200123,D9,,,,,,,,,,,,,,1.41,,,,-1.91,32669.35,23115.0,,,,,,,
601518.SH,吉林高速,20221123_王宝元,操纵市场,20200119,20200218,20200206,D10,,,1.69,,3.0,2.16,,,,,,,,,,,,,,,,,,,,,
601518.SH,吉林高速,20221123_王宝元,操纵市场,20200119,20200218,20200207,D10,,,1.6,,3.0,2.16,,,,,,,,,,,,,,,,,,,,,
601518.SH,吉林高速,20221123_王宝元,操纵市场,20200119,20200218,20200207,D12,10.0,6.0,1.26,2.26,,,,,,,,,,,,,,,,,,,,,,,
601518.SH,吉林高速,20221123_王宝元,操纵市场,20200119,20200218,20200207,D13,,,,,5.0,,,,,,,,,,,,,,,,2.53,3.46,,,,,
601518.SH,吉林高速,20221123_王宝元,操纵市场,20200119,20200218,20200210,D10,,,1.39,,3.0,0.85,,,,,,,,,,,,,,,,,,,,,
601518.SH,吉林高速,20221123_王宝元,操纵市场,20200119,20200218,20200210,D12,10.0,7.0,1.33,2.26,,,,,,,,,,,,,,,,,,,,,,,
601518.SH,吉林高速,20221123_王宝元,操纵市场,20200119,20200218,20200211,D10,,,1.26,,3.0,0.85,,,,,,,,,,,,,,,,,,,,,
601518.SH,吉林高速,20221123_王宝元,操纵市场,20200119,20200218,20200211,D12,10.0,8.0,1.39,2.26,,,,,,,,,,,,,,,,,,,,,,,
601518.SH,吉林高速,20221123_王宝元,操纵市场,20200119,20200218,20200211,D13,,,,,5.0,,,,,,,,,,,,,,,,2.38,3.46,,,,,
601518.SH,吉林高速,20221123_王宝元,操纵市场,20200119,20200218,20200212,D12,10.0,8.0,1.42,2.26,,,,,,,,,,,,,,,,,,,,,,,
601518.SH,吉林高速,20221123_王宝元,操纵市场,20200119,20200218,20200213,D12,10.0,8.0,1.43,2.26,,,,,,,,,,,,,,,,,,,,,,,
601518.SH,吉林高速,20221123_王宝元,操纵市场,20200119,20200218,20200214,D12,10.0,7.0,1.36,2.26,,,,,,,,,,,,,,,,,,,,,,,
601518.SH,吉林高速,20221123_王宝元,操纵市场,20200119,20200218,20200217,D9,,,,,,,,,,,,,,1.64,,,,1.26,47820.67,29237.0,,,,,,,
601518.SH,吉林高速,20221123_王宝元,操纵市场,20200119,20200218,20200217,D12,10.0,7.0,1.29,1.85,,,,,,,,,,,,,,,,,,,,,,,
601518.SH,吉林高速,20221123_王宝元,操纵市场,20200119,20200218,20200218,D12,10.0,7.0,1.3,1.88,,,,,,,,,,,,,,,,,,,,,,,
603958.SH,哈森股份,20221123_王宝元,操纵市场,20200518,20200616,20200603,D11,,,,,,,0.4,3.53,0.401,0.681,10.0,,,,,,,,,,,,,,,,
603958.SH,哈森股份,20221123_王宝元,操纵市场,20200518,20200616,20200604,D11,,,,,,,0.51,9.16,0.75,0.664,10.0,,,,,,,,,,,,,,,,
603958.SH,哈森股份,20221123_王宝元,操纵市场,20200518,20200616,20200605,D11,,,,,,,0.47,4.66,0.754,0.669,10.0,,,,,,,,,,,,,,,,
603958.SH,哈森股份,20221123_王宝元,操纵市场,20200518,20200616,20200605,D12,10.0,5.0,2.06,5.29,,,,,,,,,,,,,,,,,,,,,,,
603958.SH,哈森股份,20221123_王宝元,操纵市场,20200518,20200616,20200608,D12,10.0,6.0,2.13,5.29,,,,,,,,,,,,,,,,,,,,,,,
603958.SH,哈森股份,20221123_王宝元,操纵市场,20200518,20200616,20200609,D12,10.0,6.0,2.13,5.29,,,,,,,,,,,,,,,,,,,,,,,
603958.SH,哈森股份,20221123_王宝元,操纵市场,20200518,20200616,20200610,D12,10.0,6.0,2.09,5.29,,,,,,,,,,,,,,,,,,,,,,,
603958.SH,哈森股份,20221123_王宝元,操纵市场,20200518,20200616,20200611,D12,10.0,6.0,2.06,5.29,,,,,,,,,,,,,,,,,,,,,,,
603958.SH,哈森股份,20221123_王宝元,操纵市场,20200518,20200616,20200612,D12,10.0,6.0,2.08,5.29,,,,,,,,,,,,,,,,,,,,,,,
603958.SH,哈森股份,20221123_王宝元,操纵市场,20200518,20200616,20200615,D12,10.0,5.0,1.78,5.29,,,,,,,,,,,,,,,,,,,,,,,
000985.SZ,大庆华科,20221123_王宝元,操纵市场,20200618,20200718,20200709,D11,,,,,,,0.68,3.66,0.259,0.69,10.0,,,,,,,,,,,,,,,,
000985.SZ,大庆华科,20221123_王宝元,操纵市场,20200618,20200718,20200709,D12,10.0,5.0,1.39,3.22,,,,,,,,,,,,,,,,,,,,,,,
000985.SZ,大庆华科,20221123_王宝元,操纵市场,20200618,20200718,20200710,D11,,,,,,,0.77,2.53,0.28,0.746,10.0,,,,,,,,,,,,,,,,
000985.SZ,大庆华科,20221123_王宝元,操纵市场,20200618,20200718,20200710,D12,10.0,6.0,1.52,3.22,,,,,,,,,,,,,,,,,,,,,,,
000985.SZ,大庆华科,20221123_王宝元,操纵市场,20200618,20200718,20200713,D11,,,,,,,0.55,2.26,0.27,0.713,10.0,,,,,,,,,,,,,,,,
000985.SZ,大庆华科,20221123_王宝元,操纵市场,20200618,20200718,20200713,D12,10.0,7.0,1.61,3.22,,,,,,,,,,,,,,,,,,,,,,,
000985.SZ,大庆华科,20221123_王宝元,操纵市场,20200618,20200718,20200714,D12,10.0,8.0,1.67,3.22,,,,,,,,,,,,,,,,,,,,,,,
000985.SZ,大庆华科,20221123_王宝元,操纵市场,20200618,20200718,20200715,D10,,,1.4,,3.0,2.85,,,,,,,,,,,,,,,,,,,,,
000985.SZ,大庆华科,20221123_王宝元,操纵市场,20200618,20200718,20200715,D12,10.0,9.0,1.7,3.22,,,,,,,,,,,,,,,,,,,,,,,
000985.SZ,大庆华科,20221123_王宝元,操纵市场,20200618,20200718,20200716,D12,10.0,10.0,1.71,3.22,,,,,,,,,,,,,,,,,,,,,,,
000985.SZ,大庆华科,20221123_王宝元,操纵市场,20200618,20200718,20200717,D12,10.0,10.0,1.72,3.22,,,,,,,,,,,,,,,,,,,,,,,
600719.SH,大连热电,20221123_王宝元,操纵市场,20200312,20200411,20200312,D12,10.0,9.0,1.31,1.8,,,,,,,,,,,,,,,,,,,,,,,
600719.SH,大连热电,20221123_王宝元,操纵市场,20200312,20200411,20200313,D12,10.0,8.0,1.28,1.8,,,,,,,,,,,,,,,,,,,,,,,
600719.SH,大连热电,20221123_王宝元,操纵市场,20200312,20200411,20200316,D12,10.0,7.0,1.21,1.8,,,,,,,,,,,,,,,,,,,,,,,
600719.SH,大连热电,20221123_王宝元,操纵市场,20200312,20200411,20200331,D11,,,,,,,0.72,3.96,0.317,0.59,10.0,,,,,,,,,,,,,,,,
600719.SH,大连热电,20221123_王宝元,操纵市场,20200312,20200411,20200401,D11,,,,,,,0.9,3.64,0.399,0.728,10.0,,,,,,,,,,,,,,,,
600719.SH,大连热电,20221123_王宝元,操纵市场,20200312,20200411,20200402,D11,,,,,,,0.51,9.58,0.781,0.691,10.0,,,,,,,,,,,,,,,,
600719.SH,大连热电,20221123_王宝元,操纵市场,20200312,20200411,20200402,D12,10.0,5.0,1.98,5.5,,,,,,,,,,,,,,,,,,,,,,,
600719.SH,大连热电,20221123_王宝元,操纵市场,20200312,20200411,20200402,D14,,,,,,,,,,,,32392.0,70468.0,2.18,20.0,20.0,9.0,,,,,,,,,,
600719.SH,大连热电,20221123_王宝元,操纵市场,20200312,20200411,20200403,D11,,,,,,,0.57,4.81,0.771,0.681,10.0,,,,,,,,,,,,,,,,
600719.SH,大连热电,20221123_王宝元,操纵市场,20200312,20200411,20200403,D12,10.0,6.0,2.18,5.5,,,,,,,,,,,,,,,,,,,,,,,
600719.SH,大连热电,20221123_王宝元,操纵市场,20200312,20200411,20200403,D14,,,,,,,,,,,,32716.0,78443.0,2.4,20.0,20.0,9.0,,,,,,,,,,
600719.SH,大连热电,20221123_王宝元,操纵市场,20200312,20200411,20200407,D12,10.0,7.0,2.23,5.5,,,,,,,,,,,,,,,,,,,,,,,
600719.SH,大连热电,20221123_王宝元,操纵市场,20200312,20200411,20200407,D14,,,,,,,,,,,,34077.0,80567.0,2.36,20.0,20.0,9.0,,,,,,,,,,
600719.SH,大连热电,20221123_王宝元,操纵市场,20200312,20200411,20200408,D12,10.0,7.0,2.24,5.5,,,,,,,,,,,,,,,,,,,,,,,
600719.SH,大连热电,20221123_王宝元,操纵市场,20200312,20200411,20200408,D14,,,,,,,,,,,,35975.0,80546.0,2.24,20.0,20.0,8.0,,,,,,,,,,
600719.SH,大连热电,20221123_王宝元,操纵市场,20200312,20200411,20200409,D12,10.0,7.0,2.23,5.5,,,,,,,,,,,,,,,,,,,,,,,
600719.SH,大连热电,20221123_王宝元,操纵市场,20200312,20200411,20200410,D12,10.0,7.0,2.24,5.5,,,,,,,,,,,,,,,,,,,,,,,
600982.SH,宁波能源,20221123_王宝元,操纵市场,20200428,20200528,20200519,D10,,,1.3,,3.0,2.26,,,,,,,,,,,,,,,,,,,,,
600982.SH,宁波能源,20221123_王宝元,操纵市场,20200428,20200528,20200520,D10,,,2.0,,3.0,2.26,,,,,,,,,,,,,,,,,,,,,
600982.SH,宁波能源,20221123_王宝元,操纵市场,20200428,20200528,20200521,D10,,,2.03,,3.0,1.1,,,,,,,,,,,,,,,,,,,,,
600982.SH,宁波能源,20221123_王宝元,操纵市场,20200428,20200528,20200521,D12,10.0,5.0,1.31,3.2,,,,,,,,,,,,,,,,,,,,,,,
600982.SH,宁波能源,20221123_王宝元,操纵市场,20200428,20200528,20200522,D12,10.0,5.0,1.34,3.2,,,,,,,,,,,,,,,,,,,,,,,
600982.SH,宁波能源,20221123_王宝元,操纵市场,20200428,20200528,20200525,D12,10.0,6.0,1.37,3.2,,,,,,,,,,,,,,,,,,,,,,,
600982.SH,宁波能源,20221123_王宝元,操纵市场,20200428,20200528,20200526,D12,10.0,7.0,1.53,3.2,,,,,,,,,,,,,,,,,,,,,,,
600982.SH,宁波能源,20221123_王宝元,操纵市场,20200428,20200528,20200527,D10,,,1.75,,3.0,2.58,,,,,,,,,,,,,,,,,,,,,
600982.SH,宁波能源,20221123_王宝元,操纵市场,20200428,20200528,20200527,D12,10.0,8.0,1.6,3.2,,,,,,,,,,,,,,,,,,,,,,,
600982.SH,宁波能源,20221123_王宝元,操纵市场,20200428,20200528,20200528,D12,10.0,9.0,1.9,3.97,,,,,,,,,,,,,,,,,,,,,,,
600793.SH,宜宾纸业,20221123_王宝元,操纵市场,20200413,20200517,20200413,D12,10.0,7.0,1.59,3.79,,,,,,,,,,,,,,,,,,,,,,,
600793.SH,宜宾纸业,20221123_王宝元,操纵市场,20200413,20200517,20200414,D12,10.0,7.0,1.57,3.79,,,,,,,,,,,,,,,,,,,,,,,
600793.SH,宜宾纸业,20221123_王宝元,操纵市场,20200413,20200517,20200415,D12,10.0,7.0,1.6,3.79,,,,,,,,,,,,,,,,,,,,,,,
600793.SH,宜宾纸业,20221123_王宝元,操纵市场,20200413,20200517,20200416,D12,10.0,7.0,1.59,3.79,,,,,,,,,,,,,,,,,,,,,,,
600793.SH,宜宾纸业,20221123_王宝元,操纵市场,20200413,20200517,20200417,D12,10.0,6.0,1.53,3.79,,,,,,,,,,,,,,,,,,,,,,,
600793.SH,宜宾纸业,20221123_王宝元,操纵市场,20200413,20200517,20200420,D12,10.0,5.0,1.41,3.79,,,,,,,,,,,,,,,,,,,,,,,
600793.SH,宜宾纸业,20221123_王宝元,操纵市场,20200413,20200517,20200428,D9,,,,,,,,,,,,,,1.22,,,,2.02,25576.64,21013.0,,,,,,,
600793.SH,宜宾纸业,20221123_王宝元,操纵市场,20200413,20200517,20200507,D11,,,,,,,1.56,3.0,0.164,0.601,10.0,,,,,,,,,,,,,,,,
600793.SH,宜宾纸业,20221123_王宝元,操纵市场,20200413,20200517,20200511,D11,,,,,,,1.01,5.98,0.645,0.575,10.0,,,,,,,,,,,,,,,,
600793.SH,宜宾纸业,20221123_王宝元,操纵市场,20200413,20200517,20200511,D12,10.0,5.0,1.35,3.65,,,,,,,,,,,,,,,,,,,,,,,
600793.SH,宜宾纸业,20221123_王宝元,操纵市场,20200413,20200517,20200512,D12,10.0,6.0,1.4,3.65,,,,,,,,,,,,,,,,,,,,,,,
600793.SH,宜宾纸业,20221123_王宝元,操纵市场,20200413,20200517,20200513,D12,10.0,6.0,1.4,3.65,,,,,,,,,,,,,,,,,,,,,,,
600793.SH,宜宾纸业,20221123_王宝元,操纵市场,20200413,20200517,20200514,D12,10.0,6.0,1.37,3.65,,,,,,,,,,,,,,,,,,,,,,,
600793.SH,宜宾纸业,20221123_王宝元,操纵市场,20200413,20200517,20200515,D12,10.0,5.0,1.31,3.65,,,,,,,,,,,,,,,,,,,,,,,
601368.SH,绿城水务,20221123_王宝元,操纵市场,20200420,20200524,20200420,D12,10.0,5.0,1.71,4.01,,,,,,,,,,,,,,,,,,,,,,,
601368.SH,绿城水务,20221123_王宝元,操纵市场,20200420,20200524,20200421,D12,10.0,5.0,1.67,4.01,,,,,,,,,,,,,,,,,,,,,,,
601368.SH,绿城水务,20221123_王宝元,操纵市场,20200420,20200524,20200422,D12,10.0,5.0,1.64,4.01,,,,,,,,,,,,,,,,,,,,,,,
601368.SH,绿城水务,20221123_王宝元,操纵市场,20200420,20200524,20200514,D11,,,,,,,0.3,2.16,0.189,0.674,10.0,,,,,,,,,,,,,,,,
601368.SH,绿城水务,20221123_王宝元,操纵市场,20200420,20200524,20200515,D11,,,,,,,0.16,4.1,0.355,0.705,10.0,,,,,,,,,,,,,,,,
601368.SH,绿城水务,20221123_王宝元,操纵市场,20200420,20200524,20200515,D12,10.0,5.0,1.97,6.06,,,,,,,,,,,,,,,,,,,,,,,
601368.SH,绿城水务,20221123_王宝元,操纵市场,20200420,20200524,20200518,D11,,,,,,,0.12,1.44,0.321,0.606,10.0,,,,,,,,,,,,,,,,
601368.SH,绿城水务,20221123_王宝元,操纵市场,20200420,20200524,20200518,D12,10.0,6.0,2.13,6.06,,,,,,,,,,,,,,,,,,,,,,,
601368.SH,绿城水务,20221123_王宝元,操纵市场,20200420,20200524,20200519,D12,10.0,6.0,2.14,6.06,,,,,,,,,,,,,,,,,,,,,,,
601368.SH,绿城水务,20221123_王宝元,操纵市场,20200420,20200524,20200520,D12,10.0,6.0,2.13,6.06,,,,,,,,,,,,,,,,,,,,,,,
601368.SH,绿城水务,20221123_王宝元,操纵市场,20200420,20200524,20200521,D12,10.0,6.0,2.12,6.06,,,,,,,,,,,,,,,,,,,,,,,
601368.SH,绿城水务,20221123_王宝元,操纵市场,20200420,20200524,20200522,D12,10.0,6.0,2.1,6.06,,,,,,,,,,,,,,,,,,,,,,,
603055.SH,台华新材,20221212_陈霄,操纵市场,20190906,20191011,20190906,D10,,,1.65,,3.0,0.59,,,,,,,,,,,,,,,,,,,,,
603055.SH,台华新材,20221212_陈霄,操纵市场,20190906,20191011,20190906,D12,10.0,9.0,1.21,2.37,,,,,,,,,,,,,,,,,,,,,,,
603055.SH,台华新材,20221212_陈霄,操纵市场,20190906,20191011,20190906,D13,,,,,5.0,,,,,,,,,,,,,,,,1.53,1.94,,,,,
603055.SH,台华新材,20221212_陈霄,操纵市场,20190906,20191011,20190909,D10,,,1.77,,3.0,1.45,,,,,,,,,,,,,,,,,,,,,
603055.SH,台华新材,20221212_陈霄,操纵市场,20190906,20191011,20190909,D12,10.0,10.0,1.32,2.37,,,,,,,,,,,,,,,,,,,,,,,
603055.SH,台华新材,20221212_陈霄,操纵市场,20190906,20191011,20190909,D13,,,,,5.0,,,,,,,,,,,,,,,,1.55,2.03,,,,,
603055.SH,台华新材,20221212_陈霄,操纵市场,20190906,20191011,20190910,D10,,,1.43,,3.0,1.45,,,,,,,,,,,,,,,,,,,,,
603055.SH,台华新材,20221212_陈霄,操纵市场,20190906,20191011,20190910,D12,10.0,10.0,1.36,2.37,,,,,,,,,,,,,,,,,,,,,,,
603055.SH,台华新材,20221212_陈霄,操纵市场,20190906,20191011,20190911,D10,,,1.54,,3.0,1.45,,,,,,,,,,,,,,,,,,,,,
603055.SH,台华新材,20221212_陈霄,操纵市场,20190906,20191011,20190911,D12,10.0,10.0,1.39,2.37,,,,,,,,,,,,,,,,,,,,,,,
603055.SH,台华新材,20221212_陈霄,操纵市场,20190906,20191011,20190911,D13,,,,,5.0,,,,,,,,,,,,,,,,1.64,2.03,,,,,
603055.SH,台华新材,20221212_陈霄,操纵市场,20190906,20191011,20190912,D12,10.0,9.0,1.37,2.37,,,,,,,,,,,,,,,,,,,,,,,
603055.SH,台华新材,20221212_陈霄,操纵市场,20190906,20191011,20190916,D9,,,,,,,,,,,,,,1.21,,,,0.28,16675.2,13752.0,,,,,,,
603055.SH,台华新材,20221212_陈霄,操纵市场,20190906,20191011,20190916,D12,10.0,9.0,1.37,2.37,,,,,,,,,,,,,,,,,,,,,,,
603055.SH,台华新材,20221212_陈霄,操纵市场,20190906,20191011,20190917,D12,10.0,9.0,1.45,2.37,,,,,,,,,,,,,,,,,,,,,,,
603055.SH,台华新材,20221212_陈霄,操纵市场,20190906,20191011,20190918,D12,10.0,8.0,1.42,2.37,,,,,,,,,,,,,,,,,,,,,,,
603055.SH,台华新材,20221212_陈霄,操纵市场,20190906,20191011,20190919,D12,10.0,7.0,1.35,2.37,,,,,,,,,,,,,,,,,,,,,,,
603055.SH,台华新材,20221212_陈霄,操纵市场,20190906,20191011,20190920,D12,10.0,7.0,1.41,2.99,,,,,,,,,,,,,,,,,,,,,,,
603055.SH,台华新材,20221212_陈霄,操纵市场,20190906,20191011,20190923,D12,10.0,7.0,1.68,3.82,,,,,,,,,,,,,,,,,,,,,,,
603055.SH,台华新材,20221212_陈霄,操纵市场,20190906,20191011,20190924,D10,,,3.04,,3.0,2.95,,,,,,,,,,,,,,,,,,,,,
603055.SH,台华新材,20221212_陈霄,操纵市场,20190906,20191011,20190924,D12,10.0,7.0,1.73,3.82,,,,,,,,,,,,,,,,,,,,,,,
603055.SH,台华新材,20221212_陈霄,操纵市场,20190906,20191011,20190925,D10,,,3.13,,3.0,2.95,,,,,,,,,,,,,,,,,,,,,
603055.SH,台华新材,20221212_陈霄,操纵市场,20190906,20191011,20190925,D11,,,,,,,1.48,5.87,0.511,0.638,10.0,,,,,,,,,,,,,,,,
603055.SH,台华新材,20221212_陈霄,操纵市场,20190906,20191011,20190925,D12,10.0,7.0,1.93,3.82,,,,,,,,,,,,,,,,,,,,,,,
603055.SH,台华新材,20221212_陈霄,操纵市场,20190906,20191011,20190925,D14,,,,,,,,,,,,11968.0,25344.0,2.12,20.0,20.0,17.0,,,,,,,,,,
603055.SH,台华新材,20221212_陈霄,操纵市场,20190906,20191011,20190926,D10,,,2.51,,3.0,1.23,,,,,,,,,,,,,,,,,,,,,
603055.SH,台华新材,20221212_陈霄,操纵市场,20190906,20191011,20190926,D11,,,,,,,0.81,3.8,0.514,0.644,10.0,,,,,,,,,,,,,,,,
603055.SH,台华新材,20221212_陈霄,操纵市场,20190906,20191011,20190926,D12,10.0,7.0,1.97,3.82,,,,,,,,,,,,,,,,,,,,,,,
603055.SH,台华新材,20221212_陈霄,操纵市场,20190906,20191011,20190926,D14,,,,,,,,,,,,11437.0,27333.0,2.39,20.0,20.0,17.0,,,,,,,,,,
603055.SH,台华新材,20221212_陈霄,操纵市场,20190906,20191011,20190927,D10,,,2.14,,3.0,1.23,,,,,,,,,,,,,,,,,,,,,
603055.SH,台华新材,20221212_陈霄,操纵市场,20190906,20191011,20190927,D12,10.0,8.0,2.0,3.82,,,,,,,,,,,,,,,,,,,,,,,
603055.SH,台华新材,20221212_陈霄,操纵市场,20190906,20191011,20190927,D13,,,,,5.0,,,,,,,,,,,,,,,,3.65,4.92,,,,,
603055.SH,台华新材,20221212_陈霄,操纵市场,20190906,20191011,20190927,D14,,,,,,,,,,,,11335.0,28448.0,2.51,20.0,20.0,17.0,,,,,,,,,,
603055.SH,台华新材,20221212_陈霄,操纵市场,20190906,20191011,20190930,D12,10.0,7.0,1.95,3.82,,,,,,,,,,,,,,,,,,,,,,,
603055.SH,台华新材,20221212_陈霄,操纵市场,20190906,20191011,20190930,D14,,,,,,,,,,,,10977.0,28815.0,2.62,20.0,20.0,16.0,,,,,,,,,,
603055.SH,台华新材,20221212_陈霄,操纵市场,20190906,20191011,20191008,D12,10.0,7.0,2.0,3.82,,,,,,,,,,,,,,,,,,,,,,,
603055.SH,台华新材,20221212_陈霄,操纵市场,20190906,20191011,20191008,D14,,,,,,,,,,,,10902.0,31954.0,2.93,20.0,20.0,16.0,,,,,,,,,,
603055.SH,台华新材,20221212_陈霄,操纵市场,20190906,20191011,20191009,D12,10.0,8.0,2.1,3.82,,,,,,,,,,,,,,,,,,,,,,,
603055.SH,台华新材,20221212_陈霄,操纵市场,20190906,20191011,20191009,D14,,,,,,,,,,,,10276.0,34346.0,3.34,20.0,20.0,16.0,,,,,,,,,,
603055.SH,台华新材,20221212_陈霄,操纵市场,20190906,20191011,20191010,D12,10.0,9.0,2.27,3.82,,,,,,,,,,,,,,,,,,,,,,,
603055.SH,台华新材,20221212_陈霄,操纵市场,20190906,20191011,20191010,D14,,,,,,,,,,,,10512.0,38250.0,3.64,20.0,20.0,16.0,,,,,,,,,,
603055.SH,台华新材,20221212_陈霄,操纵市场,20190906,20191011,20191011,D12,10.0,9.0,2.39,4.21,,,,,,,,,,,,,,,,,,,,,,,
603055.SH,台华新材,20221212_陈霄,操纵市场,20190906,20191011,20191011,D14,,,,,,,,,,,,11442.0,46727.0,4.08,20.0,20.0,16.0,,,,,,,,,,
600306.SH,商业城,20221212_陈霄,操纵市场,20200219,20200320,20200226,D10,,,1.3,,3.0,3.0,,,,,,,,,,,,,,,,,,,,,
600306.SH,商业城,20221212_陈霄,操纵市场,20200219,20200320,20200303,D9,,,,,,,,,,,,,,1.22,,,,0.85,23492.0,19185.0,,,,,,,
600306.SH,商业城,20221212_陈霄,操纵市场,20200219,20200320,20200305,D12,10.0,7.0,1.47,4.29,,,,,,,,,,,,,,,,,,,,,,,
600306.SH,商业城,20221212_陈霄,操纵市场,20200219,20200320,20200306,D12,10.0,8.0,1.64,4.29,,,,,,,,,,,,,,,,,,,,,,,
600306.SH,商业城,20221212_陈霄,操纵市场,20200219,20200320,20200309,D12,10.0,8.0,1.73,4.29,,,,,,,,,,,,,,,,,,,,,,,
600306.SH,商业城,20221212_陈霄,操纵市场,20200219,20200320,20200310,D11,,,,,,,1.43,4.21,0.396,0.534,10.0,,,,,,,,,,,,,,,,
600306.SH,商业城,20221212_陈霄,操纵市场,20200219,20200320,20200310,D12,10.0,8.0,1.83,4.29,,,,,,,,,,,,,,,,,,,,,,,
600306.SH,商业城,20221212_陈霄,操纵市场,20200219,20200320,20200311,D11,,,,,,,0.76,6.85,0.573,0.676,10.0,,,,,,,,,,,,,,,,
600306.SH,商业城,20221212_陈霄,操纵市场,20200219,20200320,20200311,D12,10.0,8.0,2.04,4.29,,,,,,,,,,,,,,,,,,,,,,,
600306.SH,商业城,20221212_陈霄,操纵市场,20200219,20200320,20200312,D12,10.0,9.0,2.12,4.29,,,,,,,,,,,,,,,,,,,,,,,
600306.SH,商业城,20221212_陈霄,操纵市场,20200219,20200320,20200313,D12,10.0,8.0,2.07,4.29,,,,,,,,,,,,,,,,,,,,,,,
600306.SH,商业城,20221212_陈霄,操纵市场,20200219,20200320,20200316,D12,10.0,8.0,2.04,4.29,,,,,,,,,,,,,,,,,,,,,,,
600306.SH,商业城,20221212_陈霄,操纵市场,20200219,20200320,20200317,D12,10.0,7.0,1.97,4.29,,,,,,,,,,,,,,,,,,,,,,,
600306.SH,商业城,20221212_陈霄,操纵市场,20200219,20200320,20200318,D12,10.0,6.0,1.9,4.29,,,,,,,,,,,,,,,,,,,,,,,
600306.SH,商业城,20221212_陈霄,操纵市场,20200219,20200320,20200318,D14,,,,,,,,,,,,18823.0,39818.0,2.12,20.0,20.0,13.0,,,,,,,,,,
600306.SH,商业城,20221212_陈霄,操纵市场,20200219,20200320,20200319,D12,10.0,6.0,1.62,3.41,,,,,,,,,,,,,,,,,,,,,,,
600306.SH,商业城,20221212_陈霄,操纵市场,20200219,20200320,20200319,D14,,,,,,,,,,,,18318.0,42011.0,2.29,20.0,20.0,13.0,,,,,,,,,,
600306.SH,商业城,20221212_陈霄,操纵市场,20200219,20200320,20200320,D12,10.0,6.0,1.48,3.41,,,,,,,,,,,,,,,,,,,,,,,
600306.SH,商业城,20221212_陈霄,操纵市场,20200219,20200320,20200320,D14,,,,,,,,,,,,18036.0,43818.0,2.43,20.0,20.0,14.0,,,,,,,,,,
603178.SH,圣龙股份,20221212_陈霄,操纵市场,20190414,20190514,20190418,D9,,,,,,,,,,,,,,1.24,,,,0.5,31404.23,25324.0,,,,,,,
603178.SH,圣龙股份,20221212_陈霄,操纵市场,20190414,20190514,20190506,D9,,,,,,,,,,,,,,1.93,,,,1.57,40557.22,20991.0,,,,,,,
603178.SH,圣龙股份,20221212_陈霄,操纵市场,20190414,20190514,20190509,D12,10.0,5.0,1.29,2.16,,,,,,,,,,,,,,,,,,,,,,,
603178.SH,圣龙股份,20221212_陈霄,操纵市场,20190414,20190514,20190510,D11,,,,,,,2.04,30.43,2.083,0.571,10.0,,,,,,,,,,,,,,,,
603178.SH,圣龙股份,20221212_陈霄,操纵市场,20190414,20190514,20190510,D12,10.0,6.0,1.71,4.98,,,,,,,,,,,,,,,,,,,,,,,
603178.SH,圣龙股份,20221212_陈霄,操纵市场,20190414,20190514,20190513,D12,10.0,7.0,1.82,4.98,,,,,,,,,,,,,,,,,,,,,,,
603178.SH,圣龙股份,20221212_陈霄,操纵市场,20190414,20190514,20190514,D12,10.0,8.0,1.89,4.98,,,,,,,,,,,,,,,,,,,,,,,
603136.SH,天目湖,20221212_陈霄,操纵市场,20190719,20190816,20190809,D9,,,,,,,,,,,,,,1.32,,,,1.11,6309.7,4791.0,,,,,,,
603136.SH,天目湖,20221212_陈霄,操纵市场,20190719,20190816,20190812,D11,,,,,,,1.5,4.05,0.22,0.595,10.0,,,,,,,,,,,,,,,,
603136.SH,天目湖,20221212_陈霄,操纵市场,20190719,20190816,20190813,D11,,,,,,,1.1,6.38,0.441,0.654,10.0,,,,,,,,,,,,,,,,
603136.SH,天目湖,20221212_陈霄,操纵市场,20190719,20190816,20190813,D12,10.0,5.0,1.28,3.28,,,,,,,,,,,,,,,,,,,,,,,
603136.SH,天目湖,20221212_陈霄,操纵市场,20190719,20190816,20190814,D11,,,,,,,1.02,6.63,0.589,0.752,10.0,,,,,,,,,,,,,,,,
603136.SH,天目湖,20221212_陈霄,操纵市场,20190719,20190816,20190814,D12,10.0,6.0,1.53,3.28,,,,,,,,,,,,,,,,,,,,,,,
603136.SH,天目湖,20221212_陈霄,操纵市场,20190719,20190816,20190815,D11,,,,,,,1.35,6.72,0.67,0.811,10.0,,,,,,,,,,,,,,,,
603136.SH,天目湖,20221212_陈霄,操纵市场,20190719,20190816,20190815,D12,10.0,7.0,1.76,3.28,,,,,,,,,,,,,,,,,,,,,,,
603136.SH,天目湖,20221212_陈霄,操纵市场,20190719,20190816,20190816,D11,,,,,,,1.83,17.77,1.306,0.646,10.0,,,,,,,,,,,,,,,,
603136.SH,天目湖,20221212_陈霄,操纵市场,20190719,20190816,20190816,D12,10.0,8.0,2.25,5.54,,,,,,,,,,,,,,,,,,,,,,,
603677.SH,奇精机械,20221212_陈霄,操纵市场,20190708,20190806,20190725,D12,10.0,6.0,1.21,2.38,,,,,,,,,,,,,,,,,,,,,,,
603677.SH,奇精机械,20221212_陈霄,操纵市场,20190708,20190806,20190726,D12,10.0,7.0,1.43,2.95,,,,,,,,,,,,,,,,,,,,,,,
603677.SH,奇精机械,20221212_陈霄,操纵市场,20190708,20190806,20190729,D12,10.0,7.0,1.56,2.95,,,,,,,,,,,,,,,,,,,,,,,
603677.SH,奇精机械,20221212_陈霄,操纵市场,20190708,20190806,20190730,D12,10.0,8.0,1.77,2.95,,,,,,,,,,,,,,,,,,,,,,,
603677.SH,奇精机械,20221212_陈霄,操纵市场,20190708,20190806,20190731,D12,10.0,8.0,1.86,3.27,,,,,,,,,,,,,,,,,,,,,,,
603677.SH,奇精机械,20221212_陈霄,操纵市场,20190708,20190806,20190801,D11,,,,,,,2.79,5.85,1.047,0.572,10.0,,,,,,,,,,,,,,,,
603677.SH,奇精机械,20221212_陈霄,操纵市场,20190708,20190806,20190801,D12,10.0,8.0,1.85,3.27,,,,,,,,,,,,,,,,,,,,,,,
603677.SH,奇精机械,20221212_陈霄,操纵市场,20190708,20190806,20190802,D12,10.0,7.0,1.84,3.27,,,,,,,,,,,,,,,,,,,,,,,
603677.SH,奇精机械,20221212_陈霄,操纵市场,20190708,20190806,20190805,D12,10.0,6.0,1.76,3.27,,,,,,,,,,,,,,,,,,,,,,,
603677.SH,奇精机械,20221212_陈霄,操纵市场,20190708,20190806,20190806,D12,10.0,6.0,1.77,3.27,,,,,,,,,,,,,,,,,,,,,,,
603677.SH,奇精机械,20221212_陈霄,操纵市场,20190708,20190806,20190725,D12,10.0,6.0,1.21,2.38,,,,,,,,,,,,,,,,,,,,,,,
603677.SH,奇精机械,20221212_陈霄,操纵市场,20190708,20190806,20190726,D12,10.0,7.0,1.43,2.95,,,,,,,,,,,,,,,,,,,,,,,
603677.SH,奇精机械,20221212_陈霄,操纵市场,20190708,20190806,20190729,D12,10.0,7.0,1.56,2.95,,,,,,,,,,,,,,,,,,,,,,,
603677.SH,奇精机械,20221212_陈霄,操纵市场,20190708,20190806,20190730,D12,10.0,8.0,1.77,2.95,,,,,,,,,,,,,,,,,,,,,,,
603677.SH,奇精机械,20221212_陈霄,操纵市场,20190708,20190806,20190731,D12,10.0,8.0,1.86,3.27,,,,,,,,,,,,,,,,,,,,,,,
603677.SH,奇精机械,20221212_陈霄,操纵市场,20190708,20190806,20190801,D11,,,,,,,2.79,5.85,1.047,0.572,10.0,,,,,,,,,,,,,,,,
603677.SH,奇精机械,20221212_陈霄,操纵市场,20190708,20190806,20190801,D12,10.0,8.0,1.85,3.27,,,,,,,,,,,,,,,,,,,,,,,
603677.SH,奇精机械,20221212_陈霄,操纵市场,20190708,20190806,20190802,D12,10.0,7.0,1.84,3.27,,,,,,,,,,,,,,,,,,,,,,,
603677.SH,奇精机械,20221212_陈霄,操纵市场,20190708,20190806,20190805,D12,10.0,6.0,1.76,3.27,,,,,,,,,,,,,,,,,,,,,,,
603677.SH,奇精机械,20221212_陈霄,操纵市场,20190708,20190806,20190806,D12,10.0,6.0,1.77,3.27,,,,,,,,,,,,,,,,,,,,,,,
603036.SH,如通股份,20221212_陈霄,操纵市场,20190809,20190906,20190826,D9,,,,,,,,,,,,,,1.94,,,,2.12,31482.0,16242.0,,,,,,,
603036.SH,如通股份,20221212_陈霄,操纵市场,20190809,20190906,20190903,D12,10.0,5.0,1.34,2.55,,,,,,,,,,,,,,,,,,,,,,,
603036.SH,如通股份,20221212_陈霄,操纵市场,20190809,20190906,20190904,D12,10.0,6.0,1.78,4.92,,,,,,,,,,,,,,,,,,,,,,,
603036.SH,如通股份,20221212_陈霄,操纵市场,20190809,20190906,20190905,D12,10.0,7.0,1.99,4.92,,,,,,,,,,,,,,,,,,,,,,,
603036.SH,如通股份,20221212_陈霄,操纵市场,20190809,20190906,20190906,D12,10.0,8.0,2.01,4.92,,,,,,,,,,,,,,,,,,,,,,,
603090.SH,宏盛股份,20221212_陈霄,操纵市场,20190717,20190819,20190802,D9,,,,,,,,,,,,,,1.26,,,,-1.11,8250.0,6549.0,,,,,,,
603090.SH,宏盛股份,20221212_陈霄,操纵市场,20190717,20190819,20190806,D10,,,2.46,,3.0,1.59,,,,,,,,,,,,,,,,,,,,,
603090.SH,宏盛股份,20221212_陈霄,操纵市场,20190717,20190819,20190806,D12,10.0,6.0,1.39,4.08,,,,,,,,,,,,,,,,,,,,,,,
603090.SH,宏盛股份,20221212_陈霄,操纵市场,20190717,20190819,20190807,D10,,,2.74,,3.0,2.75,,,,,,,,,,,,,,,,,,,,,
603090.SH,宏盛股份,20221212_陈霄,操纵市场,20190717,20190819,20190807,D12,10.0,6.0,1.49,4.08,,,,,,,,,,,,,,,,,,,,,,,
603090.SH,宏盛股份,20221212_陈霄,操纵市场,20190717,20190819,20190808,D11,,,,,,,1.16,10.99,0.922,0.67,10.0,,,,,,,,,,,,,,,,
603090.SH,宏盛股份,20221212_陈霄,操纵市场,20190717,20190819,20190808,D12,10.0,6.0,1.78,4.15,,,,,,,,,,,,,,,,,,,,,,,
603090.SH,宏盛股份,20221212_陈霄,操纵市场,20190717,20190819,20190809,D11,,,,,,,1.0,17.31,1.506,0.719,10.0,,,,,,,,,,,,,,,,
603090.SH,宏盛股份,20221212_陈霄,操纵市场,20190717,20190819,20190809,D12,10.0,7.0,2.22,5.03,,,,,,,,,,,,,,,,,,,,,,,
603090.SH,宏盛股份,20221212_陈霄,操纵市场,20190717,20190819,20190812,D11,,,,,,,1.77,7.83,1.367,0.63,10.0,,,,,,,,,,,,,,,,
603090.SH,宏盛股份,20221212_陈霄,操纵市场,20190717,20190819,20190812,D12,10.0,8.0,2.37,5.03,,,,,,,,,,,,,,,,,,,,,,,
603090.SH,宏盛股份,20221212_陈霄,操纵市场,20190717,20190819,20190813,D12,10.0,7.0,2.35,5.03,,,,,,,,,,,,,,,,,,,,,,,
603090.SH,宏盛股份,20221212_陈霄,操纵市场,20190717,20190819,20190813,D14,,,,,,,,,,,,7679.0,15602.0,2.03,20.0,20.0,11.0,,,,,,,,,,
603090.SH,宏盛股份,20221212_陈霄,操纵市场,20190717,20190819,20190814,D12,10.0,8.0,2.56,5.03,,,,,,,,,,,,,,,,,,,,,,,
603090.SH,宏盛股份,20221212_陈霄,操纵市场,20190717,20190819,20190814,D14,,,,,,,,,,,,7552.0,18104.0,2.4,20.0,20.0,12.0,,,,,,,,,,
603090.SH,宏盛股份,20221212_陈霄,操纵市场,20190717,20190819,20190815,D12,10.0,9.0,2.66,5.03,,,,,,,,,,,,,,,,,,,,,,,
603090.SH,宏盛股份,20221212_陈霄,操纵市场,20190717,20190819,20190815,D14,,,,,,,,,,,,7432.0,19635.0,2.64,20.0,20.0,13.0,,,,,,,,,,
603090.SH,宏盛股份,20221212_陈霄,操纵市场,20190717,20190819,20190816,D12,10.0,9.0,2.66,5.03,,,,,,,,,,,,,,,,,,,,,,,
603090.SH,宏盛股份,20221212_陈霄,操纵市场,20190717,20190819,20190816,D14,,,,,,,,,,,,7164.0,20613.0,2.88,20.0,20.0,14.0,,,,,,,,,,
603090.SH,宏盛股份,20221212_陈霄,操纵市场,20190717,20190819,20190819,D12,10.0,9.0,2.61,5.03,,,,,,,,,,,,,,,,,,,,,,,
603090.SH,宏盛股份,20221212_陈霄,操纵市场,20190717,20190819,20190819,D14,,,,,,,,,,,,7248.0,21937.0,3.03,20.0,20.0,14.0,,,,,,,,,,
603058.SH,永吉股份,20221212_陈霄,操纵市场,20200330,20200429,20200416,D12,10.0,6.0,1.38,4.29,,,,,,,,,,,,,,,,,,,,,,,
603058.SH,永吉股份,20221212_陈霄,操纵市场,20200330,20200429,20200417,D11,,,,,,,0.4,5.65,0.416,0.539,10.0,,,,,,,,,,,,,,,,
603058.SH,永吉股份,20221212_陈霄,操纵市场,20200330,20200429,20200417,D12,10.0,7.0,1.83,5.03,,,,,,,,,,,,,,,,,,,,,,,
603058.SH,永吉股份,20221212_陈霄,操纵市场,20200330,20200429,20200420,D12,10.0,8.0,1.99,5.03,,,,,,,,,,,,,,,,,,,,,,,
603058.SH,永吉股份,20221212_陈霄,操纵市场,20200330,20200429,20200421,D10,,,2.79,,3.0,2.51,,,,,,,,,,,,,,,,,,,,,
603058.SH,永吉股份,20221212_陈霄,操纵市场,20200330,20200429,20200421,D12,10.0,8.0,2.0,5.03,,,,,,,,,,,,,,,,,,,,,,,
603058.SH,永吉股份,20221212_陈霄,操纵市场,20200330,20200429,20200422,D10,,,1.5,,3.0,2.3,,,,,,,,,,,,,,,,,,,,,
603058.SH,永吉股份,20221212_陈霄,操纵市场,20200330,20200429,20200422,D12,10.0,8.0,1.97,5.03,,,,,,,,,,,,,,,,,,,,,,,
603058.SH,永吉股份,20221212_陈霄,操纵市场,20200330,20200429,20200423,D12,10.0,8.0,1.97,5.03,,,,,,,,,,,,,,,,,,,,,,,
603058.SH,永吉股份,20221212_陈霄,操纵市场,20200330,20200429,20200424,D12,10.0,8.0,1.94,5.03,,,,,,,,,,,,,,,,,,,,,,,
603058.SH,永吉股份,20221212_陈霄,操纵市场,20200330,20200429,20200427,D12,10.0,9.0,1.97,5.03,,,,,,,,,,,,,,,,,,,,,,,
603058.SH,永吉股份,20221212_陈霄,操纵市场,20200330,20200429,20200428,D12,10.0,9.0,1.96,5.03,,,,,,,,,,,,,,,,,,,,,,,
603058.SH,永吉股份,20221212_陈霄,操纵市场,20200330,20200429,20200429,D12,10.0,8.0,1.86,5.03,,,,,,,,,,,,,,,,,,,,,,,
600561.SH,江西长运,20221212_陈霄,操纵市场,20191110,20191210,20191128,D10,,,1.28,,3.0,1.22,,,,,,,,,,,,,,,,,,,,,
600561.SH,江西长运,20221212_陈霄,操纵市场,20191110,20191210,20191129,D10,,,1.63,,3.0,2.93,,,,,,,,,,,,,,,,,,,,,
600561.SH,江西长运,20221212_陈霄,操纵市场,20191110,20191210,20191202,D10,,,2.01,,3.0,2.93,,,,,,,,,,,,,,,,,,,,,
600561.SH,江西长运,20221212_陈霄,操纵市场,20191110,20191210,20191202,D12,10.0,6.0,1.23,2.25,,,,,,,,,,,,,,,,,,,,,,,
600561.SH,江西长运,20221212_陈霄,操纵市场,20191110,20191210,20191203,D12,10.0,7.0,1.41,2.72,,,,,,,,,,,,,,,,,,,,,,,
600561.SH,江西长运,20221212_陈霄,操纵市场,20191110,20191210,20191204,D11,,,,,,,0.33,4.98,0.335,0.538,10.0,,,,,,,,,,,,,,,,
600561.SH,江西长运,20221212_陈霄,操纵市场,20191110,20191210,20191204,D12,10.0,8.0,1.98,6.12,,,,,,,,,,,,,,,,,,,,,,,
600561.SH,江西长运,20221212_陈霄,操纵市场,20191110,20191210,20191205,D11,,,,,,,0.55,2.25,0.332,0.531,10.0,,,,,,,,,,,,,,,,
600561.SH,江西长运,20221212_陈霄,操纵市场,20191110,20191210,20191205,D12,10.0,9.0,2.16,6.12,,,,,,,,,,,,,,,,,,,,,,,
600561.SH,江西长运,20221212_陈霄,操纵市场,20191110,20191210,20191206,D12,10.0,8.0,2.14,6.12,,,,,,,,,,,,,,,,,,,,,,,
600561.SH,江西长运,20221212_陈霄,操纵市场,20191110,20191210,20191209,D12,10.0,8.0,2.11,6.12,,,,,,,,,,,,,,,,,,,,,,,
600561.SH,江西长运,20221212_陈霄,操纵市场,20191110,20191210,20191210,D12,10.0,8.0,2.09,6.12,,,,,,,,,,,,,,,,,,,,,,,
603239.SH,浙江仙通,20221212_陈霄,操纵市场,20190526,20190625,20190528,D9,,,,,,,,,,,,,,1.23,,,,0.43,29851.13,24361.0,,,,,,,
603239.SH,浙江仙通,20221212_陈霄,操纵市场,20190526,20190625,20190605,D12,10.0,5.0,1.26,3.03,,,,,,,,,,,,,,,,,,,,,,,
603239.SH,浙江仙通,20221212_陈霄,操纵市场,20190526,20190625,20190606,D12,10.0,6.0,1.35,3.03,,,,,,,,,,,,,,,,,,,,,,,
603239.SH,浙江仙通,20221212_陈霄,操纵市场,20190526,20190625,20190610,D12,10.0,7.0,1.41,3.03,,,,,,,,,,,,,,,,,,,,,,,
603239.SH,浙江仙通,20221212_陈霄,操纵市场,20190526,20190625,20190611,D12,10.0,8.0,1.52,3.03,,,,,,,,,,,,,,,,,,,,,,,
603239.SH,浙江仙通,20221212_陈霄,操纵市场,20190526,20190625,20190612,D12,10.0,8.0,1.64,3.03,,,,,,,,,,,,,,,,,,,,,,,
603239.SH,浙江仙通,20221212_陈霄,操纵市场,20190526,20190625,20190613,D11,,,,,,,1.91,17.6,1.206,0.598,10.0,,,,,,,,,,,,,,,,
603239.SH,浙江仙通,20221212_陈霄,操纵市场,20190526,20190625,20190613,D12,10.0,8.0,1.89,3.77,,,,,,,,,,,,,,,,,,,,,,,
603239.SH,浙江仙通,20221212_陈霄,操纵市场,20190526,20190625,20190614,D12,10.0,9.0,1.99,3.77,,,,,,,,,,,,,,,,,,,,,,,
603239.SH,浙江仙通,20221212_陈霄,操纵市场,20190526,20190625,20190617,D12,10.0,9.0,2.0,3.77,,,,,,,,,,,,,,,,,,,,,,,
603239.SH,浙江仙通,20221212_陈霄,操纵市场,20190526,20190625,20190618,D12,10.0,8.0,1.85,3.77,,,,,,,,,,,,,,,,,,,,,,,
603239.SH,浙江仙通,20221212_陈霄,操纵市场,20190526,20190625,20190619,D12,10.0,7.0,1.78,3.77,,,,,,,,,,,,,,,,,,,,,,,
603239.SH,浙江仙通,20221212_陈霄,操纵市场,20190526,20190625,20190620,D12,10.0,6.0,1.55,3.77,,,,,,,,,,,,,,,,,,,,,,,
603239.SH,浙江仙通,20221212_陈霄,操纵市场,20190526,20190625,20190621,D12,10.0,5.0,1.47,3.77,,,,,,,,,,,,,,,,,,,,,,,
603908.SH,牧高笛,20221212_陈霄,操纵市场,20190331,20190430,20190401,D12,10.0,6.0,1.2,1.93,,,,,,,,,,,,,,,,,,,,,,,
603908.SH,牧高笛,20221212_陈霄,操纵市场,20190331,20190430,20190401,D14,,,,,,,,,,,,4834.0,13131.0,2.72,20.0,20.0,14.0,,,,,,,,,,
603908.SH,牧高笛,20221212_陈霄,操纵市场,20190331,20190430,20190402,D12,10.0,7.0,1.23,1.93,,,,,,,,,,,,,,,,,,,,,,,
603908.SH,牧高笛,20221212_陈霄,操纵市场,20190331,20190430,20190402,D13,,,,,5.0,,,,,,,,,,,,,,,,3.49,4.86,,,,,
603908.SH,牧高笛,20221212_陈霄,操纵市场,20190331,20190430,20190402,D14,,,,,,,,,,,,5160.0,13484.0,2.61,20.0,20.0,14.0,,,,,,,,,,
603908.SH,牧高笛,20221212_陈霄,操纵市场,20190331,20190430,20190403,D10,,,1.44,,3.0,1.18,,,,,,,,,,,,,,,,,,,,,
603908.SH,牧高笛,20221212_陈霄,操纵市场,20190331,20190430,20190403,D12,10.0,8.0,1.27,1.93,,,,,,,,,,,,,,,,,,,,,,,
603908.SH,牧高笛,20221212_陈霄,操纵市场,20190331,20190430,20190403,D14,,,,,,,,,,,,5644.0,13770.0,2.44,20.0,20.0,14.0,,,,,,,,,,
603908.SH,牧高笛,20221212_陈霄,操纵市场,20190331,20190430,20190404,D12,10.0,9.0,1.38,1.96,,,,,,,,,,,,,,,,,,,,,,,
603908.SH,牧高笛,20221212_陈霄,操纵市场,20190331,20190430,20190404,D14,,,,,,,,,,,,6248.0,14448.0,2.31,20.0,20.0,14.0,,,,,,,,,,
603908.SH,牧高笛,20221212_陈霄,操纵市场,20190331,20190430,20190408,D12,10.0,10.0,1.53,2.22,,,,,,,,,,,,,,,,,,,,,,,
603908.SH,牧高笛,20221212_陈霄,操纵市场,20190331,20190430,20190409,D12,10.0,10.0,1.56,2.22,,,,,,,,,,,,,,,,,,,,,,,
603908.SH,牧高笛,20221212_陈霄,操纵市场,20190331,20190430,20190410,D12,10.0,10.0,1.56,2.22,,,,,,,,,,,,,,,,,,,,,,,
603908.SH,牧高笛,20221212_陈霄,操纵市场,20190331,20190430,20190411,D12,10.0,9.0,1.43,2.22,,,,,,,,,,,,,,,,,,,,,,,
603908.SH,牧高笛,20221212_陈霄,操纵市场,20190331,20190430,20190412,D12,10.0,8.0,1.36,2.22,,,,,,,,,,,,,,,,,,,,,,,
603908.SH,牧高笛,20221212_陈霄,操纵市场,20190331,20190430,20190415,D12,10.0,7.0,1.28,2.22,,,,,,,,,,,,,,,,,,,,,,,
603908.SH,牧高笛,20221212_陈霄,操纵市场,20190331,20190430,20190426,D12,10.0,5.0,1.22,4.02,,,,,,,,,,,,,,,,,,,,,,,
603908.SH,牧高笛,20221212_陈霄,操纵市场,20190331,20190430,20190429,D12,10.0,5.0,1.26,4.02,,,,,,,,,,,,,,,,,,,,,,,
603908.SH,牧高笛,20221212_陈霄,操纵市场,20190331,20190430,20190430,D12,10.0,5.0,1.27,4.02,,,,,,,,,,,,,,,,,,,,,,,
603809.SH,豪能股份,20221212_陈霄,操纵市场,20190828,20190927,20190828,D12,10.0,6.0,1.63,5.42,,,,,,,,,,,,,,,,,,,,,,,
603809.SH,豪能股份,20221212_陈霄,操纵市场,20190828,20190927,20190829,D12,10.0,6.0,1.65,5.42,,,,,,,,,,,,,,,,,,,,,,,
603809.SH,豪能股份,20221212_陈霄,操纵市场,20190828,20190927,20190830,D12,10.0,6.0,1.69,5.42,,,,,,,,,,,,,,,,,,,,,,,
603809.SH,豪能股份,20221212_陈霄,操纵市场,20190828,20190927,20190902,D12,10.0,5.0,1.66,5.42,,,,,,,,,,,,,,,,,,,,,,,
603809.SH,豪能股份,20221212_陈霄,操纵市场,20190828,20190927,20190903,D12,10.0,5.0,1.64,5.42,,,,,,,,,,,,,,,,,,,,,,,
603809.SH,豪能股份,20221212_陈霄,操纵市场,20190828,20190927,20190905,D9,,,,,,,,,,,,,,1.32,,,,0.84,21334.42,16112.0,,,,,,,
603809.SH,豪能股份,20221212_陈霄,操纵市场,20190828,20190927,20190909,D9,,,,,,,,,,,,,,1.34,,,,1.86,22533.55,16867.0,,,,,,,
603809.SH,豪能股份,20221212_陈霄,操纵市场,20190828,20190927,20190916,D11,,,,,,,1.0,4.01,0.304,0.655,10.0,,,,,,,,,,,,,,,,
603809.SH,豪能股份,20221212_陈霄,操纵市场,20190828,20190927,20190916,D14,,,,,,,,,,,,10603.0,21405.0,2.02,20.0,20.0,11.0,,,,,,,,,,
603809.SH,豪能股份,20221212_陈霄,操纵市场,20190828,20190927,20190917,D11,,,,,,,0.8,4.74,0.408,0.761,10.0,,,,,,,,,,,,,,,,
603809.SH,豪能股份,20221212_陈霄,操纵市场,20190828,20190927,20190917,D12,10.0,6.0,1.33,2.31,,,,,,,,,,,,,,,,,,,,,,,
603809.SH,豪能股份,20221212_陈霄,操纵市场,20190828,20190927,20190917,D14,,,,,,,,,,,,10494.0,23596.0,2.25,20.0,20.0,11.0,,,,,,,,,,
603809.SH,豪能股份,20221212_陈霄,操纵市场,20190828,20190927,20190918,D11,,,,,,,0.91,9.01,0.686,0.697,10.0,,,,,,,,,,,,,,,,
603809.SH,豪能股份,20221212_陈霄,操纵市场,20190828,20190927,20190918,D12,10.0,7.0,1.63,3.65,,,,,,,,,,,,,,,,,,,,,,,
603809.SH,豪能股份,20221212_陈霄,操纵市场,20190828,20190927,20190918,D14,,,,,,,,,,,,10323.0,28363.0,2.75,20.0,20.0,12.0,,,,,,,,,,
603809.SH,豪能股份,20221212_陈霄,操纵市场,20190828,20190927,20190919,D11,,,,,,,1.85,16.7,1.292,0.645,10.0,,,,,,,,,,,,,,,,
603809.SH,豪能股份,20221212_陈霄,操纵市场,20190828,20190927,20190919,D12,10.0,8.0,2.08,5.19,,,,,,,,,,,,,,,,,,,,,,,
603809.SH,豪能股份,20221212_陈霄,操纵市场,20190828,20190927,20190919,D14,,,,,,,,,,,,10176.0,37066.0,3.64,20.0,20.0,12.0,,,,,,,,,,
603809.SH,豪能股份,20221212_陈霄,操纵市场,20190828,20190927,20190920,D11,,,,,,,0.91,8.08,1.3,0.65,10.0,,,,,,,,,,,,,,,,
603809.SH,豪能股份,20221212_陈霄,操纵市场,20190828,20190927,20190920,D12,10.0,8.0,2.19,5.19,,,,,,,,,,,,,,,,,,,,,,,
603809.SH,豪能股份,20221212_陈霄,操纵市场,20190828,20190927,20190920,D14,,,,,,,,,,,,12429.0,38348.0,3.09,20.0,20.0,12.0,,,,,,,,,,
603809.SH,豪能股份,20221212_陈霄,操纵市场,20190828,20190927,20190923,D12,10.0,9.0,2.26,5.19,,,,,,,,,,,,,,,,,,,,,,,
603809.SH,豪能股份,20221212_陈霄,操纵市场,20190828,20190927,20190923,D14,,,,,,,,,,,,13653.0,39063.0,2.86,20.0,20.0,12.0,,,,,,,,,,
603809.SH,豪能股份,20221212_陈霄,操纵市场,20190828,20190927,20190924,D12,10.0,8.0,2.22,5.19,,,,,,,,,,,,,,,,,,,,,,,
603809.SH,豪能股份,20221212_陈霄,操纵市场,20190828,20190927,20190924,D14,,,,,,,,,,,,14299.0,39923.0,2.79,20.0,20.0,11.0,,,,,,,,,,
603809.SH,豪能股份,20221212_陈霄,操纵市场,20190828,20190927,20190925,D12,10.0,7.0,2.17,5.19,,,,,,,,,,,,,,,,,,,,,,,
603809.SH,豪能股份,20221212_陈霄,操纵市场,20190828,20190927,20190925,D14,,,,,,,,,,,,14741.0,40471.0,2.75,20.0,20.0,10.0,,,,,,,,,,
603809.SH,豪能股份,20221212_陈霄,操纵市场,20190828,20190927,20190926,D12,10.0,7.0,2.15,5.19,,,,,,,,,,,,,,,,,,,,,,,
603809.SH,豪能股份,20221212_陈霄,操纵市场,20190828,20190927,20190926,D14,,,,,,,,,,,,15076.0,41160.0,2.73,20.0,20.0,10.0,,,,,,,,,,
603809.SH,豪能股份,20221212_陈霄,操纵市场,20190828,20190927,20190927,D12,10.0,6.0,1.97,5.19,,,,,,,,,,,,,,,,,,,,,,,
603809.SH,豪能股份,20221212_陈霄,操纵市场,20190828,20190927,20190927,D14,,,,,,,,,,,,15386.0,41307.0,2.68,20.0,20.0,10.0,,,,,,,,,,
600243.SH,青海华鼎,20221212_陈霄,操纵市场,20190228,20190330,20190228,D12,10.0,7.0,1.47,2.23,,,,,,,,,,,,,,,,,,,,,,,
600243.SH,青海华鼎,20221212_陈霄,操纵市场,20190228,20190330,20190301,D9,,,,,,,,,,,,,,1.78,,,,1.27,54301.41,30434.0,,,,,,,
600243.SH,青海华鼎,20221212_陈霄,操纵市场,20190228,20190330,20190301,D12,10.0,8.0,1.57,2.23,,,,,,,,,,,,,,,,,,,,,,,
600243.SH,青海华鼎,20221212_陈霄,操纵市场,20190228,20190330,20190304,D12,10.0,9.0,1.61,2.23,,,,,,,,,,,,,,,,,,,,,,,
600243.SH,青海华鼎,20221212_陈霄,操纵市场,20190228,20190330,20190305,D10,,,1.49,,3.0,2.5,,,,,,,,,,,,,,,,,,,,,
600243.SH,青海华鼎,20221212_陈霄,操纵市场,20190228,20190330,20190305,D12,10.0,9.0,1.63,2.23,,,,,,,,,,,,,,,,,,,,,,,
600243.SH,青海华鼎,20221212_陈霄,操纵市场,20190228,20190330,20190306,D10,,,1.33,,3.0,2.5,,,,,,,,,,,,,,,,,,,,,
600243.SH,青海华鼎,20221212_陈霄,操纵市场,20190228,20190330,20190306,D12,10.0,9.0,1.64,2.23,,,,,,,,,,,,,,,,,,,,,,,
600243.SH,青海华鼎,20221212_陈霄,操纵市场,20190228,20190330,20190307,D12,10.0,9.0,1.6,2.23,,,,,,,,,,,,,,,,,,,,,,,
600243.SH,青海华鼎,20221212_陈霄,操纵市场,20190228,20190330,20190308,D12,10.0,9.0,1.55,2.23,,,,,,,,,,,,,,,,,,,,,,,
600243.SH,青海华鼎,20221212_陈霄,操纵市场,20190228,20190330,20190311,D12,10.0,9.0,1.51,1.83,,,,,,,,,,,,,,,,,,,,,,,
600243.SH,青海华鼎,20221212_陈霄,操纵市场,20190228,20190330,20190312,D12,10.0,9.0,1.58,2.25,,,,,,,,,,,,,,,,,,,,,,,
600243.SH,青海华鼎,20221212_陈霄,操纵市场,20190228,20190330,20190313,D12,10.0,9.0,1.52,2.25,,,,,,,,,,,,,,,,,,,,,,,
600243.SH,青海华鼎,20221212_陈霄,操纵市场,20190228,20190330,20190314,D12,10.0,9.0,1.5,2.25,,,,,,,,,,,,,,,,,,,,,,,
600243.SH,青海华鼎,20221212_陈霄,操纵市场,20190228,20190330,20190315,D12,10.0,8.0,1.37,2.25,,,,,,,,,,,,,,,,,,,,,,,
600243.SH,青海华鼎,20221212_陈霄,操纵市场,20190228,20190330,20190318,D12,10.0,7.0,1.3,2.25,,,,,,,,,,,,,,,,,,,,,,,
600243.SH,青海华鼎,20221212_陈霄,操纵市场,20190228,20190330,20190319,D12,10.0,7.0,1.27,2.25,,,,,,,,,,,,,,,,,,,,,,,
600243.SH,青海华鼎,20221212_陈霄,操纵市场,20190228,20190330,20190320,D12,10.0,7.0,1.33,2.25,,,,,,,,,,,,,,,,,,,,,,,
600243.SH,青海华鼎,20221212_陈霄,操纵市场,20190228,20190330,20190320,D14,,,,,,,,,,,,22556.0,52173.0,2.31,20.0,20.0,16.0,,,,,,,,,,
600243.SH,青海华鼎,20221212_陈霄,操纵市场,20190228,20190330,20190321,D12,10.0,6.0,1.24,2.25,,,,,,,,,,,,,,,,,,,,,,,
600243.SH,青海华鼎,20221212_陈霄,操纵市场,20190228,20190330,20190321,D14,,,,,,,,,,,,23063.0,52020.0,2.26,20.0,20.0,15.0,,,,,,,,,,
600243.SH,青海华鼎,20221212_陈霄,操纵市场,20190228,20190330,20190322,D14,,,,,,,,,,,,24486.0,51703.0,2.11,20.0,20.0,14.0,,,,,,,,,,
600243.SH,青海华鼎,20221212_陈霄,操纵市场,20190228,20190330,20190329,D9,,,,,,,,,,,,,,1.3,,,,2.59,64835.13,49984.0,,,,,,,
603303.SH,得邦照明,20221212_唐隆、朱卫,操纵市场,20180507,20180604,20180509,D9,,,,,,,,,,,,,,1.43,,,,2.03,30598.93,21453.0,,,,,,,
603303.SH,得邦照明,20221212_唐隆、朱卫,操纵市场,20180507,20180604,20180511,D10,,,1.4,,3.0,2.79,,,,,,,,,,,,,,,,,,,,,
603303.SH,得邦照明,20221212_唐隆、朱卫,操纵市场,20180507,20180604,20180514,D10,,,1.35,,3.0,2.79,,,,,,,,,,,,,,,,,,,,,
603303.SH,得邦照明,20221212_唐隆、朱卫,操纵市场,20180507,20180604,20180515,D10,,,1.32,,3.0,2.79,,,,,,,,,,,,,,,,,,,,,
603303.SH,得邦照明,20221212_唐隆、朱卫,操纵市场,20180507,20180604,20180517,D9,,,,,,,,,,,,,,1.4,,,,1.65,26004.45,18620.0,,,,,,,
603303.SH,得邦照明,20221212_唐隆、朱卫,操纵市场,20180507,20180604,20180521,D9,,,,,,,,,,,,,,1.91,,,,2.06,37018.09,19423.0,,,,,,,
603303.SH,得邦照明,20221212_唐隆、朱卫,操纵市场,20180507,20180604,20180521,D12,10.0,7.0,1.3,1.91,,,,,,,,,,,,,,,,,,,,,,,
603303.SH,得邦照明,20221212_唐隆、朱卫,操纵市场,20180507,20180604,20180522,D12,10.0,8.0,1.41,1.91,,,,,,,,,,,,,,,,,,,,,,,
603303.SH,得邦照明,20221212_唐隆、朱卫,操纵市场,20180507,20180604,20180523,D10,,,1.61,,3.0,2.4,,,,,,,,,,,,,,,,,,,,,
603303.SH,得邦照明,20221212_唐隆、朱卫,操纵市场,20180507,20180604,20180523,D12,10.0,8.0,1.38,1.91,,,,,,,,,,,,,,,,,,,,,,,
603303.SH,得邦照明,20221212_唐隆、朱卫,操纵市场,20180507,20180604,20180524,D12,10.0,7.0,1.29,1.91,,,,,,,,,,,,,,,,,,,,,,,
603303.SH,得邦照明,20221212_唐隆、朱卫,操纵市场,20180507,20180604,20180525,D12,10.0,6.0,1.24,1.91,,,,,,,,,,,,,,,,,,,,,,,
603303.SH,得邦照明,20221212_唐隆、朱卫,操纵市场,20180507,20180604,20180528,D12,10.0,5.0,1.22,1.91,,,,,,,,,,,,,,,,,,,,,,,
603577.SH,汇金通,20221228_李卫卫,操纵市场,20170220,20170326,20170310,D12,10.0,5.0,1.5,3.12,,,,,,,,,,,,,,,,,,,,,,,
603577.SH,汇金通,20221228_李卫卫,操纵市场,20170220,20170326,20170313,D12,10.0,6.0,1.62,3.12,,,,,,,,,,,,,,,,,,,,,,,
603577.SH,汇金通,20221228_李卫卫,操纵市场,20170220,20170326,20170314,D12,10.0,7.0,1.72,3.12,,,,,,,,,,,,,,,,,,,,,,,
603577.SH,汇金通,20221228_李卫卫,操纵市场,20170220,20170326,20170315,D12,10.0,8.0,1.76,3.12,,,,,,,,,,,,,,,,,,,,,,,
603577.SH,汇金通,20221228_李卫卫,操纵市场,20170220,20170326,20170316,D12,10.0,9.0,1.86,3.12,,,,,,,,,,,,,,,,,,,,,,,
603577.SH,汇金通,20221228_李卫卫,操纵市场,20170220,20170326,20170317,D12,10.0,10.0,1.97,3.12,,,,,,,,,,,,,,,,,,,,,,,
603577.SH,汇金通,20221228_李卫卫,操纵市场,20170220,20170326,20170320,D12,10.0,10.0,1.92,3.12,,,,,,,,,,,,,,,,,,,,,,,
603577.SH,汇金通,20221228_李卫卫,操纵市场,20170220,20170326,20170321,D12,10.0,9.0,1.7,2.47,,,,,,,,,,,,,,,,,,,,,,,
603577.SH,汇金通,20221228_李卫卫,操纵市场,20170220,20170326,20170322,D12,10.0,9.0,1.57,2.25,,,,,,,,,,,,,,,,,,,,,,,
603577.SH,汇金通,20221228_李卫卫,操纵市场,20170220,20170326,20170323,D12,10.0,8.0,1.44,1.94,,,,,,,,,,,,,,,,,,,,,,,
603577.SH,汇金通,20221228_李卫卫,操纵市场,20170220,20170326,20170324,D12,10.0,8.0,1.37,1.94,,,,,,,,,,,,,,,,,,,,,,,
002780.SZ,三夫户外,20230201_易伟,操纵市场,20181017,20181108,20181017,D14,,,,,,,,,,,,13058.0,26371.0,2.02,20.0,20.0,12.0,,,,,,,,,,
002780.SZ,三夫户外,20230201_易伟,操纵市场,20181017,20181108,20181018,D14,,,,,,,,,,,,12915.0,26837.0,2.08,20.0,20.0,12.0,,,,,,,,,,
002780.SZ,三夫户外,20230201_易伟,操纵市场,20181017,20181108,20181019,D14,,,,,,,,,,,,12955.0,27141.0,2.09,20.0,20.0,12.0,,,,,,,,,,
002780.SZ,三夫户外,20230201_易伟,操纵市场,20181017,20181108,20181022,D14,,,,,,,,,,,,12765.0,27392.0,2.15,20.0,20.0,11.0,,,,,,,,,,
002780.SZ,三夫户外,20230201_易伟,操纵市场,20181017,20181108,20181023,D14,,,,,,,,,,,,12543.0,27257.0,2.17,20.0,20.0,10.0,,,,,,,,,,
002780.SZ,三夫户外,20230201_易伟,操纵市场,20181017,20181108,20181024,D14,,,,,,,,,,,,12726.0,27247.0,2.14,20.0,20.0,9.0,,,,,,,,,,
002780.SZ,三夫户外,20230201_易伟,操纵市场,20181017,20181108,20181025,D14,,,,,,,,,,,,12909.0,27315.0,2.12,20.0,20.0,8.0,,,,,,,,,,
002780.SZ,三夫户外,20230201_易伟,操纵市场,20181017,20181108,20181101,D9,,,,,,,,,,,,,,1.42,,,,2.44,27914.61,19626.0,,,,,,,
002780.SZ,三夫户外,20230201_易伟,操纵市场,20181017,20181108,20181107,D9,,,,,,,,,,,,,,1.27,,,,1.67,23429.51,18450.0,,,,,,,
603222.SH,济民制药,20230307_费林军、陆杰,操纵市场,20170314,20170413,20170314,D9,,,,,,,,,,,,,,1.25,,,,0.71,31058.18,24900.0,,,,,,,
603222.SH,济民制药,20230307_费林军、陆杰,操纵市场,20170314,20170413,20170407,D8,,,,,,,,,,,,,,,,,,,13360.56,,,,0.37,35686.0,1.88,1.18,3.0
603222.SH,济民制药,20230307_费林军、陆杰,操纵市场,20170314,20170413,20170410,D8,,,,,,,,,,,,,,,,,,,13360.56,,,,0.37,35686.0,1.88,1.18,3.0
603222.SH,济民制药,20230307_费林军、陆杰,操纵市场,20170314,20170413,20170411,D8,,,,,,,,,,,,,,,,,,,13360.56,,,,0.37,35686.0,1.88,1.18,3.0
300509.SZ,新美星,20230411_何德平等5人,操纵市场,20180911,20181010,20180914,D9,,,,,,,,,,,,,,1.73,,,,1.07,13047.37,7530.0,,,,,,,
300509.SZ,新美星,20230411_何德平等5人,操纵市场,20180911,20181010,20180920,D10,,,1.33,,3.0,2.95,,,,,,,,,,,,,,,,,,,,,
300509.SZ,新美星,20230411_何德平等5人,操纵市场,20180911,20181010,20180920,D12,10.0,7.0,1.23,1.87,,,,,,,,,,,,,,,,,,,,,,,
300509.SZ,新美星,20230411_何德平等5人,操纵市场,20180911,20181010,20180927,D10,,,1.24,,3.0,0.67,,,,,,,,,,,,,,,,,,,,,
300509.SZ,新美星,20230411_何德平等5人,操纵市场,20180911,20181010,20180927,D12,10.0,8.0,1.27,1.87,,,,,,,,,,,,,,,,,,,,,,,
300509.SZ,新美星,20230411_何德平等5人,操纵市场,20180911,20181010,20180928,D12,10.0,9.0,1.48,2.74,,,,,,,,,,,,,,,,,,,,,,,
300509.SZ,新美星,20230411_何德平等5人,操纵市场,20180911,20181010,20181008,D12,10.0,9.0,1.57,2.74,,,,,,,,,,,,,,,,,,,,,,,
300509.SZ,新美星,20230411_何德平等5人,操纵市场,20180911,20181010,20181009,D12,10.0,9.0,1.51,2.74,,,,,,,,,,,,,,,,,,,,,,,
300509.SZ,新美星,20230411_何德平等5人,操纵市场,20180911,20181010,20181010,D11,,,,,,,2.78,6.38,0.441,0.537,10.0,,,,,,,,,,,,,,,,
300509.SZ,新美星,20230411_何德平等5人,操纵市场,20180911,20181010,20181010,D12,10.0,9.0,1.65,2.74,,,,,,,,,,,,,,,,,,,,,,,
600333.SH,长春燃气,20230427_吕美庆、周学良、黄亮,操纵市场,20170124,20170222,20170214,D9,,,,,,,,,,,,,,2.06,,,,1.13,132567.28,64393.0,,,,,,,
600333.SH,长春燃气,20230427_吕美庆、周学良、黄亮,操纵市场,20170124,20170222,20170215,D12,10.0,6.0,1.82,7.42,,,,,,,,,,,,,,,,,,,,,,,
600333.SH,长春燃气,20230427_吕美庆、周学良、黄亮,操纵市场,20170124,20170222,20170216,D11,,,,,,,0.6,18.01,1.496,0.539,10.0,,,,,,,,,,,,,,,,
600333.SH,长春燃气,20230427_吕美庆、周学良、黄亮,操纵市场,20170124,20170222,20170216,D12,10.0,7.0,2.41,7.42,,,,,,,,,,,,,,,,,,,,,,,
600333.SH,长春燃气,20230427_吕美庆、周学良、黄亮,操纵市场,20170124,20170222,20170216,D14,,,,,,,,,,,,67909.0,141984.0,2.09,20.0,20.0,9.0,,,,,,,,,,
600333.SH,长春燃气,20230427_吕美庆、周学良、黄亮,操纵市场,20170124,20170222,20170217,D11,,,,,,,0.87,12.22,1.677,0.615,10.0,,,,,,,,,,,,,,,,
600333.SH,长春燃气,20230427_吕美庆、周学良、黄亮,操纵市场,20170124,20170222,20170217,D12,10.0,8.0,2.73,7.42,,,,,,,,,,,,,,,,,,,,,,,
600333.SH,长春燃气,20230427_吕美庆、周学良、黄亮,操纵市场,20170124,20170222,20170217,D14,,,,,,,,,,,,67563.0,171999.0,2.55,20.0,20.0,10.0,,,,,,,,,,
600333.SH,长春燃气,20230427_吕美庆、周学良、黄亮,操纵市场,20170124,20170222,20170220,D11,,,,,,,1.26,14.5,1.859,0.682,10.0,,,,,,,,,,,,,,,,
600333.SH,长春燃气,20230427_吕美庆、周学良、黄亮,操纵市场,20170124,20170222,20170220,D12,10.0,9.0,3.03,7.42,,,,,,,,,,,,,,,,,,,,,,,
600333.SH,长春燃气,20230427_吕美庆、周学良、黄亮,操纵市场,20170124,20170222,20170220,D14,,,,,,,,,,,,69187.0,205640.0,2.97,20.0,20.0,10.0,,,,,,,,,,
600333.SH,长春燃气,20230427_吕美庆、周学良、黄亮,操纵市场,20170124,20170222,20170221,D11,,,,,,,2.56,13.78,1.864,0.684,10.0,,,,,,,,,,,,,,,,
600333.SH,长春燃气,20230427_吕美庆、周学良、黄亮,操纵市场,20170124,20170222,20170221,D12,10.0,9.0,3.22,7.42,,,,,,,,,,,,,,,,,,,,,,,
600333.SH,长春燃气,20230427_吕美庆、周学良、黄亮,操纵市场,20170124,20170222,20170221,D14,,,,,,,,,,,,69440.0,239343.0,3.45,20.0,20.0,11.0,,,,,,,,,,
600333.SH,长春燃气,20230427_吕美庆、周学良、黄亮,操纵市场,20170124,20170222,20170222,D11,,,,,,,1.67,14.16,1.824,0.667,10.0,,,,,,,,,,,,,,,,
600333.SH,长春燃气,20230427_吕美庆、周学良、黄亮,操纵市场,20170124,20170222,20170222,D12,10.0,9.0,3.28,7.42,,,,,,,,,,,,,,,,,,,,,,,
600333.SH,长春燃气,20230427_吕美庆、周学良、黄亮,操纵市场,20170124,20170222,20170222,D14,,,,,,,,,,,,68462.0,275106.0,4.02,20.0,20.0,12.0,,,,,,,,,,
002776.SZ,柏堡龙,20230518_陈娜娜、杨杰、郑慧,操纵市场,20180621,20180720,20180706,D9,,,,,,,,,,,,,,2.21,,,,1.62,27292.97,12355.0,,,,,,,
002776.SZ,柏堡龙,20230518_陈娜娜、杨杰、郑慧,操纵市场,20180621,20180720,20180711,D9,,,,,,,,,,,,,,1.89,,,,-1.9,23342.3,12323.0,,,,,,,
002776.SZ,柏堡龙,20230518_陈娜娜、杨杰、郑慧,操纵市场,20180621,20180720,20180713,D11,,,,,,,0.46,2.64,0.204,0.54,10.0,,,,,,,,,,,,,,,,
002776.SZ,柏堡龙,20230518_陈娜娜、杨杰、郑慧,操纵市场,20180621,20180720,20180716,D11,,,,,,,0.17,1.64,0.229,0.633,10.0,,,,,,,,,,,,,,,,
002776.SZ,柏堡龙,20230518_陈娜娜、杨杰、郑慧,操纵市场,20180621,20180720,20180716,D12,10.0,5.0,1.2,2.55,,,,,,,,,,,,,,,,,,,,,,,
002776.SZ,柏堡龙,20230518_陈娜娜、杨杰、郑慧,操纵市场,20180621,20180720,20180717,D10,,,2.1,,3.0,1.99,,,,,,,,,,,,,,,,,,,,,
002776.SZ,柏堡龙,20230518_陈娜娜、杨杰、郑慧,操纵市场,20180621,20180720,20180717,D11,,,,,,,0.15,1.85,0.233,0.644,10.0,,,,,,,,,,,,,,,,
002776.SZ,柏堡龙,20230518_陈娜娜、杨杰、郑慧,操纵市场,20180621,20180720,20180717,D12,10.0,6.0,1.36,2.55,,,,,,,,,,,,,,,,,,,,,,,
002776.SZ,柏堡龙,20230518_陈娜娜、杨杰、郑慧,操纵市场,20180621,20180720,20180718,D10,,,2.07,,3.0,1.9,,,,,,,,,,,,,,,,,,,,,
002776.SZ,柏堡龙,20230518_陈娜娜、杨杰、郑慧,操纵市场,20180621,20180720,20180718,D11,,,,,,,0.14,1.65,0.204,0.55,10.0,,,,,,,,,,,,,,,,
002776.SZ,柏堡龙,20230518_陈娜娜、杨杰、郑慧,操纵市场,20180621,20180720,20180718,D12,10.0,7.0,1.58,2.55,,,,,,,,,,,,,,,,,,,,,,,
002776.SZ,柏堡龙,20230518_陈娜娜、杨杰、郑慧,操纵市场,20180621,20180720,20180719,D10,,,1.86,,3.0,0.27,,,,,,,,,,,,,,,,,,,,,
002776.SZ,柏堡龙,20230518_陈娜娜、杨杰、郑慧,操纵市场,20180621,20180720,20180719,D12,10.0,8.0,1.67,2.55,,,,,,,,,,,,,,,,,,,,,,,
002776.SZ,柏堡龙,20230518_陈娜娜、杨杰、郑慧,操纵市场,20180621,20180720,20180720,D10,,,1.92,,3.0,2.28,,,,,,,,,,,,,,,,,,,,,
002776.SZ,柏堡龙,20230518_陈娜娜、杨杰、郑慧,操纵市场,20180621,20180720,20180720,D12,10.0,8.0,1.66,2.55,,,,,,,,,,,,,,,,,,,,,,,
600307.SH,酒钢宏兴,20230519_任良成,操纵市场,20150329,20150428,20150330,D9,,,,,,,,,,,,,,2.49,,,,0.88,865941.03,348062.0,,,,,,,
600307.SH,酒钢宏兴,20230519_任良成,操纵市场,20150329,20150428,20150330,D12,10.0,9.0,2.19,4.97,,,,,,,,,,,,,,,,,,,,,,,
600307.SH,酒钢宏兴,20230519_任良成,操纵市场,20150329,20150428,20150330,D14,,,,,,,,,,,,116446.0,348062.0,2.99,20.0,20.0,14.0,,,,,,,,,,
600307.SH,酒钢宏兴,20230519_任良成,操纵市场,20150329,20150428,20150331,D12,10.0,9.0,2.23,4.97,,,,,,,,,,,,,,,,,,,,,,,
600307.SH,酒钢宏兴,20230519_任良成,操纵市场,20150329,20150428,20150331,D14,,,,,,,,,,,,122781.0,383355.0,3.12,20.0,20.0,14.0,,,,,,,,,,
600307.SH,酒钢宏兴,20230519_任良成,操纵市场,20150329,20150428,20150401,D10,,,2.46,,3.0,0.88,,,,,,,,,,,,,,,,,,,,,
600307.SH,酒钢宏兴,20230519_任良成,操纵市场,20150329,20150428,20150401,D12,10.0,9.0,2.15,4.97,,,,,,,,,,,,,,,,,,,,,,,
600307.SH,酒钢宏兴,20230519_任良成,操纵市场,20150329,20150428,20150401,D14,,,,,,,,,,,,125295.0,423933.0,3.38,20.0,20.0,14.0,,,,,,,,,,
600307.SH,酒钢宏兴,20230519_任良成,操纵市场,20150329,20150428,20150402,D10,,,2.17,,3.0,0.87,,,,,,,,,,,,,,,,,,,,,
600307.SH,酒钢宏兴,20230519_任良成,操纵市场,20150329,20150428,20150402,D12,10.0,9.0,2.09,4.97,,,,,,,,,,,,,,,,,,,,,,,
600307.SH,酒钢宏兴,20230519_任良成,操纵市场,20150329,20150428,20150402,D14,,,,,,,,,,,,127230.0,452168.0,3.55,20.0,20.0,14.0,,,,,,,,,,
600307.SH,酒钢宏兴,20230519_任良成,操纵市场,20150329,20150428,20150403,D12,10.0,9.0,2.34,4.97,,,,,,,,,,,,,,,,,,,,,,,
600307.SH,酒钢宏兴,20230519_任良成,操纵市场,20150329,20150428,20150403,D14,,,,,,,,,,,,129139.0,544936.0,4.22,20.0,20.0,15.0,,,,,,,,,,
600307.SH,酒钢宏兴,20230519_任良成,操纵市场,20150329,20150428,20150407,D12,10.0,9.0,2.37,4.97,,,,,,,,,,,,,,,,,,,,,,,
600307.SH,酒钢宏兴,20230519_任良成,操纵市场,20150329,20150428,20150407,D14,,,,,,,,,,,,129629.0,611428.0,4.72,20.0,20.0,15.0,,,,,,,,,,
600307.SH,酒钢宏兴,20230519_任良成,操纵市场,20150329,20150428,20150408,D12,10.0,9.0,2.04,3.64,,,,,,,,,,,,,,,,,,,,,,,
600307.SH,酒钢宏兴,20230519_任良成,操纵市场,20150329,20150428,20150408,D14,,,,,,,,,,,,131629.0,660509.0,5.02,20.0,20.0,16.0,,,,,,,,,,
600307.SH,酒钢宏兴,20230519_任良成,操纵市场,20150329,20150428,20150409,D12,10.0,9.0,2.09,3.64,,,,,,,,,,,,,,,,,,,,,,,
600307.SH,酒钢宏兴,20230519_任良成,操纵市场,20150329,20150428,20150409,D14,,,,,,,,,,,,127975.0,739854.0,5.78,20.0,20.0,17.0,,,,,,,,,,
600307.SH,酒钢宏兴,20230519_任良成,操纵市场,20150329,20150428,20150410,D12,10.0,9.0,2.09,3.64,,,,,,,,,,,,,,,,,,,,,,,
600307.SH,酒钢宏兴,20230519_任良成,操纵市场,20150329,20150428,20150410,D14,,,,,,,,,,,,128998.0,779368.0,6.04,20.0,20.0,18.0,,,,,,,,,,
600307.SH,酒钢宏兴,20230519_任良成,操纵市场,20150329,20150428,20150413,D12,10.0,10.0,2.15,3.64,,,,,,,,,,,,,,,,,,,,,,,
600307.SH,酒钢宏兴,20230519_任良成,操纵市场,20150329,20150428,20150413,D14,,,,,,,,,,,,130689.0,828020.0,6.34,20.0,20.0,19.0,,,,,,,,,,
600307.SH,酒钢宏兴,20230519_任良成,操纵市场,20150329,20150428,20150414,D10,,,1.61,,3.0,1.54,,,,,,,,,,,,,,,,,,,,,
600307.SH,酒钢宏兴,20230519_任良成,操纵市场,20150329,20150428,20150414,D12,10.0,10.0,2.13,3.64,,,,,,,,,,,,,,,,,,,,,,,
600307.SH,酒钢宏兴,20230519_任良成,操纵市场,20150329,20150428,20150414,D14,,,,,,,,,,,,139559.0,924639.0,6.63,20.0,20.0,19.0,,,,,,,,,,
600307.SH,酒钢宏兴,20230519_任良成,操纵市场,20150329,20150428,20150415,D10,,,1.83,,3.0,2.81,,,,,,,,,,,,,,,,,,,,,
600307.SH,酒钢宏兴,20230519_任良成,操纵市场,20150329,20150428,20150415,D12,10.0,10.0,2.05,3.64,,,,,,,,,,,,,,,,,,,,,,,
600307.SH,酒钢宏兴,20230519_任良成,操纵市场,20150329,20150428,20150415,D14,,,,,,,,,,,,153156.0,997871.0,6.52,20.0,20.0,19.0,,,,,,,,,,
600307.SH,酒钢宏兴,20230519_任良成,操纵市场,20150329,20150428,20150416,D10,,,1.94,,3.0,2.81,,,,,,,,,,,,,,,,,,,,,
600307.SH,酒钢宏兴,20230519_任良成,操纵市场,20150329,20150428,20150416,D12,10.0,10.0,1.99,3.64,,,,,,,,,,,,,,,,,,,,,,,
600307.SH,酒钢宏兴,20230519_任良成,操纵市场,20150329,20150428,20150416,D14,,,,,,,,,,,,178063.0,1058321.0,5.94,20.0,20.0,19.0,,,,,,,,,,
600307.SH,酒钢宏兴,20230519_任良成,操纵市场,20150329,20150428,20150417,D10,,,1.81,,3.0,2.81,,,,,,,,,,,,,,,,,,,,,
600307.SH,酒钢宏兴,20230519_任良成,操纵市场,20150329,20150428,20150417,D12,10.0,10.0,2.02,3.64,,,,,,,,,,,,,,,,,,,,,,,
600307.SH,酒钢宏兴,20230519_任良成,操纵市场,20150329,20150428,20150417,D14,,,,,,,,,,,,195965.0,1148882.0,5.86,20.0,20.0,19.0,,,,,,,,,,
600307.SH,酒钢宏兴,20230519_任良成,操纵市场,20150329,20150428,20150420,D10,,,1.88,,3.0,1.91,,,,,,,,,,,,,,,,,,,,,
600307.SH,酒钢宏兴,20230519_任良成,操纵市场,20150329,20150428,20150420,D11,,,,,,,2.34,4.05,0.211,0.549,10.0,,,,,,,,,,,,,,,,
600307.SH,酒钢宏兴,20230519_任良成,操纵市场,20150329,20150428,20150420,D12,10.0,10.0,1.86,2.4,,,,,,,,,,,,,,,,,,,,,,,
600307.SH,酒钢宏兴,20230519_任良成,操纵市场,20150329,20150428,20150420,D14,,,,,,,,,,,,196856.0,1264809.0,6.43,20.0,20.0,19.0,,,,,,,,,,
600307.SH,酒钢宏兴,20230519_任良成,操纵市场,20150329,20150428,20150421,D11,,,,,,,1.75,4.85,0.307,0.729,10.0,,,,,,,,,,,,,,,,
600307.SH,酒钢宏兴,20230519_任良成,操纵市场,20150329,20150428,20150421,D12,10.0,10.0,1.84,2.35,,,,,,,,,,,,,,,,,,,,,,,
600307.SH,酒钢宏兴,20230519_任良成,操纵市场,20150329,20150428,20150421,D14,,,,,,,,,,,,213059.0,1394157.0,6.54,20.0,20.0,19.0,,,,,,,,,,
600307.SH,酒钢宏兴,20230519_任良成,操纵市场,20150329,20150428,20150422,D11,,,,,,,2.68,6.17,0.406,0.76,10.0,,,,,,,,,,,,,,,,
600307.SH,酒钢宏兴,20230519_任良成,操纵市场,20150329,20150428,20150422,D12,10.0,10.0,1.93,2.55,,,,,,,,,,,,,,,,,,,,,,,
600307.SH,酒钢宏兴,20230519_任良成,操纵市场,20150329,20150428,20150422,D14,,,,,,,,,,,,277586.0,1518438.0,5.47,20.0,20.0,19.0,,,,,,,,,,
600307.SH,酒钢宏兴,20230519_任良成,操纵市场,20150329,20150428,20150423,D11,,,,,,,1.46,9.62,0.701,0.785,10.0,,,,,,,,,,,,,,,,
600307.SH,酒钢宏兴,20230519_任良成,操纵市场,20150329,20150428,20150423,D12,10.0,10.0,2.04,3.36,,,,,,,,,,,,,,,,,,,,,,,
600307.SH,酒钢宏兴,20230519_任良成,操纵市场,20150329,20150428,20150423,D14,,,,,,,,,,,,299705.0,1792067.0,5.98,20.0,20.0,19.0,,,,,,,,,,
600307.SH,酒钢宏兴,20230519_任良成,操纵市场,20150329,20150428,20150424,D11,,,,,,,1.75,9.7,0.834,0.823,10.0,,,,,,,,,,,,,,,,
600307.SH,酒钢宏兴,20230519_任良成,操纵市场,20150329,20150428,20150424,D12,10.0,10.0,2.21,3.36,,,,,,,,,,,,,,,,,,,,,,,
600307.SH,酒钢宏兴,20230519_任良成,操纵市场,20150329,20150428,20150424,D14,,,,,,,,,,,,311256.0,2078577.0,6.68,20.0,20.0,19.0,,,,,,,,,,
600307.SH,酒钢宏兴,20230519_任良成,操纵市场,20150329,20150428,20150427,D12,10.0,10.0,2.27,3.36,,,,,,,,,,,,,,,,,,,,,,,
600307.SH,酒钢宏兴,20230519_任良成,操纵市场,20150329,20150428,20150427,D14,,,,,,,,,,,,315594.0,2280402.0,7.23,20.0,20.0,20.0,,,,,,,,,,
600307.SH,酒钢宏兴,20230519_任良成,操纵市场,20150329,20150428,20150428,D12,10.0,10.0,2.16,3.36,,,,,,,,,,,,,,,,,,,,,,,
600307.SH,酒钢宏兴,20230519_任良成,操纵市场,20150329,20150428,20150428,D14,,,,,,,,,,,,348062.0,2385690.0,6.85,20.0,20.0,20.0,,,,,,,,,,
600633.SH,浙数文化,20230606_俞国生、张一苗,操纵市场,20161016,20161115,20161021,D9,,,,,,,,,,,,,,1.35,,,,0.34,67561.62,49984.0,,,,,,,
600633.SH,浙数文化,20230606_俞国生、张一苗,操纵市场,20161016,20161115,20161031,D12,10.0,5.0,1.33,3.94,,,,,,,,,,,,,,,,,,,,,,,
600633.SH,浙数文化,20230606_俞国生、张一苗,操纵市场,20161016,20161115,20161101,D12,10.0,5.0,1.47,3.94,,,,,,,,,,,,,,,,,,,,,,,
600633.SH,浙数文化,20230606_俞国生、张一苗,操纵市场,20161016,20161115,20161102,D12,10.0,5.0,1.48,3.94,,,,,,,,,,,,,,,,,,,,,,,
600633.SH,浙数文化,20230606_俞国生、张一苗,操纵市场,20161016,20161115,20161103,D10,,,1.8,,3.0,1.28,,,,,,,,,,,,,,,,,,,,,
600633.SH,浙数文化,20230606_俞国生、张一苗,操纵市场,20161016,20161115,20161103,D12,10.0,6.0,1.54,3.94,,,,,,,,,,,,,,,,,,,,,,,
600633.SH,浙数文化,20230606_俞国生、张一苗,操纵市场,20161016,20161115,20161104,D10,,,1.36,,3.0,1.35,,,,,,,,,,,,,,,,,,,,,
600633.SH,浙数文化,20230606_俞国生、张一苗,操纵市场,20161016,20161115,20161104,D12,10.0,6.0,1.53,3.94,,,,,,,,,,,,,,,,,,,,,,,
600633.SH,浙数文化,20230606_俞国生、张一苗,操纵市场,20161016,20161115,20161104,D13,,,,,5.0,,,,,,,,,,,,,,,,2.47,4.64,,,,,
600633.SH,浙数文化,20230606_俞国生、张一苗,操纵市场,20161016,20161115,20161107,D10,,,1.32,,3.0,1.35,,,,,,,,,,,,,,,,,,,,,
600633.SH,浙数文化,20230606_俞国生、张一苗,操纵市场,20161016,20161115,20161107,D12,10.0,6.0,1.5,3.94,,,,,,,,,,,,,,,,,,,,,,,
600633.SH,浙数文化,20230606_俞国生、张一苗,操纵市场,20161016,20161115,20161107,D13,,,,,5.0,,,,,,,,,,,,,,,,1.83,2.33,,,,,
600633.SH,浙数文化,20230606_俞国生、张一苗,操纵市场,20161016,20161115,20161108,D12,10.0,6.0,1.53,3.94,,,,,,,,,,,,,,,,,,,,,,,
600633.SH,浙数文化,20230606_俞国生、张一苗,操纵市场,20161016,20161115,20161109,D9,,,,,,,,,,,,,,1.3,,,,0.13,104644.15,80306.0,,,,,,,
600633.SH,浙数文化,20230606_俞国生、张一苗,操纵市场,20161016,20161115,20161109,D12,10.0,7.0,1.57,3.94,,,,,,,,,,,,,,,,,,,,,,,
600633.SH,浙数文化,20230606_俞国生、张一苗,操纵市场,20161016,20161115,20161110,D12,10.0,8.0,1.63,3.94,,,,,,,,,,,,,,,,,,,,,,,
600633.SH,浙数文化,20230606_俞国生、张一苗,操纵市场,20161016,20161115,20161111,D10,,,1.29,,3.0,1.35,,,,,,,,,,,,,,,,,,,,,
600633.SH,浙数文化,20230606_俞国生、张一苗,操纵市场,20161016,20161115,20161111,D12,10.0,9.0,1.66,3.94,,,,,,,,,,,,,,,,,,,,,,,
600633.SH,浙数文化,20230606_俞国生、张一苗,操纵市场,20161016,20161115,20161114,D12,10.0,8.0,1.36,2.54,,,,,,,,,,,,,,,,,,,,,,,
600633.SH,浙数文化,20230606_俞国生、张一苗,操纵市场,20161016,20161115,20161115,D9,,,,,,,,,,,,,,1.24,,,,1.66,111303.65,89559.0,,,,,,,
600633.SH,浙数文化,20230606_俞国生、张一苗,操纵市场,20161016,20161115,20161115,D12,10.0,8.0,1.23,1.52,,,,,,,,,,,,,,,,,,,,,,,
603721.SH,中广天择,20230617_吴毅健,操纵市场,20180226,20180401,20180312,D12,10.0,6.0,1.28,2.34,,,,,,,,,,,,,,,,,,,,,,,
603721.SH,中广天择,20230617_吴毅健,操纵市场,20180226,20180401,20180313,D12,10.0,6.0,1.33,2.34,,,,,,,,,,,,,,,,,,,,,,,
603721.SH,中广天择,20230617_吴毅健,操纵市场,20180226,20180401,20180314,D10,,,1.62,,3.0,1.92,,,,,,,,,,,,,,,,,,,,,
603721.SH,中广天择,20230617_吴毅健,操纵市场,20180226,20180401,20180314,D11,,,,,,,2.86,6.0,0.579,0.619,10.0,,,,,,,,,,,,,,,,
603721.SH,中广天择,20230617_吴毅健,操纵市场,20180226,20180401,20180314,D12,10.0,7.0,1.4,2.34,,,,,,,,,,,,,,,,,,,,,,,
603721.SH,中广天择,20230617_吴毅健,操纵市场,20180226,20180401,20180315,D10,,,1.74,,3.0,2.52,,,,,,,,,,,,,,,,,,,,,
603721.SH,中广天择,20230617_吴毅健,操纵市场,20180226,20180401,20180315,D11,,,,,,,2.67,10.39,0.708,0.681,10.0,,,,,,,,,,,,,,,,
603721.SH,中广天择,20230617_吴毅健,操纵市场,20180226,20180401,20180315,D12,10.0,8.0,1.55,2.34,,,,,,,,,,,,,,,,,,,,,,,
603721.SH,中广天择,20230617_吴毅健,操纵市场,20180226,20180401,20180316,D11,,,,,,,2.79,15.27,0.999,0.679,10.0,,,,,,,,,,,,,,,,
603721.SH,中广天择,20230617_吴毅健,操纵市场,20180226,20180401,20180316,D12,10.0,9.0,1.77,2.97,,,,,,,,,,,,,,,,,,,,,,,
603721.SH,中广天择,20230617_吴毅健,操纵市场,20180226,20180401,20180319,D12,10.0,10.0,1.84,2.97,,,,,,,,,,,,,,,,,,,,,,,
603721.SH,中广天择,20230617_吴毅健,操纵市场,20180226,20180401,20180320,D12,10.0,10.0,1.89,2.97,,,,,,,,,,,,,,,,,,,,,,,
603721.SH,中广天择,20230617_吴毅健,操纵市场,20180226,20180401,20180321,D10,,,1.44,,3.0,2.51,,,,,,,,,,,,,,,,,,,,,
603721.SH,中广天择,20230617_吴毅健,操纵市场,20180226,20180401,20180321,D12,10.0,10.0,1.88,2.97,,,,,,,,,,,,,,,,,,,,,,,
603721.SH,中广天择,20230617_吴毅健,操纵市场,20180226,20180401,20180322,D12,10.0,9.0,1.75,2.97,,,,,,,,,,,,,,,,,,,,,,,
603721.SH,中广天择,20230617_吴毅健,操纵市场,20180226,20180401,20180323,D12,10.0,9.0,1.64,2.97,,,,,,,,,,,,,,,,,,,,,,,
603721.SH,中广天择,20230617_吴毅健,操纵市场,20180226,20180401,20180326,D12,10.0,8.0,1.51,2.97,,,,,,,,,,,,,,,,,,,,,,,
603721.SH,中广天择,20230617_吴毅健,操纵市场,20180226,20180401,20180327,D12,10.0,8.0,1.47,2.97,,,,,,,,,,,,,,,,,,,,,,,
603721.SH,中广天择,20230617_吴毅健,操纵市场,20180226,20180401,20180328,D12,10.0,8.0,1.48,2.97,,,,,,,,,,,,,,,,,,,,,,,
603721.SH,中广天择,20230617_吴毅健,操纵市场,20180226,20180401,20180329,D12,10.0,8.0,1.4,2.97,,,,,,,,,,,,,,,,,,,,,,,
603721.SH,中广天择,20230617_吴毅健,操纵市场,20180226,20180401,20180330,D12,10.0,8.0,1.27,1.64,,,,,,,,,,,,,,,,,,,,,,,
603721.SH,中广天择,20230617_吴毅健,操纵市场,20180226,20180401,20180330,D14,,,,,,,,,,,,8727.0,19162.0,2.2,20.0,20.0,17.0,,,,,,,,,,
300250.SZ,初灵信息,20230617_吴毅健,操纵市场,20180924,20181024,20181017,D10,,,1.53,,3.0,1.87,,,,,,,,,,,,,,,,,,,,,
300250.SZ,初灵信息,20230617_吴毅健,操纵市场,20180924,20181024,20181017,D11,,,,,,,1.07,2.61,0.2,0.703,10.0,,,,,,,,,,,,,,,,
300250.SZ,初灵信息,20230617_吴毅健,操纵市场,20180924,20181024,20181018,D10,,,1.65,,3.0,1.87,,,,,,,,,,,,,,,,,,,,,
300250.SZ,初灵信息,20230617_吴毅健,操纵市场,20180924,20181024,20181018,D11,,,,,,,0.59,1.8,0.201,0.708,10.0,,,,,,,,,,,,,,,,
300250.SZ,初灵信息,20230617_吴毅健,操纵市场,20180924,20181024,20181019,D10,,,1.65,,3.0,1.1,,,,,,,,,,,,,,,,,,,,,
300250.SZ,初灵信息,20230617_吴毅健,操纵市场,20180924,20181024,20181019,D11,,,,,,,0.82,2.18,0.182,0.648,10.0,,,,,,,,,,,,,,,,
300250.SZ,初灵信息,20230617_吴毅健,操纵市场,20180924,20181024,20181019,D12,10.0,7.0,1.21,1.93,,,,,,,,,,,,,,,,,,,,,,,
300250.SZ,初灵信息,20230617_吴毅健,操纵市场,20180924,20181024,20181022,D11,,,,,,,0.75,2.32,0.166,0.596,10.0,,,,,,,,,,,,,,,,
300250.SZ,初灵信息,20230617_吴毅健,操纵市场,20180924,20181024,20181022,D12,10.0,8.0,1.32,1.93,,,,,,,,,,,,,,,,,,,,,,,
300250.SZ,初灵信息,20230617_吴毅健,操纵市场,20180924,20181024,20181023,D12,10.0,9.0,1.38,1.93,,,,,,,,,,,,,,,,,,,,,,,
300250.SZ,初灵信息,20230617_吴毅健,操纵市场,20180924,20181024,20181024,D12,10.0,9.0,1.4,1.93,,,,,,,,,,,,,,,,,,,,,,,
601226.SH,华电重工,20230617_吴毅健,操纵市场,20171022,20171121,20171027,D9,,,,,,,,,,,,,,1.24,,,,0.64,34664.0,27846.0,,,,,,,
601226.SH,华电重工,20230617_吴毅健,操纵市场,20171022,20171121,20171107,D9,,,,,,,,,,,,,,1.64,,,,2.62,44105.01,26970.0,,,,,,,
601226.SH,华电重工,20230617_吴毅健,操纵市场,20171022,20171121,20171108,D12,10.0,5.0,1.26,2.94,,,,,,,,,,,,,,,,,,,,,,,
601226.SH,华电重工,20230617_吴毅健,操纵市场,20171022,20171121,20171109,D10,,,2.16,,3.0,2.62,,,,,,,,,,,,,,,,,,,,,
601226.SH,华电重工,20230617_吴毅健,操纵市场,20171022,20171121,20171109,D12,10.0,6.0,1.37,2.94,,,,,,,,,,,,,,,,,,,,,,,
601226.SH,华电重工,20230617_吴毅健,操纵市场,20171022,20171121,20171110,D10,,,2.03,,3.0,2.39,,,,,,,,,,,,,,,,,,,,,
601226.SH,华电重工,20230617_吴毅健,操纵市场,20171022,20171121,20171110,D12,10.0,6.0,1.37,2.94,,,,,,,,,,,,,,,,,,,,,,,
601226.SH,华电重工,20230617_吴毅健,操纵市场,20171022,20171121,20171113,D10,,,1.88,,3.0,2.2,,,,,,,,,,,,,,,,,,,,,
601226.SH,华电重工,20230617_吴毅健,操纵市场,20171022,20171121,20171113,D11,,,,,,,0.57,2.13,0.164,0.573,10.0,,,,,,,,,,,,,,,,
601226.SH,华电重工,20230617_吴毅健,操纵市场,20171022,20171121,20171113,D12,10.0,6.0,1.43,2.94,,,,,,,,,,,,,,,,,,,,,,,
601226.SH,华电重工,20230617_吴毅健,操纵市场,20171022,20171121,20171114,D10,,,2.08,,3.0,2.2,,,,,,,,,,,,,,,,,,,,,
601226.SH,华电重工,20230617_吴毅健,操纵市场,20171022,20171121,20171114,D11,,,,,,,0.45,2.4,0.203,0.673,10.0,,,,,,,,,,,,,,,,
601226.SH,华电重工,20230617_吴毅健,操纵市场,20171022,20171121,20171114,D12,10.0,7.0,1.61,2.94,,,,,,,,,,,,,,,,,,,,,,,
601226.SH,华电重工,20230617_吴毅健,操纵市场,20171022,20171121,20171114,D13,,,,,5.0,,,,,,,,,,,,,,,,3.6,4.47,,,,,
601226.SH,华电重工,20230617_吴毅健,操纵市场,20171022,20171121,20171115,D10,,,2.13,,3.0,2.2,,,,,,,,,,,,,,,,,,,,,
601226.SH,华电重工,20230617_吴毅健,操纵市场,20171022,20171121,20171115,D12,10.0,8.0,1.68,2.94,,,,,,,,,,,,,,,,,,,,,,,
601226.SH,华电重工,20230617_吴毅健,操纵市场,20171022,20171121,20171115,D13,,,,,5.0,,,,,,,,,,,,,,,,3.24,4.4,,,,,
601226.SH,华电重工,20230617_吴毅健,操纵市场,20171022,20171121,20171116,D10,,,1.82,,3.0,1.09,,,,,,,,,,,,,,,,,,,,,
601226.SH,华电重工,20230617_吴毅健,操纵市场,20171022,20171121,20171116,D12,10.0,8.0,1.73,2.94,,,,,,,,,,,,,,,,,,,,,,,
601226.SH,华电重工,20230617_吴毅健,操纵市场,20171022,20171121,20171116,D13,,,,,5.0,,,,,,,,,,,,,,,,3.24,4.4,,,,,
601226.SH,华电重工,20230617_吴毅健,操纵市场,20171022,20171121,20171117,D12,10.0,9.0,1.81,2.94,,,,,,,,,,,,,,,,,,,,,,,
601226.SH,华电重工,20230617_吴毅健,操纵市场,20171022,20171121,20171120,D12,10.0,10.0,1.85,2.94,,,,,,,,,,,,,,,,,,,,,,,
601226.SH,华电重工,20230617_吴毅健,操纵市场,20171022,20171121,20171121,D12,10.0,10.0,1.79,2.94,,,,,,,,,,,,,,,,,,,,,,,
600488.SH,天药股份,20230617_吴毅健,操纵市场,20180305,20180404,20180308,D9,,,,,,,,,,,,,,1.67,,,,1.79,28411.02,17033.0,,,,,,,
600488.SH,天药股份,20230617_吴毅健,操纵市场,20180305,20180404,20180312,D10,,,1.57,,3.0,1.79,,,,,,,,,,,,,,,,,,,,,
600488.SH,天药股份,20230617_吴毅健,操纵市场,20180305,20180404,20180313,D10,,,1.45,,3.0,0.66,,,,,,,,,,,,,,,,,,,,,
600488.SH,天药股份,20230617_吴毅健,操纵市场,20180305,20180404,20180314,D12,10.0,6.0,1.24,1.67,,,,,,,,,,,,,,,,,,,,,,,
600488.SH,天药股份,20230617_吴毅健,操纵市场,20180305,20180404,20180315,D12,10.0,7.0,1.27,1.67,,,,,,,,,,,,,,,,,,,,,,,
600488.SH,天药股份,20230617_吴毅健,操纵市场,20180305,20180404,20180319,D12,10.0,7.0,1.21,1.67,,,,,,,,,,,,,,,,,,,,,,,
600488.SH,天药股份,20230617_吴毅健,操纵市场,20180305,20180404,20180320,D12,10.0,7.0,1.44,3.36,,,,,,,,,,,,,,,,,,,,,,,
600488.SH,天药股份,20230617_吴毅健,操纵市场,20180305,20180404,20180321,D10,,,2.36,,3.0,2.86,,,,,,,,,,,,,,,,,,,,,
600488.SH,天药股份,20230617_吴毅健,操纵市场,20180305,20180404,20180321,D12,10.0,8.0,1.61,3.36,,,,,,,,,,,,,,,,,,,,,,,
600488.SH,天药股份,20230617_吴毅健,操纵市场,20180305,20180404,20180322,D10,,,3.05,,3.0,2.86,,,,,,,,,,,,,,,,,,,,,
600488.SH,天药股份,20230617_吴毅健,操纵市场,20180305,20180404,20180322,D12,10.0,8.0,1.76,3.36,,,,,,,,,,,,,,,,,,,,,,,
600488.SH,天药股份,20230617_吴毅健,操纵市场,20180305,20180404,20180323,D12,10.0,8.0,1.77,3.36,,,,,,,,,,,,,,,,,,,,,,,
600488.SH,天药股份,20230617_吴毅健,操纵市场,20180305,20180404,20180323,D13,,,,,5.0,,,,,,,,,,,,,,,,3.19,4.27,,,,,
600488.SH,天药股份,20230617_吴毅健,操纵市场,20180305,20180404,20180326,D12,10.0,8.0,1.78,3.36,,,,,,,,,,,,,,,,,,,,,,,
600488.SH,天药股份,20230617_吴毅健,操纵市场,20180305,20180404,20180327,D12,10.0,8.0,1.87,3.36,,,,,,,,,,,,,,,,,,,,,,,
600488.SH,天药股份,20230617_吴毅健,操纵市场,20180305,20180404,20180328,D12,10.0,9.0,1.93,3.36,,,,,,,,,,,,,,,,,,,,,,,
600488.SH,天药股份,20230617_吴毅健,操纵市场,20180305,20180404,20180329,D10,,,1.64,,3.0,2.38,,,,,,,,,,,,,,,,,,,,,
600488.SH,天药股份,20230617_吴毅健,操纵市场,20180305,20180404,20180329,D12,10.0,9.0,1.94,3.36,,,,,,,,,,,,,,,,,,,,,,,
600488.SH,天药股份,20230617_吴毅健,操纵市场,20180305,20180404,20180329,D14,,,,,,,,,,,,18587.0,37385.0,2.01,20.0,20.0,16.0,,,,,,,,,,
600488.SH,天药股份,20230617_吴毅健,操纵市场,20180305,20180404,20180330,D12,10.0,9.0,1.93,3.36,,,,,,,,,,,,,,,,,,,,,,,
600488.SH,天药股份,20230617_吴毅健,操纵市场,20180305,20180404,20180402,D12,10.0,8.0,1.91,3.36,,,,,,,,,,,,,,,,,,,,,,,
600488.SH,天药股份,20230617_吴毅健,操纵市场,20180305,20180404,20180402,D14,,,,,,,,,,,,18406.0,38158.0,2.07,20.0,20.0,15.0,,,,,,,,,,
600488.SH,天药股份,20230617_吴毅健,操纵市场,20180305,20180404,20180403,D9,,,,,,,,,,,,,,1.53,,,,2.37,61337.15,40219.0,,,,,,,
600488.SH,天药股份,20230617_吴毅健,操纵市场,20180305,20180404,20180403,D12,10.0,8.0,1.72,3.14,,,,,,,,,,,,,,,,,,,,,,,
600488.SH,天药股份,20230617_吴毅健,操纵市场,20180305,20180404,20180403,D14,,,,,,,,,,,,18134.0,40219.0,2.22,20.0,20.0,15.0,,,,,,,,,,
600488.SH,天药股份,20230617_吴毅健,操纵市场,20180305,20180404,20180404,D12,10.0,8.0,1.67,3.14,,,,,,,,,,,,,,,,,,,,,,,
600488.SH,天药股份,20230617_吴毅健,操纵市场,20180305,20180404,20180404,D14,,,,,,,,,,,,17338.0,44054.0,2.54,20.0,20.0,16.0,,,,,,,,,,
300605.SZ,恒锋信息,20230617_吴毅健,操纵市场,20181114,20181214,20181206,D10,,,2.03,,3.0,2.64,,,,,,,,,,,,,,,,,,,,,
300605.SZ,恒锋信息,20230617_吴毅健,操纵市场,20181114,20181214,20181206,D11,,,,,,,2.64,4.53,0.327,0.551,10.0,,,,,,,,,,,,,,,,
300605.SZ,恒锋信息,20230617_吴毅健,操纵市场,20181114,20181214,20181206,D12,10.0,5.0,1.22,2.16,,,,,,,,,,,,,,,,,,,,,,,
300605.SZ,恒锋信息,20230617_吴毅健,操纵市场,20181114,20181214,20181207,D10,,,1.9,,3.0,0.96,,,,,,,,,,,,,,,,,,,,,
300605.SZ,恒锋信息,20230617_吴毅健,操纵市场,20181114,20181214,20181207,D11,,,,,,,1.62,3.95,0.404,0.762,10.0,,,,,,,,,,,,,,,,
300605.SZ,恒锋信息,20230617_吴毅健,操纵市场,20181114,20181214,20181207,D12,10.0,5.0,1.26,2.16,,,,,,,,,,,,,,,,,,,,,,,
300605.SZ,恒锋信息,20230617_吴毅健,操纵市场,20181114,20181214,20181207,D13,,,,,5.0,,,,,,,,,,,,,,,,3.83,4.84,,,,,
300605.SZ,恒锋信息,20230617_吴毅健,操纵市场,20181114,20181214,20181210,D12,10.0,5.0,1.27,2.16,,,,,,,,,,,,,,,,,,,,,,,
300605.SZ,恒锋信息,20230617_吴毅健,操纵市场,20181114,20181214,20181211,D9,,,,,,,,,,,,,,1.7,,,,-1.52,21094.87,12397.0,,,,,,,
300605.SZ,恒锋信息,20230617_吴毅健,操纵市场,20181114,20181214,20181211,D12,10.0,6.0,1.38,2.16,,,,,,,,,,,,,,,,,,,,,,,
300605.SZ,恒锋信息,20230617_吴毅健,操纵市场,20181114,20181214,20181212,D12,10.0,7.0,1.42,2.16,,,,,,,,,,,,,,,,,,,,,,,
300605.SZ,恒锋信息,20230617_吴毅健,操纵市场,20181114,20181214,20181213,D10,,,1.41,,3.0,1.52,,,,,,,,,,,,,,,,,,,,,
300605.SZ,恒锋信息,20230617_吴毅健,操纵市场,20181114,20181214,20181213,D12,10.0,8.0,1.47,2.16,,,,,,,,,,,,,,,,,,,,,,,
300605.SZ,恒锋信息,20230617_吴毅健,操纵市场,20181114,20181214,20181214,D12,10.0,9.0,1.51,2.16,,,,,,,,,,,,,,,,,,,,,,,
000032.SZ,深桑达A,20230617_吴毅健,操纵市场,20180518,20180621,20180612,D10,,,1.3,,3.0,1.72,,,,,,,,,,,,,,,,,,,,,
000032.SZ,深桑达A,20230617_吴毅健,操纵市场,20180518,20180621,20180613,D10,,,1.34,,3.0,0.7,,,,,,,,,,,,,,,,,,,,,
000032.SZ,深桑达A,20230617_吴毅健,操纵市场,20180518,20180621,20180613,D13,,,,,5.0,,,,,,,,,,,,,,,,3.4,4.81,,,,,
000032.SZ,深桑达A,20230617_吴毅健,操纵市场,20180518,20180621,20180615,D11,,,,,,,0.5,1.92,0.151,0.781,10.0,,,,,,,,,,,,,,,,
000032.SZ,深桑达A,20230617_吴毅健,操纵市场,20180518,20180621,20180615,D12,10.0,8.0,1.23,2.1,,,,,,,,,,,,,,,,,,,,,,,
000032.SZ,深桑达A,20230617_吴毅健,操纵市场,20180518,20180621,20180619,D12,10.0,9.0,1.34,2.1,,,,,,,,,,,,,,,,,,,,,,,
000032.SZ,深桑达A,20230617_吴毅健,操纵市场,20180518,20180621,20180620,D12,10.0,10.0,1.39,2.1,,,,,,,,,,,,,,,,,,,,,,,
000032.SZ,深桑达A,20230617_吴毅健,操纵市场,20180518,20180621,20180621,D12,10.0,10.0,1.39,2.1,,,,,,,,,,,,,,,,,,,,,,,
300341.SZ,麦迪电气,20230617_吴毅健,操纵市场,20170626,20170730,20170626,D12,10.0,7.0,1.32,1.99,,,,,,,,,,,,,,,,,,,,,,,
300341.SZ,麦迪电气,20230617_吴毅健,操纵市场,20170626,20170730,20170627,D10,,,2.06,,3.0,1.88,,,,,,,,,,,,,,,,,,,,,
300341.SZ,麦迪电气,20230617_吴毅健,操纵市场,20170626,20170730,20170627,D12,10.0,8.0,1.51,2.69,,,,,,,,,,,,,,,,,,,,,,,
300341.SZ,麦迪电气,20230617_吴毅健,操纵市场,20170626,20170730,20170628,D10,,,2.13,,3.0,2.36,,,,,,,,,,,,,,,,,,,,,
300341.SZ,麦迪电气,20230617_吴毅健,操纵市场,20170626,20170730,20170628,D12,10.0,9.0,1.62,2.69,,,,,,,,,,,,,,,,,,,,,,,
300341.SZ,麦迪电气,20230617_吴毅健,操纵市场,20170626,20170730,20170629,D12,10.0,8.0,1.53,2.69,,,,,,,,,,,,,,,,,,,,,,,
300341.SZ,麦迪电气,20230617_吴毅健,操纵市场,20170626,20170730,20170630,D12,10.0,8.0,1.53,2.69,,,,,,,,,,,,,,,,,,,,,,,
300341.SZ,麦迪电气,20230617_吴毅健,操纵市场,20170626,20170730,20170703,D12,10.0,9.0,1.57,2.69,,,,,,,,,,,,,,,,,,,,,,,
300341.SZ,麦迪电气,20230617_吴毅健,操纵市场,20170626,20170730,20170704,D12,10.0,9.0,1.55,2.69,,,,,,,,,,,,,,,,,,,,,,,
300341.SZ,麦迪电气,20230617_吴毅健,操纵市场,20170626,20170730,20170705,D12,10.0,9.0,1.57,2.69,,,,,,,,,,,,,,,,,,,,,,,
300341.SZ,麦迪电气,20230617_吴毅健,操纵市场,20170626,20170730,20170706,D12,10.0,9.0,1.49,2.69,,,,,,,,,,,,,,,,,,,,,,,
300341.SZ,麦迪电气,20230617_吴毅健,操纵市场,20170626,20170730,20170706,D13,,,,,5.0,,,,,,,,,,,,,,,,1.85,2.54,,,,,
300341.SZ,麦迪电气,20230617_吴毅健,操纵市场,20170626,20170730,20170707,D12,10.0,8.0,1.38,2.69,,,,,,,,,,,,,,,,,,,,,,,
300341.SZ,麦迪电气,20230617_吴毅健,操纵市场,20170626,20170730,20170710,D12,10.0,8.0,1.33,2.69,,,,,,,,,,,,,,,,,,,,,,,
300341.SZ,麦迪电气,20230617_吴毅健,操纵市场,20170626,20170730,20170711,D12,10.0,8.0,1.21,2.03,,,,,,,,,,,,,,,,,,,,,,,
300341.SZ,麦迪电气,20230617_吴毅健,操纵市场,20170626,20170730,20170712,D10,,,1.69,,3.0,1.9,,,,,,,,,,,,,,,,,,,,,
300341.SZ,麦迪电气,20230617_吴毅健,操纵市场,20170626,20170730,20170712,D12,10.0,8.0,1.25,2.45,,,,,,,,,,,,,,,,,,,,,,,
300341.SZ,麦迪电气,20230617_吴毅健,操纵市场,20170626,20170730,20170712,D14,,,,,,,,,,,,13596.0,28062.0,2.06,20.0,20.0,17.0,,,,,,,,,,
300341.SZ,麦迪电气,20230617_吴毅健,操纵市场,20170626,20170730,20170713,D10,,,1.77,,3.0,1.9,,,,,,,,,,,,,,,,,,,,,
300341.SZ,麦迪电气,20230617_吴毅健,操纵市场,20170626,20170730,20170713,D12,10.0,9.0,1.3,2.45,,,,,,,,,,,,,,,,,,,,,,,
300341.SZ,麦迪电气,20230617_吴毅健,操纵市场,20170626,20170730,20170713,D14,,,,,,,,,,,,13818.0,28854.0,2.09,20.0,20.0,17.0,,,,,,,,,,
300341.SZ,麦迪电气,20230617_吴毅健,操纵市场,20170626,20170730,20170714,D10,,,2.07,,3.0,1.98,,,,,,,,,,,,,,,,,,,,,
300341.SZ,麦迪电气,20230617_吴毅健,操纵市场,20170626,20170730,20170714,D12,10.0,9.0,1.43,2.45,,,,,,,,,,,,,,,,,,,,,,,
300341.SZ,麦迪电气,20230617_吴毅健,操纵市场,20170626,20170730,20170714,D14,,,,,,,,,,,,13889.0,31940.0,2.3,20.0,20.0,17.0,,,,,,,,,,
300341.SZ,麦迪电气,20230617_吴毅健,操纵市场,20170626,20170730,20170717,D10,,,2.13,,3.0,1.98,,,,,,,,,,,,,,,,,,,,,
300341.SZ,麦迪电气,20230617_吴毅健,操纵市场,20170626,20170730,20170717,D11,,,,,,,0.66,2.55,0.197,0.708,10.0,,,,,,,,,,,,,,,,
300341.SZ,麦迪电气,20230617_吴毅健,操纵市场,20170626,20170730,20170717,D12,10.0,9.0,1.57,2.61,,,,,,,,,,,,,,,,,,,,,,,
300341.SZ,麦迪电气,20230617_吴毅健,操纵市场,20170626,20170730,20170717,D14,,,,,,,,,,,,13971.0,35994.0,2.58,20.0,20.0,18.0,,,,,,,,,,
300341.SZ,麦迪电气,20230617_吴毅健,操纵市场,20170626,20170730,20170718,D10,,,2.51,,3.0,1.98,,,,,,,,,,,,,,,,,,,,,
300341.SZ,麦迪电气,20230617_吴毅健,操纵市场,20170626,20170730,20170718,D11,,,,,,,0.72,2.77,0.248,0.804,10.0,,,,,,,,,,,,,,,,
300341.SZ,麦迪电气,20230617_吴毅健,操纵市场,20170626,20170730,20170718,D12,10.0,9.0,1.71,2.61,,,,,,,,,,,,,,,,,,,,,,,
300341.SZ,麦迪电气,20230617_吴毅健,操纵市场,20170626,20170730,20170718,D14,,,,,,,,,,,,14383.0,40217.0,2.8,20.0,20.0,18.0,,,,,,,,,,
300341.SZ,麦迪电气,20230617_吴毅健,操纵市场,20170626,20170730,20170719,D10,,,2.45,,3.0,1.95,,,,,,,,,,,,,,,,,,,,,
300341.SZ,麦迪电气,20230617_吴毅健,操纵市场,20170626,20170730,20170719,D11,,,,,,,0.76,2.65,0.27,0.858,10.0,,,,,,,,,,,,,,,,
300341.SZ,麦迪电气,20230617_吴毅健,操纵市场,20170626,20170730,20170719,D12,10.0,9.0,1.82,2.61,,,,,,,,,,,,,,,,,,,,,,,
300341.SZ,麦迪电气,20230617_吴毅健,操纵市场,20170626,20170730,20170719,D14,,,,,,,,,,,,14579.0,44339.0,3.04,20.0,20.0,18.0,,,,,,,,,,
300341.SZ,麦迪电气,20230617_吴毅健,操纵市场,20170626,20170730,20170720,D10,,,2.29,,3.0,1.95,,,,,,,,,,,,,,,,,,,,,
300341.SZ,麦迪电气,20230617_吴毅健,操纵市场,20170626,20170730,20170720,D11,,,,,,,0.48,2.77,0.278,0.878,10.0,,,,,,,,,,,,,,,,
300341.SZ,麦迪电气,20230617_吴毅健,操纵市场,20170626,20170730,20170720,D12,10.0,9.0,1.91,2.61,,,,,,,,,,,,,,,,,,,,,,,
300341.SZ,麦迪电气,20230617_吴毅健,操纵市场,20170626,20170730,20170720,D14,,,,,,,,,,,,15537.0,47905.0,3.08,20.0,20.0,18.0,,,,,,,,,,
300341.SZ,麦迪电气,20230617_吴毅健,操纵市场,20170626,20170730,20170721,D10,,,1.96,,3.0,1.28,,,,,,,,,,,,,,,,,,,,,
300341.SZ,麦迪电气,20230617_吴毅健,操纵市场,20170626,20170730,20170721,D11,,,,,,,0.72,2.09,0.206,0.654,10.0,,,,,,,,,,,,,,,,
300341.SZ,麦迪电气,20230617_吴毅健,操纵市场,20170626,20170730,20170721,D12,10.0,10.0,1.98,2.61,,,,,,,,,,,,,,,,,,,,,,,
300341.SZ,麦迪电气,20230617_吴毅健,操纵市场,20170626,20170730,20170721,D14,,,,,,,,,,,,16257.0,50282.0,3.09,20.0,20.0,18.0,,,,,,,,,,
300341.SZ,麦迪电气,20230617_吴毅健,操纵市场,20170626,20170730,20170724,D10,,,1.67,,3.0,1.28,,,,,,,,,,,,,,,,,,,,,
300341.SZ,麦迪电气,20230617_吴毅健,操纵市场,20170626,20170730,20170724,D12,10.0,10.0,2.01,2.61,,,,,,,,,,,,,,,,,,,,,,,
300341.SZ,麦迪电气,20230617_吴毅健,操纵市场,20170626,20170730,20170724,D13,,,,,5.0,,,,,,,,,,,,,,,,3.32,3.69,,,,,
300341.SZ,麦迪电气,20230617_吴毅健,操纵市场,20170626,20170730,20170724,D14,,,,,,,,,,,,16753.0,52411.0,3.13,20.0,20.0,18.0,,,,,,,,,,
300341.SZ,麦迪电气,20230617_吴毅健,操纵市场,20170626,20170730,20170725,D12,10.0,10.0,1.99,2.61,,,,,,,,,,,,,,,,,,,,,,,
300341.SZ,麦迪电气,20230617_吴毅健,操纵市场,20170626,20170730,20170725,D14,,,,,,,,,,,,18902.0,53366.0,2.82,20.0,20.0,18.0,,,,,,,,,,
300341.SZ,麦迪电气,20230617_吴毅健,操纵市场,20170626,20170730,20170726,D12,10.0,10.0,1.87,2.61,,,,,,,,,,,,,,,,,,,,,,,
300341.SZ,麦迪电气,20230617_吴毅健,操纵市场,20170626,20170730,20170726,D14,,,,,,,,,,,,20243.0,54803.0,2.71,20.0,20.0,18.0,,,,,,,,,,
300341.SZ,麦迪电气,20230617_吴毅健,操纵市场,20170626,20170730,20170727,D12,10.0,10.0,1.92,2.61,,,,,,,,,,,,,,,,,,,,,,,
300341.SZ,麦迪电气,20230617_吴毅健,操纵市场,20170626,20170730,20170727,D14,,,,,,,,,,,,20075.0,59525.0,2.97,20.0,20.0,19.0,,,,,,,,,,
300341.SZ,麦迪电气,20230617_吴毅健,操纵市场,20170626,20170730,20170728,D12,10.0,10.0,1.78,2.61,,,,,,,,,,,,,,,,,,,,,,,
300341.SZ,麦迪电气,20230617_吴毅健,操纵市场,20170626,20170730,20170728,D14,,,,,,,,,,,,20674.0,61509.0,2.98,20.0,20.0,19.0,,,,,,,,,,
600853.SH,龙建股份,20230617_吴毅健,操纵市场,20170807,20170910,20170817,D9,,,,,,,,,,,,,,1.32,,,,1.87,88057.03,66941.0,,,,,,,
600853.SH,龙建股份,20230617_吴毅健,操纵市场,20170807,20170910,20170824,D9,,,,,,,,,,,,,,1.54,,,,1.01,113116.88,73628.0,,,,,,,
600853.SH,龙建股份,20230617_吴毅健,操纵市场,20170807,20170910,20170828,D10,,,1.6,,3.0,1.51,,,,,,,,,,,,,,,,,,,,,
600853.SH,龙建股份,20230617_吴毅健,操纵市场,20170807,20170910,20170828,D11,,,,,,,0.85,2.59,0.169,0.645,10.0,,,,,,,,,,,,,,,,
600853.SH,龙建股份,20230617_吴毅健,操纵市场,20170807,20170910,20170829,D10,,,1.45,,3.0,1.51,,,,,,,,,,,,,,,,,,,,,
600853.SH,龙建股份,20230617_吴毅健,操纵市场,20170807,20170910,20170831,D9,,,,,,,,,,,,,,1.68,,,,0.49,135659.04,80574.0,,,,,,,
002760.SZ,凤形股份,20230714_陈维新、张兆阳、朱瑞、李卫卫、朱一栋,操纵市场,20170917,20171021,20170925,D12,10.0,5.0,1.42,2.83,,,,,,,,,,,,,,,,,,,,,,,
002760.SZ,凤形股份,20230714_陈维新、张兆阳、朱瑞、李卫卫、朱一栋,操纵市场,20170917,20171021,20170926,D12,10.0,5.0,1.41,2.83,,,,,,,,,,,,,,,,,,,,,,,
002760.SZ,凤形股份,20230714_陈维新、张兆阳、朱瑞、李卫卫、朱一栋,操纵市场,20170917,20171021,20170927,D12,10.0,5.0,1.4,2.83,,,,,,,,,,,,,,,,,,,,,,,
002760.SZ,凤形股份,20230714_陈维新、张兆阳、朱瑞、李卫卫、朱一栋,操纵市场,20170917,20171021,20170928,D12,10.0,5.0,1.38,2.83,,,,,,,,,,,,,,,,,,,,,,,
002760.SZ,凤形股份,20230714_陈维新、张兆阳、朱瑞、李卫卫、朱一栋,操纵市场,20170917,20171021,20170929,D9,,,,,,,,,,,,,,2.13,,,,2.21,21695.33,10179.0,,,,,,,
002760.SZ,凤形股份,20230714_陈维新、张兆阳、朱瑞、李卫卫、朱一栋,操纵市场,20170917,20171021,20170929,D12,10.0,6.0,1.52,2.83,,,,,,,,,,,,,,,,,,,,,,,
002760.SZ,凤形股份,20230714_陈维新、张兆阳、朱瑞、李卫卫、朱一栋,操纵市场,20170917,20171021,20171009,D12,10.0,6.0,1.55,2.83,,,,,,,,,,,,,,,,,,,,,,,
002760.SZ,凤形股份,20230714_陈维新、张兆阳、朱瑞、李卫卫、朱一栋,操纵市场,20170917,20171021,20171010,D12,10.0,6.0,1.5,2.83,,,,,,,,,,,,,,,,,,,,,,,
002760.SZ,凤形股份,20230714_陈维新、张兆阳、朱瑞、李卫卫、朱一栋,操纵市场,20170917,20171021,20171011,D8,,,,,,,,,,,,,,,,,,,4728.0,,,,0.29,16051.0,1.4,1.03,3.0
002760.SZ,凤形股份,20230714_陈维新、张兆阳、朱瑞、李卫卫、朱一栋,操纵市场,20170917,20171021,20171011,D12,10.0,6.0,1.46,2.83,,,,,,,,,,,,,,,,,,,,,,,
002760.SZ,凤形股份,20230714_陈维新、张兆阳、朱瑞、李卫卫、朱一栋,操纵市场,20170917,20171021,20171012,D8,,,,,,,,,,,,,,,,,,,4728.0,,,,0.29,16051.0,1.4,1.03,3.0
002760.SZ,凤形股份,20230714_陈维新、张兆阳、朱瑞、李卫卫、朱一栋,操纵市场,20170917,20171021,20171012,D12,10.0,5.0,1.26,2.56,,,,,,,,,,,,,,,,,,,,,,,
002760.SZ,凤形股份,20230714_陈维新、张兆阳、朱瑞、李卫卫、朱一栋,操纵市场,20170917,20171021,20171013,D8,,,,,,,,,,,,,,,,,,,4728.0,,,,0.29,16051.0,1.4,1.03,4.0
002760.SZ,凤形股份,20230714_陈维新、张兆阳、朱瑞、李卫卫、朱一栋,操纵市场,20170917,20171021,20171016,D8,,,,,,,,,,,,,,,,,,,4728.0,,,,0.29,16051.0,1.4,1.03,4.0
002760.SZ,凤形股份,20230714_陈维新、张兆阳、朱瑞、李卫卫、朱一栋,操纵市场,20170917,20171021,20171017,D8,,,,,,,,,,,,,,,,,,,2800.0,,,,0.2,14105.0,2.16,0.61,4.0
002760.SZ,凤形股份,20230714_陈维新、张兆阳、朱瑞、李卫卫、朱一栋,操纵市场,20170917,20171021,20171018,D8,,,,,,,,,,,,,,,,,,,2800.0,,,,0.2,14105.0,2.16,0.61,4.0
002760.SZ,凤形股份,20230714_陈维新、张兆阳、朱瑞、李卫卫、朱一栋,操纵市场,20170917,20171021,20171019,D8,,,,,,,,,,,,,,,,,,,2800.0,,,,0.2,14105.0,2.16,0.61,4.0
002760.SZ,凤形股份,20230714_陈维新、张兆阳、朱瑞、李卫卫、朱一栋,操纵市场,20170917,20171021,20171019,D9,,,,,,,,,,,,,,1.3,,,,1.33,12592.77,9696.0,,,,,,,
002760.SZ,凤形股份,20230714_陈维新、张兆阳、朱瑞、李卫卫、朱一栋,操纵市场,20170917,20171021,20171020,D8,,,,,,,,,,,,,,,,,,,2800.0,,,,0.2,14105.0,2.16,0.61,3.0
002858.SZ,力盛体育,20230816_赖登练,操纵市场,20191219,20200117,20191219,D10,,,1.31,,3.0,1.33,,,,,,,,,,,,,,,,,,,,,
002858.SZ,力盛体育,20230816_赖登练,操纵市场,20191219,20200117,20191220,D10,,,1.43,,3.0,1.93,,,,,,,,,,,,,,,,,,,,,
002858.SZ,力盛体育,20230816_赖登练,操纵市场,20191219,20200117,20191220,D12,10.0,8.0,1.24,1.74,,,,,,,,,,,,,,,,,,,,,,,
002858.SZ,力盛体育,20230816_赖登练,操纵市场,20191219,20200117,20191220,D13,,,,,5.0,,,,,,,,,,,,,,,,2.56,3.53,,,,,
002858.SZ,力盛体育,20230816_赖登练,操纵市场,20191219,20200117,20191223,D10,,,1.39,,3.0,2.95,,,,,,,,,,,,,,,,,,,,,
002858.SZ,力盛体育,20230816_赖登练,操纵市场,20191219,20200117,20191223,D12,10.0,9.0,1.29,1.74,,,,,,,,,,,,,,,,,,,,,,,
002858.SZ,力盛体育,20230816_赖登练,操纵市场,20191219,20200117,20191224,D12,10.0,8.0,1.25,1.74,,,,,,,,,,,,,,,,,,,,,,,
002858.SZ,力盛体育,20230816_赖登练,操纵市场,20191219,20200117,20191225,D12,10.0,7.0,1.2,1.74,,,,,,,,,,,,,,,,,,,,,,,
002858.SZ,力盛体育,20230816_赖登练,操纵市场,20191219,20200117,20191226,D12,10.0,8.0,1.22,1.74,,,,,,,,,,,,,,,,,,,,,,,
002858.SZ,力盛体育,20230816_赖登练,操纵市场,20191219,20200117,20191227,D12,10.0,7.0,1.21,1.74,,,,,,,,,,,,,,,,,,,,,,,
002858.SZ,力盛体育,20230816_赖登练,操纵市场,20191219,20200117,20191230,D9,,,,,,,,,,,,,,1.27,,,,0.07,17077.45,13499.0,,,,,,,
002858.SZ,力盛体育,20230816_赖登练,操纵市场,20191219,20200117,20200102,D10,,,1.35,,3.0,2.92,,,,,,,,,,,,,,,,,,,,,
002858.SZ,力盛体育,20230816_赖登练,操纵市场,20191219,20200117,20200103,D12,10.0,7.0,1.37,2.94,,,,,,,,,,,,,,,,,,,,,,,
002858.SZ,力盛体育,20230816_赖登练,操纵市场,20191219,20200117,20200106,D11,,,,,,,2.8,6.15,0.523,0.569,10.0,,,,,,,,,,,,,,,,
002858.SZ,力盛体育,20230816_赖登练,操纵市场,20191219,20200117,20200106,D12,10.0,7.0,1.41,2.94,,,,,,,,,,,,,,,,,,,,,,,
002858.SZ,力盛体育,20230816_赖登练,操纵市场,20191219,20200117,20200107,D11,,,,,,,1.95,4.12,0.524,0.57,10.0,,,,,,,,,,,,,,,,
002858.SZ,力盛体育,20230816_赖登练,操纵市场,20191219,20200117,20200107,D12,10.0,7.0,1.41,2.94,,,,,,,,,,,,,,,,,,,,,,,
002858.SZ,力盛体育,20230816_赖登练,操纵市场,20191219,20200117,20200108,D10,,,1.49,,3.0,1.75,,,,,,,,,,,,,,,,,,,,,
002858.SZ,力盛体育,20230816_赖登练,操纵市场,20191219,20200117,20200108,D12,10.0,8.0,1.42,2.94,,,,,,,,,,,,,,,,,,,,,,,
002858.SZ,力盛体育,20230816_赖登练,操纵市场,20191219,20200117,20200108,D13,,,,,5.0,,,,,,,,,,,,,,,,2.89,4.45,,,,,
002858.SZ,力盛体育,20230816_赖登练,操纵市场,20191219,20200117,20200109,D12,10.0,8.0,1.41,2.94,,,,,,,,,,,,,,,,,,,,,,,
002858.SZ,力盛体育,20230816_赖登练,操纵市场,20191219,20200117,20200110,D12,10.0,7.0,1.41,2.94,,,,,,,,,,,,,,,,,,,,,,,
002858.SZ,力盛体育,20230816_赖登练,操纵市场,20191219,20200117,20200113,D12,10.0,8.0,1.42,2.94,,,,,,,,,,,,,,,,,,,,,,,
002858.SZ,力盛体育,20230816_赖登练,操纵市场,20191219,20200117,20200114,D12,10.0,8.0,1.42,2.94,,,,,,,,,,,,,,,,,,,,,,,
002858.SZ,力盛体育,20230816_赖登练,操纵市场,20191219,20200117,20200115,D12,10.0,7.0,1.39,2.94,,,,,,,,,,,,,,,,,,,,,,,
002858.SZ,力盛体育,20230816_赖登练,操纵市场,20191219,20200117,20200116,D12,10.0,6.0,1.3,2.94,,,,,,,,,,,,,,,,,,,,,,,
002721.SZ,金一文化,20231023_胡宇、钟葱、李卫卫、朱一栋,操纵市场,20171122,20171222,20171122,D12,10.0,6.0,1.53,3.78,,,,,,,,,,,,,,,,,,,,,,,
002721.SZ,金一文化,20231023_胡宇、钟葱、李卫卫、朱一栋,操纵市场,20171122,20171222,20171122,D14,,,,,,,,,,,,33435.0,71242.0,2.13,20.0,20.0,12.0,,,,,,,,,,
002721.SZ,金一文化,20231023_胡宇、钟葱、李卫卫、朱一栋,操纵市场,20171122,20171222,20171123,D12,10.0,5.0,1.27,3.78,,,,,,,,,,,,,,,,,,,,,,,
002721.SZ,金一文化,20231023_胡宇、钟葱、李卫卫、朱一栋,操纵市场,20171122,20171222,20171123,D14,,,,,,,,,,,,32370.0,73012.0,2.26,20.0,20.0,12.0,,,,,,,,,,
002721.SZ,金一文化,20231023_胡宇、钟葱、李卫卫、朱一栋,操纵市场,20171122,20171222,20171124,D14,,,,,,,,,,,,31901.0,74183.0,2.33,20.0,20.0,12.0,,,,,,,,,,
002721.SZ,金一文化,20231023_胡宇、钟葱、李卫卫、朱一栋,操纵市场,20171122,20171222,20171127,D14,,,,,,,,,,,,31232.0,75197.0,2.41,20.0,20.0,12.0,,,,,,,,,,
002721.SZ,金一文化,20231023_胡宇、钟葱、李卫卫、朱一栋,操纵市场,20171122,20171222,20171128,D14,,,,,,,,,,,,31900.0,74320.0,2.33,20.0,20.0,11.0,,,,,,,,,,
002721.SZ,金一文化,20231023_胡宇、钟葱、李卫卫、朱一栋,操纵市场,20171122,20171222,20171129,D14,,,,,,,,,,,,32533.0,73120.0,2.25,20.0,20.0,10.0,,,,,,,,,,
002721.SZ,金一文化,20231023_胡宇、钟葱、李卫卫、朱一栋,操纵市场,20171122,20171222,20171130,D14,,,,,,,,,,,,31721.0,72359.0,2.28,20.0,20.0,9.0,,,,,,,,,,
002721.SZ,金一文化,20231023_胡宇、钟葱、李卫卫、朱一栋,操纵市场,20171122,20171222,20171201,D14,,,,,,,,,,,,32228.0,70187.0,2.18,20.0,20.0,8.0,,,,,,,,,,
002721.SZ,金一文化,20231023_胡宇、钟葱、李卫卫、朱一栋,操纵市场,20171122,20171222,20171218,D11,,,,,,,0.78,2.68,0.246,0.546,10.0,,,,,,,,,,,,,,,,
002721.SZ,金一文化,20231023_胡宇、钟葱、李卫卫、朱一栋,操纵市场,20171122,20171222,20171219,D11,,,,,,,0.5,2.44,0.27,0.615,10.0,,,,,,,,,,,,,,,,
002721.SZ,金一文化,20231023_胡宇、钟葱、李卫卫、朱一栋,操纵市场,20171122,20171222,20171220,D10,,,2.09,,3.0,2.29,,,,,,,,,,,,,,,,,,,,,
002721.SZ,金一文化,20231023_胡宇、钟葱、李卫卫、朱一栋,操纵市场,20171122,20171222,20171220,D12,10.0,5.0,1.52,3.09,,,,,,,,,,,,,,,,,,,,,,,
002721.SZ,金一文化,20231023_胡宇、钟葱、李卫卫、朱一栋,操纵市场,20171122,20171222,20171221,D10,,,1.8,,3.0,1.5,,,,,,,,,,,,,,,,,,,,,
002721.SZ,金一文化,20231023_胡宇、钟葱、李卫卫、朱一栋,操纵市场,20171122,20171222,20171221,D12,10.0,6.0,1.61,3.09,,,,,,,,,,,,,,,,,,,,,,,
002721.SZ,金一文化,20231023_胡宇、钟葱、李卫卫、朱一栋,操纵市场,20171122,20171222,20171222,D12,10.0,7.0,1.76,3.09,,,,,,,,,,,,,,,,,,,,,,,
300289.SZ,利德曼,20240105_谭存灵、陈斌、单凯,操纵市场,20170220,20170322,20170220,D9,,,,,,,,,,,,,,1.35,,,,0.54,30157.94,22363.0,,,,,,,
300289.SZ,利德曼,20240105_谭存灵、陈斌、单凯,操纵市场,20170220,20170322,20170222,D10,,,1.43,,3.0,2.24,,,,,,,,,,,,,,,,,,,,,
300289.SZ,利德曼,20240105_谭存灵、陈斌、单凯,操纵市场,20170220,20170322,20170223,D10,,,1.49,,3.0,2.24,,,,,,,,,,,,,,,,,,,,,
300289.SZ,利德曼,20240105_谭存灵、陈斌、单凯,操纵市场,20170220,20170322,20170224,D10,,,1.34,,3.0,1.05,,,,,,,,,,,,,,,,,,,,,
300289.SZ,利德曼,20240105_谭存灵、陈斌、单凯,操纵市场,20170220,20170322,20170227,D10,,,1.33,,3.0,1.13,,,,,,,,,,,,,,,,,,,,,
300289.SZ,利德曼,20240105_谭存灵、陈斌、单凯,操纵市场,20170220,20170322,20170227,D13,,,,,5.0,,,,,,,,,,,,,,,,2.1,3.32,,,,,
300289.SZ,利德曼,20240105_谭存灵、陈斌、单凯,操纵市场,20170220,20170322,20170228,D13,,,,,5.0,,,,,,,,,,,,,,,,1.63,2.55,,,,,
300289.SZ,利德曼,20240105_谭存灵、陈斌、单凯,操纵市场,20170220,20170322,20170301,D10,,,1.46,,3.0,1.49,,,,,,,,,,,,,,,,,,,,,
300289.SZ,利德曼,20240105_谭存灵、陈斌、单凯,操纵市场,20170220,20170322,20170301,D12,10.0,8.0,1.28,2.19,,,,,,,,,,,,,,,,,,,,,,,
300289.SZ,利德曼,20240105_谭存灵、陈斌、单凯,操纵市场,20170220,20170322,20170301,D13,,,,,5.0,,,,,,,,,,,,,,,,1.82,2.71,,,,,
300289.SZ,利德曼,20240105_谭存灵、陈斌、单凯,操纵市场,20170220,20170322,20170302,D12,10.0,8.0,1.3,2.19,,,,,,,,,,,,,,,,,,,,,,,
300289.SZ,利德曼,20240105_谭存灵、陈斌、单凯,操纵市场,20170220,20170322,20170303,D12,10.0,8.0,1.34,2.19,,,,,,,,,,,,,,,,,,,,,,,
300289.SZ,利德曼,20240105_谭存灵、陈斌、单凯,操纵市场,20170220,20170322,20170306,D12,10.0,8.0,1.3,2.19,,,,,,,,,,,,,,,,,,,,,,,
300289.SZ,利德曼,20240105_谭存灵、陈斌、单凯,操纵市场,20170220,20170322,20170307,D12,10.0,8.0,1.24,2.19,,,,,,,,,,,,,,,,,,,,,,,
300289.SZ,利德曼,20240105_谭存灵、陈斌、单凯,操纵市场,20170220,20170322,20170308,D10,,,1.47,,3.0,1.28,,,,,,,,,,,,,,,,,,,,,
300289.SZ,利德曼,20240105_谭存灵、陈斌、单凯,操纵市场,20170220,20170322,20170308,D12,10.0,8.0,1.35,2.19,,,,,,,,,,,,,,,,,,,,,,,
300289.SZ,利德曼,20240105_谭存灵、陈斌、单凯,操纵市场,20170220,20170322,20170309,D10,,,1.7,,3.0,1.86,,,,,,,,,,,,,,,,,,,,,
300289.SZ,利德曼,20240105_谭存灵、陈斌、单凯,操纵市场,20170220,20170322,20170309,D12,10.0,8.0,1.37,2.19,,,,,,,,,,,,,,,,,,,,,,,
300289.SZ,利德曼,20240105_谭存灵、陈斌、单凯,操纵市场,20170220,20170322,20170310,D10,,,1.73,,3.0,1.86,,,,,,,,,,,,,,,,,,,,,
300289.SZ,利德曼,20240105_谭存灵、陈斌、单凯,操纵市场,20170220,20170322,20170310,D12,10.0,8.0,1.36,2.19,,,,,,,,,,,,,,,,,,,,,,,
300289.SZ,利德曼,20240105_谭存灵、陈斌、单凯,操纵市场,20170220,20170322,20170313,D12,10.0,7.0,1.34,2.19,,,,,,,,,,,,,,,,,,,,,,,
300289.SZ,利德曼,20240105_谭存灵、陈斌、单凯,操纵市场,20170220,20170322,20170314,D12,10.0,6.0,1.33,2.19,,,,,,,,,,,,,,,,,,,,,,,
300289.SZ,利德曼,20240105_谭存灵、陈斌、单凯,操纵市场,20170220,20170322,20170315,D12,10.0,5.0,1.2,2.18,,,,,,,,,,,,,,,,,,,,,,,
300289.SZ,利德曼,20240105_谭存灵、陈斌、单凯,操纵市场,20170220,20170322,20170316,D12,10.0,5.0,1.21,2.18,,,,,,,,,,,,,,,,,,,,,,,
300289.SZ,利德曼,20240105_谭存灵、陈斌、单凯,操纵市场,20170220,20170322,20170317,D12,10.0,5.0,1.21,2.18,,,,,,,,,,,,,,,,,,,,,,,
300289.SZ,利德曼,20240105_谭存灵、陈斌、单凯,操纵市场,20170220,20170322,20170320,D12,10.0,5.0,1.22,2.18,,,,,,,,,,,,,,,,,,,,,,,
300289.SZ,利德曼,20240105_谭存灵、陈斌、单凯,操纵市场,20170220,20170322,20170321,D12,10.0,5.0,1.22,2.18,,,,,,,,,,,,,,,,,,,,,,,
300289.SZ,利德曼,20240105_谭存灵、陈斌、单凯,操纵市场,20170220,20170322,20170322,D10,,,1.42,,3.0,1.63,,,,,,,,,,,,,,,,,,,,,
603159.SH,上海亚虹,20240115_张顺平,操纵市场,20180222,20180329,20180306,D9,,,,,,,,,,,,,,1.46,,,,1.44,10181.0,6959.0,,,,,,,
603159.SH,上海亚虹,20240115_张顺平,操纵市场,20180222,20180329,20180308,D9,,,,,,,,,,,,,,1.48,,,,1.89,9828.33,6650.0,,,,,,,
603159.SH,上海亚虹,20240115_张顺平,操纵市场,20180222,20180329,20180309,D12,10.0,5.0,1.3,3.31,,,,,,,,,,,,,,,,,,,,,,,
603159.SH,上海亚虹,20240115_张顺平,操纵市场,20180222,20180329,20180312,D11,,,,,,,2.55,10.14,0.757,0.58,10.0,,,,,,,,,,,,,,,,
603159.SH,上海亚虹,20240115_张顺平,操纵市场,20180222,20180329,20180312,D12,10.0,6.0,1.5,3.31,,,,,,,,,,,,,,,,,,,,,,,
603159.SH,上海亚虹,20240115_张顺平,操纵市场,20180222,20180329,20180313,D11,,,,,,,2.63,14.05,1.157,0.701,10.0,,,,,,,,,,,,,,,,
603159.SH,上海亚虹,20240115_张顺平,操纵市场,20180222,20180329,20180313,D12,10.0,7.0,1.77,3.55,,,,,,,,,,,,,,,,,,,,,,,
603159.SH,上海亚虹,20240115_张顺平,操纵市场,20180222,20180329,20180314,D11,,,,,,,2.84,7.22,1.05,0.609,10.0,,,,,,,,,,,,,,,,
603159.SH,上海亚虹,20240115_张顺平,操纵市场,20180222,20180329,20180314,D12,10.0,8.0,1.86,3.55,,,,,,,,,,,,,,,,,,,,,,,
603159.SH,上海亚虹,20240115_张顺平,操纵市场,20180222,20180329,20180315,D12,10.0,8.0,1.9,3.55,,,,,,,,,,,,,,,,,,,,,,,
603159.SH,上海亚虹,20240115_张顺平,操纵市场,20180222,20180329,20180316,D12,10.0,7.0,1.87,3.55,,,,,,,,,,,,,,,,,,,,,,,
603159.SH,上海亚虹,20240115_张顺平,操纵市场,20180222,20180329,20180319,D12,10.0,7.0,1.85,3.55,,,,,,,,,,,,,,,,,,,,,,,
603159.SH,上海亚虹,20240115_张顺平,操纵市场,20180222,20180329,20180320,D12,10.0,6.0,1.78,3.55,,,,,,,,,,,,,,,,,,,,,,,
603159.SH,上海亚虹,20240115_张顺平,操纵市场,20180222,20180329,20180321,D9,,,,,,,,,,,,,,1.3,,,,2.3,15414.0,11869.0,,,,,,,
603159.SH,上海亚虹,20240115_张顺平,操纵市场,20180222,20180329,20180321,D12,10.0,7.0,1.81,3.55,,,,,,,,,,,,,,,,,,,,,,,
603159.SH,上海亚虹,20240115_张顺平,操纵市场,20180222,20180329,20180322,D12,10.0,6.0,1.74,3.55,,,,,,,,,,,,,,,,,,,,,,,
603159.SH,上海亚虹,20240115_张顺平,操纵市场,20180222,20180329,20180323,D12,10.0,5.0,1.5,3.55,,,,,,,,,,,,,,,,,,,,,,,
603767.SH,中马传动,20240115_张顺平,操纵市场,20180219,20180325,20180306,D10,,,1.29,,3.0,1.37,,,,,,,,,,,,,,,,,,,,,
603767.SH,中马传动,20240115_张顺平,操纵市场,20180219,20180325,20180308,D9,,,,,,,,,,,,,,1.87,,,,1.89,24290.24,12970.0,,,,,,,
603767.SH,中马传动,20240115_张顺平,操纵市场,20180219,20180325,20180309,D11,,,,,,,2.33,4.26,0.232,0.545,10.0,,,,,,,,,,,,,,,,
603767.SH,中马传动,20240115_张顺平,操纵市场,20180219,20180325,20180312,D11,,,,,,,2.54,10.07,0.568,0.522,10.0,,,,,,,,,,,,,,,,
603767.SH,中马传动,20240115_张顺平,操纵市场,20180219,20180325,20180312,D12,10.0,7.0,1.45,3.41,,,,,,,,,,,,,,,,,,,,,,,
603767.SH,中马传动,20240115_张顺平,操纵市场,20180219,20180325,20180313,D11,,,,,,,1.96,5.71,0.587,0.547,10.0,,,,,,,,,,,,,,,,
603767.SH,中马传动,20240115_张顺平,操纵市场,20180219,20180325,20180313,D12,10.0,8.0,1.55,3.41,,,,,,,,,,,,,,,,,,,,,,,
603767.SH,中马传动,20240115_张顺平,操纵市场,20180219,20180325,20180314,D12,10.0,9.0,1.58,3.41,,,,,,,,,,,,,,,,,,,,,,,
603767.SH,中马传动,20240115_张顺平,操纵市场,20180219,20180325,20180315,D10,,,1.36,,3.0,2.54,,,,,,,,,,,,,,,,,,,,,
603767.SH,中马传动,20240115_张顺平,操纵市场,20180219,20180325,20180315,D12,10.0,9.0,1.59,3.41,,,,,,,,,,,,,,,,,,,,,,,
603767.SH,中马传动,20240115_张顺平,操纵市场,20180219,20180325,20180316,D12,10.0,9.0,1.63,3.41,,,,,,,,,,,,,,,,,,,,,,,
603767.SH,中马传动,20240115_张顺平,操纵市场,20180219,20180325,20180319,D12,10.0,8.0,1.62,3.41,,,,,,,,,,,,,,,,,,,,,,,
603767.SH,中马传动,20240115_张顺平,操纵市场,20180219,20180325,20180320,D12,10.0,7.0,1.54,3.41,,,,,,,,,,,,,,,,,,,,,,,
603767.SH,中马传动,20240115_张顺平,操纵市场,20180219,20180325,20180321,D9,,,,,,,,,,,,,,2.14,,,,1.53,43266.94,20250.0,,,,,,,
603767.SH,中马传动,20240115_张顺平,操纵市场,20180219,20180325,20180321,D12,10.0,8.0,1.66,3.41,,,,,,,,,,,,,,,,,,,,,,,
603767.SH,中马传动,20240115_张顺平,操纵市场,20180219,20180325,20180322,D12,10.0,8.0,1.74,3.41,,,,,,,,,,,,,,,,,,,,,,,
603767.SH,中马传动,20240115_张顺平,操纵市场,20180219,20180325,20180323,D12,10.0,8.0,1.76,3.41,,,,,,,,,,,,,,,,,,,,,,,
603877.SH,太平鸟,20240115_张顺平,操纵市场,20170611,20170715,20170629,D9,,,,,,,,,,,,,,1.35,,,,2.95,34645.32,25665.0,,,,,,,
603877.SH,太平鸟,20240115_张顺平,操纵市场,20170611,20170715,20170705,D10,,,1.87,,3.0,2.95,,,,,,,,,,,,,,,,,,,,,
603877.SH,太平鸟,20240115_张顺平,操纵市场,20170611,20170715,20170706,D10,,,1.78,,3.0,2.57,,,,,,,,,,,,,,,,,,,,,
603877.SH,太平鸟,20240115_张顺平,操纵市场,20170611,20170715,20170710,D9,,,,,,,,,,,,,,1.4,,,,2.24,41900.18,30021.0,,,,,,,
603665.SH,康隆达,20240115_张顺平,操纵市场,20170905,20171008,20170905,D12,10.0,7.0,1.27,2.04,,,,,,,,,,,,,,,,,,,,,,,
603665.SH,康隆达,20240115_张顺平,操纵市场,20170905,20171008,20170906,D12,10.0,8.0,1.48,2.86,,,,,,,,,,,,,,,,,,,,,,,
603665.SH,康隆达,20240115_张顺平,操纵市场,20170905,20171008,20170907,D12,10.0,9.0,1.56,2.86,,,,,,,,,,,,,,,,,,,,,,,
603665.SH,康隆达,20240115_张顺平,操纵市场,20170905,20171008,20170908,D12,10.0,8.0,1.53,2.86,,,,,,,,,,,,,,,,,,,,,,,
603665.SH,康隆达,20240115_张顺平,操纵市场,20170905,20171008,20170911,D12,10.0,7.0,1.4,2.86,,,,,,,,,,,,,,,,,,,,,,,
603665.SH,康隆达,20240115_张顺平,操纵市场,20170905,20171008,20170912,D12,10.0,7.0,1.3,2.86,,,,,,,,,,,,,,,,,,,,,,,
603665.SH,康隆达,20240115_张顺平,操纵市场,20170905,20171008,20170913,D12,10.0,7.0,1.33,2.86,,,,,,,,,,,,,,,,,,,,,,,
603665.SH,康隆达,20240115_张顺平,操纵市场,20170905,20171008,20170914,D12,10.0,7.0,1.31,2.86,,,,,,,,,,,,,,,,,,,,,,,
603665.SH,康隆达,20240115_张顺平,操纵市场,20170905,20171008,20170915,D12,10.0,6.0,1.27,2.86,,,,,,,,,,,,,,,,,,,,,,,
603665.SH,康隆达,20240115_张顺平,操纵市场,20170905,20171008,20170918,D12,10.0,6.0,1.23,2.86,,,,,,,,,,,,,,,,,,,,,,,
603665.SH,康隆达,20240115_张顺平,操纵市场,20170905,20171008,20170925,D10,,,2.03,,3.0,2.56,,,,,,,,,,,,,,,,,,,,,
603665.SH,康隆达,20240115_张顺平,操纵市场,20170905,20171008,20170925,D12,10.0,7.0,1.34,3.26,,,,,,,,,,,,,,,,,,,,,,,
603665.SH,康隆达,20240115_张顺平,操纵市场,20170905,20171008,20170926,D12,10.0,7.0,1.37,3.26,,,,,,,,,,,,,,,,,,,,,,,
603665.SH,康隆达,20240115_张顺平,操纵市场,20170905,20171008,20170927,D12,10.0,7.0,1.35,3.26,,,,,,,,,,,,,,,,,,,,,,,
603665.SH,康隆达,20240115_张顺平,操纵市场,20170905,20171008,20170928,D12,10.0,6.0,1.3,3.26,,,,,,,,,,,,,,,,,,,,,,,
603665.SH,康隆达,20240115_张顺平,操纵市场,20170905,20171008,20170929,D12,10.0,6.0,1.29,3.26,,,,,,,,,,,,,,,,,,,,,,,
603985.SH,恒润股份,20240115_张顺平,操纵市场,20180318,20180422,20180319,D12,10.0,6.0,1.28,1.71,,,,,,,,,,,,,,,,,,,,,,,
603985.SH,恒润股份,20240115_张顺平,操纵市场,20180318,20180422,20180320,D12,10.0,5.0,1.22,1.71,,,,,,,,,,,,,,,,,,,,,,,
603985.SH,恒润股份,20240115_张顺平,操纵市场,20180318,20180422,20180321,D9,,,,,,,,,,,,,,1.3,,,,0.47,5076.0,3898.0,,,,,,,
603985.SH,恒润股份,20240115_张顺平,操纵市场,20180318,20180422,20180321,D12,10.0,6.0,1.26,1.71,,,,,,,,,,,,,,,,,,,,,,,
603985.SH,恒润股份,20240115_张顺平,操纵市场,20180318,20180422,20180322,D12,10.0,6.0,1.22,1.71,,,,,,,,,,,,,,,,,,,,,,,
603985.SH,恒润股份,20240115_张顺平,操纵市场,20180318,20180422,20180323,D12,10.0,6.0,1.23,1.71,,,,,,,,,,,,,,,,,,,,,,,
603985.SH,恒润股份,20240115_张顺平,操纵市场,20180318,20180422,20180326,D12,10.0,6.0,1.21,1.71,,,,,,,,,,,,,,,,,,,,,,,
603985.SH,恒润股份,20240115_张顺平,操纵市场,20180318,20180422,20180402,D12,10.0,8.0,1.31,2.2,,,,,,,,,,,,,,,,,,,,,,,
603985.SH,恒润股份,20240115_张顺平,操纵市场,20180318,20180422,20180403,D10,,,2.08,,3.0,2.98,,,,,,,,,,,,,,,,,,,,,
603985.SH,恒润股份,20240115_张顺平,操纵市场,20180318,20180422,20180403,D12,10.0,9.0,1.49,2.68,,,,,,,,,,,,,,,,,,,,,,,
603985.SH,恒润股份,20240115_张顺平,操纵市场,20180318,20180422,20180404,D11,,,,,,,2.57,15.03,0.962,0.526,10.0,,,,,,,,,,,,,,,,
603985.SH,恒润股份,20240115_张顺平,操纵市场,20180318,20180422,20180404,D12,10.0,9.0,1.79,4.3,,,,,,,,,,,,,,,,,,,,,,,
603985.SH,恒润股份,20240115_张顺平,操纵市场,20180318,20180422,20180404,D14,,,,,,,,,,,,3389.0,6998.0,2.07,20.0,20.0,15.0,,,,,,,,,,
603985.SH,恒润股份,20240115_张顺平,操纵市场,20180318,20180422,20180409,D12,10.0,9.0,1.99,4.3,,,,,,,,,,,,,,,,,,,,,,,
603985.SH,恒润股份,20240115_张顺平,操纵市场,20180318,20180422,20180409,D14,,,,,,,,,,,,3373.0,8021.0,2.38,20.0,20.0,15.0,,,,,,,,,,
603985.SH,恒润股份,20240115_张顺平,操纵市场,20180318,20180422,20180410,D11,,,,,,,2.54,13.76,1.547,0.807,10.0,,,,,,,,,,,,,,,,
603985.SH,恒润股份,20240115_张顺平,操纵市场,20180318,20180422,20180410,D12,10.0,9.0,2.12,4.3,,,,,,,,,,,,,,,,,,,,,,,
603985.SH,恒润股份,20240115_张顺平,操纵市场,20180318,20180422,20180410,D14,,,,,,,,,,,,3468.0,9115.0,2.63,20.0,20.0,15.0,,,,,,,,,,
603985.SH,恒润股份,20240115_张顺平,操纵市场,20180318,20180422,20180411,D11,,,,,,,2.83,24.7,2.239,0.831,10.0,,,,,,,,,,,,,,,,
603985.SH,恒润股份,20240115_张顺平,操纵市场,20180318,20180422,20180411,D12,10.0,9.0,2.44,4.35,,,,,,,,,,,,,,,,,,,,,,,
603985.SH,恒润股份,20240115_张顺平,操纵市场,20180318,20180422,20180411,D14,,,,,,,,,,,,3552.0,11351.0,3.2,20.0,20.0,15.0,,,,,,,,,,
603985.SH,恒润股份,20240115_张顺平,操纵市场,20180318,20180422,20180412,D10,,,3.28,,3.0,1.37,,,,,,,,,,,,,,,,,,,,,
603985.SH,恒润股份,20240115_张顺平,操纵市场,20180318,20180422,20180412,D11,,,,,,,1.58,15.51,2.181,0.808,10.0,,,,,,,,,,,,,,,,
603985.SH,恒润股份,20240115_张顺平,操纵市场,20180318,20180422,20180412,D12,10.0,9.0,2.56,4.35,,,,,,,,,,,,,,,,,,,,,,,
603985.SH,恒润股份,20240115_张顺平,操纵市场,20180318,20180422,20180412,D14,,,,,,,,,,,,3552.0,12597.0,3.55,20.0,20.0,15.0,,,,,,,,,,
603985.SH,恒润股份,20240115_张顺平,操纵市场,20180318,20180422,20180413,D11,,,,,,,2.9,17.69,2.005,0.756,10.0,,,,,,,,,,,,,,,,
603985.SH,恒润股份,20240115_张顺平,操纵市场,20180318,20180422,20180413,D12,10.0,10.0,2.73,4.35,,,,,,,,,,,,,,,,,,,,,,,
603985.SH,恒润股份,20240115_张顺平,操纵市场,20180318,20180422,20180413,D14,,,,,,,,,,,,3523.0,14210.0,4.03,20.0,20.0,16.0,,,,,,,,,,
603985.SH,恒润股份,20240115_张顺平,操纵市场,20180318,20180422,20180416,D12,10.0,9.0,2.69,4.35,,,,,,,,,,,,,,,,,,,,,,,
603985.SH,恒润股份,20240115_张顺平,操纵市场,20180318,20180422,20180416,D14,,,,,,,,,,,,3689.0,14491.0,3.93,20.0,20.0,15.0,,,,,,,,,,
603985.SH,恒润股份,20240115_张顺平,操纵市场,20180318,20180422,20180417,D9,,,,,,,,,,,,,,2.19,,,,-0.24,35247.43,16127.0,,,,,,,
603985.SH,恒润股份,20240115_张顺平,操纵市场,20180318,20180422,20180417,D12,10.0,9.0,2.77,4.35,,,,,,,,,,,,,,,,,,,,,,,
603985.SH,恒润股份,20240115_张顺平,操纵市场,20180318,20180422,20180417,D14,,,,,,,,,,,,3638.0,16127.0,4.43,20.0,20.0,16.0,,,,,,,,,,
603985.SH,恒润股份,20240115_张顺平,操纵市场,20180318,20180422,20180418,D12,10.0,9.0,2.67,4.35,,,,,,,,,,,,,,,,,,,,,,,
603985.SH,恒润股份,20240115_张顺平,操纵市场,20180318,20180422,20180418,D14,,,,,,,,,,,,3667.0,16999.0,4.64,20.0,20.0,17.0,,,,,,,,,,
603985.SH,恒润股份,20240115_张顺平,操纵市场,20180318,20180422,20180419,D10,,,1.5,,3.0,2.2,,,,,,,,,,,,,,,,,,,,,
603985.SH,恒润股份,20240115_张顺平,操纵市场,20180318,20180422,20180419,D12,10.0,9.0,2.52,4.35,,,,,,,,,,,,,,,,,,,,,,,
603985.SH,恒润股份,20240115_张顺平,操纵市场,20180318,20180422,20180419,D14,,,,,,,,,,,,3718.0,17821.0,4.79,20.0,20.0,18.0,,,,,,,,,,
603985.SH,恒润股份,20240115_张顺平,操纵市场,20180318,20180422,20180420,D12,10.0,9.0,2.23,4.35,,,,,,,,,,,,,,,,,,,,,,,
603985.SH,恒润股份,20240115_张顺平,操纵市场,20180318,20180422,20180420,D14,,,,,,,,,,,,3898.0,18887.0,4.85,20.0,20.0,18.0,,,,,,,,,,
603218.SH,日月股份,20240115_张顺平,操纵市场,20170705,20170808,20170725,D10,,,1.52,,3.0,2.48,,,,,,,,,,,,,,,,,,,,,
603218.SH,日月股份,20240115_张顺平,操纵市场,20170705,20170808,20170727,D12,10.0,7.0,1.21,1.99,,,,,,,,,,,,,,,,,,,,,,,
603218.SH,日月股份,20240115_张顺平,操纵市场,20170705,20170808,20170728,D12,10.0,7.0,1.22,1.99,,,,,,,,,,,,,,,,,,,,,,,
603758.SH,秦安股份,20240115_张顺平,操纵市场,20180226,20180401,20180313,D10,,,1.23,,3.0,1.72,,,,,,,,,,,,,,,,,,,,,
603758.SH,秦安股份,20240115_张顺平,操纵市场,20180226,20180401,20180313,D11,,,,,,,2.13,3.32,0.17,0.739,10.0,,,,,,,,,,,,,,,,
603758.SH,秦安股份,20240115_张顺平,操纵市场,20180226,20180401,20180315,D11,,,,,,,1.99,6.49,0.634,0.577,10.0,,,,,,,,,,,,,,,,
603758.SH,秦安股份,20240115_张顺平,操纵市场,20180226,20180401,20180315,D12,10.0,5.0,1.3,3.58,,,,,,,,,,,,,,,,,,,,,,,
603758.SH,秦安股份,20240115_张顺平,操纵市场,20180226,20180401,20180316,D11,,,,,,,1.71,7.01,0.706,0.648,10.0,,,,,,,,,,,,,,,,
603758.SH,秦安股份,20240115_张顺平,操纵市场,20180226,20180401,20180316,D12,10.0,6.0,1.47,3.58,,,,,,,,,,,,,,,,,,,,,,,
603758.SH,秦安股份,20240115_张顺平,操纵市场,20180226,20180401,20180319,D11,,,,,,,2.49,9.61,0.84,0.719,10.0,,,,,,,,,,,,,,,,
603758.SH,秦安股份,20240115_张顺平,操纵市场,20180226,20180401,20180319,D12,10.0,7.0,1.69,3.58,,,,,,,,,,,,,,,,,,,,,,,
603758.SH,秦安股份,20240115_张顺平,操纵市场,20180226,20180401,20180320,D11,,,,,,,2.27,9.33,0.915,0.773,10.0,,,,,,,,,,,,,,,,
603758.SH,秦安股份,20240115_张顺平,操纵市场,20180226,20180401,20180320,D12,10.0,8.0,1.85,3.58,,,,,,,,,,,,,,,,,,,,,,,
603758.SH,秦安股份,20240115_张顺平,操纵市场,20180226,20180401,20180321,D11,,,,,,,2.23,8.0,0.82,0.69,10.0,,,,,,,,,,,,,,,,
603758.SH,秦安股份,20240115_张顺平,操纵市场,20180226,20180401,20180321,D12,10.0,9.0,1.97,3.58,,,,,,,,,,,,,,,,,,,,,,,
603758.SH,秦安股份,20240115_张顺平,操纵市场,20180226,20180401,20180322,D12,10.0,10.0,2.04,3.58,,,,,,,,,,,,,,,,,,,,,,,
603758.SH,秦安股份,20240115_张顺平,操纵市场,20180226,20180401,20180323,D12,10.0,10.0,2.05,3.58,,,,,,,,,,,,,,,,,,,,,,,
603758.SH,秦安股份,20240115_张顺平,操纵市场,20180226,20180401,20180326,D12,10.0,10.0,2.15,3.58,,,,,,,,,,,,,,,,,,,,,,,
603758.SH,秦安股份,20240115_张顺平,操纵市场,20180226,20180401,20180327,D12,10.0,10.0,2.3,3.58,,,,,,,,,,,,,,,,,,,,,,,
603758.SH,秦安股份,20240115_张顺平,操纵市场,20180226,20180401,20180328,D10,,,2.24,,3.0,1.9,,,,,,,,,,,,,,,,,,,,,
603758.SH,秦安股份,20240115_张顺平,操纵市场,20180226,20180401,20180328,D12,10.0,10.0,2.11,2.9,,,,,,,,,,,,,,,,,,,,,,,
603758.SH,秦安股份,20240115_张顺平,操纵市场,20180226,20180401,20180329,D10,,,2.14,,3.0,1.44,,,,,,,,,,,,,,,,,,,,,
603758.SH,秦安股份,20240115_张顺平,操纵市场,20180226,20180401,20180329,D12,10.0,10.0,2.07,2.9,,,,,,,,,,,,,,,,,,,,,,,
603758.SH,秦安股份,20240115_张顺平,操纵市场,20180226,20180401,20180330,D10,,,1.56,,3.0,1.68,,,,,,,,,,,,,,,,,,,,,
603758.SH,秦安股份,20240115_张顺平,操纵市场,20180226,20180401,20180330,D12,10.0,10.0,1.96,2.9,,,,,,,,,,,,,,,,,,,,,,,
603758.SH,秦安股份,20240115_张顺平,操纵市场,20180226,20180401,20180330,D14,,,,,,,,,,,,19913.0,41731.0,2.1,20.0,20.0,16.0,,,,,,,,,,
603116.SH,红蜻蜓,20240115_张顺平,操纵市场,20170709,20170812,20170711,D9,,,,,,,,,,,,,,1.45,,,,0.28,29306.75,20229.0,,,,,,,
603116.SH,红蜻蜓,20240115_张顺平,操纵市场,20170709,20170812,20170724,D9,,,,,,,,,,,,,,1.47,,,,1.52,31168.24,21138.0,,,,,,,
603116.SH,红蜻蜓,20240115_张顺平,操纵市场,20170709,20170812,20170727,D12,10.0,5.0,1.3,2.57,,,,,,,,,,,,,,,,,,,,,,,
603116.SH,红蜻蜓,20240115_张顺平,操纵市场,20170709,20170812,20170728,D10,,,1.7,,3.0,1.0,,,,,,,,,,,,,,,,,,,,,
603116.SH,红蜻蜓,20240115_张顺平,操纵市场,20170709,20170812,20170728,D12,10.0,6.0,1.39,2.57,,,,,,,,,,,,,,,,,,,,,,,
603116.SH,红蜻蜓,20240115_张顺平,操纵市场,20170709,20170812,20170731,D10,,,1.61,,3.0,1.0,,,,,,,,,,,,,,,,,,,,,
603116.SH,红蜻蜓,20240115_张顺平,操纵市场,20170709,20170812,20170731,D11,,,,,,,0.88,2.35,0.231,0.589,10.0,,,,,,,,,,,,,,,,
603116.SH,红蜻蜓,20240115_张顺平,操纵市场,20170709,20170812,20170731,D12,10.0,6.0,1.38,2.57,,,,,,,,,,,,,,,,,,,,,,,
603116.SH,红蜻蜓,20240115_张顺平,操纵市场,20170709,20170812,20170801,D12,10.0,6.0,1.39,2.57,,,,,,,,,,,,,,,,,,,,,,,
603116.SH,红蜻蜓,20240115_张顺平,操纵市场,20170709,20170812,20170802,D12,10.0,6.0,1.39,2.57,,,,,,,,,,,,,,,,,,,,,,,
603116.SH,红蜻蜓,20240115_张顺平,操纵市场,20170709,20170812,20170803,D12,10.0,6.0,1.35,2.57,,,,,,,,,,,,,,,,,,,,,,,
603116.SH,红蜻蜓,20240115_张顺平,操纵市场,20170709,20170812,20170808,D12,10.0,6.0,1.36,2.57,,,,,,,,,,,,,,,,,,,,,,,
603116.SH,红蜻蜓,20240115_张顺平,操纵市场,20170709,20170812,20170809,D12,10.0,5.0,1.27,2.57,,,,,,,,,,,,,,,,,,,,,,,
603518.SH,维格娜丝,20240115_张顺平,操纵市场,20170710,20170813,20170721,D9,,,,,,,,,,,,,,1.23,,,,1.35,9795.76,7963.0,,,,,,,
603518.SH,维格娜丝,20240115_张顺平,操纵市场,20170710,20170813,20170804,D11,,,,,,,1.06,3.71,0.257,0.626,10.0,,,,,,,,,,,,,,,,
603518.SH,维格娜丝,20240115_张顺平,操纵市场,20170710,20170813,20170804,D12,10.0,5.0,1.21,2.22,,,,,,,,,,,,,,,,,,,,,,,
603518.SH,维格娜丝,20240115_张顺平,操纵市场,20170710,20170813,20170807,D12,10.0,6.0,1.25,2.22,,,,,,,,,,,,,,,,,,,,,,,
603518.SH,维格娜丝,20240115_张顺平,操纵市场,20170710,20170813,20170808,D10,,,1.83,,3.0,2.74,,,,,,,,,,,,,,,,,,,,,
603518.SH,维格娜丝,20240115_张顺平,操纵市场,20170710,20170813,20170808,D11,,,,,,,0.81,3.78,0.273,0.589,10.0,,,,,,,,,,,,,,,,
603518.SH,维格娜丝,20240115_张顺平,操纵市场,20170710,20170813,20170808,D12,10.0,7.0,1.37,2.22,,,,,,,,,,,,,,,,,,,,,,,
603518.SH,维格娜丝,20240115_张顺平,操纵市场,20170710,20170813,20170809,D10,,,1.69,,3.0,2.74,,,,,,,,,,,,,,,,,,,,,
603518.SH,维格娜丝,20240115_张顺平,操纵市场,20170710,20170813,20170809,D11,,,,,,,1.52,3.37,0.246,0.538,10.0,,,,,,,,,,,,,,,,
603518.SH,维格娜丝,20240115_张顺平,操纵市场,20170710,20170813,20170809,D12,10.0,8.0,1.49,2.22,,,,,,,,,,,,,,,,,,,,,,,
603518.SH,维格娜丝,20240115_张顺平,操纵市场,20170710,20170813,20170810,D10,,,1.64,,3.0,2.93,,,,,,,,,,,,,,,,,,,,,
603518.SH,维格娜丝,20240115_张顺平,操纵市场,20170710,20170813,20170810,D12,10.0,8.0,1.49,2.22,,,,,,,,,,,,,,,,,,,,,,,
603518.SH,维格娜丝,20240115_张顺平,操纵市场,20170710,20170813,20170811,D12,10.0,7.0,1.48,2.22,,,,,,,,,,,,,,,,,,,,,,,
603586.SH,金麒麟,20240115_张顺平,操纵市场,20170807,20170910,20170816,D9,,,,,,,,,,,,,,1.22,,,,1.02,20014.68,16392.0,,,,,,,
603586.SH,金麒麟,20240115_张顺平,操纵市场,20170807,20170910,20170818,D10,,,1.35,,3.0,1.02,,,,,,,,,,,,,,,,,,,,,
603586.SH,金麒麟,20240115_张顺平,操纵市场,20170807,20170910,20170821,D10,,,1.34,,3.0,0.67,,,,,,,,,,,,,,,,,,,,,
603586.SH,金麒麟,20240115_张顺平,操纵市场,20170807,20170910,20170822,D10,,,1.63,,3.0,1.43,,,,,,,,,,,,,,,,,,,,,
603586.SH,金麒麟,20240115_张顺平,操纵市场,20170807,20170910,20170822,D11,,,,,,,2.02,6.79,0.367,0.53,10.0,,,,,,,,,,,,,,,,
603586.SH,金麒麟,20240115_张顺平,操纵市场,20170807,20170910,20170822,D13,,,,,5.0,,,,,,,,,,,,,,,,2.2,3.49,,,,,
603586.SH,金麒麟,20240115_张顺平,操纵市场,20170807,20170910,20170823,D10,,,1.48,,3.0,1.43,,,,,,,,,,,,,,,,,,,,,
603586.SH,金麒麟,20240115_张顺平,操纵市场,20170807,20170910,20170823,D13,,,,,5.0,,,,,,,,,,,,,,,,2.4,3.49,,,,,
603586.SH,金麒麟,20240115_张顺平,操纵市场,20170807,20170910,20170824,D10,,,1.45,,3.0,1.99,,,,,,,,,,,,,,,,,,,,,
603586.SH,金麒麟,20240115_张顺平,操纵市场,20170807,20170910,20170824,D13,,,,,5.0,,,,,,,,,,,,,,,,2.75,3.49,,,,,
603586.SH,金麒麟,20240115_张顺平,操纵市场,20170807,20170910,20170825,D11,,,,,,,1.89,7.47,0.422,0.5,10.0,,,,,,,,,,,,,,,,
603586.SH,金麒麟,20240115_张顺平,操纵市场,20170807,20170910,20170825,D12,10.0,8.0,1.3,2.13,,,,,,,,,,,,,,,,,,,,,,,
603586.SH,金麒麟,20240115_张顺平,操纵市场,20170807,20170910,20170825,D13,,,,,5.0,,,,,,,,,,,,,,,,2.95,3.89,,,,,
603586.SH,金麒麟,20240115_张顺平,操纵市场,20170807,20170910,20170828,D11,,,,,,,2.18,9.09,0.529,0.549,10.0,,,,,,,,,,,,,,,,
603586.SH,金麒麟,20240115_张顺平,操纵市场,20170807,20170910,20170828,D12,10.0,9.0,1.48,2.37,,,,,,,,,,,,,,,,,,,,,,,
603586.SH,金麒麟,20240115_张顺平,操纵市场,20170807,20170910,20170829,D12,10.0,10.0,1.71,3.02,,,,,,,,,,,,,,,,,,,,,,,
603586.SH,金麒麟,20240115_张顺平,操纵市场,20170807,20170910,20170830,D10,,,2.25,,3.0,2.7,,,,,,,,,,,,,,,,,,,,,
603586.SH,金麒麟,20240115_张顺平,操纵市场,20170807,20170910,20170830,D12,10.0,10.0,1.72,3.02,,,,,,,,,,,,,,,,,,,,,,,
603586.SH,金麒麟,20240115_张顺平,操纵市场,20170807,20170910,20170831,D10,,,1.88,,3.0,2.06,,,,,,,,,,,,,,,,,,,,,
603586.SH,金麒麟,20240115_张顺平,操纵市场,20170807,20170910,20170831,D12,10.0,10.0,1.74,3.02,,,,,,,,,,,,,,,,,,,,,,,
603586.SH,金麒麟,20240115_张顺平,操纵市场,20170807,20170910,20170831,D13,,,,,5.0,,,,,,,,,,,,,,,,3.32,4.79,,,,,
603586.SH,金麒麟,20240115_张顺平,操纵市场,20170807,20170910,20170901,D12,10.0,9.0,1.66,3.02,,,,,,,,,,,,,,,,,,,,,,,
603586.SH,金麒麟,20240115_张顺平,操纵市场,20170807,20170910,20170904,D12,10.0,8.0,1.62,3.02,,,,,,,,,,,,,,,,,,,,,,,
603586.SH,金麒麟,20240115_张顺平,操纵市场,20170807,20170910,20170905,D12,10.0,7.0,1.48,3.02,,,,,,,,,,,,,,,,,,,,,,,
603586.SH,金麒麟,20240115_张顺平,操纵市场,20170807,20170910,20170906,D12,10.0,6.0,1.44,3.02,,,,,,,,,,,,,,,,,,,,,,,
603586.SH,金麒麟,20240115_张顺平,操纵市场,20170807,20170910,20170907,D9,,,,,,,,,,,,,,1.42,,,,0.58,38381.45,26996.0,,,,,,,
603586.SH,金麒麟,20240115_张顺平,操纵市场,20170807,20170910,20170907,D12,10.0,6.0,1.48,3.02,,,,,,,,,,,,,,,,,,,,,,,
603586.SH,金麒麟,20240115_张顺平,操纵市场,20170807,20170910,20170908,D12,10.0,6.0,1.37,3.02,,,,,,,,,,,,,,,,,,,,,,,
603926.SH,铁流股份,20240115_张顺平,操纵市场,20170731,20170903,20170815,D9,,,,,,,,,,,,,,1.33,,,,0.67,13314.29,9981.0,,,,,,,
603926.SH,铁流股份,20240115_张顺平,操纵市场,20170731,20170903,20170818,D11,,,,,,,2.7,9.86,1.029,0.692,10.0,,,,,,,,,,,,,,,,
603926.SH,铁流股份,20240115_张顺平,操纵市场,20170731,20170903,20170821,D11,,,,,,,2.5,13.91,1.339,0.806,10.0,,,,,,,,,,,,,,,,
603926.SH,铁流股份,20240115_张顺平,操纵市场,20170731,20170903,20170821,D12,10.0,5.0,1.59,3.1,,,,,,,,,,,,,,,,,,,,,,,
603926.SH,铁流股份,20240115_张顺平,操纵市场,20170731,20170903,20170822,D11,,,,,,,2.53,19.59,1.81,0.854,10.0,,,,,,,,,,,,,,,,
603926.SH,铁流股份,20240115_张顺平,操纵市场,20170731,20170903,20170822,D12,10.0,6.0,1.87,3.48,,,,,,,,,,,,,,,,,,,,,,,
603926.SH,铁流股份,20240115_张顺平,操纵市场,20170731,20170903,20170823,D11,,,,,,,2.89,13.06,1.72,0.811,10.0,,,,,,,,,,,,,,,,
603926.SH,铁流股份,20240115_张顺平,操纵市场,20170731,20170903,20170823,D12,10.0,7.0,2.02,3.48,,,,,,,,,,,,,,,,,,,,,,,
603926.SH,铁流股份,20240115_张顺平,操纵市场,20170731,20170903,20170824,D12,10.0,8.0,2.07,3.48,,,,,,,,,,,,,,,,,,,,,,,
603926.SH,铁流股份,20240115_张顺平,操纵市场,20170731,20170903,20170825,D12,10.0,8.0,2.07,3.48,,,,,,,,,,,,,,,,,,,,,,,
603926.SH,铁流股份,20240115_张顺平,操纵市场,20170731,20170903,20170828,D9,,,,,,,,,,,,,,1.42,,,,3.0,28868.2,20309.0,,,,,,,
603926.SH,铁流股份,20240115_张顺平,操纵市场,20170731,20170903,20170828,D12,10.0,9.0,2.14,3.48,,,,,,,,,,,,,,,,,,,,,,,
603926.SH,铁流股份,20240115_张顺平,操纵市场,20170731,20170903,20170829,D12,10.0,9.0,2.2,3.48,,,,,,,,,,,,,,,,,,,,,,,
603926.SH,铁流股份,20240115_张顺平,操纵市场,20170731,20170903,20170830,D12,10.0,8.0,2.04,3.48,,,,,,,,,,,,,,,,,,,,,,,
603926.SH,铁流股份,20240115_张顺平,操纵市场,20170731,20170903,20170831,D12,10.0,8.0,1.85,3.48,,,,,,,,,,,,,,,,,,,,,,,
603926.SH,铁流股份,20240115_张顺平,操纵市场,20170731,20170903,20170901,D12,10.0,7.0,1.71,3.48,,,,,,,,,,,,,,,,,,,,,,,
300495.SZ,美尚生态,20240116_王迎燕、季云,操纵市场,20180528,20180701,20180528,D10,,,1.62,,3.0,2.46,,,,,,,,,,,,,,,,,,,,,
300495.SZ,美尚生态,20240116_王迎燕、季云,操纵市场,20180528,20180701,20180528,D12,10.0,7.0,1.27,2.01,,,,,,,,,,,,,,,,,,,,,,,
300495.SZ,美尚生态,20240116_王迎燕、季云,操纵市场,20180528,20180701,20180529,D10,,,1.63,,3.0,2.87,,,,,,,,,,,,,,,,,,,,,
300495.SZ,美尚生态,20240116_王迎燕、季云,操纵市场,20180528,20180701,20180529,D12,10.0,7.0,1.29,2.01,,,,,,,,,,,,,,,,,,,,,,,
300495.SZ,美尚生态,20240116_王迎燕、季云,操纵市场,20180528,20180701,20180614,D9,,,,,,,,,,,,,,1.3,,,,1.79,52694.04,40427.0,,,,,,,
300495.SZ,美尚生态,20240116_王迎燕、季云,操纵市场,20180528,20180701,20180619,D12,10.0,5.0,1.56,6.09,,,,,,,,,,,,,,,,,,,,,,,
300495.SZ,美尚生态,20240116_王迎燕、季云,操纵市场,20180528,20180701,20180620,D12,10.0,6.0,1.7,6.09,,,,,,,,,,,,,,,,,,,,,,,
300495.SZ,美尚生态,20240116_王迎燕、季云,操纵市场,20180528,20180701,20180620,D14,,,,,,,,,,,,22664.0,46578.0,2.06,20.0,20.0,12.0,,,,,,,,,,
300495.SZ,美尚生态,20240116_王迎燕、季云,操纵市场,20180528,20180701,20180621,D12,10.0,7.0,1.78,6.09,,,,,,,,,,,,,,,,,,,,,,,
300495.SZ,美尚生态,20240116_王迎燕、季云,操纵市场,20180528,20180701,20180621,D14,,,,,,,,,,,,22076.0,48264.0,2.19,20.0,20.0,12.0,,,,,,,,,,
300495.SZ,美尚生态,20240116_王迎燕、季云,操纵市场,20180528,20180701,20180622,D12,10.0,6.0,1.72,6.09,,,,,,,,,,,,,,,,,,,,,,,
300495.SZ,美尚生态,20240116_王迎燕、季云,操纵市场,20180528,20180701,20180622,D14,,,,,,,,,,,,22841.0,47346.0,2.07,20.0,20.0,11.0,,,,,,,,,,
300495.SZ,美尚生态,20240116_王迎燕、季云,操纵市场,20180528,20180701,20180625,D9,,,,,,,,,,,,,,1.82,,,,2.62,91582.37,50245.0,,,,,,,
300495.SZ,美尚生态,20240116_王迎燕、季云,操纵市场,20180528,20180701,20180625,D12,10.0,7.0,1.81,6.09,,,,,,,,,,,,,,,,,,,,,,,
300495.SZ,美尚生态,20240116_王迎燕、季云,操纵市场,20180528,20180701,20180625,D14,,,,,,,,,,,,23498.0,50245.0,2.14,20.0,20.0,11.0,,,,,,,,,,
300495.SZ,美尚生态,20240116_王迎燕、季云,操纵市场,20180528,20180701,20180626,D12,10.0,6.0,1.26,2.5,,,,,,,,,,,,,,,,,,,,,,,
300495.SZ,美尚生态,20240116_王迎燕、季云,操纵市场,20180528,20180701,20180626,D14,,,,,,,,,,,,24516.0,49937.0,2.04,20.0,20.0,10.0,,,,,,,,,,
300495.SZ,美尚生态,20240116_王迎燕、季云,操纵市场,20180528,20180701,20180627,D12,10.0,6.0,1.28,2.61,,,,,,,,,,,,,,,,,,,,,,,
300495.SZ,美尚生态,20240116_王迎燕、季云,操纵市场,20180528,20180701,20180627,D14,,,,,,,,,,,,25221.0,54823.0,2.17,20.0,20.0,10.0,,,,,,,,,,
300495.SZ,美尚生态,20240116_王迎燕、季云,操纵市场,20180528,20180701,20180628,D12,10.0,7.0,1.3,2.61,,,,,,,,,,,,,,,,,,,,,,,
300495.SZ,美尚生态,20240116_王迎燕、季云,操纵市场,20180528,20180701,20180628,D14,,,,,,,,,,,,26453.0,56237.0,2.13,20.0,20.0,10.0,,,,,,,,,,
300495.SZ,美尚生态,20240116_王迎燕、季云,操纵市场,20180528,20180701,20180629,D12,10.0,6.0,1.24,2.61,,,,,,,,,,,,,,,,,,,,,,,
300495.SZ,美尚生态,20240116_王迎燕、季云,操纵市场,20180528,20180701,20180629,D14,,,,,,,,,,,,26665.0,57232.0,2.15,20.0,20.0,10.0,,,,,,,,,,
002730.SZ,电光科技,20240301_王斌,操纵市场,20201130,20201230,20201202,D9,,,,,,,,,,,,,,1.3,,,,-1.8,102925.13,78948.0,,,,,,,
002730.SZ,电光科技,20240301_王斌,操纵市场,20201130,20201230,20201228,D8,,,,,,,,,,,,,,,,,,,30454.02,,,,0.35,88170.0,2.03,0.99,3.0
002730.SZ,电光科技,20240301_王斌,操纵市场,20201130,20201230,20201229,D8,,,,,,,,,,,,,,,,,,,30454.02,,,,0.35,88170.0,2.03,0.99,3.0
002730.SZ,电光科技,20240301_王斌,操纵市场,20201130,20201230,20201230,D8,,,,,,,,,,,,,,,,,,,24990.89,,,,0.3,83838.0,2.46,0.81,3.0
002321.SZ,华英农业,20240429_张智,操纵市场,20170402,20170502,20170421,D11,,,,,,,2.28,5.83,0.487,0.517,10.0,,,,,,,,,,,,,,,,
002321.SZ,华英农业,20240429_张智,操纵市场,20170402,20170502,20170428,D9,,,,,,,,,,,,,,1.47,,,,0.0,172765.78,117704.0,,,,,,,
600735.SH,新华锦,20240508_姜新、陈征、谢刚,操纵市场,20160627,20160727,20160628,D14,,,,,,,,,,,,52120.0,108558.0,2.08,20.0,20.0,15.0,,,,,,,,,,
600735.SH,新华锦,20240508_姜新、陈征、谢刚,操纵市场,20160627,20160727,20160629,D14,,,,,,,,,,,,50405.0,112146.0,2.22,20.0,20.0,15.0,,,,,,,,,,
600735.SH,新华锦,20240508_姜新、陈征、谢刚,操纵市场,20160627,20160727,20160630,D14,,,,,,,,,,,,51090.0,110532.0,2.16,20.0,20.0,14.0,,,,,,,,,,
600735.SH,新华锦,20240508_姜新、陈征、谢刚,操纵市场,20160627,20160727,20160718,D12,10.0,5.0,1.26,2.36,,,,,,,,,,,,,,,,,,,,,,,
600735.SH,新华锦,20240508_姜新、陈征、谢刚,操纵市场,20160627,20160727,20160719,D12,10.0,5.0,1.27,2.36,,,,,,,,,,,,,,,,,,,,,,,
600735.SH,新华锦,20240508_姜新、陈征、谢刚,操纵市场,20160627,20160727,20160720,D12,10.0,6.0,1.31,2.36,,,,,,,,,,,,,,,,,,,,,,,
600735.SH,新华锦,20240508_姜新、陈征、谢刚,操纵市场,20160627,20160727,20160721,D12,10.0,6.0,1.31,2.36,,,,,,,,,,,,,,,,,,,,,,,
600735.SH,新华锦,20240508_姜新、陈征、谢刚,操纵市场,20160627,20160727,20160722,D12,10.0,7.0,1.41,2.36,,,,,,,,,,,,,,,,,,,,,,,
600735.SH,新华锦,20240508_姜新、陈征、谢刚,操纵市场,20160627,20160727,20160725,D12,10.0,8.0,1.52,2.36,,,,,,,,,,,,,,,,,,,,,,,
600735.SH,新华锦,20240508_姜新、陈征、谢刚,操纵市场,20160627,20160727,20160726,D12,10.0,8.0,1.47,2.36,,,,,,,,,,,,,,,,,,,,,,,
600735.SH,新华锦,20240508_姜新、陈征、谢刚,操纵市场,20160627,20160727,20160727,D12,10.0,8.0,1.53,2.36,,,,,,,,,,,,,,,,,,,,,,,
002713.SZ,东易日盛,20240511_郑永添、朱阳、林进叠、林政清、陈泽鑫、蒲秀鹏、罗健灿、杭启飞,操纵市场,20220420,20220520,20220511,D12,10.0,6.0,1.63,5.59,,,,,,,,,,,,,,,,,,,,,,,
002713.SZ,东易日盛,20240511_郑永添、朱阳、林进叠、林政清、陈泽鑫、蒲秀鹏、罗健灿、杭启飞,操纵市场,20220420,20220520,20220512,D12,10.0,7.0,2.02,5.59,,,,,,,,,,,,,,,,,,,,,,,
002713.SZ,东易日盛,20240511_郑永添、朱阳、林进叠、林政清、陈泽鑫、蒲秀鹏、罗健灿、杭启飞,操纵市场,20220420,20220520,20220513,D11,,,,,,,1.67,9.53,0.823,0.593,10.0,,,,,,,,,,,,,,,,
002713.SZ,东易日盛,20240511_郑永添、朱阳、林进叠、林政清、陈泽鑫、蒲秀鹏、罗健灿、杭启飞,操纵市场,20220420,20220520,20220513,D12,10.0,8.0,2.45,5.59,,,,,,,,,,,,,,,,,,,,,,,
002713.SZ,东易日盛,20240511_郑永添、朱阳、林进叠、林政清、陈泽鑫、蒲秀鹏、罗健灿、杭启飞,操纵市场,20220420,20220520,20220516,D12,10.0,7.0,2.27,5.59,,,,,,,,,,,,,,,,,,,,,,,
002713.SZ,东易日盛,20240511_郑永添、朱阳、林进叠、林政清、陈泽鑫、蒲秀鹏、罗健灿、杭启飞,操纵市场,20220420,20220520,20220517,D12,10.0,6.0,2.19,5.59,,,,,,,,,,,,,,,,,,,,,,,
002713.SZ,东易日盛,20240511_郑永添、朱阳、林进叠、林政清、陈泽鑫、蒲秀鹏、罗健灿、杭启飞,操纵市场,20220420,20220520,20220518,D12,10.0,6.0,2.46,5.59,,,,,,,,,,,,,,,,,,,,,,,
002713.SZ,东易日盛,20240511_郑永添、朱阳、林进叠、林政清、陈泽鑫、蒲秀鹏、罗健灿、杭启飞,操纵市场,20220420,20220520,20220518,D14,,,,,,,,,,,,41353.0,89503.0,2.16,20.0,20.0,9.0,,,,,,,,,,
002713.SZ,东易日盛,20240511_郑永添、朱阳、林进叠、林政清、陈泽鑫、蒲秀鹏、罗健灿、杭启飞,操纵市场,20220420,20220520,20220519,D12,10.0,6.0,2.58,5.59,,,,,,,,,,,,,,,,,,,,,,,
002713.SZ,东易日盛,20240511_郑永添、朱阳、林进叠、林政清、陈泽鑫、蒲秀鹏、罗健灿、杭启飞,操纵市场,20220420,20220520,20220519,D14,,,,,,,,,,,,39597.0,99920.0,2.52,20.0,20.0,10.0,,,,,,,,,,
002713.SZ,东易日盛,20240511_郑永添、朱阳、林进叠、林政清、陈泽鑫、蒲秀鹏、罗健灿、杭启飞,操纵市场,20220420,20220520,20220520,D10,,,2.61,,3.0,2.22,,,,,,,,,,,,,,,,,,,,,
002713.SZ,东易日盛,20240511_郑永添、朱阳、林进叠、林政清、陈泽鑫、蒲秀鹏、罗健灿、杭启飞,操纵市场,20220420,20220520,20220520,D12,10.0,6.0,2.57,5.59,,,,,,,,,,,,,,,,,,,,,,,
002713.SZ,东易日盛,20240511_郑永添、朱阳、林进叠、林政清、陈泽鑫、蒲秀鹏、罗健灿、杭启飞,操纵市场,20220420,20220520,20220520,D14,,,,,,,,,,,,38802.0,106907.0,2.76,20.0,20.0,11.0,,,,,,,,,,
002403.SZ,爱仕达,20240511_郑永添、朱阳、林进叠、林政清、陈泽鑫、蒲秀鹏、罗健灿、杭启飞,操纵市场,20220411,20220511,20220411,D14,,,,,,,,,,,,13490.0,40299.0,2.99,20.0,20.0,10.0,,,,,,,,,,
002403.SZ,爱仕达,20240511_郑永添、朱阳、林进叠、林政清、陈泽鑫、蒲秀鹏、罗健灿、杭启飞,操纵市场,20220411,20220511,20220412,D14,,,,,,,,,,,,14867.0,39547.0,2.66,20.0,20.0,9.0,,,,,,,,,,
002403.SZ,爱仕达,20240511_郑永添、朱阳、林进叠、林政清、陈泽鑫、蒲秀鹏、罗健灿、杭启飞,操纵市场,20220411,20220511,20220413,D14,,,,,,,,,,,,16461.0,40771.0,2.48,20.0,20.0,9.0,,,,,,,,,,
002403.SZ,爱仕达,20240511_郑永添、朱阳、林进叠、林政清、陈泽鑫、蒲秀鹏、罗健灿、杭启飞,操纵市场,20220411,20220511,20220418,D9,,,,,,,,,,,,,,1.73,,,,0.68,62827.02,36357.0,,,,,,,
002403.SZ,爱仕达,20240511_郑永添、朱阳、林进叠、林政清、陈泽鑫、蒲秀鹏、罗健灿、杭启飞,操纵市场,20220411,20220511,20220420,D10,,,1.4,,3.0,1.22,,,,,,,,,,,,,,,,,,,,,
002403.SZ,爱仕达,20240511_郑永添、朱阳、林进叠、林政清、陈泽鑫、蒲秀鹏、罗健灿、杭启飞,操纵市场,20220411,20220511,20220421,D10,,,1.21,,3.0,1.62,,,,,,,,,,,,,,,,,,,,,
002403.SZ,爱仕达,20240511_郑永添、朱阳、林进叠、林政清、陈泽鑫、蒲秀鹏、罗健灿、杭启飞,操纵市场,20220411,20220511,20220422,D12,10.0,7.0,1.23,2.28,,,,,,,,,,,,,,,,,,,,,,,
002403.SZ,爱仕达,20240511_郑永添、朱阳、林进叠、林政清、陈泽鑫、蒲秀鹏、罗健灿、杭启飞,操纵市场,20220411,20220511,20220425,D12,10.0,8.0,1.4,2.28,,,,,,,,,,,,,,,,,,,,,,,
002403.SZ,爱仕达,20240511_郑永添、朱阳、林进叠、林政清、陈泽鑫、蒲秀鹏、罗健灿、杭启飞,操纵市场,20220411,20220511,20220426,D12,10.0,9.0,1.72,3.63,,,,,,,,,,,,,,,,,,,,,,,
002403.SZ,爱仕达,20240511_郑永添、朱阳、林进叠、林政清、陈泽鑫、蒲秀鹏、罗健灿、杭启飞,操纵市场,20220411,20220511,20220427,D11,,,,,,,1.49,5.86,0.515,0.703,10.0,,,,,,,,,,,,,,,,
002403.SZ,爱仕达,20240511_郑永添、朱阳、林进叠、林政清、陈泽鑫、蒲秀鹏、罗健灿、杭启飞,操纵市场,20220411,20220511,20220427,D12,10.0,9.0,1.87,3.63,,,,,,,,,,,,,,,,,,,,,,,
002403.SZ,爱仕达,20240511_郑永添、朱阳、林进叠、林政清、陈泽鑫、蒲秀鹏、罗健灿、杭启飞,操纵市场,20220411,20220511,20220428,D12,10.0,8.0,1.8,3.63,,,,,,,,,,,,,,,,,,,,,,,
002403.SZ,爱仕达,20240511_郑永添、朱阳、林进叠、林政清、陈泽鑫、蒲秀鹏、罗健灿、杭启飞,操纵市场,20220411,20220511,20220429,D12,10.0,9.0,1.98,3.63,,,,,,,,,,,,,,,,,,,,,,,
002403.SZ,爱仕达,20240511_郑永添、朱阳、林进叠、林政清、陈泽鑫、蒲秀鹏、罗健灿、杭启飞,操纵市场,20220411,20220511,20220505,D12,10.0,9.0,2.36,5.58,,,,,,,,,,,,,,,,,,,,,,,
002403.SZ,爱仕达,20240511_郑永添、朱阳、林进叠、林政清、陈泽鑫、蒲秀鹏、罗健灿、杭启飞,操纵市场,20220411,20220511,20220505,D14,,,,,,,,,,,,36885.0,89418.0,2.42,20.0,20.0,12.0,,,,,,,,,,
002403.SZ,爱仕达,20240511_郑永添、朱阳、林进叠、林政清、陈泽鑫、蒲秀鹏、罗健灿、杭启飞,操纵市场,20220411,20220511,20220506,D11,,,,,,,1.28,9.41,1.114,0.517,10.0,,,,,,,,,,,,,,,,
002403.SZ,爱仕达,20240511_郑永添、朱阳、林进叠、林政清、陈泽鑫、蒲秀鹏、罗健灿、杭启飞,操纵市场,20220411,20220511,20220506,D12,10.0,9.0,2.5,5.58,,,,,,,,,,,,,,,,,,,,,,,
002403.SZ,爱仕达,20240511_郑永添、朱阳、林进叠、林政清、陈泽鑫、蒲秀鹏、罗健灿、杭启飞,操纵市场,20220411,20220511,20220506,D14,,,,,,,,,,,,37960.0,101940.0,2.69,20.0,20.0,13.0,,,,,,,,,,
002403.SZ,爱仕达,20240511_郑永添、朱阳、林进叠、林政清、陈泽鑫、蒲秀鹏、罗健灿、杭启飞,操纵市场,20220411,20220511,20220509,D11,,,,,,,1.43,10.18,1.103,0.511,10.0,,,,,,,,,,,,,,,,
002403.SZ,爱仕达,20240511_郑永添、朱阳、林进叠、林政清、陈泽鑫、蒲秀鹏、罗健灿、杭启飞,操纵市场,20220411,20220511,20220509,D12,10.0,9.0,2.67,5.58,,,,,,,,,,,,,,,,,,,,,,,
002403.SZ,爱仕达,20240511_郑永添、朱阳、林进叠、林政清、陈泽鑫、蒲秀鹏、罗健灿、杭启飞,操纵市场,20220411,20220511,20220509,D14,,,,,,,,,,,,39329.0,115577.0,2.94,20.0,20.0,14.0,,,,,,,,,,
002403.SZ,爱仕达,20240511_郑永添、朱阳、林进叠、林政清、陈泽鑫、蒲秀鹏、罗健灿、杭启飞,操纵市场,20220411,20220511,20220510,D12,10.0,9.0,2.72,5.58,,,,,,,,,,,,,,,,,,,,,,,
002403.SZ,爱仕达,20240511_郑永添、朱阳、林进叠、林政清、陈泽鑫、蒲秀鹏、罗健灿、杭启飞,操纵市场,20220411,20220511,20220510,D14,,,,,,,,,,,,40082.0,124875.0,3.12,20.0,20.0,15.0,,,,,,,,,,
002403.SZ,爱仕达,20240511_郑永添、朱阳、林进叠、林政清、陈泽鑫、蒲秀鹏、罗健灿、杭启飞,操纵市场,20220411,20220511,20220511,D12,10.0,9.0,2.68,5.58,,,,,,,,,,,,,,,,,,,,,,,
002403.SZ,爱仕达,20240511_郑永添、朱阳、林进叠、林政清、陈泽鑫、蒲秀鹏、罗健灿、杭启飞,操纵市场,20220411,20220511,20220511,D14,,,,,,,,,,,,40837.0,135769.0,3.32,20.0,20.0,16.0,,,,,,,,,,
603286.SH,日盈电子,20240531_冯越峰、宋晓平,操纵市场,20170801,20170901,20170824,D10,,,1.49,,3.0,1.95,,,,,,,,,,,,,,,,,,,,,
603286.SH,日盈电子,20240531_冯越峰、宋晓平,操纵市场,20170801,20170901,20170829,D12,10.0,7.0,1.35,2.41,,,,,,,,,,,,,,,,,,,,,,,
603286.SH,日盈电子,20240531_冯越峰、宋晓平,操纵市场,20170801,20170901,20170830,D12,10.0,8.0,1.47,2.41,,,,,,,,,,,,,,,,,,,,,,,
603286.SH,日盈电子,20240531_冯越峰、宋晓平,操纵市场,20170801,20170901,20170831,D12,10.0,9.0,1.55,2.41,,,,,,,,,,,,,,,,,,,,,,,
603286.SH,日盈电子,20240531_冯越峰、宋晓平,操纵市场,20170801,20170901,20170901,D12,10.0,10.0,1.6,2.41,,,,,,,,,,,,,,,,,,,,,,,
002856.SZ,美芝股份,20240531_冯越峰、宋晓平,操纵市场,20170320,20170420,20170407,D11,,,,,,,0.03,43.28,6.22,0.615,10.0,,,,,,,,,,,,,,,,
002856.SZ,美芝股份,20240531_冯越峰、宋晓平,操纵市场,20170320,20170420,20170410,D11,,,,,,,0.03,30.74,6.085,0.596,10.0,,,,,,,,,,,,,,,,
603637.SH,镇海股份,20240531_冯越峰、宋晓平,操纵市场,20170305,20170405,20170307,D9,,,,,,,,,,,,,,1.31,,,,0.32,64601.73,49366.0,,,,,,,
603319.SH,湘油泵,20240531_宋晓平,操纵市场,20170529,20170628,20170614,D12,10.0,6.0,1.34,4.59,,,,,,,,,,,,,,,,,,,,,,,
603319.SH,湘油泵,20240531_宋晓平,操纵市场,20170529,20170628,20170615,D12,10.0,6.0,1.57,4.59,,,,,,,,,,,,,,,,,,,,,,,
603319.SH,湘油泵,20240531_宋晓平,操纵市场,20170529,20170628,20170616,D11,,,,,,,2.06,15.0,1.92,0.659,10.0,,,,,,,,,,,,,,,,
603319.SH,湘油泵,20240531_宋晓平,操纵市场,20170529,20170628,20170616,D12,10.0,7.0,1.76,4.59,,,,,,,,,,,,,,,,,,,,,,,
603319.SH,湘油泵,20240531_宋晓平,操纵市场,20170529,20170628,20170619,D11,,,,,,,1.52,20.6,2.235,0.739,10.0,,,,,,,,,,,,,,,,
603319.SH,湘油泵,20240531_宋晓平,操纵市场,20170529,20170628,20170619,D12,10.0,8.0,2.01,4.59,,,,,,,,,,,,,,,,,,,,,,,
603319.SH,湘油泵,20240531_宋晓平,操纵市场,20170529,20170628,20170620,D10,,,2.97,,3.0,2.96,,,,,,,,,,,,,,,,,,,,,
603319.SH,湘油泵,20240531_宋晓平,操纵市场,20170529,20170628,20170620,D12,10.0,9.0,2.29,4.59,,,,,,,,,,,,,,,,,,,,,,,
603319.SH,湘油泵,20240531_宋晓平,操纵市场,20170529,20170628,20170621,D12,10.0,9.0,2.33,4.59,,,,,,,,,,,,,,,,,,,,,,,
603319.SH,湘油泵,20240531_宋晓平,操纵市场,20170529,20170628,20170622,D12,10.0,9.0,2.32,4.59,,,,,,,,,,,,,,,,,,,,,,,
603319.SH,湘油泵,20240531_宋晓平,操纵市场,20170529,20170628,20170623,D12,10.0,10.0,2.38,4.59,,,,,,,,,,,,,,,,,,,,,,,
603319.SH,湘油泵,20240531_宋晓平,操纵市场,20170529,20170628,20170626,D12,10.0,10.0,2.48,4.59,,,,,,,,,,,,,,,,,,,,,,,
603319.SH,湘油泵,20240531_宋晓平,操纵市场,20170529,20170628,20170626,D14,,,,,,,,,,,,8972.0,19421.0,2.16,20.0,20.0,14.0,,,,,,,,,,
603319.SH,湘油泵,20240531_宋晓平,操纵市场,20170529,20170628,20170627,D12,10.0,10.0,2.54,4.59,,,,,,,,,,,,,,,,,,,,,,,
603319.SH,湘油泵,20240531_宋晓平,操纵市场,20170529,20170628,20170627,D14,,,,,,,,,,,,8625.0,21417.0,2.48,20.0,20.0,15.0,,,,,,,,,,
603319.SH,湘油泵,20240531_宋晓平,操纵市场,20170529,20170628,20170628,D12,10.0,10.0,2.22,3.43,,,,,,,,,,,,,,,,,,,,,,,
603319.SH,湘油泵,20240531_宋晓平,操纵市场,20170529,20170628,20170628,D14,,,,,,,,,,,,8582.0,22624.0,2.64,20.0,20.0,16.0,,,,,,,,,,
603139.SH,康惠制药,20240531_冯越峰,操纵市场,20170611,20170711,20170705,D9,,,,,,,,,,,,,,1.82,,,,1.41,30541.36,16806.0,,,,,,,
603139.SH,康惠制药,20240531_冯越峰,操纵市场,20170611,20170711,20170707,D10,,,2.01,,3.0,1.66,,,,,,,,,,,,,,,,,,,,,
603139.SH,康惠制药,20240531_冯越峰,操纵市场,20170611,20170711,20170707,D12,10.0,5.0,1.31,2.18,,,,,,,,,,,,,,,,,,,,,,,
603139.SH,康惠制药,20240531_冯越峰,操纵市场,20170611,20170711,20170710,D12,10.0,6.0,1.38,2.18,,,,,,,,,,,,,,,,,,,,,,,
603139.SH,康惠制药,20240531_冯越峰,操纵市场,20170611,20170711,20170711,D12,10.0,7.0,1.55,2.42,,,,,,,,,,,,,,,,,,,,,,,
603139.SH,康惠制药,20240531_冯越峰,操纵市场,20170611,20170711,20170711,D13,,,,,5.0,,,,,,,,,,,,,,,,3.56,4.55,,,,,
002418.SZ,康盛股份,20240531_冯越峰,操纵市场,20170709,20170808,20170802,D11,,,,,,,1.19,3.97,0.256,0.787,10.0,,,,,,,,,,,,,,,,
002418.SZ,康盛股份,20240531_冯越峰,操纵市场,20170709,20170808,20170803,D11,,,,,,,1.13,3.75,0.3,0.85,10.0,,,,,,,,,,,,,,,,
002418.SZ,康盛股份,20240531_冯越峰,操纵市场,20170709,20170808,20170807,D9,,,,,,,,,,,,,,1.34,,,,-0.86,168466.0,125725.0,,,,,,,
603828.SH,柯利达,20240531_冯越峰,操纵市场,20171120,20171220,20171212,D8,,,,,,,,,,,,,,,,,,,6919.8,,,,0.29,24026.0,1.53,0.64,3.0
603828.SH,柯利达,20240531_冯越峰,操纵市场,20171120,20171220,20171213,D8,,,,,,,,,,,,,,,,,,,5204.9,,,,0.23,22459.0,1.12,0.48,4.0
603828.SH,柯利达,20240531_冯越峰,操纵市场,20171120,20171220,20171214,D8,,,,,,,,,,,,,,,,,,,5204.9,,,,0.23,22459.0,1.12,0.48,5.0
603828.SH,柯利达,20240531_冯越峰,操纵市场,20171120,20171220,20171215,D8,,,,,,,,,,,,,,,,,,,5204.9,,,,0.23,22459.0,1.12,0.48,4.0
603828.SH,柯利达,20240531_冯越峰,操纵市场,20171120,20171220,20171215,D9,,,,,,,,,,,,,,1.44,,,,1.43,15565.5,10827.0,,,,,,,
603828.SH,柯利达,20240531_冯越峰,操纵市场,20171120,20171220,20171218,D8,,,,,,,,,,,,,,,,,,,5204.9,,,,0.23,22459.0,1.12,0.48,3.0
603828.SH,柯利达,20240531_冯越峰,操纵市场,20171120,20171220,20171219,D10,,,1.75,,3.0,1.43,,,,,,,,,,,,,,,,,,,,,
300175.SZ,朗源股份,20240715_高飞、龙杰、尤立峰,操纵市场,20190911,20191015,20191008,D9,,,,,,,,,,,,,,1.3,,,,2.87,101806.5,78272.0,,,,,,,
300175.SZ,朗源股份,20240715_高飞、龙杰、尤立峰,操纵市场,20190911,20191015,20191014,D12,10.0,5.0,1.27,4.01,,,,,,,,,,,,,,,,,,,,,,,
300175.SZ,朗源股份,20240715_高飞、龙杰、尤立峰,操纵市场,20190911,20191015,20191015,D12,10.0,5.0,1.37,4.01,,,,,,,,,,,,,,,,,,,,,,,
002868.SZ,绿康生化,20240816_刘惠忠,操纵市场,20210314,20210420,20210315,D10,,,2.04,,3.0,1.9,,,,,,,,,,,,,,,,,,,,,
002868.SZ,绿康生化,20240816_刘惠忠,操纵市场,20210314,20210420,20210315,D12,10.0,8.0,1.78,3.56,,,,,,,,,,,,,,,,,,,,,,,
002868.SZ,绿康生化,20240816_刘惠忠,操纵市场,20210314,20210420,20210316,D10,,,2.35,,3.0,1.9,,,,,,,,,,,,,,,,,,,,,
002868.SZ,绿康生化,20240816_刘惠忠,操纵市场,20210314,20210420,20210316,D12,10.0,8.0,1.93,3.56,,,,,,,,,,,,,,,,,,,,,,,
002868.SZ,绿康生化,20240816_刘惠忠,操纵市场,20210314,20210420,20210317,D10,,,2.55,,3.0,1.9,,,,,,,,,,,,,,,,,,,,,
002868.SZ,绿康生化,20240816_刘惠忠,操纵市场,20210314,20210420,20210317,D12,10.0,9.0,2.08,3.56,,,,,,,,,,,,,,,,,,,,,,,
002868.SZ,绿康生化,20240816_刘惠忠,操纵市场,20210314,20210420,20210318,D10,,,2.36,,3.0,1.53,,,,,,,,,,,,,,,,,,,,,
002868.SZ,绿康生化,20240816_刘惠忠,操纵市场,20210314,20210420,20210318,D12,10.0,10.0,2.19,3.56,,,,,,,,,,,,,,,,,,,,,,,
002868.SZ,绿康生化,20240816_刘惠忠,操纵市场,20210314,20210420,20210318,D14,,,,,,,,,,,,3645.0,8048.0,2.21,20.0,20.0,14.0,,,,,,,,,,
002868.SZ,绿康生化,20240816_刘惠忠,操纵市场,20210314,20210420,20210319,D12,10.0,10.0,2.18,3.48,,,,,,,,,,,,,,,,,,,,,,,
002868.SZ,绿康生化,20240816_刘惠忠,操纵市场,20210314,20210420,20210319,D14,,,,,,,,,,,,3668.0,9493.0,2.59,20.0,20.0,14.0,,,,,,,,,,
002868.SZ,绿康生化,20240816_刘惠忠,操纵市场,20210314,20210420,20210322,D12,10.0,10.0,2.26,3.48,,,,,,,,,,,,,,,,,,,,,,,
002868.SZ,绿康生化,20240816_刘惠忠,操纵市场,20210314,20210420,20210322,D14,,,,,,,,,,,,3984.0,10088.0,2.53,20.0,20.0,14.0,,,,,,,,,,
002868.SZ,绿康生化,20240816_刘惠忠,操纵市场,20210314,20210420,20210323,D12,10.0,9.0,2.2,3.48,,,,,,,,,,,,,,,,,,,,,,,
002868.SZ,绿康生化,20240816_刘惠忠,操纵市场,20210314,20210420,20210323,D14,,,,,,,,,,,,3985.0,10373.0,2.6,20.0,20.0,14.0,,,,,,,,,,
002868.SZ,绿康生化,20240816_刘惠忠,操纵市场,20210314,20210420,20210324,D12,10.0,8.0,2.0,3.48,,,,,,,,,,,,,,,,,,,,,,,
002868.SZ,绿康生化,20240816_刘惠忠,操纵市场,20210314,20210420,20210324,D14,,,,,,,,,,,,4012.0,10396.0,2.59,20.0,20.0,14.0,,,,,,,,,,
002868.SZ,绿康生化,20240816_刘惠忠,操纵市场,20210314,20210420,20210325,D12,10.0,7.0,1.89,3.48,,,,,,,,,,,,,,,,,,,,,,,
002868.SZ,绿康生化,20240816_刘惠忠,操纵市场,20210314,20210420,20210325,D14,,,,,,,,,,,,3969.0,10667.0,2.69,20.0,20.0,14.0,,,,,,,,,,
002868.SZ,绿康生化,20240816_刘惠忠,操纵市场,20210314,20210420,20210326,D12,10.0,6.0,1.75,3.48,,,,,,,,,,,,,,,,,,,,,,,
002868.SZ,绿康生化,20240816_刘惠忠,操纵市场,20210314,20210420,20210326,D14,,,,,,,,,,,,3892.0,10678.0,2.74,20.0,20.0,14.0,,,,,,,,,,
002868.SZ,绿康生化,20240816_刘惠忠,操纵市场,20210314,20210420,20210329,D12,10.0,5.0,1.53,3.48,,,,,,,,,,,,,,,,,,,,,,,
002868.SZ,绿康生化,20240816_刘惠忠,操纵市场,20210314,20210420,20210329,D14,,,,,,,,,,,,3533.0,10683.0,3.02,20.0,20.0,13.0,,,,,,,,,,
002868.SZ,绿康生化,20240816_刘惠忠,操纵市场,20210314,20210420,20210330,D14,,,,,,,,,,,,3464.0,10900.0,3.15,20.0,20.0,12.0,,,,,,,,,,
002868.SZ,绿康生化,20240816_刘惠忠,操纵市场,20210314,20210420,20210331,D9,,,,,,,,,,,,,,1.4,,,,-0.33,16204.95,11562.0,,,,,,,
002868.SZ,绿康生化,20240816_刘惠忠,操纵市场,20210314,20210420,20210331,D14,,,,,,,,,,,,3421.0,11562.0,3.38,20.0,20.0,13.0,,,,,,,,,,
002868.SZ,绿康生化,20240816_刘惠忠,操纵市场,20210314,20210420,20210401,D14,,,,,,,,,,,,3455.0,11906.0,3.45,20.0,20.0,13.0,,,,,,,,,,
002868.SZ,绿康生化,20240816_刘惠忠,操纵市场,20210314,20210420,20210402,D9,,,,,,,,,,,,,,1.23,,,,-0.49,14644.56,11927.0,,,,,,,
002868.SZ,绿康生化,20240816_刘惠忠,操纵市场,20210314,20210420,20210402,D14,,,,,,,,,,,,3996.0,11927.0,2.98,20.0,20.0,13.0,,,,,,,,,,
002868.SZ,绿康生化,20240816_刘惠忠,操纵市场,20210314,20210420,20210406,D14,,,,,,,,,,,,4066.0,12039.0,2.96,20.0,20.0,12.0,,,,,,,,,,
002868.SZ,绿康生化,20240816_刘惠忠,操纵市场,20210314,20210420,20210407,D14,,,,,,,,,,,,4233.0,12098.0,2.86,20.0,20.0,11.0,,,,,,,,,,
002868.SZ,绿康生化,20240816_刘惠忠,操纵市场,20210314,20210420,20210408,D14,,,,,,,,,,,,4708.0,12075.0,2.56,20.0,20.0,10.0,,,,,,,,,,
002868.SZ,绿康生化,20240816_刘惠忠,操纵市场,20210314,20210420,20210409,D14,,,,,,,,,,,,4933.0,11863.0,2.4,20.0,20.0,9.0,,,,,,,,,,
002868.SZ,绿康生化,20240816_刘惠忠,操纵市场,20210314,20210420,20210412,D14,,,,,,,,,,,,5255.0,11537.0,2.2,20.0,20.0,8.0,,,,,,,,,,
002868.SZ,绿康生化,20240816_刘惠忠,操纵市场,20210314,20210420,20210419,D11,,,,,,,0.47,1.94,0.199,0.682,10.0,,,,,,,,,,,,,,,,
002868.SZ,绿康生化,20240816_刘惠忠,操纵市场,20210314,20210420,20210420,D11,,,,,,,0.47,3.89,0.327,0.734,10.0,,,,,,,,,,,,,,,,
002868.SZ,绿康生化,20240816_刘惠忠,操纵市场,20210314,20210420,20210420,D12,10.0,5.0,1.6,4.23,,,,,,,,,,,,,,,,,,,,,,,
300486.SZ,东杰智能,20241022,操纵市场,20190906,20191010,20190906,D10,,,1.56,,3.0,1.59,,,,,,,,,,,,,,,,,,,,,
300486.SZ,东杰智能,20241022,操纵市场,20190906,20191010,20190909,D10,,,1.33,,3.0,1.93,,,,,,,,,,,,,,,,,,,,,
300486.SZ,东杰智能,20241022,操纵市场,20190906,20191010,20190910,D12,10.0,8.0,1.2,1.87,,,,,,,,,,,,,,,,,,,,,,,
300486.SZ,东杰智能,20241022,操纵市场,20190906,20191010,20190911,D12,10.0,8.0,1.22,1.87,,,,,,,,,,,,,,,,,,,,,,,
300486.SZ,东杰智能,20241022,操纵市场,20190906,20191010,20190912,D12,10.0,8.0,1.25,1.87,,,,,,,,,,,,,,,,,,,,,,,
300486.SZ,东杰智能,20241022,操纵市场,20190906,20191010,20190916,D12,10.0,7.0,1.21,1.87,,,,,,,,,,,,,,,,,,,,,,,
300486.SZ,东杰智能,20241022,操纵市场,20190906,20191010,20190919,D9,,,,,,,,,,,,,,1.27,,,,2.67,10725.99,8453.0,,,,,,,
300486.SZ,东杰智能,20241022,操纵市场,20190906,20191010,20190923,D10,,,1.5,,3.0,2.67,,,,,,,,,,,,,,,,,,,,,
300486.SZ,东杰智能,20241022,操纵市场,20190906,20191010,20190926,D11,,,,,,,0.58,2.34,0.172,0.645,10.0,,,,,,,,,,,,,,,,
300486.SZ,东杰智能,20241022,操纵市场,20190906,20191010,20190926,D12,10.0,6.0,1.38,2.67,,,,,,,,,,,,,,,,,,,,,,,
300486.SZ,东杰智能,20241022,操纵市场,20190906,20191010,20190927,D11,,,,,,,0.44,2.4,0.22,0.766,10.0,,,,,,,,,,,,,,,,
300486.SZ,东杰智能,20241022,操纵市场,20190906,20191010,20190927,D12,10.0,7.0,1.53,2.67,,,,,,,,,,,,,,,,,,,,,,,
300486.SZ,东杰智能,20241022,操纵市场,20190906,20191010,20190930,D11,,,,,,,0.65,2.16,0.224,0.776,10.0,,,,,,,,,,,,,,,,
300486.SZ,东杰智能,20241022,操纵市场,20190906,20191010,20190930,D12,10.0,8.0,1.67,2.67,,,,,,,,,,,,,,,,,,,,,,,
300486.SZ,东杰智能,20241022,操纵市场,20190906,20191010,20191008,D11,,,,,,,0.44,2.63,0.247,0.827,10.0,,,,,,,,,,,,,,,,
300486.SZ,东杰智能,20241022,操纵市场,20190906,20191010,20191008,D12,10.0,8.0,1.8,2.67,,,,,,,,,,,,,,,,,,,,,,,
300486.SZ,东杰智能,20241022,操纵市场,20190906,20191010,20191009,D11,,,,,,,0.81,1.57,0.174,0.529,10.0,,,,,,,,,,,,,,,,
300486.SZ,东杰智能,20241022,操纵市场,20190906,20191010,20191009,D12,10.0,9.0,1.86,2.67,,,,,,,,,,,,,,,,,,,,,,,
300486.SZ,东杰智能,20241022,操纵市场,20190906,20191010,20191009,D14,,,,,,,,,,,,7630.0,15495.0,2.03,20.0,20.0,15.0,,,,,,,,,,
300486.SZ,东杰智能,20241022,操纵市场,20190906,20191010,20191010,D11,,,,,,,1.02,2.58,0.167,0.509,10.0,,,,,,,,,,,,,,,,
300486.SZ,东杰智能,20241022,操纵市场,20190906,20191010,20191010,D12,10.0,9.0,1.94,2.67,,,,,,,,,,,,,,,,,,,,,,,
300486.SZ,东杰智能,20241022,操纵市场,20190906,20191010,20191010,D14,,,,,,,,,,,,7716.0,16517.0,2.14,20.0,20.0,15.0,,,,,,,,,,
