id,date,title,url,views,likes,comments,forwards,md_file
411090807,2026-09-30,商誉减值，本质上就是一场“洗大澡”——从一家上市公司的9个亿商誉说起,https://xueqiu.com/1301462220/411090807,0,4,0,0,2026-09-30_411090807_商誉减值，本质上就是一场“洗大澡”——从一家上市公司的9个亿商誉说起.md
410936117,2026-09-29,新利润表来了！从此告别“糊涂账”，看穿企业盈利的“肌肉”与“虚胖”,https://xueqiu.com/1301462220/410936117,0,5,2,0,2026-09-29_410936117_新利润表来了！从此告别“糊涂账”，看穿企业盈利的“肌肉”与“虚胖”.md
410813575,2026-09-28,财政部回复：正高级专业技术人员，可比照机关正副司(局)级差旅费标准报销?,https://xueqiu.com/1301462220/410813575,0,0,0,0,2026-09-28_410813575_财政部回复：正高级专业技术人员，可比照机关正副司(局)级差旅费标准报销.md
410813572,2026-09-28,100家从事证券服务业务会计师事务所2025年度收入排名,https://xueqiu.com/1301462220/410813572,0,1,0,0,2026-09-28_410813572_100家从事证券服务业务会计师事务所2025年度收入排名.md
410523721,2026-09-24,读懂存货与合同负债的匹配度，你就读懂了一家公司的底气,https://xueqiu.com/1301462220/410523721,0,2,3,3,2026-09-24_410523721_读懂存货与合同负债的匹配度，你就读懂了一家公司的底气.md
410383554,2026-09-23,合同资产与合同负债,https://xueqiu.com/1301462220/410383554,0,4,0,0,2026-09-23_410383554_合同资产与合同负债.md
409933741,2026-09-20,财政部：会计处理答疑精选46问,https://xueqiu.com/1301462220/409933741,0,2,0,0,2026-09-20_409933741_财政部：会计处理答疑精选46问.md
409828543,2026-09-18,财报早就替它“自首”了——为什么“每10个榴莲就有1个来自洪九”的公司，也会因为财务造假退市？,https://xueqiu.com/1301462220/409828543,0,0,1,1,2026-09-18_409828543_财报早就替它“自首”了——为什么“每10个榴莲就有1个来自洪九”的公司，也会因为.md
409544928,2026-09-16,国务院国资委要求央企带头及时付款：60天，是给中小企业的一条“输血管”,https://xueqiu.com/1301462220/409544928,0,3,0,0,2026-09-16_409544928_国务院国资委要求央企带头及时付款：60天，是给中小企业的一条“输血管”.md
409123261,2026-09-14,同样ROE 20%，凭什么一个是茅台一个是恒大？——用杜邦三刀切开看,https://xueqiu.com/1301462220/409123261,0,11,2,2,2026-09-14_409123261_同样ROE 20%，凭什么一个是茅台一个是恒大？——用杜邦三刀切开看.md
408983763,2026-09-11,烦请马老师再看看中国神华？,https://xueqiu.com/1301462220/408983763,0,12,1,2,2026-09-11_408983763_烦请马老师再看看中国神华？.md
408652630,2026-09-09,尾盘三波急杀，688496，提前锁定退市！我讲的造假识别框架，688496逐条命中，造假的...,https://xueqiu.com/1301462220/408652630,0,4,0,0,2026-09-09_408652630_尾盘三波急杀，688496，提前锁定退市！我讲的造假识别框架，688496逐条命.md
408497777,2026-09-08,你的在建工程为什么不敢转固定资产？财政部把这个“雷区”排在了第一位！,https://xueqiu.com/1301462220/408497777,0,3,1,1,2026-09-08_408497777_你的在建工程为什么不敢转固定资产？财政部把这个“雷区”排在了第一位！.md
408262512,2026-09-07,给大家讲清楚：为什么资金闭环这种“最高段位”的造假，天生就是死路一条,https://xueqiu.com/1301462220/408262512,0,2,0,0,2026-09-07_408262512_给大家讲清楚：为什么资金闭环这种“最高段位”的造假，天生就是死路一条.md
408110581,2026-09-04,财务人别在数据里搬砖了！豆包工作 Agent 一句话出成品｜送 30 天会员,https://xueqiu.com/1301462220/408110581,0,0,0,0,2026-09-04_408110581_财务人别在数据里搬砖了！豆包工作 Agent 一句话出成品｜送 30 天会员.md
407960755,2026-09-03,一年股价三起三落：宁德时代的“市值压力测试”通过了什么--盈利中枢上移40%，估值却压缩到...,https://xueqiu.com/1301462220/407960755,0,3,2,0,2026-09-03_407960755_一年股价三起三落：宁德时代的“市值压力测试”通过了什么--盈利中枢上移40%，估.md
407637032,2026-09-01,雅化集团深度财务分析：锂业周期反转下的盈利修复与现金流隐忧,https://xueqiu.com/1301462220/407637032,0,5,1,0,2026-09-01_407637032_雅化集团深度财务分析：锂业周期反转下的盈利修复与现金流隐忧.md
407184259,2026-08-28,一年翻倍又腰斩：东方电气的K线背后，藏着一堂央企市值管理课。很遗憾，它考砸了！,https://xueqiu.com/1301462220/407184259,0,5,0,0,2026-08-28_407184259_一年翻倍又腰斩：东方电气的K线背后，藏着一堂央企市值管理课。很遗憾，它考砸了！.md
407156353,2026-08-28,必读级！恒大案以一己之力，为“庞氏分红、庞氏利息、庞氏工资”三个概念提供了从概念定义、学术...,https://xueqiu.com/1301462220/407156353,0,5,0,0,2026-08-28_407156353_必读级！恒大案以一己之力，为“庞氏分红、庞氏利息、庞氏工资”三个概念提供了从概念.md
406568942,2026-08-25,宇树科技跌去45%：我把财报拍在桌上，给你捋明白！！！,https://xueqiu.com/1301462220/406568942,0,7,3,1,2026-08-25_406568942_宇树科技跌去45%：我把财报拍在桌上，给你捋明白！！！.md
406258402,2026-08-24,海光信息高增长神话下的现金流拷问！,https://xueqiu.com/1301462220/406258402,0,12,3,0,2026-08-24_406258402_海光信息高增长神话下的现金流拷问！.md
405769148,2026-08-20,中年人的财报：除了折旧，全是错配！,https://xueqiu.com/1301462220/405769148,0,6,0,0,2026-08-20_405769148_中年人的财报：除了折旧，全是错配！.md
405566726,2026-08-19,可能真的要来了！,https://xueqiu.com/1301462220/405566726,0,2,0,0,2026-08-19_405566726_可能真的要来了！.md
405247485,2026-08-17,中国海油的烦恼：账上2400亿现金，ROE却被“偷”走了10个百分点,https://xueqiu.com/1301462220/405247485,0,15,5,0,2026-08-17_405247485_中国海油的烦恼：账上2400亿现金，ROE却被“偷”走了10个百分点.md
405193970,2026-08-16,证监会：上市公司2025年年度财务报告会计监管报告,https://xueqiu.com/1301462220/405193970,0,2,0,0,2026-08-16_405193970_证监会：上市公司2025年年度财务报告会计监管报告.md
404982938,2026-08-14,把腰斩的小商品城翻个底朝天，竟然发现这是一头货真价实的现金奶牛,https://xueqiu.com/1301462220/404982938,0,6,1,1,2026-08-14_404982938_把腰斩的小商品城翻个底朝天，竟然发现这是一头货真价实的现金奶牛.md
404775720,2026-08-12,从132.88元到60.83元，再弹回108元：云南锗业这出过山车，有人狂笑有人痛哭！,https://xueqiu.com/1301462220/404775720,0,3,0,0,2026-08-12_404775720_从132.88元到60.83元，再弹回108元：云南锗业这出过山车，有人狂笑有人.md
404334629,2026-08-10,最近财务造假的重灾区：总额法还是净额法？“翻车”的都排队了！,https://xueqiu.com/1301462220/404334629,0,3,0,0,2026-08-10_404334629_最近财务造假的重灾区：总额法还是净额法？“翻车”的都排队了！.md
404307795,2026-08-09,定增价560元，股价386元！江波龙这波操作，机构到底在想什么？,https://xueqiu.com/1301462220/404307795,0,7,3,0,2026-08-09_404307795_定增价560元，股价386元！江波龙这波操作，机构到底在想什么？.md
404266285,2026-08-08,寒武纪中报拆解：23亿利润到手，同比翻番，现金却只回来个零头，这账该怎么看？,https://xueqiu.com/1301462220/404266285,0,7,3,1,2026-08-08_404266285_寒武纪中报拆解：23亿利润到手，同比翻番，现金却只回来个零头，这账该怎么看？.md
404170453,2026-08-07,大涨6.99%只是开场：阳光电源的财务底牌，比股价硬得多,https://xueqiu.com/1301462220/404170453,0,12,5,1,2026-08-07_404170453_大涨6.99%只是开场：阳光电源的财务底牌，比股价硬得多.md
403989767,2026-08-06,对赌协议：从“定心丸”到“催命符”，同济堂造假案背后的逻辑与警示,https://xueqiu.com/1301462220/403989767,0,7,1,1,2026-08-06_403989767_对赌协议：从“定心丸”到“催命符”，同济堂造假案背后的逻辑与警示.md
403822522,2026-08-05,盛屯矿业三年半财报透视-转型的胜利，却留下了一张财务上越来越脆弱的资产负债表,https://xueqiu.com/1301462220/403822522,0,6,14,0,2026-08-05_403822522_盛屯矿业三年半财报透视-转型的胜利，却留下了一张财务上越来越脆弱的资产负债表.md
403804250,2026-08-05,财务造假的闭环：从虚增资产到灭失利润,https://xueqiu.com/1301462220/403804250,0,4,0,0,2026-08-05_403804250_财务造假的闭环：从虚增资产到灭失利润.md
403415094,2026-08-03,300613，业绩最高预增1420%！“20CM”字涨停，主力资金大举买入这只股！,https://xueqiu.com/1301462220/403415094,0,2,0,0,2026-08-03_403415094_300613，业绩最高预增1420%！“20CM”字涨停，主力资金大举买入这只股.md
403374459,2026-08-03,“存贷双高”＋控股股东高质押＋高财务费用：财务爆雷前的三张面孔,https://xueqiu.com/1301462220/403374459,0,4,1,0,2026-08-03_403374459_“存贷双高”＋控股股东高质押＋高财务费用：财务爆雷前的三张面孔.md
402982575,2026-07-30,一只“老登股”的突围答卷：伊利财报里，藏着传统白马的全部困境与出路,https://xueqiu.com/1301462220/402982575,0,6,5,1,2026-07-30_402982575_一只“老登股”的突围答卷：伊利财报里，藏着传统白马的全部困境与出路.md
402557308,2026-07-29,利好出尽的“绞肉机”：亨通光电用一份闪亮年报换来10几万股民关灯吃面,https://xueqiu.com/1301462220/402557308,0,8,1,0,2026-07-29_402557308_利好出尽的“绞肉机”：亨通光电用一份闪亮年报换来10几万股民关灯吃面.md
402351216,2026-07-28,前年巨亏4.5亿，今年半年狂赚14亿：它的财报，把军工生意的老底全揭了！,https://xueqiu.com/1301462220/402351216,0,8,1,0,2026-07-28_402351216_前年巨亏4.5亿，今年半年狂赚14亿：它的财报，把军工生意的老底全揭了！.md
402295400,2026-07-27,3.28万亿市值（A股第一）的解剖：在我眼里，长鑫科技是一家真实、强悍、且极其聪明的公司,https://xueqiu.com/1301462220/402295400,0,8,1,1,2026-07-27_402295400_3.28万亿市值（A股第一）的解剖：在我眼里，长鑫科技是一家真实、强悍、且极其聪.md
401673660,2026-07-22,董事长带领高管团队跌停接“飞刀”！接下来会伤着吗？,https://xueqiu.com/1301462220/401673660,0,4,5,0,2026-07-22_401673660_董事长带领高管团队跌停接“飞刀”！接下来会伤着吗？.md
401478551,2026-07-21,10倍芯片大牛股，半年度净利润最高预增13倍，想知道它的利润质量吗？,https://xueqiu.com/1301462220/401478551,0,6,2,0,2026-07-21_401478551_10倍芯片大牛股，半年度净利润最高预增13倍，想知道它的利润质量吗？.md
401242922,2026-07-20,连吃2个跌停！工业机器人第一股，上半年利润预告飙升2144.74%-2593.68%！,https://xueqiu.com/1301462220/401242922,0,1,0,0,2026-07-20_401242922_连吃2个跌停！工业机器人第一股，上半年利润预告飙升2144.74%-2593.6.md
400828131,2026-07-17,今天第三个“一字”跌停，存储龙头德明利业绩暴增背后的疑云,https://xueqiu.com/1301462220/400828131,0,6,1,1,2026-07-17_400828131_今天第三个“一字”跌停，存储龙头德明利业绩暴增背后的疑云.md
400595686,2026-07-16,这是哪家保险公司？业绩竟然靠“炒股”，它的利润也越来越不像保险公司的利润了！,https://xueqiu.com/1301462220/400595686,0,6,5,1,2026-07-16_400595686_这是哪家保险公司？业绩竟然靠“炒股”，它的利润也越来越不像保险公司的利润了！.md
399740131,2026-07-13,盈余公积：企业的“发展储备金”，你真的懂吗？,https://xueqiu.com/1301462220/399740131,0,1,1,1,2026-07-13_399740131_盈余公积：企业的“发展储备金”，你真的懂吗？.md
398547284,2026-07-06,取代财务岗，中国又一新兴岗位在崛起！这将是财务人未来5年黄金就业方向！,https://xueqiu.com/1301462220/398547284,0,0,0,0,2026-07-06_398547284_取代财务岗，中国又一新兴岗位在崛起！这将是财务人未来5年黄金就业方向！.md
398547261,2026-07-06,戏说同一控制与非同一控制,https://xueqiu.com/1301462220/398547261,0,1,0,0,2026-07-06_398547261_戏说同一控制与非同一控制.md
398357349,2026-07-03,财务、会计、审计的区别：一个“玩具”瞬间把这三个专业词汇，拉到了充满烟火气的家庭日常里！,https://xueqiu.com/1301462220/398357349,0,4,1,1,2026-07-03_398357349_财务、会计、审计的区别：一个“玩具”瞬间把这三个专业词汇，拉到了充满烟火气的家庭.md
397646698,2026-06-30,156个一级科目中，只有一个半会计科目我是相信的！,https://xueqiu.com/1301462220/397646698,0,1,0,0,2026-06-30_397646698_156个一级科目中，只有一个半会计科目我是相信的！.md
397257095,2026-06-29,2026中国财经类大学完整排名榜,https://xueqiu.com/1301462220/397257095,0,2,0,0,2026-06-29_397257095_2026中国财经类大学完整排名榜.md
396055275,2026-06-23,为什么中际旭创的股价很牛？——从财务视角拆解光模块龙头的“十倍股”密码,https://xueqiu.com/1301462220/396055275,0,3,1,0,2026-06-23_396055275_为什么中际旭创的股价很牛？——从财务视角拆解光模块龙头的“十倍股”密码.md
395835896,2026-06-22,十年后的财务部，只会剩下这两种人,https://xueqiu.com/1301462220/395835896,0,0,0,0,2026-06-22_395835896_十年后的财务部，只会剩下这两种人.md
394899692,2026-06-16,工资12500（六险二金+双休）2026年市直属单位公开招聘557名人员公告（新出岗位）6...,https://xueqiu.com/1301462220/394899692,0,0,0,0,2026-06-16_394899692_工资12500（六险二金+双休）2026年市直属单位公开招聘557名人员公告（新.md
393798040,2026-06-09,很严重了，大家别轻易离职。。,https://xueqiu.com/1301462220/393798040,0,0,0,0,2026-06-09_393798040_很严重了，大家别轻易离职。。.md
393146010,2026-06-05,今年涨25倍的“新股王”联讯仪器（688808）到底是个什么来头？凭什么能让市场疯狂到这种地步？,https://xueqiu.com/1301462220/393146010,0,8,4,0,2026-06-05_393146010_今年涨25倍的“新股王”联讯仪器（688808）到底是个什么来头？凭什么能让市场.md
392741351,2026-06-04,为什么财务造假最好用的科目是“在建工程”、“固定资产”？,https://xueqiu.com/1301462220/392741351,0,3,1,1,2026-06-04_392741351_为什么财务造假最好用的科目是“在建工程”、“固定资产”？.md
391317558,2026-05-27,这2个指标不明白，别说你能看懂这家企业！,https://xueqiu.com/1301462220/391317558,0,3,1,0,2026-05-27_391317558_这2个指标不明白，别说你能看懂这家企业！.md
390057807,2026-05-21,取代财务岗，又一新兴岗位在崛起！财务人未来5年黄金就业方向!,https://xueqiu.com/1301462220/390057807,0,1,0,0,2026-05-21_390057807_取代财务岗，又一新兴岗位在崛起！财务人未来5年黄金就业方向!.md
381496380,2026-03-27,搞不懂企业的生存底线“五流一致”，还敢做会计？,https://xueqiu.com/1301462220/381496380,0,1,1,0,2026-03-27_381496380_搞不懂企业的生存底线“五流一致”，还敢做会计？.md
379492933,2026-03-15,银发经济崛起：一部定义未来三十年产业新规则的权威指南,https://xueqiu.com/1301462220/379492933,0,0,0,0,2026-03-15_379492933_银发经济崛起：一部定义未来三十年产业新规则的权威指南.md
379492924,2026-03-15,报名启动：2025中国企业财务管理优秀实践案例评选,https://xueqiu.com/1301462220/379492924,0,0,0,0,2026-03-15_379492924_报名启动：2025中国企业财务管理优秀实践案例评选.md
376972966,2026-02-26,一个判定财务造假的定律！,https://xueqiu.com/1301462220/376972966,0,8,2,2,2026-02-26_376972966_一个判定财务造假的定律！.md
372247176,2026-01-21,别一听“逆流交易”头就大，合并报表的真相--家庭内部“买卖”，抵销其实就这么简单！,https://xueqiu.com/1301462220/372247176,0,3,1,1,2026-01-21_372247176_别一听“逆流交易”头就大，合并报表的真相--家庭内部“买卖”，抵销其实就这么简单.md
372010402,2026-01-20,我为什么和绍兴这么有缘？,https://xueqiu.com/1301462220/372010402,0,3,0,0,2026-01-20_372010402_我为什么和绍兴这么有缘？.md
367570874,2025-12-25,财政部印发通知，点出了17个最容易出问题、最容易被用来操纵利润的领域，要求严格执行企业会计...,https://xueqiu.com/1301462220/367570874,0,2,0,0,2025-12-25_367570874_财政部印发通知，点出了17个最容易出问题、最容易被用来操纵利润的领域，要求严格执.md
367342039,2025-12-23,原来会计、财务分析、财务造假、审计就是这么一回事！,https://xueqiu.com/1301462220/367342039,0,2,0,0,2025-12-23_367342039_原来会计、财务分析、财务造假、审计就是这么一回事！.md
364302185,2025-12-03,《欠税公告办法》发布！2026年3月1日起施行,https://xueqiu.com/1301462220/364302185,0,0,0,0,2025-12-03_364302185_《欠税公告办法》发布！2026年3月1日起施行.md
364028804,2025-12-01,请大家认真对待接下来的财富洗牌！,https://xueqiu.com/1301462220/364028804,0,1,1,0,2025-12-01_364028804_请大家认真对待接下来的财富洗牌！.md
364028778,2025-12-01,财务报表就像是比基尼......,https://xueqiu.com/1301462220/364028778,0,0,0,0,2025-12-01_364028778_财务报表就像是比基尼.......md
363276569,2025-11-26,公开招录40名会计从业者升研究生硕士！基层人员均可报名参加研究生课程培训！,https://xueqiu.com/1301462220/363276569,0,0,0,0,2025-11-26_363276569_公开招录40名会计从业者升研究生硕士！基层人员均可报名参加研究生课程培训！.md
360095462,2025-11-05,枯燥无味的会计在马老师这里变的简单易懂，都是大白话！,https://xueqiu.com/1301462220/360095462,0,3,0,0,2025-11-05_360095462_枯燥无味的会计在马老师这里变的简单易懂，都是大白话！.md
353560043,2025-09-19,应收账款--这些营业收入纯属白条收入，没有现金流入！！！,https://xueqiu.com/1301462220/353560043,0,5,1,1,2025-09-19_353560043_应收账款--这些营业收入纯属白条收入，没有现金流入！！！.md
353140401,2025-09-17,财政部：1—8月证券交易印花税收入1187亿元 同比增长81.7%,https://xueqiu.com/1301462220/353140401,0,1,0,0,2025-09-17_353140401_财政部：1—8月证券交易印花税收入1187亿元 同比增长81.7%.md
351948835,2025-09-10,分析债务很重要，告诉您几个重要的偿债能力指标！,https://xueqiu.com/1301462220/351948835,0,6,0,0,2025-09-10_351948835_分析债务很重要，告诉您几个重要的偿债能力指标！.md
351219862,2025-09-05,合同资产与合同负债,https://xueqiu.com/1301462220/351219862,0,9,2,2,2025-09-05_351219862_合同资产与合同负债.md
347444850,2025-08-17,解锁数字时代的新财富密码 ——《从零到一：开启虚拟资产新纪元》,https://xueqiu.com/1301462220/347444850,0,2,0,0,2025-08-17_347444850_解锁数字时代的新财富密码 ——《从零到一：开启虚拟资产新纪元》.md
347298743,2025-08-15,证监会：上市公司2024年年度财务报告会计监管报告（全文）,https://xueqiu.com/1301462220/347298743,0,0,0,0,2025-08-15_347298743_证监会：上市公司2024年年度财务报告会计监管报告（全文）.md
346800391,2025-08-13,报表间无法弥合的撕裂，正是财务造假藏不住的底牌,https://xueqiu.com/1301462220/346800391,0,3,1,0,2025-08-13_346800391_报表间无法弥合的撕裂，正是财务造假藏不住的底牌.md
346593269,2025-08-12,报考公告 | 2025年11月数据资产入表会计、数据交易师职业能力水平统一考试,https://xueqiu.com/1301462220/346593269,0,1,0,0,2025-08-12_346593269_报考公告  2025年11月数据资产入表会计、数据交易师职业能力水平统一考试.md
346593251,2025-08-12,现金流量表核心看三点！,https://xueqiu.com/1301462220/346593251,0,8,2,2,2025-08-12_346593251_现金流量表核心看三点！.md
346487224,2025-08-11,财政部、税务总局就《中华人民共和国增值税法实施条例(征求意见稿)》公开征求意见,https://xueqiu.com/1301462220/346487224,0,2,0,0,2025-08-11_346487224_财政部、税务总局就《中华人民共和国增值税法实施条例(征求意见稿)》公开征求意见.md
346226575,2025-08-08,核心利润：企业盈利能力的晴雨表,https://xueqiu.com/1301462220/346226575,0,5,0,0,2025-08-08_346226575_核心利润：企业盈利能力的晴雨表.md
345857795,2025-08-06,给您一双慧眼：如何识别高质量企业？,https://xueqiu.com/1301462220/345857795,0,4,0,0,2025-08-06_345857795_给您一双慧眼：如何识别高质量企业？.md
345062002,2025-07-31,面对呼啸而来的虚拟资产新纪元，你决不能在门外徘徊！,https://xueqiu.com/1301462220/345062002,0,1,0,0,2025-07-31_345062002_面对呼啸而来的虚拟资产新纪元，你决不能在门外徘徊！.md
344864995,2025-07-30,最新！100家央企以及它们的总会计师名录,https://xueqiu.com/1301462220/344864995,0,0,0,0,2025-07-30_344864995_最新！100家央企以及它们的总会计师名录.md
344499958,2025-07-28,净资产收益率告诉你企业的三种盈利模式,https://xueqiu.com/1301462220/344499958,0,3,1,1,2025-07-28_344499958_净资产收益率告诉你企业的三种盈利模式.md
344209195,2025-07-25,盈余公积！！！,https://xueqiu.com/1301462220/344209195,0,3,0,0,2025-07-25_344209195_盈余公积！！！.md
343654351,2025-07-22,看一家上市公司好不好的最简洁方法,https://xueqiu.com/1301462220/343654351,0,6,1,1,2025-07-22_343654351_看一家上市公司好不好的最简洁方法.md
343471141,2025-07-21,销售净利率！！！,https://xueqiu.com/1301462220/343471141,0,6,1,0,2025-07-21_343471141_销售净利率！！！.md
343158777,2025-07-18,利润是否造假，要看资产负债表--谈谈如何识别上市公司在资产中消化虚增的“利润”,https://xueqiu.com/1301462220/343158777,0,7,1,0,2025-07-18_343158777_利润是否造假，要看资产负债表--谈谈如何识别上市公司在资产中消化虚增的“利润”.md
342835962,2025-07-16,一个价值投资最核心的指标ROIC,https://xueqiu.com/1301462220/342835962,0,5,2,2,2025-07-16_342835962_一个价值投资最核心的指标ROIC.md
341801326,2025-07-09,惩罚越来越严了！2名注册会计师配合财务造假被判刑！,https://xueqiu.com/1301462220/341801326,0,2,0,0,2025-07-09_341801326_惩罚越来越严了！2名注册会计师配合财务造假被判刑！.md
341326936,2025-07-04,库存是亏损的万恶之源！,https://xueqiu.com/1301462220/341326936,0,1,0,0,2025-07-04_341326936_库存是亏损的万恶之源！.md
339415807,2025-06-19,财务报表的三大逻辑切入点：盈利质量、资产质量和现金流量,https://xueqiu.com/1301462220/339415807,0,4,1,1,2025-06-19_339415807_财务报表的三大逻辑切入点：盈利质量、资产质量和现金流量.md
338706457,2025-06-13,透视财务费用！！！,https://xueqiu.com/1301462220/338706457,0,3,0,0,2025-06-13_338706457_透视财务费用！！！.md
338211836,2025-06-10,不符合逻辑。。。,https://xueqiu.com/1301462220/338211836,0,2,0,0,2025-06-10_338211836_不符合逻辑。。。.md
335780432,2025-05-20,如何成为一名好会计？,https://xueqiu.com/1301462220/335780432,0,4,0,0,2025-05-20_335780432_如何成为一名好会计？.md
335633660,2025-05-19,利润大于营业收入！,https://xueqiu.com/1301462220/335633660,0,3,0,0,2025-05-19_335633660_利润大于营业收入！.md
335314237,2025-05-16,被举报偷税漏税 刘晓庆称遭恶意举报,https://xueqiu.com/1301462220/335314237,0,2,1,0,2025-05-16_335314237_被举报偷税漏税 刘晓庆称遭恶意举报.md
334823601,2025-05-12,如何分析一家企业的成长性？,https://xueqiu.com/1301462220/334823601,0,5,1,1,2025-05-12_334823601_如何分析一家企业的成长性？.md
333114453,2025-04-25,周末大消息！刚刚，财政部、证监会重磅发布！,https://xueqiu.com/1301462220/333114453,0,0,0,0,2025-04-25_333114453_周末大消息！刚刚，财政部、证监会重磅发布！.md
331634445,2025-04-15,如何计算企业的真实赚钱能力？,https://xueqiu.com/1301462220/331634445,0,4,1,1,2025-04-15_331634445_如何计算企业的真实赚钱能力？.md
331604926,2025-04-14,洽洽食品财务造假了吗？--洽洽食品短期借款争议的深度解构,https://xueqiu.com/1301462220/331604926,0,7,1,0,2025-04-14_331604926_洽洽食品财务造假了吗？--洽洽食品短期借款争议的深度解构.md
330816278,2025-04-08,关税战：一场围绕资产负债表重构、利润表冲击传导和现金流量表重塑的博弈,https://xueqiu.com/1301462220/330816278,0,4,1,0,2025-04-08_330816278_关税战：一场围绕资产负债表重构、利润表冲击传导和现金流量表重塑的博弈.md
326121387,2025-03-05,财务中台是个啥？,https://xueqiu.com/1301462220/326121387,0,3,0,0,2025-03-05_326121387_财务中台是个啥？.md
324272281,2025-02-20,DeepSeek+小红书，这才是未来5年财务人最好的投资！,https://xueqiu.com/1301462220/324272281,0,1,1,0,2025-02-20_324272281_DeepSeek+小红书，这才是未来5年财务人最好的投资！.md
313785658,2024-11-21,企业如何“盈利”有了操作指南 ！《盈利学》专著在京发布,https://xueqiu.com/1301462220/313785658,0,3,0,0,2024-11-21_313785658_企业如何“盈利”有了操作指南 ！《盈利学》专著在京发布.md
313785614,2024-11-21,在分析现金流量表时，我们应重点关注......,https://xueqiu.com/1301462220/313785614,0,6,0,0,2024-11-21_313785614_在分析现金流量表时，我们应重点关注.......md
313254511,2024-11-18,财务猎聘信息20241118,https://xueqiu.com/1301462220/313254511,0,0,0,0,2024-11-18_313254511_财务猎聘信息20241118.md
312588411,2024-11-13,重磅！140平方米以内住房契税统一按1%缴纳，满2年以上住房免征增值税！,https://xueqiu.com/1301462220/312588411,0,2,1,1,2024-11-13_312588411_重磅！140平方米以内住房契税统一按1%缴纳，满2年以上住房免征增值税！.md
312407908,2024-11-12,中国会计学者的良心之作——《会计规则的由来》（四卷本）读后感,https://xueqiu.com/1301462220/312407908,0,3,0,0,2024-11-12_312407908_中国会计学者的良心之作——《会计规则的由来》（四卷本）读后感.md
312213384,2024-11-11,一本好书：《数据资产ABC》,https://xueqiu.com/1301462220/312213384,0,2,1,0,2024-11-11_312213384_一本好书：《数据资产ABC》.md
311278366,2024-11-05,为什么? 税务局预警信息推送越来越多了...,https://xueqiu.com/1301462220/311278366,0,1,0,0,2024-11-05_311278366_为什么 税务局预警信息推送越来越多了....md
309929983,2024-10-28,2023年度会计师事务所排名情况，你知道吗？,https://xueqiu.com/1301462220/309929983,0,1,0,0,2024-10-28_309929983_2023年度会计师事务所排名情况，你知道吗？.md
309687167,2024-10-26,经济增长与股市牛市：并非必然的正相关,https://xueqiu.com/1301462220/309687167,0,4,0,0,2024-10-26_309687167_经济增长与股市牛市：并非必然的正相关.md
309280267,2024-10-23,核心利润：企业盈利能力的晴雨表,https://xueqiu.com/1301462220/309280267,0,2,0,0,2024-10-23_309280267_核心利润：企业盈利能力的晴雨表.md
307363462,2024-10-09,财务费用！！！,https://xueqiu.com/1301462220/307363462,0,5,0,0,2024-10-09_307363462_财务费用！！！.md
305168874,2024-09-20,某媒体对2024年的神预测，让人背脊发凉...,https://xueqiu.com/1301462220/305168874,0,2,0,0,2024-09-20_305168874_某媒体对2024年的神预测，让人背脊发凉....md
302916932,2024-08-29,财政部新规生效后，会计人发展的新方向！,https://xueqiu.com/1301462220/302916932,0,0,0,0,2024-08-29_302916932_财政部新规生效后，会计人发展的新方向！.md
301325288,2024-08-16,CFO研讨会 | 新变革下的财税合规挑战与机遇,https://xueqiu.com/1301462220/301325288,0,0,0,0,2024-08-16_301325288_CFO研讨会  新变革下的财税合规挑战与机遇.md
300902917,2024-08-13,有气质的女人，都做到了这一点,https://xueqiu.com/1301462220/300902917,0,1,2,1,2024-08-13_300902917_有气质的女人，都做到了这一点.md
300005383,2024-08-05,聪明投资者是怎样炼成的？,https://xueqiu.com/1301462220/300005383,0,0,0,0,2024-08-05_300005383_聪明投资者是怎样炼成的？.md
298672574,2024-07-24,全国首个数据资产化应用标准，诚邀会计师事务所参与,https://xueqiu.com/1301462220/298672574,0,0,0,0,2024-07-24_298672574_全国首个数据资产化应用标准，诚邀会计师事务所参与.md
297550586,2024-07-15,重磅 | 权威译著《管理控制》震撼发布！,https://xueqiu.com/1301462220/297550586,0,2,0,0,2024-07-15_297550586_重磅  权威译著《管理控制》震撼发布！.md
297164412,2024-07-11,财务猎聘信息20240711,https://xueqiu.com/1301462220/297164412,0,0,0,0,2024-07-11_297164412_财务猎聘信息20240711.md
295009252,2024-06-24,财务猎聘信息20240624,https://xueqiu.com/1301462220/295009252,0,0,0,0,2024-06-24_295009252_财务猎聘信息20240624.md
294740487,2024-06-21,财务猎聘信息20240621,https://xueqiu.com/1301462220/294740487,0,0,0,0,2024-06-21_294740487_财务猎聘信息20240621.md
294124835,2024-06-17,财务猎聘信息20240617,https://xueqiu.com/1301462220/294124835,0,0,0,0,2024-06-17_294124835_财务猎聘信息20240617.md
293532280,2024-06-12,财务猎聘信息：寻找适合的你,https://xueqiu.com/1301462220/293532280,0,0,0,0,2024-06-12_293532280_财务猎聘信息：寻找适合的你.md
291594528,2024-05-27,枯燥无味的会计在马老师这里变的简单易懂，都是大白话！,https://xueqiu.com/1301462220/291594528,0,4,0,0,2024-05-27_291594528_枯燥无味的会计在马老师这里变的简单易懂，都是大白话！.md
291410604,2024-05-25,周末推荐：终身不进医院的好习惯！,https://xueqiu.com/1301462220/291410604,0,6,2,0,2024-05-25_291410604_周末推荐：终身不进医院的好习惯！.md
290744524,2024-05-20,钱！！！,https://xueqiu.com/1301462220/290744524,0,6,0,0,2024-05-20_290744524_钱！！！.md
289253986,2024-05-08,刚刚通知！财会人已明确！5月8日正式实行！,https://xueqiu.com/1301462220/289253986,0,0,0,0,2024-05-08_289253986_刚刚通知！财会人已明确！5月8日正式实行！.md
288950270,2024-05-06,上市公司最容易从财报中的哪些部分动手？如何从蛛丝马迹中识破？,https://xueqiu.com/1301462220/288950270,0,3,2,2,2024-05-06_288950270_上市公司最容易从财报中的哪些部分动手？如何从蛛丝马迹中识破？.md
288029165,2024-04-27,大行情，启动！,https://xueqiu.com/1301462220/288029165,0,1,0,0,2024-04-27_288029165_大行情，启动！.md
287939670,2024-04-26,利润，只是一个数字！,https://xueqiu.com/1301462220/287939670,0,2,0,0,2024-04-26_287939670_利润，只是一个数字！.md
287719170,2024-04-25,商誉,https://xueqiu.com/1301462220/287719170,0,3,0,0,2024-04-25_287719170_商誉.md
287386846,2024-04-24,上市公司财报中的货币资金有三大陷阱,https://xueqiu.com/1301462220/287386846,0,1,0,0,2024-04-24_287386846_上市公司财报中的货币资金有三大陷阱.md
287352878,2024-04-23,会计的核心是资产,https://xueqiu.com/1301462220/287352878,0,2,2,0,2024-04-23_287352878_会计的核心是资产.md
286978897,2024-04-21,重磅：第18届中国CFO大会即将召开,https://xueqiu.com/1301462220/286978897,0,0,0,0,2024-04-21_286978897_重磅：第18届中国CFO大会即将召开.md
286693438,2024-04-18,存货或成“雷区”,https://xueqiu.com/1301462220/286693438,0,3,0,0,2024-04-18_286693438_存货或成“雷区”.md
286348170,2024-04-16,现金流量表也可以打扮成“好看”的模样！,https://xueqiu.com/1301462220/286348170,0,3,2,0,2024-04-16_286348170_现金流量表也可以打扮成“好看”的模样！.md
286172041,2024-04-15,牛市希望所在：沪深交易所大幅提升IPO上市的财务指标，收紧财务类退市指标,https://xueqiu.com/1301462220/286172041,0,4,2,2,2024-04-15_286172041_牛市希望所在：沪深交易所大幅提升IPO上市的财务指标，收紧财务类退市指标.md
285811028,2024-04-12,奇信股份连续8年财务造假，证明了财务造假最好用的科目是“在建工程”、“固定资产”！,https://xueqiu.com/1301462220/285811028,0,2,2,1,2024-04-12_285811028_奇信股份连续8年财务造假，证明了财务造假最好用的科目是“在建工程”、“固定资产”.md
285811014,2024-04-12,奇信股份连续8年财务造假，证明了财务造假最好用的科目是“在建工程”、“固定资产”！,https://xueqiu.com/1301462220/285811014,0,0,2,0,2024-04-12_285811014_奇信股份连续8年财务造假，证明了财务造假最好用的科目是“在建工程”、“固定资产”.md
285630596,2024-04-11,4任财务总监连续8年造假，所谓天量的人参其实子虚乌有，“人参之王”是如何虚增存货的?,https://xueqiu.com/1301462220/285630596,0,6,3,0,2024-04-11_285630596_4任财务总监连续8年造假，所谓天量的人参其实子虚乌有，“人参之王”是如何虚增存货.md
285306164,2024-04-09,负债的分析,https://xueqiu.com/1301462220/285306164,0,3,0,0,2024-04-09_285306164_负债的分析.md
285157340,2024-04-08,今天！2024年注会考试报名入口正式开通，附报名流程,https://xueqiu.com/1301462220/285157340,0,1,0,0,2024-04-08_285157340_今天！2024年注会考试报名入口正式开通，附报名流程.md
285012943,2024-04-07,问题：假如扁鹊兄弟三人都是会计，谁的水平最高？,https://xueqiu.com/1301462220/285012943,0,0,0,0,2024-04-07_285012943_问题：假如扁鹊兄弟三人都是会计，谁的水平最高？.md
284614605,2024-04-02,从费用率看企业管理水平、产品竞争力！,https://xueqiu.com/1301462220/284614605,0,2,0,0,2024-04-02_284614605_从费用率看企业管理水平、产品竞争力！.md
284461403,2024-04-01,透视财务费用！！！,https://xueqiu.com/1301462220/284461403,0,4,0,0,2024-04-01_284461403_透视财务费用！！！.md
284145845,2024-03-29,普华永道连续14年为恒大背书！,https://xueqiu.com/1301462220/284145845,0,3,1,0,2024-03-29_284145845_普华永道连续14年为恒大背书！.md
283807602,2024-03-27,不符合逻辑。。。,https://xueqiu.com/1301462220/283807602,0,3,1,0,2024-03-27_283807602_不符合逻辑。。。.md
283619746,2024-03-26,权益乘数，让人听一次就懂，终生不忘！,https://xueqiu.com/1301462220/283619746,0,1,0,0,2024-03-26_283619746_权益乘数，让人听一次就懂，终生不忘！.md
283191418,2024-03-22,庞氏、许氏。。。,https://xueqiu.com/1301462220/283191418,0,3,0,0,2024-03-22_283191418_庞氏、许氏。。。.md
282844478,2024-03-20,资产有息负债率才是真正的资产负债率！！！,https://xueqiu.com/1301462220/282844478,0,6,0,0,2024-03-20_282844478_资产有息负债率才是真正的资产负债率！！！.md
282658542,2024-03-19,财务造假与盈余管理的边界,https://xueqiu.com/1301462220/282658542,0,2,1,0,2024-03-19_282658542_财务造假与盈余管理的边界.md
282083530,2024-03-14,财务造假的重灾区,https://xueqiu.com/1301462220/282083530,0,3,1,0,2024-03-14_282083530_财务造假的重灾区.md
281929079,2024-03-13,ROE与炒股,https://xueqiu.com/1301462220/281929079,0,5,1,1,2024-03-13_281929079_ROE与炒股.md
281774900,2024-03-12,CFO→ CEO,https://xueqiu.com/1301462220/281774900,0,2,1,1,2024-03-12_281774900_CFO→ CEO.md
281347913,2024-03-08,马老师，对上市公司的预付款项能做出什么样的判断？会成为造假行为么？,https://xueqiu.com/1301462220/281347913,0,2,0,0,2024-03-08_281347913_马老师，对上市公司的预付款项能做出什么样的判断？会成为造假行为么？.md
281079577,2024-03-07,2024年中国政法大学同等学力研修班热招中!,https://xueqiu.com/1301462220/281079577,0,0,0,0,2024-03-07_281079577_2024年中国政法大学同等学力研修班热招中!.md
281079572,2024-03-07,利润！！！,https://xueqiu.com/1301462220/281079572,0,2,0,0,2024-03-07_281079572_利润！！！.md
281032539,2024-03-06,“就这点能耐，也敢面财务经理？”,https://xueqiu.com/1301462220/281032539,0,1,0,0,2024-03-06_281032539_“就这点能耐，也敢面财务经理？”.md
281032528,2024-03-06,从毛利率去判断财务造假！,https://xueqiu.com/1301462220/281032528,0,8,2,2,2024-03-06_281032528_从毛利率去判断财务造假！.md
280881727,2024-03-05,金融创新、公允价值会计都是一堆垃圾！,https://xueqiu.com/1301462220/280881727,0,3,1,1,2024-03-05_280881727_金融创新、公允价值会计都是一堆垃圾！.md
280728942,2024-03-04,如何通过现金流量表去寻找优质企业？,https://xueqiu.com/1301462220/280728942,0,8,3,1,2024-03-04_280728942_如何通过现金流量表去寻找优质企业？.md
280450854,2024-03-01,如何判断一家企业是不是在替银行打工？,https://xueqiu.com/1301462220/280450854,0,3,0,0,2024-03-01_280450854_如何判断一家企业是不是在替银行打工？.md
280314013,2024-02-29,判断一家企业好不好的最简洁方法,https://xueqiu.com/1301462220/280314013,0,7,0,0,2024-02-29_280314013_判断一家企业好不好的最简洁方法.md
280131531,2024-02-28,中注协：2024年注会考试大纲发布！,https://xueqiu.com/1301462220/280131531,0,0,0,0,2024-02-28_280131531_中注协：2024年注会考试大纲发布！.md
279998592,2024-02-27,这2个指标不明白，别说你能看懂这家企业！,https://xueqiu.com/1301462220/279998592,0,3,0,0,2024-02-27_279998592_这2个指标不明白，别说你能看懂这家企业！.md
279840421,2024-02-26,炒股！！！,https://xueqiu.com/1301462220/279840421,0,1,0,0,2024-02-26_279840421_炒股！！！.md
279593154,2024-02-23,IPO倒查10年？证监会最新回应来了，信息量很大！,https://xueqiu.com/1301462220/279593154,0,0,0,0,2024-02-23_279593154_IPO倒查10年？证监会最新回应来了，信息量很大！.md
279440320,2024-02-22,货币资金造假！,https://xueqiu.com/1301462220/279440320,0,2,0,0,2024-02-22_279440320_货币资金造假！.md
279293245,2024-02-21,怎样一眼就知道财报中藏有猫腻呢？其实就这么简单......,https://xueqiu.com/1301462220/279293245,0,3,0,0,2024-02-21_279293245_怎样一眼就知道财报中藏有猫腻呢？其实就这么简单.......md
279143280,2024-02-20,2024年度财经类大学最新排名：为第1吵翻了天，有机构将中央财大仅排第5！,https://xueqiu.com/1301462220/279143280,0,0,0,0,2024-02-20_279143280_2024年度财经类大学最新排名：为第1吵翻了天，有机构将中央财大仅排第5！.md
278921998,2024-02-19,对西方会计的批判！,https://xueqiu.com/1301462220/278921998,0,5,4,3,2024-02-19_278921998_对西方会计的批判！.md
278698879,2024-02-14,又是情人节，他明明是在讲会计，却告诉你谈恋爱最有效的方法,https://xueqiu.com/1301462220/278698879,0,0,0,0,2024-02-14_278698879_又是情人节，他明明是在讲会计，却告诉你谈恋爱最有效的方法.md
278297425,2024-02-07,一项调查显示，居然逾四成多的公司高管不完全信任自己公司的财务数据,https://xueqiu.com/1301462220/278297425,0,1,0,0,2024-02-07_278297425_一项调查显示，居然逾四成多的公司高管不完全信任自己公司的财务数据.md
278129963,2024-02-06,让《会计规则的由来》助力朋友们的事业发展,https://xueqiu.com/1301462220/278129963,0,0,0,0,2024-02-06_278129963_让《会计规则的由来》助力朋友们的事业发展.md
277804390,2024-02-05,再说在建工程！,https://xueqiu.com/1301462220/277804390,0,3,1,1,2024-02-05_277804390_再说在建工程！.md
277609312,2024-02-02,人类已经无法阻止会计人的思维了！,https://xueqiu.com/1301462220/277609312,0,1,0,0,2024-02-02_277609312_人类已经无法阻止会计人的思维了！.md
277609275,2024-02-02,人类已经无法阻止会计人的思维了！,https://xueqiu.com/1301462220/277609275,0,0,0,0,2024-02-02_277609275_人类已经无法阻止会计人的思维了！.md
277268369,2024-02-01,财务人员为什么看上去总是特别不高兴？,https://xueqiu.com/1301462220/277268369,0,0,0,0,2024-02-01_277268369_财务人员为什么看上去总是特别不高兴？.md
276979684,2024-01-30,最新！2024版《发票管理办法实施细则》3月1日起施行！,https://xueqiu.com/1301462220/276979684,0,1,0,0,2024-01-30_276979684_最新！2024版《发票管理办法实施细则》3月1日起施行！.md
276831845,2024-01-29,关于产假工资！领过生育津贴不能再领产假工资吗？,https://xueqiu.com/1301462220/276831845,0,0,0,0,2024-01-29_276831845_关于产假工资！领过生育津贴不能再领产假工资吗？.md
276557912,2024-01-26,净资产收益率告诉你企业的三种盈利模式,https://xueqiu.com/1301462220/276557912,0,9,1,1,2024-01-26_276557912_净资产收益率告诉你企业的三种盈利模式.md
276403743,2024-01-25,自由现金流！！！,https://xueqiu.com/1301462220/276403743,0,10,0,0,2024-01-25_276403743_自由现金流！！！.md
275924096,2024-01-23,报表的勾稽关系！！！,https://xueqiu.com/1301462220/275924096,0,3,0,0,2024-01-23_275924096_报表的勾稽关系！！！.md
275552827,2024-01-19,看透营业收入！！！,https://xueqiu.com/1301462220/275552827,0,4,0,0,2024-01-19_275552827_看透营业收入！！！.md
275404992,2024-01-18,最新一项中国大学排名榜发布，你的母校排名如何？,https://xueqiu.com/1301462220/275404992,0,1,0,0,2024-01-18_275404992_最新一项中国大学排名榜发布，你的母校排名如何？.md
275404971,2024-01-18,最新一项中国大学排名榜发布，你的母校排名如何？,https://xueqiu.com/1301462220/275404971,0,0,0,0,2024-01-18_275404971_最新一项中国大学排名榜发布，你的母校排名如何？.md
275214552,2024-01-17,固定资产！！！,https://xueqiu.com/1301462220/275214552,0,3,0,0,2024-01-17_275214552_固定资产！！！.md
274682400,2024-01-13,取代初级和中级，这才是未来5年财务人最好的投资！,https://xueqiu.com/1301462220/274682400,0,0,0,0,2024-01-13_274682400_取代初级和中级，这才是未来5年财务人最好的投资！.md
274682382,2024-01-13,企业最主要、最稳定、最可持续的利润,https://xueqiu.com/1301462220/274682382,0,3,0,0,2024-01-13_274682382_企业最主要、最稳定、最可持续的利润.md
274472982,2024-01-11,营运资金！！！,https://xueqiu.com/1301462220/274472982,0,3,0,0,2024-01-11_274472982_营运资金！！！.md
274325839,2024-01-10,《繁花》点名这所财经大学！,https://xueqiu.com/1301462220/274325839,0,2,0,0,2024-01-10_274325839_《繁花》点名这所财经大学！.md
274157786,2024-01-09,氛围感拉满！2024中国医院财务审计苏州大会日程发布,https://xueqiu.com/1301462220/274157786,0,0,0,0,2024-01-09_274157786_氛围感拉满！2024中国医院财务审计苏州大会日程发布.md
274157744,2024-01-09,合同资产与合同负债,https://xueqiu.com/1301462220/274157744,0,5,1,0,2024-01-09_274157744_合同资产与合同负债.md
274023586,2024-01-08,财务人员要重视，2023“三代”税款手续费开始啦！,https://xueqiu.com/1301462220/274023586,0,2,1,1,2024-01-08_274023586_财务人员要重视，2023“三代”税款手续费开始啦！.md
273738882,2024-01-05,上市公司的审计意见居然可以购买！是哪家会计师事务所卖审计报告？结果被罚没1027万！,https://xueqiu.com/1301462220/273738882,0,3,0,0,2024-01-05_273738882_上市公司的审计意见居然可以购买！是哪家会计师事务所卖审计报告？结果被罚没1027.md
273567718,2024-01-04,应付职工薪酬！！！,https://xueqiu.com/1301462220/273567718,0,2,1,0,2024-01-04_273567718_应付职工薪酬！！！.md
273407419,2024-01-03,费用！！！,https://xueqiu.com/1301462220/273407419,0,1,0,0,2024-01-03_273407419_费用！！！.md
273261162,2024-01-02,借给朋友61万，四年未还，这钱竟然可以不还了，关键是法院还支持！为啥？,https://xueqiu.com/1301462220/273261162,0,2,0,0,2024-01-02_273261162_借给朋友61万，四年未还，这钱竟然可以不还了，关键是法院还支持！为啥？.md
273261140,2024-01-02,借给朋友61万，四年未还，这钱竟然可以不还了，关键是法院还支持！为啥？,https://xueqiu.com/1301462220/273261140,0,0,1,0,2024-01-02_273261140_借给朋友61万，四年未还，这钱竟然可以不还了，关键是法院还支持！为啥？.md
273065983,2023-12-31,资产负债表日！！！,https://xueqiu.com/1301462220/273065983,0,2,0,0,2023-12-31_273065983_资产负债表日！！！.md
272948083,2023-12-29,獐子岛！！！,https://xueqiu.com/1301462220/272948083,0,0,0,0,2023-12-29_272948083_獐子岛！！！.md
272784092,2023-12-28,最高检：依法严厉打击证券犯罪。抓人！紫晶存储实控人涉嫌欺诈上市被刑拘！,https://xueqiu.com/1301462220/272784092,0,0,0,0,2023-12-28_272784092_最高检：依法严厉打击证券犯罪。抓人！紫晶存储实控人涉嫌欺诈上市被刑拘！.md
272598896,2023-12-27,企业盈利能力的五大指标！！！,https://xueqiu.com/1301462220/272598896,0,6,0,0,2023-12-27_272598896_企业盈利能力的五大指标！！！.md
272439501,2023-12-26,案情复杂！操纵利润22.64亿元！河北证监局从严、从重查办庞大集团财务造假案！,https://xueqiu.com/1301462220/272439501,0,0,1,1,2023-12-26_272439501_案情复杂！操纵利润22.64亿元！河北证监局从严、从重查办庞大集团财务造假案！.md
271747945,2023-12-21,某些上市公司的资产负债表有沦为“垃圾场”的趋势！,https://xueqiu.com/1301462220/271747945,0,5,2,0,2023-12-21_271747945_某些上市公司的资产负债表有沦为“垃圾场”的趋势！.md
271747904,2023-12-21,中国政法大学2024年同等学力研修班热招中,https://xueqiu.com/1301462220/271747904,0,0,0,0,2023-12-21_271747904_中国政法大学2024年同等学力研修班热招中.md
271494801,2023-12-19,重要！明年1月1日起，社保新变化！,https://xueqiu.com/1301462220/271494801,0,0,0,0,2023-12-19_271494801_重要！明年1月1日起，社保新变化！.md
271339910,2023-12-18,证监会最新发布！2022年会计师事务所受处罚情况统计,https://xueqiu.com/1301462220/271339910,0,1,0,0,2023-12-18_271339910_证监会最新发布！2022年会计师事务所受处罚情况统计.md
271057836,2023-12-15,多少人买过她的东西？！|良心商家,https://xueqiu.com/1301462220/271057836,0,0,0,0,2023-12-15_271057836_多少人买过她的东西？！良心商家.md
271057749,2023-12-15,不缺钱、不借债才真牛！,https://xueqiu.com/1301462220/271057749,0,1,0,0,2023-12-15_271057749_不缺钱、不借债才真牛！.md
270891028,2023-12-14,绞尽脑汁财务造假，因为代价太小！,https://xueqiu.com/1301462220/270891028,0,5,0,0,2023-12-14_270891028_绞尽脑汁财务造假，因为代价太小！.md
270561818,2023-12-12,突发！连续5年财务造假，最著名的会计师事务所出具了标准无保留意见报告,https://xueqiu.com/1301462220/270561818,0,3,1,1,2023-12-12_270561818_突发！连续5年财务造假，最著名的会计师事务所出具了标准无保留意见报告.md
270420160,2023-12-11,颜值本身绝对是一项资产！俊男美女，收入就是高！！,https://xueqiu.com/1301462220/270420160,0,1,0,0,2023-12-11_270420160_颜值本身绝对是一项资产！俊男美女，收入就是高！！.md
270120691,2023-12-08,收现比、净现比、分红融资比！,https://xueqiu.com/1301462220/270120691,0,8,1,0,2023-12-08_270120691_收现比、净现比、分红融资比！.md
269957741,2023-12-07,往来科目！！！,https://xueqiu.com/1301462220/269957741,0,6,0,0,2023-12-07_269957741_往来科目！！！.md
269819501,2023-12-06,2024年度个人所得税专项附加扣除信息确认已开始！这些坑千万不能踩！财务转发给所有员工！,https://xueqiu.com/1301462220/269819501,0,2,0,0,2023-12-06_269819501_2024年度个人所得税专项附加扣除信息确认已开始！这些坑千万不能踩！财务转发给所.md
269658643,2023-12-05,递延所得税！！！,https://xueqiu.com/1301462220/269658643,0,4,0,0,2023-12-05_269658643_递延所得税！！！.md
269464221,2023-12-04,如何分析一家企业的成长性？,https://xueqiu.com/1301462220/269464221,0,7,3,2,2023-12-04_269464221_如何分析一家企业的成长性？.md
269027373,2023-11-30,大家对企业赚取了多少利润大可不必当真！！！,https://xueqiu.com/1301462220/269027373,0,4,1,1,2023-11-30_269027373_大家对企业赚取了多少利润大可不必当真！！！.md
268536750,2023-11-27,这个财务造假迹象的汇总很全面！,https://xueqiu.com/1301462220/268536750,0,3,1,1,2023-11-27_268536750_这个财务造假迹象的汇总很全面！.md
268138742,2023-11-23,在建工程！！！,https://xueqiu.com/1301462220/268138742,0,3,0,0,2023-11-23_268138742_在建工程！！！.md
267987532,2023-11-22,毛利和毛利率！！！,https://xueqiu.com/1301462220/267987532,0,4,0,0,2023-11-22_267987532_毛利和毛利率！！！.md
267822542,2023-11-21,CPA考试出分啦！,https://xueqiu.com/1301462220/267822542,0,0,0,0,2023-11-21_267822542_CPA考试出分啦！.md
267677766,2023-11-20,财政部严禁以或有收费方式提供审计服务,https://xueqiu.com/1301462220/267677766,0,2,0,0,2023-11-20_267677766_财政部严禁以或有收费方式提供审计服务.md
267472883,2023-11-18,【荐读】不必把太多人请进生命里(深度好文),https://xueqiu.com/1301462220/267472883,0,4,0,0,2023-11-18_267472883_【荐读】不必把太多人请进生命里(深度好文).md
267414411,2023-11-17,含金量！！！,https://xueqiu.com/1301462220/267414411,0,5,0,0,2023-11-17_267414411_含金量！！！.md
267254720,2023-11-16,会计情景短剧，太有才了！,https://xueqiu.com/1301462220/267254720,0,1,0,0,2023-11-16_267254720_会计情景短剧，太有才了！.md
267071419,2023-11-15,财税人要了解的有关税务稽查的相关问题,https://xueqiu.com/1301462220/267071419,0,0,0,0,2023-11-15_267071419_财税人要了解的有关税务稽查的相关问题.md
266891158,2023-11-14,差五毛钱平不了账，他居然将五毛钱直接贴在现金账上！,https://xueqiu.com/1301462220/266891158,0,1,0,0,2023-11-14_266891158_差五毛钱平不了账，他居然将五毛钱直接贴在现金账上！.md
266099779,2023-11-08,人社局明确：社保没缴满15年也能领养老金？！,https://xueqiu.com/1301462220/266099779,0,1,0,0,2023-11-08_266099779_人社局明确：社保没缴满15年也能领养老金？！.md
265824522,2023-11-06,净资产收益率的缺陷！！！,https://xueqiu.com/1301462220/265824522,0,4,0,0,2023-11-06_265824522_净资产收益率的缺陷！！！.md
265585459,2023-11-03,餐饮招待报销可以这样“玩”，你造吗？,https://xueqiu.com/1301462220/265585459,0,0,0,0,2023-11-03_265585459_餐饮招待报销可以这样“玩”，你造吗？.md
265196875,2023-10-31,为什么保险公司ROE考核周期拉长利好股市？,https://xueqiu.com/1301462220/265196875,0,4,1,1,2023-10-31_265196875_为什么保险公司ROE考核周期拉长利好股市？.md
264816590,2023-10-27,有息负债与无息负债！！！,https://xueqiu.com/1301462220/264816590,0,10,71,2,2023-10-27_264816590_有息负债与无息负债！！！.md
264341180,2023-10-24,资产负债率能衡量企业的债务风险吗？！,https://xueqiu.com/1301462220/264341180,0,4,0,0,2023-10-24_264341180_资产负债率能衡量企业的债务风险吗？！.md
263812610,2023-10-19,分析财务报表的核心点！！！,https://xueqiu.com/1301462220/263812610,0,5,0,1,2023-10-19_263812610_分析财务报表的核心点！！！.md
263669034,2023-10-18,中注协：2022年度会计师事务所综合评价百家排名信息,https://xueqiu.com/1301462220/263669034,0,1,0,0,2023-10-18_263669034_中注协：2022年度会计师事务所综合评价百家排名信息.md
263190498,2023-10-13,2023丨白癜风/银屑病(牛皮癣)重点公益项目，援助500人,https://xueqiu.com/1301462220/263190498,0,0,1,0,2023-10-13_263190498_2023丨白癜风银屑病(牛皮癣)重点公益项目，援助500人.md
263190225,2023-10-13,原来会计、财务分析、财务造假、审计就是这么一回事！,https://xueqiu.com/1301462220/263190225,0,4,1,1,2023-10-13_263190225_原来会计、财务分析、财务造假、审计就是这么一回事！.md
262966814,2023-10-11,照搬价值投资无异于慢性财务自杀！,https://xueqiu.com/1301462220/262966814,0,6,6,0,2023-10-11_262966814_照搬价值投资无异于慢性财务自杀！.md
262591445,2023-10-07,预付账款！,https://xueqiu.com/1301462220/262591445,0,3,0,0,2023-10-07_262591445_预付账款！.md
262323665,2023-09-29,最新任命！财政部党组书记蓝佛安（附简历）,https://xueqiu.com/1301462220/262323665,0,0,0,0,2023-09-29_262323665_最新任命！财政部党组书记蓝佛安（附简历）.md
262291075,2023-09-28,火车票、飞机票不用再打印报销了！,https://xueqiu.com/1301462220/262291075,0,2,0,1,2023-09-28_262291075_火车票、飞机票不用再打印报销了！.md
262195129,2023-09-27,营业外收入！！！,https://xueqiu.com/1301462220/262195129,0,4,0,0,2023-09-27_262195129_营业外收入！！！.md
262095772,2023-09-26,普华永道：无法表示意见！ 上市公司：不认可，预算340万拟新聘会计师！,https://xueqiu.com/1301462220/262095772,0,4,0,0,2023-09-26_262095772_普华永道：无法表示意见！ 上市公司：不认可，预算340万拟新聘会计师！.md
261999448,2023-09-25,货币资金！,https://xueqiu.com/1301462220/261999448,0,7,1,0,2023-09-25_261999448_货币资金！.md
261844771,2023-09-22,乐视网财务造假案一审判决：三家会计所承担连带赔偿责任。比例适当，会计所不应有痛感！,https://xueqiu.com/1301462220/261844771,0,2,0,1,2023-09-22_261844771_乐视网财务造假案一审判决：三家会计所承担连带赔偿责任。比例适当，会计所不应有痛感.md
261749907,2023-09-22,收藏！2023年最新最全的税率表（18个税种）,https://xueqiu.com/1301462220/261749907,0,3,0,2,2023-09-22_261749907_收藏！2023年最新最全的税率表（18个税种）.md
261407963,2023-09-18,资产的异常增长！！！,https://xueqiu.com/1301462220/261407963,0,6,1,0,2023-09-18_261407963_资产的异常增长！！！.md
261316447,2023-09-17,对当前股市的一些看法,https://xueqiu.com/1301462220/261316447,0,9,2,1,2023-09-17_261316447_对当前股市的一些看法.md
261245809,2023-09-15,财务报表就像是比基尼......,https://xueqiu.com/1301462220/261245809,0,3,0,0,2023-09-15_261245809_财务报表就像是比基尼.......md
261033358,2023-09-13,2022年度会计师事务所综合评价百家排名信息（公示稿）,https://xueqiu.com/1301462220/261033358,0,1,0,0,2023-09-13_261033358_2022年度会计师事务所综合评价百家排名信息（公示稿）.md
260935837,2023-09-12,总资产收益率与净资产收益率的区别与联系,https://xueqiu.com/1301462220/260935837,0,3,0,0,2023-09-12_260935837_总资产收益率与净资产收益率的区别与联系.md
260837173,2023-09-11,7大类问题！《上市公司2022年年度财务报告会计监管报告》出炉，必读！,https://xueqiu.com/1301462220/260837173,0,2,0,0,2023-09-11_260837173_7大类问题！《上市公司2022年年度财务报告会计监管报告》出炉，必读！.md
260584959,2023-09-07,利用毛利率相关的异常情况去判断财务造假，简单粗暴，但却十分有效！,https://xueqiu.com/1301462220/260584959,0,10,4,2,2023-09-07_260584959_利用毛利率相关的异常情况去判断财务造假，简单粗暴，但却十分有效！.md
260350529,2023-09-05,ROA，ROE，ROIC,https://xueqiu.com/1301462220/260350529,0,7,0,2,2023-09-05_260350529_ROA，ROE，ROIC.md
259870682,2023-08-30,怎样一眼就知道财报中藏有猫腻呢？其实就这么简单......,https://xueqiu.com/1301462220/259870682,0,5,0,1,2023-08-30_259870682_怎样一眼就知道财报中藏有猫腻呢？其实就这么简单.......md
259438078,2023-08-27,国家统计局：同比下降15.5%,https://xueqiu.com/1301462220/259438078,0,4,11,3,2023-08-27_259438078_国家统计局：同比下降15.5%.md
259367216,2023-08-25,9月1日起，最低工资调整，月薪不到这个数，违法！,https://xueqiu.com/1301462220/259367216,0,0,0,0,2023-08-25_259367216_9月1日起，最低工资调整，月薪不到这个数，违法！.md
258472734,2023-08-16,财政部重击！罚！,https://xueqiu.com/1301462220/258472734,0,2,1,1,2023-08-16_258472734_财政部重击！罚！.md
257862098,2023-08-09,谁说财务不创造利润？成立“年度报表工作小组”！虚增收入47亿、利润28亿！与第3方造假公司...,https://xueqiu.com/1301462220/257862098,0,1,0,0,2023-08-09_257862098_谁说财务不创造利润？成立“年度报表工作小组”！虚增收入47亿、利润28亿！与第3.md
257495568,2023-08-04,债,https://xueqiu.com/1301462220/257495568,0,4,0,0,2023-08-04_257495568_债.md
256312591,2023-07-21,又有2家退市公司怪罪审计机构，认为审计结论错误！,https://xueqiu.com/1301462220/256312591,0,2,0,0,2023-07-21_256312591_又有2家退市公司怪罪审计机构，认为审计结论错误！.md
255978540,2023-07-18,盈利能力！！！,https://xueqiu.com/1301462220/255978540,0,5,1,0,2023-07-18_255978540_盈利能力！！！.md
255784305,2023-07-16,5起涉个税案件曝光，信号：加强个税征管！,https://xueqiu.com/1301462220/255784305,0,1,0,0,2023-07-16_255784305_5起涉个税案件曝光，信号：加强个税征管！.md
255717850,2023-07-14,活久见！某上市公司：年报审计结论错误，我们不退市！,https://xueqiu.com/1301462220/255717850,0,2,0,0,2023-07-14_255717850_活久见！某上市公司：年报审计结论错误，我们不退市！.md
255494590,2023-07-12,识别财务造假的基本逻辑,https://xueqiu.com/1301462220/255494590,0,6,0,4,2023-07-12_255494590_识别财务造假的基本逻辑.md
255275982,2023-07-10,某些上市公司的资产负债表就是“垃圾场”！,https://xueqiu.com/1301462220/255275982,0,4,3,0,2023-07-10_255275982_某些上市公司的资产负债表就是“垃圾场”！.md
254900720,2023-07-05,表上有利润，账上没有钱，借钱去交税，大家如何看？,https://xueqiu.com/1301462220/254900720,0,1,0,0,2023-07-05_254900720_表上有利润，账上没有钱，借钱去交税，大家如何看？.md
254805104,2023-07-04,庞氏骗局：庞氏分红、庞氏利息以及庞氏工资,https://xueqiu.com/1301462220/254805104,0,15,8,6,2023-07-04_254805104_庞氏骗局：庞氏分红、庞氏利息以及庞氏工资.md
254695415,2023-07-03,颠覆性判决！和证监会对簿公堂后，康美签字会计师杨文蔚被追加为被执行人，这次真要倾家荡产了！,https://xueqiu.com/1301462220/254695415,0,7,1,0,2023-07-03_254695415_颠覆性判决！和证监会对簿公堂后，康美签字会计师杨文蔚被追加为被执行人，这次真要倾.md
254518194,2023-06-30,利息！！！,https://xueqiu.com/1301462220/254518194,0,4,0,0,2023-06-30_254518194_利息！！！.md
254413351,2023-06-30,重磅！2023年中国高校毕业生薪酬top200榜单！,https://xueqiu.com/1301462220/254413351,0,2,0,5,2023-06-30_254413351_重磅！2023年中国高校毕业生薪酬top200榜单！.md
254182637,2023-06-27,讨论：有没有财务部门给公司创造利润的案例?,https://xueqiu.com/1301462220/254182637,0,2,1,0,2023-06-27_254182637_讨论：有没有财务部门给公司创造利润的案例.md
254079421,2023-06-26,资产负债表衰退是可怕的,https://xueqiu.com/1301462220/254079421,0,3,3,1,2023-06-26_254079421_资产负债表衰退是可怕的.md
253832258,2023-06-21,这十几年，我对紫鑫药业说了什么,https://xueqiu.com/1301462220/253832258,0,4,0,0,2023-06-21_253832258_这十几年，我对紫鑫药业说了什么.md
253607053,2023-06-19,炒股！！！,https://xueqiu.com/1301462220/253607053,0,6,1,0,2023-06-19_253607053_炒股！！！.md
253449554,2023-06-17,全国首例！网络售卖虚假审计报告案8人获刑，仅1年多暴利5000多万元！,https://xueqiu.com/1301462220/253449554,0,0,1,1,2023-06-17_253449554_全国首例！网络售卖虚假审计报告案8人获刑，仅1年多暴利5000多万元！.md
253417404,2023-06-16,2023年第12期《财会月刊》电子刊,https://xueqiu.com/1301462220/253417404,0,1,0,0,2023-06-16_253417404_2023年第12期《财会月刊》电子刊.md
253316192,2023-06-15,马老师，利润会大于营业收入吗？,https://xueqiu.com/1301462220/253316192,0,1,0,1,2023-06-15_253316192_马老师，利润会大于营业收入吗？.md
253197507,2023-06-14,要理解研发支出资本化，谈个恋爱就知道了！,https://xueqiu.com/1301462220/253197507,0,2,0,1,2023-06-14_253197507_要理解研发支出资本化，谈个恋爱就知道了！.md
252973918,2023-06-12,想报考财经大学？刚刚！2023年财经院校最新排行榜公布！,https://xueqiu.com/1301462220/252973918,0,1,0,0,2023-06-12_252973918_想报考财经大学？刚刚！2023年财经院校最新排行榜公布！.md
252568976,2023-06-07,上市公司只要财务造假，总能从细节处发现,https://xueqiu.com/1301462220/252568976,0,3,0,1,2023-06-07_252568976_上市公司只要财务造假，总能从细节处发现.md
252568960,2023-06-07,上市公司只要财务造假，总能从细节处发现,https://xueqiu.com/1301462220/252568960,0,2,0,0,2023-06-07_252568960_上市公司只要财务造假，总能从细节处发现.md
252456283,2023-06-06,现金循环周期揭示了管理资产负债表的重要意义！,https://xueqiu.com/1301462220/252456283,0,6,1,1,2023-06-06_252456283_现金循环周期揭示了管理资产负债表的重要意义！.md
252054214,2023-06-01,存货的分析,https://xueqiu.com/1301462220/252054214,0,5,0,0,2023-06-01_252054214_存货的分析.md
251943962,2023-05-31,快讯！自动完成报税开始试点了！,https://xueqiu.com/1301462220/251943962,0,0,0,1,2023-05-31_251943962_快讯！自动完成报税开始试点了！.md
251816392,2023-05-30,财务报表的三大逻辑切入点：盈利质量、资产质量和现金流量,https://xueqiu.com/1301462220/251816392,0,5,0,1,2023-05-30_251816392_财务报表的三大逻辑切入点：盈利质量、资产质量和现金流量.md
251694022,2023-05-29,现金流和利润的关系,https://xueqiu.com/1301462220/251694022,0,3,0,1,2023-05-29_251694022_现金流和利润的关系.md
251392278,2023-05-25,财报会说话：如何由财报悟出企业的真实经营状况？,https://xueqiu.com/1301462220/251392278,0,7,0,0,2023-05-25_251392278_财报会说话：如何由财报悟出企业的真实经营状况？.md
251052719,2023-05-22,现金流量与利润来源的联系与区别,https://xueqiu.com/1301462220/251052719,0,5,1,1,2023-05-22_251052719_现金流量与利润来源的联系与区别.md
250769145,2023-05-18,CFO必读：我通过虚增利润而虚增的资产类项目，总结出财务造假的五重境界！,https://xueqiu.com/1301462220/250769145,0,9,2,1,2023-05-18_250769145_CFO必读：我通过虚增利润而虚增的资产类项目，总结出财务造假的五重境界！.md
250652838,2023-05-17,什么是真正的资产负债率？,https://xueqiu.com/1301462220/250652838,0,4,0,1,2023-05-17_250652838_什么是真正的资产负债率？.md
250422582,2023-05-15,“洗大澡”,https://xueqiu.com/1301462220/250422582,0,3,2,0,2023-05-15_250422582_“洗大澡”.md
249772637,2023-05-08,很多企业的“其他应收款”其实是没有取得发票的费用！,https://xueqiu.com/1301462220/249772637,0,2,1,0,2023-05-08_249772637_很多企业的“其他应收款”其实是没有取得发票的费用！.md
249441818,2023-05-04,微娅凉透了，她却在小红书“抄作业”半年买房：普通人闷声发财的真相，藏不住了！,https://xueqiu.com/1301462220/249441818,0,1,1,0,2023-05-04_249441818_微娅凉透了，她却在小红书“抄作业”半年买房：普通人闷声发财的真相，藏不住了！.md
249441699,2023-05-04,计提资产减值准备为虚增资产开了方便之门,https://xueqiu.com/1301462220/249441699,0,6,1,0,2023-05-04_249441699_计提资产减值准备为虚增资产开了方便之门.md
249335151,2023-05-03,最高级的养生，就这一个字,https://xueqiu.com/1301462220/249335151,0,5,0,1,2023-05-03_249335151_最高级的养生，就这一个字.md
248790213,2023-04-26,财务费用！！！,https://xueqiu.com/1301462220/248790213,0,3,0,0,2023-04-26_248790213_财务费用！！！.md
248634630,2023-04-25,国税总局所得税司副司长《加计扣除新政解读》讲稿,https://xueqiu.com/1301462220/248634630,0,2,0,0,2023-04-25_248634630_国税总局所得税司副司长《加计扣除新政解读》讲稿.md
248465300,2023-04-24,三种盈利模式,https://xueqiu.com/1301462220/248465300,0,0,1,1,2023-04-24_248465300_三种盈利模式.md
248245810,2023-04-21,在“第十七届中国CFO大会”上的致辞,https://xueqiu.com/1301462220/248245810,0,0,0,0,2023-04-21_248245810_在“第十七届中国CFO大会”上的致辞.md
248099268,2023-04-20,其他应付款！！！,https://xueqiu.com/1301462220/248099268,0,2,0,0,2023-04-20_248099268_其他应付款！！！.md
247751208,2023-04-18,极 度 缺 人：800-1000/天，适合会计的副业TOP1,https://xueqiu.com/1301462220/247751208,0,0,0,0,2023-04-18_247751208_极 度 缺 人：800-1000天，适合会计的副业TOP1.md
247482650,2023-04-14,住房公积金！！！,https://xueqiu.com/1301462220/247482650,0,3,0,0,2023-04-14_247482650_住房公积金！！！.md
247365028,2023-04-13,会计界的狂飙：这场CFO盛典不容错过！,https://xueqiu.com/1301462220/247365028,0,1,0,0,2023-04-13_247365028_会计界的狂飙：这场CFO盛典不容错过！.md
247239004,2023-04-12,故事会,https://xueqiu.com/1301462220/247239004,0,1,0,0,2023-04-12_247239004_故事会.md
247124505,2023-04-11,货币资金！！！,https://xueqiu.com/1301462220/247124505,0,6,3,1,2023-04-11_247124505_货币资金！！！.md
247001993,2023-04-10,两名董事要求审计师出具无保留意见审计报告，否则要求更换会计师事务所！,https://xueqiu.com/1301462220/247001993,0,2,1,1,2023-04-10_247001993_两名董事要求审计师出具无保留意见审计报告，否则要求更换会计师事务所！.md
246556474,2023-04-05,被要求加班，员工大骂领导截图火遍全网,https://xueqiu.com/1301462220/246556474,0,15,2,0,2023-04-05_246556474_被要求加班，员工大骂领导截图火遍全网.md
246170237,2023-03-31,一个段子就说清楚了会计和审计的关系！,https://xueqiu.com/1301462220/246170237,0,5,1,1,2023-03-31_246170237_一个段子就说清楚了会计和审计的关系！.md
245746522,2023-03-28,营业收入！！！,https://xueqiu.com/1301462220/245746522,0,4,1,0,2023-03-28_245746522_营业收入！！！.md
244448027,2023-03-14,为什么当月增加的固定资产下月计提折旧？,https://xueqiu.com/1301462220/244448027,0,5,1,0,2023-03-14_244448027_为什么当月增加的固定资产下月计提折旧？.md
244334773,2023-03-13,负债的分析,https://xueqiu.com/1301462220/244334773,0,3,0,0,2023-03-13_244334773_负债的分析.md
244045348,2023-03-09,只靠注册会计师不能解决上市公司财务造假问题,https://xueqiu.com/1301462220/244045348,0,5,0,0,2023-03-09_244045348_只靠注册会计师不能解决上市公司财务造假问题.md
243876879,2023-03-08,马靖昊：从另一个角度看营运资金！！！,https://xueqiu.com/1301462220/243876879,0,5,0,2,2023-03-08_243876879_马靖昊：从另一个角度看营运资金！！！.md
243755488,2023-03-07,会计离职时，删除电子账册，且未与公司进行工作交接，被判刑一年,https://xueqiu.com/1301462220/243755488,0,0,0,0,2023-03-07_243755488_会计离职时，删除电子账册，且未与公司进行工作交接，被判刑一年.md
243657840,2023-03-06,主要是应收票据的原因！,https://xueqiu.com/1301462220/243657840,0,9,3,3,2023-03-06_243657840_主要是应收票据的原因！.md
243450283,2023-03-03,2023年个税汇算开始！或可退钱，附详细操作流程,https://xueqiu.com/1301462220/243450283,0,4,1,1,2023-03-03_243450283_2023年个税汇算开始！或可退钱，附详细操作流程.md
243180857,2023-02-28,2023年注会考试报名相关事项须知,https://xueqiu.com/1301462220/243180857,0,0,0,0,2023-02-28_243180857_2023年注会考试报名相关事项须知.md
243083028,2023-02-27,聪明的姑娘找老公时，看重的是他的资产负债表，尤其是母公司的资产负债表,https://xueqiu.com/1301462220/243083028,0,4,0,2,2023-02-27_243083028_聪明的姑娘找老公时，看重的是他的资产负债表，尤其是母公司的资产负债表.md
242922130,2023-02-24,说说会计利润和经济利润,https://xueqiu.com/1301462220/242922130,0,3,1,1,2023-02-24_242922130_说说会计利润和经济利润.md
242730996,2023-02-22,看一下，月薪不到这个数，违法！,https://xueqiu.com/1301462220/242730996,0,1,0,0,2023-02-22_242730996_看一下，月薪不到这个数，违法！.md
242636211,2023-02-21,合同资产与合同负债,https://xueqiu.com/1301462220/242636211,0,11,1,4,2023-02-21_242636211_合同资产与合同负债.md
242533925,2023-02-20,重磅！财政部正式发布注会考试新大纲！,https://xueqiu.com/1301462220/242533925,0,2,0,0,2023-02-20_242533925_重磅！财政部正式发布注会考试新大纲！.md
242379174,2023-02-17,会计的核心是资产,https://xueqiu.com/1301462220/242379174,0,6,1,0,2023-02-17_242379174_会计的核心是资产.md
242070898,2023-02-14,M2,https://xueqiu.com/1301462220/242070898,0,7,1,1,2023-02-14_242070898_M2.md
241968217,2023-02-13,可持续的利润！！！,https://xueqiu.com/1301462220/241968217,0,9,1,3,2023-02-13_241968217_可持续的利润！！！.md
241798525,2023-02-10,证监会通报2022年案件办理情况,https://xueqiu.com/1301462220/241798525,0,2,0,1,2023-02-10_241798525_证监会通报2022年案件办理情况.md
241698543,2023-02-09,资产有息负债率！它比资产负债率更管用！！,https://xueqiu.com/1301462220/241698543,0,3,5,7,2023-02-09_241698543_资产有息负债率！它比资产负债率更管用！！.md
241597353,2023-02-08,A股上演《狂飙》，这家公司在荒坡挖5米深坑埋377箱会计资料！,https://xueqiu.com/1301462220/241597353,0,1,0,0,2023-02-08_241597353_A股上演《狂飙》，这家公司在荒坡挖5米深坑埋377箱会计资料！.md
241480587,2023-02-07,2023年度初、高级会计技术资格考试网上报名启动！这些事项要注意！,https://xueqiu.com/1301462220/241480587,0,0,0,0,2023-02-07_241480587_2023年度初、高级会计技术资格考试网上报名启动！这些事项要注意！.md
241406542,2023-02-06,总资产收益率！！！,https://xueqiu.com/1301462220/241406542,0,5,0,0,2023-02-06_241406542_总资产收益率！！！.md
241245379,2023-02-03,一个会计硕士的疑惑：到底会计人的发展方向在哪里？,https://xueqiu.com/1301462220/241245379,0,2,1,3,2023-02-03_241245379_一个会计硕士的疑惑：到底会计人的发展方向在哪里？.md
241047857,2023-02-01,从财报看企业的竞争力！！！,https://xueqiu.com/1301462220/241047857,0,7,1,3,2023-02-01_241047857_从财报看企业的竞争力！！！.md
240854377,2023-01-30,今天说说股票,https://xueqiu.com/1301462220/240854377,0,4,0,0,2023-01-30_240854377_今天说说股票.md
240699570,2023-01-28,荐读 | 记住生命中对你好的人,https://xueqiu.com/1301462220/240699570,0,7,1,2,2023-01-28_240699570_荐读  记住生命中对你好的人.md
240461744,2023-01-20,团圆的意义,https://xueqiu.com/1301462220/240461744,0,2,0,0,2023-01-20_240461744_团圆的意义.md
240386930,2023-01-19,财务造假万变不离其宗,https://xueqiu.com/1301462220/240386930,0,16,13,15,2023-01-19_240386930_财务造假万变不离其宗.md
240306185,2023-01-18,上港集团盈利不错，为什么市值徘徊不前？,https://xueqiu.com/1301462220/240306185,0,42,9,5,2023-01-18_240306185_上港集团盈利不错，为什么市值徘徊不前？.md
240149755,2023-01-16,为什么这么多女CPAer都是单身！？看完你就恍然大悟了......,https://xueqiu.com/1301462220/240149755,0,0,0,0,2023-01-16_240149755_为什么这么多女CPAer都是单身！？看完你就恍然大悟了.......md
239993432,2023-01-13,快讯！税务总局明确企业所得税年度纳税申报有关事项,https://xueqiu.com/1301462220/239993432,0,1,0,0,2023-01-13_239993432_快讯！税务总局明确企业所得税年度纳税申报有关事项.md
239898505,2023-01-12,净利润！,https://xueqiu.com/1301462220/239898505,0,5,0,0,2023-01-12_239898505_净利润！.md
239655399,2023-01-10,免税实操细则来了！小规模纳税人减免增值税等政策有关征管事项明确（附解读）,https://xueqiu.com/1301462220/239655399,0,2,0,0,2023-01-10_239655399_免税实操细则来了！小规模纳税人减免增值税等政策有关征管事项明确（附解读）.md
239619318,2023-01-09,关于明确增值税小规模纳税人减免增值税等政策的公告,https://xueqiu.com/1301462220/239619318,0,1,0,0,2023-01-09_239619318_关于明确增值税小规模纳税人减免增值税等政策的公告.md
239451681,2023-01-06,对于一家企业成长性的分析！！！,https://xueqiu.com/1301462220/239451681,0,5,0,1,2023-01-06_239451681_对于一家企业成长性的分析！！！.md
239330400,2023-01-05,2023年全国初、中、高级会计专业技术资格考试大纲发布,https://xueqiu.com/1301462220/239330400,0,1,0,0,2023-01-05_239330400_2023年全国初、中、高级会计专业技术资格考试大纲发布.md
239240351,2023-01-04,分析一下建设机械的财报及预测2023年度盈利情况，该股票是否在低位，付卫平被套2年多了，能否解套？?,https://xueqiu.com/1301462220/239240351,0,6,1,0,2023-01-04_239240351_分析一下建设机械的财报及预测2023年度盈利情况，该股票是否在低位，付卫平被套2.md
239142513,2023-01-03,@全部纳税人，1月征期抄报提醒（税务UKEY、税控盘、金税盘）,https://xueqiu.com/1301462220/239142513,0,1,0,0,2023-01-03_239142513_@全部纳税人，1月征期抄报提醒（税务UKEY、税控盘、金税盘）.md
238986446,2022-12-31,资产负债表日！！！,https://xueqiu.com/1301462220/238986446,0,1,0,0,2022-12-31_238986446_资产负债表日！！！.md
238947842,2022-12-30,增值税法（草案）与增值税暂行条例对照表,https://xueqiu.com/1301462220/238947842,0,1,0,0,2022-12-30_238947842_增值税法（草案）与增值税暂行条例对照表.md
238856325,2022-12-29,杜邦公式告诉CEO如何经营好一家企业,https://xueqiu.com/1301462220/238856325,0,5,1,1,2022-12-29_238856325_杜邦公式告诉CEO如何经营好一家企业.md
238775668,2022-12-28,收藏！全年一次性奖金的个税这样算！,https://xueqiu.com/1301462220/238775668,0,4,0,0,2022-12-28_238775668_收藏！全年一次性奖金的个税这样算！.md
238695527,2022-12-27,利息保障倍数,https://xueqiu.com/1301462220/238695527,0,3,0,0,2022-12-27_238695527_利息保障倍数.md
238505083,2022-12-23,千山药机造假、退市案例分析,https://xueqiu.com/1301462220/238505083,0,3,4,0,2022-12-23_238505083_千山药机造假、退市案例分析.md
238430901,2022-12-22,应该把提升老百姓的收入摆在优先位置,https://xueqiu.com/1301462220/238430901,0,6,1,0,2022-12-22_238430901_应该把提升老百姓的收入摆在优先位置.md
238271338,2022-12-20,史上首次！PCAOB 获得检查和调查中国在美国上市的公司审计业务的完全权限,https://xueqiu.com/1301462220/238271338,0,2,0,0,2022-12-20_238271338_史上首次！PCAOB 获得检查和调查中国在美国上市的公司审计业务的完全权限.md
238194503,2022-12-19,其他综合收益！！！,https://xueqiu.com/1301462220/238194503,0,5,1,3,2022-12-19_238194503_其他综合收益！！！.md
237865696,2022-12-14,我也“阳”了！,https://xueqiu.com/1301462220/237865696,0,11,1,1,2022-12-14_237865696_我也“阳”了！.md
237670025,2022-12-12,毛利率结合“销售难度率”，更便于分析产品的竞争力！,https://xueqiu.com/1301462220/237670025,0,4,0,1,2022-12-12_237670025_毛利率结合“销售难度率”，更便于分析产品的竞争力！.md
237195346,2022-12-06,其实疫苗公司、核酸检测公司的营收、盈利多半是应收账款,https://xueqiu.com/1301462220/237195346,0,0,0,0,2022-12-06_237195346_其实疫苗公司、核酸检测公司的营收、盈利多半是应收账款.md
237097544,2022-12-05,懂会计，其实弄懂宏观经济有先天的优势,https://xueqiu.com/1301462220/237097544,0,4,0,1,2022-12-05_237097544_懂会计，其实弄懂宏观经济有先天的优势.md
236981739,2022-12-04,超详细！2023年个税专项附加扣除确认操作流程！,https://xueqiu.com/1301462220/236981739,0,1,1,0,2022-12-04_236981739_超详细！2023年个税专项附加扣除确认操作流程！.md
236915793,2022-12-02,潜亏,https://xueqiu.com/1301462220/236915793,0,2,0,0,2022-12-02_236915793_潜亏.md
236711454,2022-11-30,税务部门紧急通知！11月起银行手续费没有发票一律不得入账！马上转给会计！,https://xueqiu.com/1301462220/236711454,0,0,0,0,2022-11-30_236711454_税务部门紧急通知！11月起银行手续费没有发票一律不得入账！马上转给会计！.md
236612211,2022-11-29,现金流量表是如何造假的？,https://xueqiu.com/1301462220/236612211,0,12,2,5,2022-11-29_236612211_现金流量表是如何造假的？.md
236507680,2022-11-28,最直白的会计工作解释，这下彻底明白了！,https://xueqiu.com/1301462220/236507680,0,3,0,2,2022-11-28_236507680_最直白的会计工作解释，这下彻底明白了！.md
236162440,2022-11-23,*ST紫晶欺诈发行解读：“体外担保术”造假！,https://xueqiu.com/1301462220/236162440,0,5,1,3,2022-11-23_236162440_ST紫晶欺诈发行解读：“体外担保术”造假！.md
236063004,2022-11-22,又一位CFO出事，一审有期徒刑11年，并处罚金150万元,https://xueqiu.com/1301462220/236063004,0,2,4,1,2022-11-22_236063004_又一位CFO出事，一审有期徒刑11年，并处罚金150万元.md
235931013,2022-11-21,关于发布2022年注册会计师全国统一考试成绩的公告,https://xueqiu.com/1301462220/235931013,0,1,0,0,2022-11-21_235931013_关于发布2022年注册会计师全国统一考试成绩的公告.md
235797037,2022-11-18,批一批资产负债表债务法！！！,https://xueqiu.com/1301462220/235797037,0,1,0,2,2022-11-18_235797037_批一批资产负债表债务法！！！.md
235574984,2022-11-16,给现在缺钱的会计一个大胆的建议！,https://xueqiu.com/1301462220/235574984,0,1,1,0,2022-11-16_235574984_给现在缺钱的会计一个大胆的建议！.md
235467160,2022-11-15,合并报表！！！,https://xueqiu.com/1301462220/235467160,0,1,0,0,2022-11-15_235467160_合并报表！！！.md
235357706,2022-11-14,马老师，您说为什么很多公司都烦财务，觉得财务部就会找麻烦？,https://xueqiu.com/1301462220/235357706,0,0,1,0,2022-11-14_235357706_马老师，您说为什么很多公司都烦财务，觉得财务部就会找麻烦？.md
235181913,2022-11-11,马老师，您好！对上市公司的预付款项能做出什么样的判断？会成为造假行为么？,https://xueqiu.com/1301462220/235181913,0,3,0,1,2022-11-11_235181913_马老师，您好！对上市公司的预付款项能做出什么样的判断？会成为造假行为么？.md
235055994,2022-11-10,逆天了，由报表间内在关系发现财报造假的惊心秘密！,https://xueqiu.com/1301462220/235055994,0,9,1,1,2022-11-10_235055994_逆天了，由报表间内在关系发现财报造假的惊心秘密！.md
234861500,2022-11-09,马老师，您能用通俗的话讲下财务造假与盈余管理吗？,https://xueqiu.com/1301462220/234861500,0,3,0,1,2022-11-09_234861500_马老师，您能用通俗的话讲下财务造假与盈余管理吗？.md
234853314,2022-11-08,永续盘存制和实地盘存制，原来是这么回事！,https://xueqiu.com/1301462220/234853314,0,0,0,0,2022-11-08_234853314_永续盘存制和实地盘存制，原来是这么回事！.md
234587320,2022-11-04,个人养老金十问十答：去哪开户？怎么领取？个税怎样优惠？,https://xueqiu.com/1301462220/234587320,0,3,0,3,2022-11-04_234587320_个人养老金十问十答：去哪开户？怎么领取？个税怎样优惠？.md
234480747,2022-11-03,毛利和毛利率！！！,https://xueqiu.com/1301462220/234480747,0,9,2,0,2022-11-03_234480747_毛利和毛利率！！！.md
234378505,2022-11-02,会计真的就这么简单！,https://xueqiu.com/1301462220/234378505,0,17,3,3,2022-11-02_234378505_会计真的就这么简单！.md
234159548,2022-10-31,流动资产的一些事！！！,https://xueqiu.com/1301462220/234159548,0,3,0,1,2022-10-31_234159548_流动资产的一些事！！！.md
233962271,2022-10-29,马靖昊：会计五行及其相生相克关系！,https://xueqiu.com/1301462220/233962271,0,4,0,0,2022-10-29_233962271_马靖昊：会计五行及其相生相克关系！.md
233580560,2022-10-25,上市公司财报造假的乱象、疑点以及信号,https://xueqiu.com/1301462220/233580560,0,11,10,7,2022-10-25_233580560_上市公司财报造假的乱象、疑点以及信号.md
233467539,2022-10-24,企业的竞争力！！！,https://xueqiu.com/1301462220/233467539,0,5,0,1,2022-10-24_233467539_企业的竞争力！！！.md
233280221,2022-10-21,应收账款！！！,https://xueqiu.com/1301462220/233280221,0,5,0,0,2022-10-21_233280221_应收账款！！！.md
233191068,2022-10-20,利润是否造假，关键看资产负债表！,https://xueqiu.com/1301462220/233191068,0,13,1,3,2022-10-20_233191068_利润是否造假，关键看资产负债表！.md
233087848,2022-10-19,资产负债率能衡量企业的债务风险吗？！,https://xueqiu.com/1301462220/233087848,0,3,0,2,2022-10-19_233087848_资产负债率能衡量企业的债务风险吗？！.md
233001266,2022-10-18,非经常性损益！！！,https://xueqiu.com/1301462220/233001266,0,3,0,0,2022-10-18_233001266_非经常性损益！！！.md
232911546,2022-10-17,一个价值投资最核心的指标ROIC,https://xueqiu.com/1301462220/232911546,0,11,0,7,2022-10-17_232911546_一个价值投资最核心的指标ROIC.md
232819485,2022-10-16,荐读：人生确实需要顿悟,https://xueqiu.com/1301462220/232819485,0,3,1,2,2022-10-16_232819485_荐读：人生确实需要顿悟.md
232735304,2022-10-14,利润反映经营成果“应该是什么”，那“实际是什么”呢？,https://xueqiu.com/1301462220/232735304,0,5,1,2,2022-10-14_232735304_利润反映经营成果“应该是什么”，那“实际是什么”呢？.md
232656320,2022-10-13,永续债的记账反映了会计的魔术性！！！,https://xueqiu.com/1301462220/232656320,0,3,0,1,2022-10-13_232656320_永续债的记账反映了会计的魔术性！！！.md
232556630,2022-10-12,财务舞弊易发高发领域及重点应对措施,https://xueqiu.com/1301462220/232556630,0,3,0,3,2022-10-12_232556630_财务舞弊易发高发领域及重点应对措施.md
232458202,2022-10-11,节税，加计扣除新政这样操作！,https://xueqiu.com/1301462220/232458202,0,1,0,0,2022-10-11_232458202_节税，加计扣除新政这样操作！.md
232373752,2022-10-10,7类可以抵扣进项税额的票据凭证,https://xueqiu.com/1301462220/232373752,0,1,0,0,2022-10-10_232373752_7类可以抵扣进项税额的票据凭证.md
232280271,2022-10-09,费用率=（销售费用+管理费用+财务费用）÷营业收入吗？,https://xueqiu.com/1301462220/232280271,0,3,0,2,2022-10-09_232280271_费用率=（销售费用+管理费用+财务费用）÷营业收入吗？.md
232239976,2022-10-08,现金流量表也可以打扮成“好看”的模样！,https://xueqiu.com/1301462220/232239976,0,10,0,3,2022-10-08_232239976_现金流量表也可以打扮成“好看”的模样！.md
232170917,2022-10-06,支付宝被取消高新技术企业资格,https://xueqiu.com/1301462220/232170917,0,6,6,1,2022-10-06_232170917_支付宝被取消高新技术企业资格.md
232140512,2022-10-05,会计人，敢说下你的月薪吗？,https://xueqiu.com/1301462220/232140512,0,0,0,0,2022-10-05_232140512_会计人，敢说下你的月薪吗？.md
232106802,2022-10-04,重磅！2022中国财经大学排名公布！央财不是第一，最大的黑马是.......,https://xueqiu.com/1301462220/232106802,0,1,1,0,2022-10-04_232106802_重磅！2022中国财经大学排名公布！央财不是第一，最大的黑马是........md
231998172,2022-09-30,快讯：换购住房全额退还个人所得税,https://xueqiu.com/1301462220/231998172,0,4,0,0,2022-09-30_231998172_快讯：换购住房全额退还个人所得税.md
231901798,2022-09-29,固定资产！！！,https://xueqiu.com/1301462220/231901798,0,8,2,2,2022-09-29_231901798_固定资产！！！.md
231806881,2022-09-28,2022年上半年企业IPO被否原因分析,https://xueqiu.com/1301462220/231806881,0,0,0,1,2022-09-28_231806881_2022年上半年企业IPO被否原因分析.md
231707376,2022-09-27,惊悚！去世会计师签署365份审计报告,https://xueqiu.com/1301462220/231707376,0,0,1,1,2022-09-27_231707376_惊悚！去世会计师签署365份审计报告.md
231612492,2022-09-26,长期股权投资！！！,https://xueqiu.com/1301462220/231612492,0,6,2,2,2022-09-26_231612492_长期股权投资！！！.md
231465049,2022-09-24,庞氏工资！！！,https://xueqiu.com/1301462220/231465049,0,14,2,2,2022-09-24_231465049_庞氏工资！！！.md
231365260,2022-09-22,颜值本身绝对是一项资产！！！,https://xueqiu.com/1301462220/231365260,0,2,3,0,2022-09-22_231365260_颜值本身绝对是一项资产！！！.md
231272252,2022-09-21,个人住房转让税费一览表！,https://xueqiu.com/1301462220/231272252,0,3,0,0,2022-09-21_231272252_个人住房转让税费一览表！.md
231178698,2022-09-20,让企业家勇于扩表吧！,https://xueqiu.com/1301462220/231178698,0,2,0,1,2022-09-20_231178698_让企业家勇于扩表吧！.md
231093309,2022-09-19,高分红可以治理财务造假 ？！,https://xueqiu.com/1301462220/231093309,0,6,1,2,2022-09-19_231093309_高分红可以治理财务造假 ？！.md
230775735,2022-09-15,缓！缓！缓！再延缓纳税！国家税务总局 财政部公告2022年第17号文,https://xueqiu.com/1301462220/230775735,0,0,0,0,2022-09-15_230775735_缓！缓！缓！再延缓纳税！国家税务总局 财政部公告2022年第17号文.md
230637144,2022-09-13,如同化验血液，对于企业，可以检测一下它的收现比、净现比、分红融资比！,https://xueqiu.com/1301462220/230637144,0,10,0,2,2022-09-13_230637144_如同化验血液，对于企业，可以检测一下它的收现比、净现比、分红融资比！.md
230354311,2022-09-08,电子发票可以这样查询！很方便！（附：2022中国企业500强出炉，看看都有谁！）,https://xueqiu.com/1301462220/230354311,0,1,0,0,2022-09-08_230354311_电子发票可以这样查询！很方便！（附：2022中国企业500强出炉，看看都有谁！）.md
230260595,2022-09-07,财务危机！！！,https://xueqiu.com/1301462220/230260595,0,9,0,2,2022-09-07_230260595_财务危机！！！.md
230164220,2022-09-06,体外循环！！！,https://xueqiu.com/1301462220/230164220,0,5,2,2,2022-09-06_230164220_体外循环！！！.md
229899547,2022-09-02,有息负债与无息负债！！！,https://xueqiu.com/1301462220/229899547,0,9,2,2,2022-09-02_229899547_有息负债与无息负债！！！.md
229798979,2022-09-01,留抵退税会计处理和现金流量表列示、留抵退税必须知道6个实务问题、最近常见涉税会计处理,https://xueqiu.com/1301462220/229798979,0,1,1,1,2022-09-01_229798979_留抵退税会计处理和现金流量表列示、留抵退税必须知道6个实务问题、最近常见涉税会计.md
229696915,2022-09-01,如何全面且合理地分析财务报表间的勾稽关系？,https://xueqiu.com/1301462220/229696915,0,19,4,4,2022-09-01_229696915_如何全面且合理地分析财务报表间的勾稽关系？.md
229561214,2022-08-30,剥下会计的“画皮” —— 兼论会计之道就是钱道！,https://xueqiu.com/1301462220/229561214,0,5,3,0,2022-08-30_229561214_剥下会计的“画皮” —— 兼论会计之道就是钱道！.md
229310420,2022-08-28,解析：股权设计的“九条黄金线”,https://xueqiu.com/1301462220/229310420,0,3,0,1,2022-08-28_229310420_解析：股权设计的“九条黄金线”.md
229238082,2022-08-26,中国证监会、财政部与美国监管机构签署审计监管合作协议,https://xueqiu.com/1301462220/229238082,0,4,0,1,2022-08-26_229238082_中国证监会、财政部与美国监管机构签署审计监管合作协议.md
229124812,2022-08-25,净资产收益率的缺陷！！！,https://xueqiu.com/1301462220/229124812,0,16,4,5,2022-08-25_229124812_净资产收益率的缺陷！！！.md
228878824,2022-08-24,“现金流”之痛,https://xueqiu.com/1301462220/228878824,0,6,0,0,2022-08-24_228878824_“现金流”之痛.md
228752077,2022-08-22,蓝思科技怎么了？！,https://xueqiu.com/1301462220/228752077,0,10,4,2,2022-08-22_228752077_蓝思科技怎么了？！.md
228628304,2022-08-21,周末推荐：让你永不生病的三个字！（太精辟了）,https://xueqiu.com/1301462220/228628304,0,4,0,2,2022-08-21_228628304_周末推荐：让你永不生病的三个字！（太精辟了）.md
228503812,2022-08-19,注意了！发票作废勿任性！！！,https://xueqiu.com/1301462220/228503812,0,2,0,0,2022-08-19_228503812_注意了！发票作废勿任性！！！.md
228419361,2022-08-18,中注协：2021年度会计师事务所综合评价百家排名信息,https://xueqiu.com/1301462220/228419361,0,0,0,1,2022-08-18_228419361_中注协：2021年度会计师事务所综合评价百家排名信息.md
228194418,2022-08-16,财眼看京东方的焦点,https://xueqiu.com/1301462220/228194418,0,6,1,2,2022-08-16_228194418_财眼看京东方的焦点.md
228104463,2022-08-15,突发！德勤被出具警示函！,https://xueqiu.com/1301462220/228104463,0,2,0,1,2022-08-15_228104463_突发！德勤被出具警示函！.md
227717128,2022-08-11,几个重要的偿债能力指标！,https://xueqiu.com/1301462220/227717128,0,2,0,1,2022-08-11_227717128_几个重要的偿债能力指标！.md
227599120,2022-08-09,费用率,https://xueqiu.com/1301462220/227599120,0,4,0,1,2022-08-09_227599120_费用率.md
227328385,2022-08-05,成功企业的报表是这样进阶的！,https://xueqiu.com/1301462220/227328385,0,7,2,2,2022-08-05_227328385_成功企业的报表是这样进阶的！.md
227231148,2022-08-04,任何忽视现金流而激进的企业，都是找死的节奏！,https://xueqiu.com/1301462220/227231148,0,8,4,4,2022-08-04_227231148_任何忽视现金流而激进的企业，都是找死的节奏！.md
227030842,2022-08-03,组合式税费支持政策成效显现,https://xueqiu.com/1301462220/227030842,0,0,0,0,2022-08-03_227030842_组合式税费支持政策成效显现.md
226915950,2022-08-02,“费用资本化”是一个公然进行财务造假的概念！！！,https://xueqiu.com/1301462220/226915950,0,11,2,5,2022-08-02_226915950_“费用资本化”是一个公然进行财务造假的概念！！！.md
226724982,2022-07-30,什么样的非财务信息可以用来判断企业陷入财务困境？,https://xueqiu.com/1301462220/226724982,0,5,0,1,2022-07-30_226724982_什么样的非财务信息可以用来判断企业陷入财务困境？.md
226609352,2022-07-28,唉，谈恋爱最有效的方法,https://xueqiu.com/1301462220/226609352,0,7,0,3,2022-07-28_226609352_唉，谈恋爱最有效的方法.md
226298096,2022-07-25,账款能收尽收，能晚付尽量晚付。如果大家都这样做，金钱还有流动吗？,https://xueqiu.com/1301462220/226298096,0,4,2,2,2022-07-25_226298096_账款能收尽收，能晚付尽量晚付。如果大家都这样做，金钱还有流动吗？.md
226129582,2022-07-22,什么？员工垫资报销办公用品被查？,https://xueqiu.com/1301462220/226129582,0,0,0,0,2022-07-22_226129582_什么？员工垫资报销办公用品被查？.md
226003531,2022-07-21,在内部审计论坛上的分享发言,https://xueqiu.com/1301462220/226003531,0,1,0,0,2022-07-21_226003531_在内部审计论坛上的分享发言.md
225677258,2022-07-18,财务杠杆！！！,https://xueqiu.com/1301462220/225677258,0,4,1,1,2022-07-18_225677258_财务杠杆！！！.md
225508467,2022-07-15,以更大力度稳健推进税收立法,https://xueqiu.com/1301462220/225508467,0,0,0,0,2022-07-15_225508467_以更大力度稳健推进税收立法.md
225391576,2022-07-14,应收账款周转率,https://xueqiu.com/1301462220/225391576,0,4,0,1,2022-07-14_225391576_应收账款周转率.md
225264116,2022-07-13,印花税实例解读,https://xueqiu.com/1301462220/225264116,0,1,0,0,2022-07-13_225264116_印花税实例解读.md
224910691,2022-07-10,绿色会计引领企业转型与变革,https://xueqiu.com/1301462220/224910691,0,0,0,0,2022-07-10_224910691_绿色会计引领企业转型与变革.md
224865048,2022-07-08,认缴制！！！,https://xueqiu.com/1301462220/224865048,0,1,0,0,2022-07-08_224865048_认缴制！！！.md
224647051,2022-07-06,*ST辅仁董事：年审会计师穷尽方法也无法表示意见，本人更无法保证！,https://xueqiu.com/1301462220/224647051,0,2,0,1,2022-07-06_224647051_ST辅仁董事：年审会计师穷尽方法也无法表示意见，本人更无法保证！.md
224534820,2022-07-05,关于2022年度全国会计专业技术资格考试题型等有关事项的通知,https://xueqiu.com/1301462220/224534820,0,0,0,0,2022-07-05_224534820_关于2022年度全国会计专业技术资格考试题型等有关事项的通知.md
224252461,2022-07-01,马靖昊：会计人员如何向财务管理转型,https://xueqiu.com/1301462220/224252461,0,3,0,1,2022-07-01_224252461_马靖昊：会计人员如何向财务管理转型.md
224137419,2022-06-30,既然说增值税的最终买单人是消费者，但为什么企业对税负重还这么有意见呢？大伙说说！,https://xueqiu.com/1301462220/224137419,0,3,1,2,2022-06-30_224137419_既然说增值税的最终买单人是消费者，但为什么企业对税负重还这么有意见呢？大伙说说！.md
224012906,2022-06-29,全电发票，划重点来了！,https://xueqiu.com/1301462220/224012906,0,1,0,0,2022-06-29_224012906_全电发票，划重点来了！.md
223896338,2022-06-28,还有2天！个税汇算截止 !,https://xueqiu.com/1301462220/223896338,0,2,0,0,2022-06-28_223896338_还有2天！个税汇算截止 !.md
223778790,2022-06-27,自由现金流！！！,https://xueqiu.com/1301462220/223778790,0,10,1,3,2022-06-27_223778790_自由现金流！！！.md
223604414,2022-06-25,2022年度全国会计专业技术初、高级资格考试考务日程安排及有关事项明确,https://xueqiu.com/1301462220/223604414,0,0,0,0,2022-06-25_223604414_2022年度全国会计专业技术初、高级资格考试考务日程安排及有关事项明确.md
223590592,2022-06-24,潜亏，潜伏在什么地方呢？,https://xueqiu.com/1301462220/223590592,0,4,0,0,2022-06-24_223590592_潜亏，潜伏在什么地方呢？.md
223473984,2022-06-23,财务造假被查，预付账款往往是导火索！,https://xueqiu.com/1301462220/223473984,0,10,1,1,2022-06-23_223473984_财务造假被查，预付账款往往是导火索！.md
223361245,2022-06-22,如何判断企业是不是在替银行打工？,https://xueqiu.com/1301462220/223361245,0,11,1,0,2022-06-22_223361245_如何判断企业是不是在替银行打工？.md
223153740,2022-06-20,看一家企业好不好的最简洁方法,https://xueqiu.com/1301462220/223153740,0,20,0,4,2022-06-20_223153740_看一家企业好不好的最简洁方法.md
222967347,2022-06-17,有人一看见生产成本，就想当然地觉得应该进利润表，这种思维要不得啊,https://xueqiu.com/1301462220/222967347,0,5,0,0,2022-06-17_222967347_有人一看见生产成本，就想当然地觉得应该进利润表，这种思维要不得啊.md
222855027,2022-06-16,企业在聘请出纳时必须谨慎！否则......,https://xueqiu.com/1301462220/222855027,0,1,0,0,2022-06-16_222855027_企业在聘请出纳时必须谨慎！否则.......md
222742423,2022-06-15,盈利能力！！！,https://xueqiu.com/1301462220/222742423,0,3,1,3,2022-06-15_222742423_盈利能力！！！.md
222620486,2022-06-14,财务人员为什么看上去总是特别不高兴？,https://xueqiu.com/1301462220/222620486,0,2,0,0,2022-06-14_222620486_财务人员为什么看上去总是特别不高兴？.md
222504785,2022-06-13,有位男同事，每次出差回来报销时，他都强烈要求现金报销，为什么？,https://xueqiu.com/1301462220/222504785,0,2,0,0,2022-06-13_222504785_有位男同事，每次出差回来报销时，他都强烈要求现金报销，为什么？.md
222215152,2022-06-09,往来科目！！！,https://xueqiu.com/1301462220/222215152,0,2,0,0,2022-06-09_222215152_往来科目！！！.md
222106175,2022-06-08,存货周转率！！！,https://xueqiu.com/1301462220/222106175,0,7,0,2,2022-06-08_222106175_存货周转率！！！.md
221992723,2022-06-07,企业所得税九大预警指标是如何比对数据的？,https://xueqiu.com/1301462220/221992723,0,1,0,1,2022-06-07_221992723_企业所得税九大预警指标是如何比对数据的？.md
221891102,2022-06-06,权益乘数！！！,https://xueqiu.com/1301462220/221891102,0,5,1,0,2022-06-06_221891102_权益乘数！！！.md
221690060,2022-06-02,盈余公积！！！,https://xueqiu.com/1301462220/221690060,0,6,0,1,2022-06-02_221690060_盈余公积！！！.md
221462562,2022-05-31,好消息！减半征收部分乘用车车辆购置税，最高可减1.5万元！,https://xueqiu.com/1301462220/221462562,0,3,0,0,2022-05-31_221462562_好消息！减半征收部分乘用车车辆购置税，最高可减1.5万元！.md
221360697,2022-05-30,交增值税最多的企业家才是最牛的企业家！不是产值最大也不是利润最多！,https://xueqiu.com/1301462220/221360697,0,3,1,1,2022-05-30_221360697_交增值税最多的企业家才是最牛的企业家！不是产值最大也不是利润最多！.md
221087021,2022-05-27,惊呆股民！一顿操作获利65亿元，必须解读它的账务处理！,https://xueqiu.com/1301462220/221087021,0,6,2,0,2022-05-27_221087021_惊呆股民！一顿操作获利65亿元，必须解读它的账务处理！.md
220953144,2022-05-25,2022年产假工资发放标准！,https://xueqiu.com/1301462220/220953144,0,0,0,0,2022-05-25_220953144_2022年产假工资发放标准！.md
220839599,2022-05-24,营业外收入！！！,https://xueqiu.com/1301462220/220839599,0,3,0,0,2022-05-24_220839599_营业外收入！！！.md
220544878,2022-05-20,应付账款周转率！！！,https://xueqiu.com/1301462220/220544878,0,4,0,1,2022-05-20_220544878_应付账款周转率！！！.md
220432294,2022-05-19,大华会计事务所涉长园集团财务造假案，被罚1160余万元！,https://xueqiu.com/1301462220/220432294,0,1,1,0,2022-05-19_220432294_大华会计事务所涉长园集团财务造假案，被罚1160余万元！.md
220312195,2022-05-18,大数据真厉害：近期查处的31起留抵退税典型案件！,https://xueqiu.com/1301462220/220312195,0,1,0,0,2022-05-18_220312195_大数据真厉害：近期查处的31起留抵退税典型案件！.md
220201751,2022-05-17,自由现金流以及现金流量表分析的要点！！！,https://xueqiu.com/1301462220/220201751,0,22,6,8,2022-05-17_220201751_自由现金流以及现金流量表分析的要点！！！.md
220099563,2022-05-16,股市：要关注这九个指标！,https://xueqiu.com/1301462220/220099563,0,19,4,12,2022-05-16_220099563_股市：要关注这九个指标！.md
219960695,2022-05-15,2021年中国营业收入前500名上市公司榜单,https://xueqiu.com/1301462220/219960695,0,5,1,2,2022-05-15_219960695_2021年中国营业收入前500名上市公司榜单.md
219905820,2022-05-13,某些上市公司的资产负债表就是“垃圾场”！,https://xueqiu.com/1301462220/219905820,0,11,2,1,2022-05-13_219905820_某些上市公司的资产负债表就是“垃圾场”！.md
219739993,2022-05-12,财务总监声明部分业务无法确定真伪性后“失联”，公司报警……,https://xueqiu.com/1301462220/219739993,0,2,4,2,2022-05-12_219739993_财务总监声明部分业务无法确定真伪性后“失联”，公司报警…….md
219683220,2022-05-11,什么是现金循环周期？为什么它揭示了管理资产负债表的重要意义？,https://xueqiu.com/1301462220/219683220,0,5,3,2,2022-05-11_219683220_什么是现金循环周期？为什么它揭示了管理资产负债表的重要意义？.md
219445517,2022-05-09,中国财经类大学2022年排名：两财一贸名列前茅！,https://xueqiu.com/1301462220/219445517,0,2,0,0,2022-05-09_219445517_中国财经类大学2022年排名：两财一贸名列前茅！.md
219309791,2022-05-07,炒股看不懂财报没关系，看审计意见就可以！（A股2021年度4803家财报审计意见汇总）,https://xueqiu.com/1301462220/219309791,0,18,3,6,2022-05-07_219309791_炒股看不懂财报没关系，看审计意见就可以！（A股2021年度4803家财报审计意见.md
219255194,2022-05-06,突发，四位董事不认可会计师事务所出具的“无法表示意见”报告！,https://xueqiu.com/1301462220/219255194,0,4,0,1,2022-05-06_219255194_突发，四位董事不认可会计师事务所出具的“无法表示意见”报告！.md
219039276,2022-05-04,重磅！最新涉税刑事案件立案标准（附新旧对照表）,https://xueqiu.com/1301462220/219039276,0,3,0,0,2022-05-04_219039276_重磅！最新涉税刑事案件立案标准（附新旧对照表）.md
218888785,2022-05-01,【荐读】有一种智慧，叫事过不追问,https://xueqiu.com/1301462220/218888785,0,3,0,0,2022-05-01_218888785_【荐读】有一种智慧，叫事过不追问.md
218871345,2022-04-30,这家财税服务上市公司被要求补缴巨额税款,https://xueqiu.com/1301462220/218871345,0,2,0,0,2022-04-30_218871345_这家财税服务上市公司被要求补缴巨额税款.md
218664027,2022-04-28,剥下会计的“画皮”－－兼论会计之道,https://xueqiu.com/1301462220/218664027,0,5,1,1,2022-04-28_218664027_剥下会计的“画皮”－－兼论会计之道.md
218615512,2022-04-28,也谈财政货币协调联动,https://xueqiu.com/1301462220/218615512,0,1,0,0,2022-04-28_218615512_也谈财政货币协调联动.md
218336908,2022-04-26,用会计术语吵架，要笑喷了！,https://xueqiu.com/1301462220/218336908,0,5,0,1,2022-04-26_218336908_用会计术语吵架，要笑喷了！.md
218184788,2022-04-25,不能忘年报！企业工商年报详细流程在这里……,https://xueqiu.com/1301462220/218184788,0,0,0,0,2022-04-25_218184788_不能忘年报！企业工商年报详细流程在这里…….md
217780577,2022-04-22,库存的本质是什么？,https://xueqiu.com/1301462220/217780577,0,10,2,4,2022-04-22_217780577_库存的本质是什么？.md
217617857,2022-04-20,与会计有关的笑话！！！,https://xueqiu.com/1301462220/217617857,0,2,0,0,2022-04-20_217617857_与会计有关的笑话！！！.md
217168990,2022-04-15,企业造血与失血：自由现金流的分析,https://xueqiu.com/1301462220/217168990,0,12,0,5,2022-04-15_217168990_企业造血与失血：自由现金流的分析.md
217049760,2022-04-14,现金流的威力，不可不知对应收账款管理的重要性！,https://xueqiu.com/1301462220/217049760,0,12,1,2,2022-04-14_217049760_现金流的威力，不可不知对应收账款管理的重要性！.md
216924228,2022-04-13,总资产收益率与净资产收益率的区别与联系,https://xueqiu.com/1301462220/216924228,0,13,3,4,2022-04-13_216924228_总资产收益率与净资产收益率的区别与联系.md
216804190,2022-04-12,打造适应未来发展的财务管理体系,https://xueqiu.com/1301462220/216804190,0,2,0,0,2022-04-12_216804190_打造适应未来发展的财务管理体系.md
216559285,2022-04-10,【荐读】学会解劝自己,https://xueqiu.com/1301462220/216559285,0,3,1,1,2022-04-10_216559285_【荐读】学会解劝自己.md
216478089,2022-04-08,要警惕将「并购商誉」隐藏起来,https://xueqiu.com/1301462220/216478089,0,4,2,0,2022-04-08_216478089_要警惕将「并购商誉」隐藏起来.md
216366252,2022-04-07,一图看懂！增值税期末留抵税额这！样！退！,https://xueqiu.com/1301462220/216366252,0,0,1,0,2022-04-07_216366252_一图看懂！增值税期末留抵税额这！样！退！.md
216258356,2022-04-06,假账永远是假账！,https://xueqiu.com/1301462220/216258356,0,6,0,1,2022-04-06_216258356_假账永远是假账！.md
216106757,2022-04-04,怎样一眼就知道财报中藏有猫腻呢？其实就这么简单......,https://xueqiu.com/1301462220/216106757,0,8,0,0,2022-04-04_216106757_怎样一眼就知道财报中藏有猫腻呢？其实就这么简单.......md
216069216,2022-04-03,【荐读】17个关于公司印章管理的核心问题,https://xueqiu.com/1301462220/216069216,0,4,0,1,2022-04-03_216069216_【荐读】17个关于公司印章管理的核心问题.md
215986572,2022-04-01,无形资产！,https://xueqiu.com/1301462220/215986572,0,6,2,2,2022-04-01_215986572_无形资产！.md
215869657,2022-03-31,商誉！,https://xueqiu.com/1301462220/215869657,0,9,4,4,2022-03-31_215869657_商誉！.md
215725131,2022-03-30,合同资产与合同负债,https://xueqiu.com/1301462220/215725131,0,11,3,1,2022-03-30_215725131_合同资产与合同负债.md
215460754,2022-03-28,脾气大的人居然与会计科目有那么多的关联！！！,https://xueqiu.com/1301462220/215460754,0,2,0,0,2022-03-28_215460754_脾气大的人居然与会计科目有那么多的关联！！！.md
215109480,2022-03-24,刚刚出台，免征增值税！！！,https://xueqiu.com/1301462220/215109480,0,1,0,1,2022-03-24_215109480_刚刚出台，免征增值税！！！.md
215016291,2022-03-23,从减税降费到组合式税费支持,https://xueqiu.com/1301462220/215016291,0,2,0,1,2022-03-23_215016291_从减税降费到组合式税费支持.md
214885902,2022-03-22,退税！进一步加大增值税期末留抵退税！！！,https://xueqiu.com/1301462220/214885902,0,2,0,0,2022-03-22_214885902_退税！进一步加大增值税期末留抵退税！！！.md
214791214,2022-03-21,关注“硬”的财务指标：花钱的数据最真实,https://xueqiu.com/1301462220/214791214,0,5,0,0,2022-03-21_214791214_关注“硬”的财务指标：花钱的数据最真实.md
214344583,2022-03-16,预付账款中可能隐藏的猫腻！！！,https://xueqiu.com/1301462220/214344583,0,4,0,0,2022-03-16_214344583_预付账款中可能隐藏的猫腻！！！.md
214197156,2022-03-15,假账真做！！！,https://xueqiu.com/1301462220/214197156,0,27,16,10,2022-03-15_214197156_假账真做！！！.md
214035832,2022-03-14,净资产收益率的计算方法,https://xueqiu.com/1301462220/214035832,0,8,2,2,2022-03-14_214035832_净资产收益率的计算方法.md
213865572,2022-03-12,荐读：只有规则和制度，才能遏制人性的阴暗！,https://xueqiu.com/1301462220/213865572,0,14,2,3,2022-03-12_213865572_荐读：只有规则和制度，才能遏制人性的阴暗！.md
213813049,2022-03-11,个人所得税汇算百问百答！,https://xueqiu.com/1301462220/213813049,0,3,0,0,2022-03-11_213813049_个人所得税汇算百问百答！.md
213688206,2022-03-10,权责发生制是企业财务造假的根源！！！,https://xueqiu.com/1301462220/213688206,0,10,1,1,2022-03-10_213688206_权责发生制是企业财务造假的根源！！！.md
213567334,2022-03-09,“洗大澡”,https://xueqiu.com/1301462220/213567334,0,9,0,1,2022-03-09_213567334_“洗大澡”.md
213426749,2022-03-08,问大伙两个问题......,https://xueqiu.com/1301462220/213426749,0,12,3,3,2022-03-08_213426749_问大伙两个问题.......md
213300145,2022-03-07,ROA，ROE，ROIC,https://xueqiu.com/1301462220/213300145,0,14,2,10,2022-03-07_213300145_ROA，ROE，ROIC.md
212986814,2022-03-03,重要税收征管措施！税务总局 财政部2022年第2号公告（附权威解读）,https://xueqiu.com/1301462220/212986814,0,0,0,0,2022-03-03_212986814_重要税收征管措施！税务总局 财政部2022年第2号公告（附权威解读）.md
212883243,2022-03-02,居然网售审计报告！！！,https://xueqiu.com/1301462220/212883243,0,1,1,0,2022-03-02_212883243_居然网售审计报告！！！.md
212670875,2022-02-28,财务费用！！！,https://xueqiu.com/1301462220/212670875,0,10,2,4,2022-02-28_212670875_财务费用！！！.md
212568916,2022-02-27,从毛利率去判断财务造假！,https://xueqiu.com/1301462220/212568916,0,10,0,1,2022-02-27_212568916_从毛利率去判断财务造假！.md
212492856,2022-02-25,主要是应收票据！,https://xueqiu.com/1301462220/212492856,0,13,3,0,2022-02-25_212492856_主要是应收票据！.md
212391668,2022-02-24,让你秒懂视同销售与进项税额转出,https://xueqiu.com/1301462220/212391668,0,6,1,1,2022-02-24_212391668_让你秒懂视同销售与进项税额转出.md
212262874,2022-02-23,会计责任和审计责任的界定，看证监会如何说,https://xueqiu.com/1301462220/212262874,0,2,0,0,2022-02-23_212262874_会计责任和审计责任的界定，看证监会如何说.md
212151040,2022-02-22,现金流量与利润来源的联系与区别,https://xueqiu.com/1301462220/212151040,0,8,3,5,2022-02-22_212151040_现金流量与利润来源的联系与区别.md
211857685,2022-02-18,太快了！！！,https://xueqiu.com/1301462220/211857685,0,210,95,76,2022-02-18_211857685_太快了！！！.md
211755115,2022-02-17,经营活动的现金流量！！！,https://xueqiu.com/1301462220/211755115,0,7,3,4,2022-02-17_211755115_经营活动的现金流量！！！.md
211550691,2022-02-15,现金循环周期！！！,https://xueqiu.com/1301462220/211550691,0,10,2,1,2022-02-15_211550691_现金循环周期！！！.md
211444201,2022-02-14,上市公司财务造假迹象汇总！！！,https://xueqiu.com/1301462220/211444201,0,17,5,7,2022-02-14_211444201_上市公司财务造假迹象汇总！！！.md
211134485,2022-02-10,利息！！！,https://xueqiu.com/1301462220/211134485,0,6,2,2,2022-02-10_211134485_利息！！！.md
211023905,2022-02-09,固定资产造假识假！！！,https://xueqiu.com/1301462220/211023905,0,14,4,5,2022-02-09_211023905_固定资产造假识假！！！.md
210918054,2022-02-08,货币资金造假！！！,https://xueqiu.com/1301462220/210918054,0,7,1,3,2022-02-08_210918054_货币资金造假！！！.md
210816142,2022-02-07,对于一家企业成长性的分析！！！,https://xueqiu.com/1301462220/210816142,0,12,0,3,2022-02-07_210816142_对于一家企业成长性的分析！！！.md
210390373,2022-01-28,财经类大学排行榜上，中央财经大学仅排名第六，简直是笑话！,https://xueqiu.com/1301462220/210390373,0,1,0,0,2022-01-28_210390373_财经类大学排行榜上，中央财经大学仅排名第六，简直是笑话！.md
210278738,2022-01-27,【重案，数十人被判刑！】税务机关集中曝光中介机构等5起涉税违法案件,https://xueqiu.com/1301462220/210278738,0,1,0,0,2022-01-27_210278738_【重案，数十人被判刑！】税务机关集中曝光中介机构等5起涉税违法案件.md
210147779,2022-01-26,潜亏，潜伏的亏损！,https://xueqiu.com/1301462220/210147779,0,5,2,2,2022-01-26_210147779_潜亏，潜伏的亏损！.md
210039034,2022-01-25,杜邦公式其实告诉了CEO如何才能经营好企业,https://xueqiu.com/1301462220/210039034,0,9,1,1,2022-01-25_210039034_杜邦公式其实告诉了CEO如何才能经营好企业.md
209915800,2022-01-24,回家过年！,https://xueqiu.com/1301462220/209915800,0,1,0,0,2022-01-24_209915800_回家过年！.md
209712542,2022-01-21,零容忍：最高法进一步明确财务造假中“首恶”责任！,https://xueqiu.com/1301462220/209712542,0,4,2,1,2022-01-21_209712542_零容忍：最高法进一步明确财务造假中“首恶”责任！.md
209583734,2022-01-20,再发大红包，这11项税费优惠政策延续至2023年！,https://xueqiu.com/1301462220/209583734,0,3,0,0,2022-01-20_209583734_再发大红包，这11项税费优惠政策延续至2023年！.md
209452028,2022-01-19,市净率与市盈率，帮您理解股市！！！,https://xueqiu.com/1301462220/209452028,0,43,4,9,2022-01-19_209452028_市净率与市盈率，帮您理解股市！！！.md
209333636,2022-01-18,总资产收益率！！！,https://xueqiu.com/1301462220/209333636,0,5,2,2,2022-01-18_209333636_总资产收益率！！！.md
209225255,2022-01-18,从恒瑞医药研发费用资本化谈起......,https://xueqiu.com/1301462220/209225255,0,24,13,3,2022-01-18_209225255_从恒瑞医药研发费用资本化谈起.......md
209013253,2022-01-14,资产负债率能衡量企业的债务风险吗？！,https://xueqiu.com/1301462220/209013253,0,7,5,6,2022-01-14_209013253_资产负债率能衡量企业的债务风险吗？！.md
208650630,2022-01-11,净资产收益率的缺陷！！！,https://xueqiu.com/1301462220/208650630,0,13,4,3,2022-01-11_208650630_净资产收益率的缺陷！！！.md
208195846,2022-01-06,会计差错？！,https://xueqiu.com/1301462220/208195846,0,1,2,1,2022-01-06_208195846_会计差错？！.md
208067373,2022-01-05,最新最全个税税率表及预扣率表！,https://xueqiu.com/1301462220/208067373,0,1,0,3,2022-01-05_208067373_最新最全个税税率表及预扣率表！.md
207929183,2022-01-04,会计最容易混淆的10个财务常识！,https://xueqiu.com/1301462220/207929183,0,7,1,2,2022-01-04_207929183_会计最容易混淆的10个财务常识！.md
207647049,2021-12-31,资产负债表日！！！,https://xueqiu.com/1301462220/207647049,0,5,0,0,2021-12-31_207647049_资产负债表日！！！.md
207473457,2021-12-30,非经常性损益！！！,https://xueqiu.com/1301462220/207473457,0,2,0,0,2021-12-30_207473457_非经常性损益！！！.md
207158314,2021-12-27,资产负债率！！！,https://xueqiu.com/1301462220/207158314,0,13,0,0,2021-12-27_207158314_资产负债率！！！.md
207047273,2021-12-26,不要以为报表的“金额”中有一个“金”字就真的有“金”,https://xueqiu.com/1301462220/207047273,0,6,0,0,2021-12-26_207047273_不要以为报表的“金额”中有一个“金”字就真的有“金”.md
206862026,2021-12-23,其他综合收益！！！,https://xueqiu.com/1301462220/206862026,0,6,1,3,2021-12-23_206862026_其他综合收益！！！.md
206743043,2021-12-22,最多３年，就应强制上市公司更换会计师事务所！,https://xueqiu.com/1301462220/206743043,0,7,2,0,2021-12-22_206743043_最多３年，就应强制上市公司更换会计师事务所！.md
206605440,2021-12-21,中注协：2020年度会计师事务所综合评价分析报告,https://xueqiu.com/1301462220/206605440,0,0,1,0,2021-12-21_206605440_中注协：2020年度会计师事务所综合评价分析报告.md
206370551,2021-12-19,定了！CPA、会计职称、税务师互认互免新规定！财政局发布通知...,https://xueqiu.com/1301462220/206370551,0,1,1,0,2021-12-19_206370551_定了！CPA、会计职称、税务师互认互免新规定！财政局发布通知....md
206077149,2021-12-15,批一批资产负债表债务法！！！,https://xueqiu.com/1301462220/206077149,0,4,0,0,2021-12-15_206077149_批一批资产负债表债务法！！！.md
205946780,2021-12-14,收藏！2022年度申报纳税期限的通知！！！,https://xueqiu.com/1301462220/205946780,0,3,0,1,2021-12-14_205946780_收藏！2022年度申报纳税期限的通知！！！.md
204835428,2021-12-02,“全电发票”来了！,https://xueqiu.com/1301462220/204835428,0,2,5,1,2021-12-02_204835428_“全电发票”来了！.md
204730806,2021-12-01,偿债！！！,https://xueqiu.com/1301462220/204730806,0,6,0,1,2021-12-01_204730806_偿债！！！.md
204614229,2021-11-30,债！！！,https://xueqiu.com/1301462220/204614229,0,5,0,1,2021-11-30_204614229_债！！！.md
204315253,2021-11-27,涉嫌组团进行全链条财务造假！虚增收入8.1亿！能用到的造假手段这家公司都用了！,https://xueqiu.com/1301462220/204315253,0,2,4,3,2021-11-27_204315253_涉嫌组团进行全链条财务造假！虚增收入8.1亿！能用到的造假手段这家公司都用了！.md
204294534,2021-11-26,挣钱！！！,https://xueqiu.com/1301462220/204294534,0,8,4,7,2021-11-26_204294534_挣钱！！！.md
204185176,2021-11-25,钱！！！,https://xueqiu.com/1301462220/204185176,0,12,3,2,2021-11-25_204185176_钱！！！.md
203966904,2021-11-24,如何识别一家上市公司存贷双高？,https://xueqiu.com/1301462220/203966904,0,19,8,12,2021-11-24_203966904_如何识别一家上市公司存贷双高？.md
203412816,2021-11-17,对于巨额商誉减值损失，要有人承担责任！,https://xueqiu.com/1301462220/203412816,0,9,1,0,2021-11-17_203412816_对于巨额商誉减值损失，要有人承担责任！.md
203300349,2021-11-16,年薪200万的财务总监在IPO审核期间辞职！持有股份按原入股价格转让！,https://xueqiu.com/1301462220/203300349,0,2,0,0,2021-11-16_203300349_年薪200万的财务总监在IPO审核期间辞职！持有股份按原入股价格转让！.md
203117792,2021-11-15,财务总监、董秘、独董、签字会计师一个都不能少，最低承担1.2亿元，看以后谁还敢财务造假了？！,https://xueqiu.com/1301462220/203117792,0,13,11,10,2021-11-15_203117792_财务总监、董秘、独董、签字会计师一个都不能少，最低承担1.2亿元，看以后谁还敢财.md
202856223,2021-11-11,选股！！！,https://xueqiu.com/1301462220/202856223,0,33,21,16,2021-11-11_202856223_选股！！！.md
202620173,2021-11-09,现金流量表！！！,https://xueqiu.com/1301462220/202620173,0,12,1,2,2021-11-09_202620173_现金流量表！！！.md
202191231,2021-11-04,财务造假虚增利润1.75亿被罚60万！退回多缴所得税1500万！,https://xueqiu.com/1301462220/202191231,0,10,3,0,2021-11-04_202191231_财务造假虚增利润1.75亿被罚60万！退回多缴所得税1500万！.md
202065820,2021-11-03,实例：上市公司的商誉已成为套取资金的黑洞,https://xueqiu.com/1301462220/202065820,0,16,13,5,2021-11-03_202065820_实例：上市公司的商誉已成为套取资金的黑洞.md
201703067,2021-10-31,好消息：缓税！国家税务总局2021年第30号公告（附权威解读）,https://xueqiu.com/1301462220/201703067,0,2,0,0,2021-10-31_201703067_好消息：缓税！国家税务总局2021年第30号公告（附权威解读）.md
201197356,2021-10-26,面对上市公司各种财务造假行为，不懂财报的散户该如何排雷呢？,https://xueqiu.com/1301462220/201197356,0,10,3,3,2021-10-26_201197356_面对上市公司各种财务造假行为，不懂财报的散户该如何排雷呢？.md
200916886,2021-10-23,房地产税来了！试点期限五年！刚刚，房地产税最新政策公布！,https://xueqiu.com/1301462220/200916886,0,8,5,4,2021-10-23_200916886_房地产税来了！试点期限五年！刚刚，房地产税最新政策公布！.md
200891675,2021-10-23,给你一千万，你会卖掉你的老公吗？看会计人的各种神回复！,https://xueqiu.com/1301462220/200891675,0,3,1,0,2021-10-23_200891675_给你一千万，你会卖掉你的老公吗？看会计人的各种神回复！.md
200658927,2021-10-20,你觉得，最会计的一句话是什么？,https://xueqiu.com/1301462220/200658927,0,3,1,0,2021-10-20_200658927_你觉得，最会计的一句话是什么？.md
200308033,2021-10-16,什么样的非财务信息可以用来判断企业陷入财务困境,https://xueqiu.com/1301462220/200308033,0,8,2,2,2021-10-16_200308033_什么样的非财务信息可以用来判断企业陷入财务困境.md
200268814,2021-10-15,企业的经营就是一场收入与成本费用之间的战斗！！！,https://xueqiu.com/1301462220/200268814,0,1,1,0,2021-10-15_200268814_企业的经营就是一场收入与成本费用之间的战斗！！！.md
200041075,2021-10-13,核心利润！！！,https://xueqiu.com/1301462220/200041075,0,8,0,0,2021-10-13_200041075_核心利润！！！.md
199942028,2021-10-12,利用毛利率相关的异常情况去判断财务造假，简单粗暴，但却十分有效！,https://xueqiu.com/1301462220/199942028,0,18,2,5,2021-10-12_199942028_利用毛利率相关的异常情况去判断财务造假，简单粗暴，但却十分有效！.md
199840362,2021-10-11,会计职称考试或与CPA考试科目互认！《会计行业人才发展规划（2021-2025）（征求意见稿）》！,https://xueqiu.com/1301462220/199840362,0,2,0,0,2021-10-11_199840362_会计职称考试或与CPA考试科目互认！《会计行业人才发展规划（2021-2025）.md
199840060,2021-10-11,增值税“价外费用”究竟是什么？能否开具发票？,https://xueqiu.com/1301462220/199840060,0,3,0,0,2021-10-11_199840060_增值税“价外费用”究竟是什么？能否开具发票？.md
199733401,2021-10-10,有息负债与无息负债！！！,https://xueqiu.com/1301462220/199733401,0,14,1,2,2021-10-10_199733401_有息负债与无息负债！！！.md
199698103,2021-10-09,资产的异常增长！！！,https://xueqiu.com/1301462220/199698103,0,11,1,1,2021-10-09_199698103_资产的异常增长！！！.md
199647818,2021-10-08,毛利率！！！,https://xueqiu.com/1301462220/199647818,0,19,1,5,2021-10-08_199647818_毛利率！！！.md
199285940,2021-09-30,动真格了！罚没1452万，中准会计师事务所收行政处罚决定书！,https://xueqiu.com/1301462220/199285940,0,2,2,0,2021-09-30_199285940_动真格了！罚没1452万，中准会计师事务所收行政处罚决定书！.md
199072739,2021-09-29,很多企业的“其他应收款”其实是没有取得发票的费用！,https://xueqiu.com/1301462220/199072739,0,8,2,7,2021-09-29_199072739_很多企业的“其他应收款”其实是没有取得发票的费用！.md
199049141,2021-09-28,会计相面术,https://xueqiu.com/1301462220/199049141,0,11,0,1,2021-09-28_199049141_会计相面术.md
198814379,2021-09-26,又创造一个财务造假的新概念！,https://xueqiu.com/1301462220/198814379,0,21,2,6,2021-09-26_198814379_又创造一个财务造假的新概念！.md
198713852,2021-09-24,首例丨上市公司重大重组财务造假判无期徒刑、没收个人全部财产,https://xueqiu.com/1301462220/198713852,0,27,10,6,2021-09-24_198713852_首例丨上市公司重大重组财务造假判无期徒刑、没收个人全部财产.md
198592764,2021-09-23,关于将会计纳入2万元人才奖励名单的通知......,https://xueqiu.com/1301462220/198592764,0,2,0,0,2021-09-23_198592764_关于将会计纳入2万元人才奖励名单的通知.......md
198301126,2021-09-20,财务造假的倒推法,https://xueqiu.com/1301462220/198301126,0,14,2,4,2021-09-20_198301126_财务造假的倒推法.md
197771447,2021-09-15,重磅：再加码！国家税务总局发布公告进一步激励企业加大研发投入（附公告及解读）,https://xueqiu.com/1301462220/197771447,0,2,0,0,2021-09-15_197771447_重磅：再加码！国家税务总局发布公告进一步激励企业加大研发投入（附公告及解读）.md
197620084,2021-09-13,上市公司做大利润的基本逻辑,https://xueqiu.com/1301462220/197620084,0,11,4,5,2021-09-13_197620084_上市公司做大利润的基本逻辑.md
197026966,2021-09-08,体外循环！！！,https://xueqiu.com/1301462220/197026966,0,7,2,3,2021-09-08_197026966_体外循环！！！.md
197018463,2021-09-08,利润是否造假，关键看资产端！,https://xueqiu.com/1301462220/197018463,0,67,51,52,2021-09-08_197018463_利润是否造假，关键看资产端！.md
196881605,2021-09-06,过高的不合理的销售费用，应该在会计核算上改为“行贿费用”,https://xueqiu.com/1301462220/196881605,0,9,3,3,2021-09-06_196881605_过高的不合理的销售费用，应该在会计核算上改为“行贿费用”.md
196667668,2021-09-03,吹牛皮造假，要缴税，牛皮吹破后，按照政策规定是可以退税的,https://xueqiu.com/1301462220/196667668,0,4,0,0,2021-09-03_196667668_吹牛皮造假，要缴税，牛皮吹破后，按照政策规定是可以退税的.md
196562775,2021-09-03,卖方拖延开具发票，导致税款损失，法院判了！,https://xueqiu.com/1301462220/196562775,0,2,0,0,2021-09-03_196562775_卖方拖延开具发票，导致税款损失，法院判了！.md
196393259,2021-09-01,盈利能力！！！,https://xueqiu.com/1301462220/196393259,0,8,0,1,2021-09-01_196393259_盈利能力！！！.md
196246828,2021-08-31,从现金流量净额的特征，能反映出财务造假吗？,https://xueqiu.com/1301462220/196246828,0,6,1,1,2021-08-31_196246828_从现金流量净额的特征，能反映出财务造假吗？.md
196089195,2021-08-30,审计的行业“隐语”，一句话识别财务造假！,https://xueqiu.com/1301462220/196089195,0,19,1,7,2021-08-30_196089195_审计的行业“隐语”，一句话识别财务造假！.md
195861665,2021-08-28,证监会发布2020年上市公司年报会计监管报告，存在六类问题,https://xueqiu.com/1301462220/195861665,0,2,0,0,2021-08-28_195861665_证监会发布2020年上市公司年报会计监管报告，存在六类问题.md
195661136,2021-08-26,企业IPO财务规范的重点核查内容,https://xueqiu.com/1301462220/195661136,0,2,0,0,2021-08-26_195661136_企业IPO财务规范的重点核查内容.md
195507207,2021-08-25,会计差错绝不是财务造假的挡箭牌！,https://xueqiu.com/1301462220/195507207,0,3,0,0,2021-08-25_195507207_会计差错绝不是财务造假的挡箭牌！.md
195237743,2021-08-24,胆大包天：竟然直接修改经审计后的合并会计报表的方式虚增利润6.11亿元！,https://xueqiu.com/1301462220/195237743,0,1,0,0,2021-08-24_195237743_胆大包天：竟然直接修改经审计后的合并会计报表的方式虚增利润6.11亿元！.md
194985532,2021-08-20,库存的本质是什么？,https://xueqiu.com/1301462220/194985532,0,5,0,1,2021-08-20_194985532_库存的本质是什么？.md
194826063,2021-08-19,目前CPA审计并不是真正的审计，你的观点呢？,https://xueqiu.com/1301462220/194826063,0,3,0,0,2021-08-19_194826063_目前CPA审计并不是真正的审计，你的观点呢？.md
194567880,2021-08-18,财报会说话：如何由财报悟出企业的真实经营状况？,https://xueqiu.com/1301462220/194567880,0,6,0,2,2021-08-18_194567880_财报会说话：如何由财报悟出企业的真实经营状况？.md
194419193,2021-08-16,经营活动现金流量！！！,https://xueqiu.com/1301462220/194419193,0,11,0,2,2021-08-16_194419193_经营活动现金流量！！！.md
194068080,2021-08-12,只要是巨额的减值计提，就要问一问，这些资产到底存在不存在？！,https://xueqiu.com/1301462220/194068080,0,4,7,9,2021-08-12_194068080_只要是巨额的减值计提，就要问一问，这些资产到底存在不存在？！.md
193943046,2021-08-12,表上有利润，账上没有钱，借钱去交税，大家如何看？,https://xueqiu.com/1301462220/193943046,0,4,0,0,2021-08-12_193943046_表上有利润，账上没有钱，借钱去交税，大家如何看？.md
193780175,2021-08-10,“按需”报送财务报告风险极大,https://xueqiu.com/1301462220/193780175,0,3,0,0,2021-08-10_193780175_“按需”报送财务报告风险极大.md
193662330,2021-08-09,现金循环周期指标揭示了管理资产负债表的重要意义！,https://xueqiu.com/1301462220/193662330,0,6,1,3,2021-08-09_193662330_现金循环周期指标揭示了管理资产负债表的重要意义！.md
193532134,2021-08-08,总经理喊冤：财务造假是财务总监与外人合谋！与我无关！冤枉啊．．．,https://xueqiu.com/1301462220/193532134,0,5,3,1,2021-08-08_193532134_总经理喊冤：财务造假是财务总监与外人合谋！与我无关！冤枉啊．．．.md
193454283,2021-08-06,自由现金流最简明计算方法！,https://xueqiu.com/1301462220/193454283,0,16,3,6,2021-08-06_193454283_自由现金流最简明计算方法！.md
193330439,2021-08-06,利润！！！,https://xueqiu.com/1301462220/193330439,0,3,2,1,2021-08-06_193330439_利润！！！.md
193197257,2021-08-04,毒眼看企业的竞争力！！！,https://xueqiu.com/1301462220/193197257,0,9,1,1,2021-08-04_193197257_毒眼看企业的竞争力！！！.md
192703617,2021-07-30,马靖昊：会计五行及其相生相克关系！,https://xueqiu.com/1301462220/192703617,0,5,0,2,2021-07-30_192703617_马靖昊：会计五行及其相生相克关系！.md
192321978,2021-07-28,分析财报的最高境界应是欣赏数字之间的暧昧眼神,https://xueqiu.com/1301462220/192321978,0,10,1,1,2021-07-28_192321978_分析财报的最高境界应是欣赏数字之间的暧昧眼神.md
192147433,2021-07-26,你要是不清楚负债分为有息负债、无息负债，基本上就不懂企业的财务风险！,https://xueqiu.com/1301462220/192147433,0,12,3,5,2021-07-26_192147433_你要是不清楚负债分为有息负债、无息负债，基本上就不懂企业的财务风险！.md
191764411,2021-07-22,固定资产！！！,https://xueqiu.com/1301462220/191764411,0,8,1,1,2021-07-22_191764411_固定资产！！！.md
191454165,2021-07-21,越垃圾的财务，给出的财务分析越好看！,https://xueqiu.com/1301462220/191454165,0,2,0,0,2021-07-21_191454165_越垃圾的财务，给出的财务分析越好看！.md
191454149,2021-07-21,潜亏！！！,https://xueqiu.com/1301462220/191454149,0,10,0,0,2021-07-21_191454149_潜亏！！！.md
191085757,2021-07-19,虚增资产！！！,https://xueqiu.com/1301462220/191085757,0,104,59,89,2021-07-19_191085757_虚增资产！！！.md
190746260,2021-07-16,报表视角下的恋爱三个阶段,https://xueqiu.com/1301462220/190746260,0,3,0,0,2021-07-16_190746260_报表视角下的恋爱三个阶段.md
190348193,2021-07-14,营业外收入！！！,https://xueqiu.com/1301462220/190348193,0,3,0,0,2021-07-14_190348193_营业外收入！！！.md
190328584,2021-07-13,净资产收益率！！！,https://xueqiu.com/1301462220/190328584,0,17,6,7,2021-07-13_190328584_净资产收益率！！！.md
190192689,2021-07-12,营业收入！！！,https://xueqiu.com/1301462220/190192689,0,6,0,1,2021-07-12_190192689_营业收入！！！.md
189978854,2021-07-09,分析现金流量表主要抓住三点,https://xueqiu.com/1301462220/189978854,0,7,4,7,2021-07-09_189978854_分析现金流量表主要抓住三点.md
189600578,2021-07-07,“研发费用资本化”有三美：一美化利润，二美化资产，三美化现金流,https://xueqiu.com/1301462220/189600578,0,9,1,4,2021-07-07_189600578_“研发费用资本化”有三美：一美化利润，二美化资产，三美化现金流.md
189575328,2021-07-06,步长制药：用庞大销售费用堆积起来的高毛利率，是否牢靠？,https://xueqiu.com/1301462220/189575328,0,4,4,2,2021-07-06_189575328_步长制药：用庞大销售费用堆积起来的高毛利率，是否牢靠？.md
189034137,2021-07-05,财务费用！！！,https://xueqiu.com/1301462220/189034137,0,3,4,5,2021-07-05_189034137_财务费用！！！.md
188089969,2021-07-01,辽宁成大的财务数据晦涩难懂,https://xueqiu.com/1301462220/188089969,0,16,14,4,2021-07-01_188089969_辽宁成大的财务数据晦涩难懂.md
187841286,2021-06-30,“体外循环”的财务造假方法！,https://xueqiu.com/1301462220/187841286,0,3,3,6,2021-06-30_187841286_“体外循环”的财务造假方法！.md
187817204,2021-06-29,航天电器的财报分析要点,https://xueqiu.com/1301462220/187817204,0,9,0,1,2021-06-29_187817204_航天电器的财报分析要点.md
187673829,2021-06-28,有些审计报告的作用可以说跟厕纸是一个级别，是用来“擦屁股”用的,https://xueqiu.com/1301462220/187673829,0,2,3,0,2021-06-28_187673829_有些审计报告的作用可以说跟厕纸是一个级别，是用来“擦屁股”用的.md
186809922,2021-06-23,康弘药业业绩暴跌，开发支出转费用化是“元凶”,https://xueqiu.com/1301462220/186809922,0,2,3,1,2021-06-23_186809922_康弘药业业绩暴跌，开发支出转费用化是“元凶”.md
186216543,2021-06-21,收藏！税收自查近100个常见风险点！,https://xueqiu.com/1301462220/186216543,0,0,0,0,2021-06-21_186216543_收藏！税收自查近100个常见风险点！.md
185957894,2021-06-20,中注协：2020年度综合评价百家会计师事务所排名,https://xueqiu.com/1301462220/185957894,0,1,0,0,2021-06-20_185957894_中注协：2020年度综合评价百家会计师事务所排名.md
184314459,2021-06-18,一个段子就说清楚了会计和审计的关系！,https://xueqiu.com/1301462220/184314459,0,3,0,1,2021-06-18_184314459_一个段子就说清楚了会计和审计的关系！.md
183502439,2021-06-17,税务总局：付款方和实际购买方不一致，发票开给谁？,https://xueqiu.com/1301462220/183502439,0,1,1,1,2021-06-17_183502439_税务总局：付款方和实际购买方不一致，发票开给谁？.md
183097620,2021-06-15,给大伙说说企业所得税会计，真的很容易！,https://xueqiu.com/1301462220/183097620,0,2,0,0,2021-06-15_183097620_给大伙说说企业所得税会计，真的很容易！.md
182932994,2021-06-14,如何通过现金流量表去寻找优质企业,https://xueqiu.com/1301462220/182932994,0,11,1,3,2021-06-14_182932994_如何通过现金流量表去寻找优质企业.md
182833261,2021-06-13,【推荐】哈佛大学教授：睡觉，才是让你延长生命的革命性新秘方,https://xueqiu.com/1301462220/182833261,0,4,0,3,2021-06-13_182833261_【推荐】哈佛大学教授：睡觉，才是让你延长生命的革命性新秘方.md
182734179,2021-06-12,这个排行很靠谱：2021中国大学排行榜,https://xueqiu.com/1301462220/182734179,0,0,3,2,2021-06-12_182734179_这个排行很靠谱：2021中国大学排行榜.md
182434676,2021-06-10,差五毛钱平不了账，他居然将五毛钱直接贴在现金账上！,https://xueqiu.com/1301462220/182434676,0,1,0,0,2021-06-10_182434676_差五毛钱平不了账，他居然将五毛钱直接贴在现金账上！.md
182311511,2021-06-09,顺络电子看似成长性突出，却很缺钱,https://xueqiu.com/1301462220/182311511,0,11,12,1,2021-06-09_182311511_顺络电子看似成长性突出，却很缺钱.md
182191766,2021-06-08,关于ROE的若干种计算方法,https://xueqiu.com/1301462220/182191766,0,36,10,13,2021-06-08_182191766_关于ROE的若干种计算方法.md
182071642,2021-06-07,2020年是金发科技的高光时刻，竟然债台高筑，未来还能继续保持高速增长吗？,https://xueqiu.com/1301462220/182071642,0,25,10,2,2021-06-07_182071642_2020年是金发科技的高光时刻，竟然债台高筑，未来还能继续保持高速增长吗？.md
181871778,2021-06-04,商誉就是“买贵了的金额”！,https://xueqiu.com/1301462220/181871778,0,3,1,0,2021-06-04_181871778_商誉就是“买贵了的金额”！.md
181694607,2021-06-03,恨爱相加的美的集团,https://xueqiu.com/1301462220/181694607,0,6,0,0,2021-06-03_181694607_恨爱相加的美的集团.md
181688366,2021-06-03,财政部会计司发布2021年准则实施问答（二）,https://xueqiu.com/1301462220/181688366,0,1,0,0,2021-06-03_181688366_财政部会计司发布2021年准则实施问答（二）.md
181522845,2021-06-01,海康威视的财务风险点,https://xueqiu.com/1301462220/181522845,0,11,9,4,2021-06-01_181522845_海康威视的财务风险点.md
181402899,2021-05-31,财政部会计司发布2021年准则实施问答（一）,https://xueqiu.com/1301462220/181402899,0,1,0,1,2021-05-31_181402899_财政部会计司发布2021年准则实施问答（一）.md
181200349,2021-05-28,刚刚！中注协发布2020年度全国业务收入前150名会计所名单!,https://xueqiu.com/1301462220/181200349,0,1,0,1,2021-05-28_181200349_刚刚！中注协发布2020年度全国业务收入前150名会计所名单!.md
181081931,2021-05-27,企业盈利能力的五大指标！！！,https://xueqiu.com/1301462220/181081931,0,16,7,13,2021-05-27_181081931_企业盈利能力的五大指标！！！.md
180968747,2021-05-26,罕见！签字CPA过世后不足4个月却签署了800多份审计报告！,https://xueqiu.com/1301462220/180968747,0,3,1,0,2021-05-26_180968747_罕见！签字CPA过世后不足4个月却签署了800多份审计报告！.md
180850599,2021-05-25,为什么一家上市公司从被质疑财务造假，到股价暴跌，往往需要长达几年的时间？,https://xueqiu.com/1301462220/180850599,0,13,0,1,2021-05-25_180850599_为什么一家上市公司从被质疑财务造假，到股价暴跌，往往需要长达几年的时间？.md
180431634,2021-05-20,520！！！,https://xueqiu.com/1301462220/180431634,0,5,0,0,2021-05-20_180431634_520！！！.md
180309694,2021-05-19,逆天了，由报表间内在关系发现财报造假的惊心秘密！,https://xueqiu.com/1301462220/180309694,0,15,1,5,2021-05-19_180309694_逆天了，由报表间内在关系发现财报造假的惊心秘密！.md
180200888,2021-05-18,向所有财务人员发送的12条提醒！,https://xueqiu.com/1301462220/180200888,0,2,1,0,2021-05-18_180200888_向所有财务人员发送的12条提醒！.md
180085282,2021-05-17,科大智能财务大洗澡以后接连亏损，难道要退市吗？,https://xueqiu.com/1301462220/180085282,0,17,0,2,2021-05-17_180085282_科大智能财务大洗澡以后接连亏损，难道要退市吗？.md
179938755,2021-05-15,争与不争,https://xueqiu.com/1301462220/179938755,0,2,2,2,2021-05-15_179938755_争与不争.md
179779964,2021-05-13,企业高质量发展就是要具备持续创造自由现金流的能力！,https://xueqiu.com/1301462220/179779964,0,5,5,5,2021-05-13_179779964_企业高质量发展就是要具备持续创造自由现金流的能力！.md
179658740,2021-05-12,英科医疗：市盈率不到5，产能比去年翻了一番，净利有150亿！到底如何？,https://xueqiu.com/1301462220/179658740,0,24,12,3,2021-05-12_179658740_英科医疗：市盈率不到5，产能比去年翻了一番，净利有150亿！到底如何？.md
179542839,2021-05-11,国恩股份：业绩惊艳的背后是极差的含金量！,https://xueqiu.com/1301462220/179542839,0,39,12,8,2021-05-11_179542839_国恩股份：业绩惊艳的背后是极差的含金量！.md
179430816,2021-05-10,不要被“利润”和“所有者权益”的数据所蒙骗！,https://xueqiu.com/1301462220/179430816,0,7,1,1,2021-05-10_179430816_不要被“利润”和“所有者权益”的数据所蒙骗！.md
179317477,2021-05-09,什么是真正的资产负债率？,https://xueqiu.com/1301462220/179317477,0,10,1,6,2021-05-09_179317477_什么是真正的资产负债率？.md
179241909,2021-05-08,上市公司财报造假的乱象、疑点以及信号,https://xueqiu.com/1301462220/179241909,0,6,2,2,2021-05-08_179241909_上市公司财报造假的乱象、疑点以及信号.md
179224254,2021-05-07,企业之间的竞争，其实是现金流之战！,https://xueqiu.com/1301462220/179224254,0,9,2,2,2021-05-07_179224254_企业之间的竞争，其实是现金流之战！.md
179108876,2021-05-06,中文传媒存在财务造假问题吗？,https://xueqiu.com/1301462220/179108876,0,24,7,7,2021-05-06_179108876_中文传媒存在财务造假问题吗？.md
178816011,2021-04-30,业绩“变脸”：从盈利到亏损6亿元,https://xueqiu.com/1301462220/178816011,0,9,8,3,2021-04-30_178816011_业绩“变脸”：从盈利到亏损6亿元.md
178701913,2021-04-30,财政部会计司：企业会计准则实施问答（2021年1-2期））,https://xueqiu.com/1301462220/178701913,0,4,0,1,2021-04-30_178701913_财政部会计司：企业会计准则实施问答（2021年1-2期））.md
178394632,2021-04-27,戏说权责发生制！！！,https://xueqiu.com/1301462220/178394632,0,6,0,1,2021-04-27_178394632_戏说权责发生制！！！.md
178259776,2021-04-26,为什么「深南电路」财报数据看起来不错，但股价却已近腰斩？,https://xueqiu.com/1301462220/178259776,0,47,14,9,2021-04-26_178259776_为什么「深南电路」财报数据看起来不错，但股价却已近腰斩？.md
178138320,2021-04-25,静态、动态、滚动市盈率的区别,https://xueqiu.com/1301462220/178138320,0,5,0,3,2021-04-25_178138320_静态、动态、滚动市盈率的区别.md
178041610,2021-04-23,计提资产减值准备为虚增资产开了方便之门,https://xueqiu.com/1301462220/178041610,0,8,1,0,2021-04-23_178041610_计提资产减值准备为虚增资产开了方便之门.md
177920365,2021-04-22,不少上市公司的商誉减值，就是赤裸裸的行骗！,https://xueqiu.com/1301462220/177920365,0,6,3,0,2021-04-22_177920365_不少上市公司的商誉减值，就是赤裸裸的行骗！.md
177686010,2021-04-20,从长期应付款看，一家企业是否缺钱？,https://xueqiu.com/1301462220/177686010,0,10,1,3,2021-04-20_177686010_从长期应付款看，一家企业是否缺钱？.md
177574152,2021-04-19,【非常启发】段永平：投资需要如何思考,https://xueqiu.com/1301462220/177574152,0,14,10,10,2021-04-19_177574152_【非常启发】段永平：投资需要如何思考.md
177443891,2021-04-18,ST康美“现金”变“存货”的祸！,https://xueqiu.com/1301462220/177443891,0,12,6,3,2021-04-18_177443891_ST康美“现金”变“存货”的祸！.md
177275653,2021-04-15,分析企业资本性支出要关注的四个指标！,https://xueqiu.com/1301462220/177275653,0,14,4,4,2021-04-15_177275653_分析企业资本性支出要关注的四个指标！.md
177162452,2021-04-14,贾跃亭指挥乐视网十年财务造假，手段极其恶劣，金额极其巨大！,https://xueqiu.com/1301462220/177162452,0,8,1,2,2021-04-14_177162452_贾跃亭指挥乐视网十年财务造假，手段极其恶劣，金额极其巨大！.md
177048711,2021-04-13,权责发生制的罪！！！,https://xueqiu.com/1301462220/177048711,0,13,5,2,2021-04-13_177048711_权责发生制的罪！！！.md
176938230,2021-04-12,重要：税务总局关于“小型微利企业所得税税率降至2.5%以及个体工商户减免税额”的解读,https://xueqiu.com/1301462220/176938230,0,1,0,1,2021-04-12_176938230_重要：税务总局关于“小型微利企业所得税税率降至2.5%以及个体工商户减免税额”的.md
176634206,2021-04-08,现金流危急时的关键一招！,https://xueqiu.com/1301462220/176634206,0,9,2,3,2021-04-08_176634206_现金流危急时的关键一招！.md
176522292,2021-04-07,中信国安财务造假的要点！！！,https://xueqiu.com/1301462220/176522292,0,8,0,0,2021-04-07_176522292_中信国安财务造假的要点！！！.md
176297098,2021-04-04,上市公司为虚构收入而套取资金的方法,https://xueqiu.com/1301462220/176297098,0,4,0,1,2021-04-04_176297098_上市公司为虚构收入而套取资金的方法.md
176147453,2021-04-02,应付账款周转率！！！,https://xueqiu.com/1301462220/176147453,0,5,1,2,2021-04-02_176147453_应付账款周转率！！！.md
176127899,2021-04-01,超实用！个税汇算清缴操作详细流程！,https://xueqiu.com/1301462220/176127899,0,4,0,2,2021-04-01_176127899_超实用！个税汇算清缴操作详细流程！.md
176010727,2021-03-31,有息负债 VS 无息负债,https://xueqiu.com/1301462220/176010727,0,12,8,8,2021-03-31_176010727_有息负债 VS 无息负债.md
175883441,2021-03-30,其他综合收益！！！,https://xueqiu.com/1301462220/175883441,0,3,0,0,2021-03-30_175883441_其他综合收益！！！.md
175761252,2021-03-29,存货周转率（存货周转天数）！！！,https://xueqiu.com/1301462220/175761252,0,6,3,5,2021-03-29_175761252_存货周转率（存货周转天数）！！！.md
175571961,2021-03-26,如何分析一家企业占用上下游资金的能力？,https://xueqiu.com/1301462220/175571961,0,6,0,0,2021-03-26_175571961_如何分析一家企业占用上下游资金的能力？.md
175459118,2021-03-25,分析资产负债表科目的异常，更容易发现财务造假的线索,https://xueqiu.com/1301462220/175459118,0,3,0,0,2021-03-25_175459118_分析资产负债表科目的异常，更容易发现财务造假的线索.md
175345529,2021-03-24,什么样的非财务信息可以用来判断企业陷入财务困境,https://xueqiu.com/1301462220/175345529,0,5,1,2,2021-03-24_175345529_什么样的非财务信息可以用来判断企业陷入财务困境.md
175228578,2021-03-23,很少有财务人员能够深刻理解营运资金的内涵！,https://xueqiu.com/1301462220/175228578,0,12,1,2,2021-03-23_175228578_很少有财务人员能够深刻理解营运资金的内涵！.md
175119570,2021-03-22,马老师，可以讲解一下“盈余公积”这个科目吗？,https://xueqiu.com/1301462220/175119570,0,7,0,0,2021-03-22_175119570_马老师，可以讲解一下“盈余公积”这个科目吗？.md
174937253,2021-03-19,重磅！罚没5700万元！审计康美药业的会计师事务所收到行政处罚决定书！,https://xueqiu.com/1301462220/174937253,0,80,134,54,2021-03-19_174937253_重磅！罚没5700万元！审计康美药业的会计师事务所收到行政处罚决定书！.md
174825093,2021-03-18,分析财务报表的核心点！！！,https://xueqiu.com/1301462220/174825093,0,8,3,6,2021-03-18_174825093_分析财务报表的核心点！！！.md
174712613,2021-03-17,如今的IPO资金流水核查就是这么细！底裤都要脱了！,https://xueqiu.com/1301462220/174712613,0,2,1,0,2021-03-17_174712613_如今的IPO资金流水核查就是这么细！底裤都要脱了！.md
174606430,2021-03-16,毛利和毛利率！！！,https://xueqiu.com/1301462220/174606430,0,5,6,8,2021-03-16_174606430_毛利和毛利率！！！.md
174495084,2021-03-15,收藏！2021年最新最全的税率表（18个税种）,https://xueqiu.com/1301462220/174495084,0,6,3,4,2021-03-15_174495084_收藏！2021年最新最全的税率表（18个税种）.md
174297719,2021-03-12,市净率与市盈率，帮您理解股市！！！,https://xueqiu.com/1301462220/174297719,0,10,3,5,2021-03-12_174297719_市净率与市盈率，帮您理解股市！！！.md
174187249,2021-03-11,马老师，您能用通俗的话讲下财务造假与盈余管理吗？,https://xueqiu.com/1301462220/174187249,0,4,1,2,2021-03-11_174187249_马老师，您能用通俗的话讲下财务造假与盈余管理吗？.md
173963206,2021-03-09,现金循环周期！！！,https://xueqiu.com/1301462220/173963206,0,8,9,10,2021-03-09_173963206_现金循环周期！！！.md
173838907,2021-03-08,自由现金流！！！,https://xueqiu.com/1301462220/173838907,0,15,5,11,2021-03-08_173838907_自由现金流！！！.md
173508167,2021-03-04,请马老师讲讲合同资产、合同负债是什么东西，谢谢！,https://xueqiu.com/1301462220/173508167,0,20,9,15,2021-03-04_173508167_请马老师讲讲合同资产、合同负债是什么东西，谢谢！.md
173261752,2021-03-02,预付账款中可能隐藏的猫腻！！！,https://xueqiu.com/1301462220/173261752,0,11,10,15,2021-03-02_173261752_预付账款中可能隐藏的猫腻！！！.md
173146418,2021-03-01,今天开始！会计师岀具虚假文件，最高10年有期徒刑，欺诈发行最高判刑15年！,https://xueqiu.com/1301462220/173146418,0,11,1,1,2021-03-01_173146418_今天开始！会计师岀具虚假文件，最高10年有期徒刑，欺诈发行最高判刑15年！.md
173040274,2021-02-28,资产有息负债率！它比资产负债率更管用！！,https://xueqiu.com/1301462220/173040274,0,19,4,10,2021-02-28_173040274_资产有息负债率！它比资产负债率更管用！！.md
172932589,2021-02-26,终于明白神马是权益乘数了，大爱马老师！,https://xueqiu.com/1301462220/172932589,0,8,4,4,2021-02-26_172932589_终于明白神马是权益乘数了，大爱马老师！.md
172789696,2021-02-25,目前CPA审计并不是真正的审计，你的看法呢？,https://xueqiu.com/1301462220/172789696,0,1,4,0,2021-02-25_172789696_目前CPA审计并不是真正的审计，你的看法呢？.md
172663421,2021-02-24,如何通过现金流量表去寻找优质企业？,https://xueqiu.com/1301462220/172663421,0,19,8,22,2021-02-24_172663421_如何通过现金流量表去寻找优质企业？.md
172530328,2021-02-23,货币资金！！！,https://xueqiu.com/1301462220/172530328,0,6,2,1,2021-02-23_172530328_货币资金！！！.md
172411800,2021-02-22,报表的勾稽关系！！！,https://xueqiu.com/1301462220/172411800,0,2,0,2,2021-02-22_172411800_报表的勾稽关系！！！.md
172171253,2021-02-19,总资产收益率！！！,https://xueqiu.com/1301462220/172171253,0,5,21,21,2021-02-19_172171253_总资产收益率！！！.md
172058112,2021-02-18,其实“所有者权益”与“利润”一样不可信！,https://xueqiu.com/1301462220/172058112,0,3,6,6,2021-02-18_172058112_其实“所有者权益”与“利润”一样不可信！.md
171588948,2021-02-10,长期股权投资！！！,https://xueqiu.com/1301462220/171588948,0,9,0,2,2021-02-10_171588948_长期股权投资！！！.md
171480788,2021-02-09,马老师做一个简单的分析性复核就能看出来，你们这些CPA怎么就看不出来呢？,https://xueqiu.com/1301462220/171480788,0,3,4,4,2021-02-09_171480788_马老师做一个简单的分析性复核就能看出来，你们这些CPA怎么就看不出来呢？.md
171170171,2021-02-05,刚刚，关于电子专用发票的最权威解答来了！,https://xueqiu.com/1301462220/171170171,0,3,0,0,2021-02-05_171170171_刚刚，关于电子专用发票的最权威解答来了！.md
171038498,2021-02-04,资产负债表当中，最省事的财务造假项目是什么？,https://xueqiu.com/1301462220/171038498,0,3,0,5,2021-02-04_171038498_资产负债表当中，最省事的财务造假项目是什么？.md
170767100,2021-02-02,上市公司各种财务造假的迹象汇总！！！,https://xueqiu.com/1301462220/170767100,0,20,3,9,2021-02-02_170767100_上市公司各种财务造假的迹象汇总！！！.md
170644358,2021-02-01,*ST宜生财务造假400余亿元，或触及多重退市风险,https://xueqiu.com/1301462220/170644358,0,8,9,7,2021-02-01_170644358_ST宜生财务造假400余亿元，或触及多重退市风险.md
170407571,2021-01-29,利润是否造假，其实要瞪大眼睛看资产！,https://xueqiu.com/1301462220/170407571,0,18,12,10,2021-01-29_170407571_利润是否造假，其实要瞪大眼睛看资产！.md
170264595,2021-01-28,上市公司财务造假的画像！！！,https://xueqiu.com/1301462220/170264595,0,12,7,9,2021-01-28_170264595_上市公司财务造假的画像！！！.md
169999638,2021-01-26,非常启发：如何从毛利率这个指标的变化去判断财务造假呢？,https://xueqiu.com/1301462220/169999638,0,9,12,12,2021-01-26_169999638_非常启发：如何从毛利率这个指标的变化去判断财务造假呢？.md
169868238,2021-01-25,怎么可以一眼就知道财报中藏有猫腻呢？其实就这么简单......,https://xueqiu.com/1301462220/169868238,0,2,5,4,2021-01-25_169868238_怎么可以一眼就知道财报中藏有猫腻呢？其实就这么简单.......md
169739345,2021-01-24,企业的竞争优势除了更能赚钱外，还体现在对产业链上下游资金的占用上！,https://xueqiu.com/1301462220/169739345,0,4,4,4,2021-01-24_169739345_企业的竞争优势除了更能赚钱外，还体现在对产业链上下游资金的占用上！.md
169495494,2021-01-21,谈谈净资产收益率！！！,https://xueqiu.com/1301462220/169495494,0,13,8,11,2021-01-21_169495494_谈谈净资产收益率！！！.md
169478818,2021-01-21,【最新】国家税务总局解答增值税专用发票电子化常见问题,https://xueqiu.com/1301462220/169478818,0,3,0,0,2021-01-21_169478818_【最新】国家税务总局解答增值税专用发票电子化常见问题.md
169241408,2021-01-19,上市公司虚增收入和利润的代价太大了！！！,https://xueqiu.com/1301462220/169241408,0,6,0,1,2021-01-19_169241408_上市公司虚增收入和利润的代价太大了！！！.md
169132504,2021-01-19,“费用资本化”是一个公然进行财务造假的概念！！！,https://xueqiu.com/1301462220/169132504,0,25,21,14,2021-01-19_169132504_“费用资本化”是一个公然进行财务造假的概念！！！.md
168895851,2021-01-15,谈谈未分配利润！！！,https://xueqiu.com/1301462220/168895851,0,46,14,15,2021-01-15_168895851_谈谈未分配利润！！！.md
168816341,2021-01-15,戴口罩防新冠的可能性竟然与会计上“或有事项”的判断标准完全一致！,https://xueqiu.com/1301462220/168816341,0,2,0,0,2021-01-15_168816341_戴口罩防新冠的可能性竟然与会计上“或有事项”的判断标准完全一致！.md
168646171,2021-01-13,报表中的商誉根本就不是一项资产！！！,https://xueqiu.com/1301462220/168646171,0,7,8,8,2021-01-13_168646171_报表中的商誉根本就不是一项资产！！！.md
168563651,2021-01-13,谈谈房地产税！！！,https://xueqiu.com/1301462220/168563651,0,6,3,1,2021-01-13_168563651_谈谈房地产税！！！.md
168288365,2021-01-11,谈谈最 “幸福” 的科目预收账款,https://xueqiu.com/1301462220/168288365,0,5,7,7,2021-01-11_168288365_谈谈最 “幸福” 的科目预收账款.md
168000170,2021-01-08,再谈往来科目！！！,https://xueqiu.com/1301462220/168000170,0,5,3,5,2021-01-08_168000170_再谈往来科目！！！.md
167938617,2021-01-07,谈谈财务上的“洗大澡”！！！,https://xueqiu.com/1301462220/167938617,0,5,3,4,2021-01-07_167938617_谈谈财务上的“洗大澡”！！！.md
167732023,2021-01-06,谈谈应付职工薪酬,https://xueqiu.com/1301462220/167732023,0,4,5,7,2021-01-06_167732023_谈谈应付职工薪酬.md
167304490,2020-12-31,今天是年度资产负债表日！！！,https://xueqiu.com/1301462220/167304490,0,5,0,0,2020-12-31_167304490_今天是年度资产负债表日！！！.md
167175033,2020-12-30,为什么珠江啤酒毛利率高而其净资产收益率低？,https://xueqiu.com/1301462220/167175033,0,19,5,3,2020-12-30_167175033_为什么珠江啤酒毛利率高而其净资产收益率低？.md
167063790,2020-12-29,谈谈往来科目！！！,https://xueqiu.com/1301462220/167063790,0,8,3,4,2020-12-29_167063790_谈谈往来科目！！！.md
166950851,2020-12-28,双塔食品，这个公司是这两年的大牛股，好像存在存贷双高的现象，有投资价值吗？,https://xueqiu.com/1301462220/166950851,0,10,2,2,2020-12-28_166950851_双塔食品，这个公司是这两年的大牛股，好像存在存贷双高的现象，有投资价值吗？.md
166763101,2020-12-25,再谈应付账款！,https://xueqiu.com/1301462220/166763101,0,11,12,6,2020-12-25_166763101_再谈应付账款！.md
166664858,2020-12-24,谈谈应付账款,https://xueqiu.com/1301462220/166664858,0,6,2,1,2020-12-24_166664858_谈谈应付账款.md
166433753,2020-12-22,麻烦马老师分析一下众生药业的财务数据和估值？,https://xueqiu.com/1301462220/166433753,0,16,12,16,2020-12-22_166433753_麻烦马老师分析一下众生药业的财务数据和估值？.md
166324695,2020-12-21,【最新】财政部会计司权威解答会计处理实务疑难问题,https://xueqiu.com/1301462220/166324695,0,3,0,0,2020-12-21_166324695_【最新】财政部会计司权威解答会计处理实务疑难问题.md
166142948,2020-12-18,利息到底是什么？是钱生钱吗？利息是作财务费用还是利润分配？,https://xueqiu.com/1301462220/166142948,0,3,2,1,2020-12-18_166142948_利息到底是什么？是钱生钱吗？利息是作财务费用还是利润分配？.md
166039116,2020-12-17,马老师好， 请您分析一下康力电梯的现状和未来公司的发展?,https://xueqiu.com/1301462220/166039116,0,11,4,2,2020-12-17_166039116_马老师好， 请您分析一下康力电梯的现状和未来公司的发展.md
165936174,2020-12-16,某上市公司实际货币资金余额为25万多元，居然披露的货币资金总额为6亿6千8百多万元！疯了吧！,https://xueqiu.com/1301462220/165936174,0,3,1,0,2020-12-16_165936174_某上市公司实际货币资金余额为25万多元，居然披露的货币资金总额为6亿6千8百多万.md
165831591,2020-12-15,上市公司如何利用长期股权投资调节利润？,https://xueqiu.com/1301462220/165831591,0,9,5,5,2020-12-15_165831591_上市公司如何利用长期股权投资调节利润？.md
165737954,2020-12-14,马老师好！请您点评一下恩华药业？谢谢！,https://xueqiu.com/1301462220/165737954,0,44,10,10,2020-12-14_165737954_马老师好！请您点评一下恩华药业？谢谢！.md
165359219,2020-12-09,如何发现存货造假的迹象！！！,https://xueqiu.com/1301462220/165359219,0,6,1,3,2020-12-09_165359219_如何发现存货造假的迹象！！！.md
165153950,2020-12-07,频繁更换会计师事务所，连续公告多项会计差错，五年时间里只是赚了一堆应收账款,https://xueqiu.com/1301462220/165153950,0,9,4,3,2020-12-07_165153950_频繁更换会计师事务所，连续公告多项会计差错，五年时间里只是赚了一堆应收账款.md
165090178,2020-12-07,烦请马老师看看中国神华？,https://xueqiu.com/1301462220/165090178,0,51,12,12,2020-12-07_165090178_烦请马老师看看中国神华？.md
164892583,2020-12-04,马老师，请问怎么看江中药业的财报？,https://xueqiu.com/1301462220/164892583,0,26,22,13,2020-12-04_164892583_马老师，请问怎么看江中药业的财报？.md
164677725,2020-12-01,如果一家上市公司的毛利率远高于同行业水平，而其研发费用却低于同行业的平均水平，它的毛利率就...,https://xueqiu.com/1301462220/164677725,0,5,0,0,2020-12-01_164677725_如果一家上市公司的毛利率远高于同行业水平，而其研发费用却低于同行业的平均水平，它.md
164404371,2020-11-27,企业的经营就是一场收入与成本费用的战斗，胜了就是盈利，败了就是亏损,https://xueqiu.com/1301462220/164404371,0,4,0,0,2020-11-27_164404371_企业的经营就是一场收入与成本费用的战斗，胜了就是盈利，败了就是亏损.md
164309105,2020-11-26,如果一家上市公司经营活动产生的现金流量净额长期为负数，存货余额却持续增加，这时，就要怀疑它...,https://xueqiu.com/1301462220/164309105,0,7,0,0,2020-11-26_164309105_如果一家上市公司经营活动产生的现金流量净额长期为负数，存货余额却持续增加，这时，.md
164206524,2020-11-25,今年五粮液的股价增长率快过茅台，请问马老师能否分析一下五粮液的财务报表和经营发展前景？,https://xueqiu.com/1301462220/164206524,0,5,0,1,2020-11-25_164206524_今年五粮液的股价增长率快过茅台，请问马老师能否分析一下五粮液的财务报表和经营发展.md
164097583,2020-11-24,为疫情下的基层财政干部点赞,https://xueqiu.com/1301462220/164097583,0,1,0,0,2020-11-24_164097583_为疫情下的基层财政干部点赞.md
164037643,2020-11-24,上市公司贷款分红付息算什么？,https://xueqiu.com/1301462220/164037643,0,1,0,0,2020-11-24_164037643_上市公司贷款分红付息算什么？.md
164033465,2020-11-24,从财务的视角，判断一家企业是否高质量发展的标准是什么？,https://xueqiu.com/1301462220/164033465,0,5,0,0,2020-11-24_164033465_从财务的视角，判断一家企业是否高质量发展的标准是什么？.md
163155381,2020-11-12,不少企业抱怨税负重，其实企业只是个二传手而已，从本质上讲，所有的税都是由个人缴纳的！,https://xueqiu.com/1301462220/163155381,0,4,0,1,2020-11-12_163155381_不少企业抱怨税负重，其实企业只是个二传手而已，从本质上讲，所有的税都是由个人缴纳.md
163059464,2020-11-11,为什么专事审计的事务所从来就没有主动发现过一例上市公司财务造假事件？,https://xueqiu.com/1301462220/163059464,0,4,1,1,2020-11-11_163059464_为什么专事审计的事务所从来就没有主动发现过一例上市公司财务造假事件？.md
162967578,2020-11-10,杜邦公式其实告诉了CEO如何才能经营好企业,https://xueqiu.com/1301462220/162967578,0,3,6,7,2020-11-10_162967578_杜邦公式其实告诉了CEO如何才能经营好企业.md
162497733,2020-11-04,请被约谈的马云先生再读一读：别让金融变成掠夺财富的“妖孽”,https://xueqiu.com/1301462220/162497733,0,7,0,0,2020-11-04_162497733_请被约谈的马云先生再读一读：别让金融变成掠夺财富的“妖孽”.md
162222903,2020-11-01,流动比率数据很烂，但这样的企业是不是要爽歪！,https://xueqiu.com/1301462220/162222903,0,6,2,1,2020-11-01_162222903_流动比率数据很烂，但这样的企业是不是要爽歪！.md
161654593,2020-10-25,如何计算企业的真实赚钱能力？,https://xueqiu.com/1301462220/161654593,0,8,2,1,2020-10-25_161654593_如何计算企业的真实赚钱能力？.md
161411370,2020-10-21,有一类会计科目，名字叫“其他”，会计看了偷笑，审计见了要哭！,https://xueqiu.com/1301462220/161411370,0,6,0,1,2020-10-21_161411370_有一类会计科目，名字叫“其他”，会计看了偷笑，审计见了要哭！.md
161323777,2020-10-20,你知道为什么女人怕折旧、男人怕折现吗？,https://xueqiu.com/1301462220/161323777,0,6,0,0,2020-10-20_161323777_你知道为什么女人怕折旧、男人怕折现吗？.md
161015653,2020-10-15,为什么有企业将上市当作一门生意来做？！,https://xueqiu.com/1301462220/161015653,0,4,2,3,2020-10-15_161015653_为什么有企业将上市当作一门生意来做？！.md
160840347,2020-10-13,潜亏，就是披着资产外衣潜伏着的费用或表外游荡的负债,https://xueqiu.com/1301462220/160840347,0,7,1,1,2020-10-13_160840347_潜亏，就是披着资产外衣潜伏着的费用或表外游荡的负债.md
160759606,2020-10-12,以前会计是算账的，有了公允价值会计后就成算命的了,https://xueqiu.com/1301462220/160759606,0,5,1,0,2020-10-12_160759606_以前会计是算账的，有了公允价值会计后就成算命的了.md
160606149,2020-10-09,银行卡突然被境外盗刷10万多元，姑娘一个淡定操作，银行连利息都要赔！,https://xueqiu.com/1301462220/160606149,0,4,1,0,2020-10-09_160606149_银行卡突然被境外盗刷10万多元，姑娘一个淡定操作，银行连利息都要赔！.md
160498083,2020-10-07,你必须知道：每月为啥只发21.75天工资？关系到加班费、工资扣除的计算！,https://xueqiu.com/1301462220/160498083,0,1,0,0,2020-10-07_160498083_你必须知道：每月为啥只发21.75天工资？关系到加班费、工资扣除的计算！.md
160434384,2020-10-05,小微企业贷款难其实是一个伪命题,https://xueqiu.com/1301462220/160434384,0,2,1,1,2020-10-05_160434384_小微企业贷款难其实是一个伪命题.md
160326714,2020-09-30,会计处理存在这么多的估计和判断，是要把会计人员当作“神人”吗？,https://xueqiu.com/1301462220/160326714,0,1,0,0,2020-09-30_160326714_会计处理存在这么多的估计和判断，是要把会计人员当作“神人”吗？.md
160104981,2020-09-27,原来徐志摩也是会计，信不信由你,https://xueqiu.com/1301462220/160104981,0,3,0,0,2020-09-27_160104981_原来徐志摩也是会计，信不信由你.md
159866907,2020-09-23,中注协：2019年度综合评价前100家会计师事务所,https://xueqiu.com/1301462220/159866907,0,0,0,0,2020-09-23_159866907_中注协：2019年度综合评价前100家会计师事务所.md
159780726,2020-09-22,一个段子就说清楚了会计和审计的关系！,https://xueqiu.com/1301462220/159780726,0,1,0,0,2020-09-22_159780726_一个段子就说清楚了会计和审计的关系！.md
159697445,2020-09-21,女人要用会计原则来驾驭男人,https://xueqiu.com/1301462220/159697445,0,1,1,0,2020-09-21_159697445_女人要用会计原则来驾驭男人.md
159485598,2020-09-18,一个需贷款的企业现金周期为负，合理吗？,https://xueqiu.com/1301462220/159485598,0,0,1,1,2020-09-18_159485598_一个需贷款的企业现金周期为负，合理吗？.md
159454912,2020-09-17,一句话说清楚税收、财政、财务、会计、审计以及金融是一门什么学问！,https://xueqiu.com/1301462220/159454912,0,0,1,1,2020-09-17_159454912_一句话说清楚税收、财政、财务、会计、审计以及金融是一门什么学问！.md
159293124,2020-09-15,应收账款对现金流的危害以及对应收账款管理的建议,https://xueqiu.com/1301462220/159293124,0,1,2,2,2020-09-15_159293124_应收账款对现金流的危害以及对应收账款管理的建议.md
159206359,2020-09-14,如何利用毛利率指标分析财务造假？,https://xueqiu.com/1301462220/159206359,0,3,2,1,2020-09-14_159206359_如何利用毛利率指标分析财务造假？.md
159091443,2020-09-12,我个人觉得今年股市还是有希望......,https://xueqiu.com/1301462220/159091443,0,1,1,1,2020-09-12_159091443_我个人觉得今年股市还是有希望.......md
158966380,2020-09-10,如果一家企业“未分配利润”、“其它应收款”金额大，该要被税务盯上了！,https://xueqiu.com/1301462220/158966380,0,2,0,0,2020-09-10_158966380_如果一家企业“未分配利润”、“其它应收款”金额大，该要被税务盯上了！.md
158866906,2020-09-09,徐志摩懂增值税，而且还是个会计，你信吗？,https://xueqiu.com/1301462220/158866906,0,1,0,0,2020-09-09_158866906_徐志摩懂增值税，而且还是个会计，你信吗？.md
158673199,2020-09-07,如何判断一家上市公司是不是在替银行打工？,https://xueqiu.com/1301462220/158673199,0,2,0,0,2020-09-07_158673199_如何判断一家上市公司是不是在替银行打工？.md
158549976,2020-09-05,资产中的“水分”就是利润的“水分”,https://xueqiu.com/1301462220/158549976,0,3,1,2,2020-09-05_158549976_资产中的“水分”就是利润的“水分”.md
158416805,2020-09-03,企业适度负债的好处：将利润埋在负债里，以应付职工薪酬为例,https://xueqiu.com/1301462220/158416805,0,1,0,1,2020-09-03_158416805_企业适度负债的好处：将利润埋在负债里，以应付职工薪酬为例.md
158314667,2020-09-02,永续盘存制和实地盘存制，原来是这么回事！,https://xueqiu.com/1301462220/158314667,0,0,0,0,2020-09-02_158314667_永续盘存制和实地盘存制，原来是这么回事！.md
158211410,2020-09-01,用钱时，谁还会关心账上有多少利润呢？,https://xueqiu.com/1301462220/158211410,0,1,0,0,2020-09-01_158211410_用钱时，谁还会关心账上有多少利润呢？.md
158113781,2020-08-31,财务人员为什么看上去总是特别不高兴？,https://xueqiu.com/1301462220/158113781,0,0,0,0,2020-08-31_158113781_财务人员为什么看上去总是特别不高兴？.md
158012610,2020-08-30,《步步惊心》中的会计：若曦是在“四大”打过工的现代人张晓穿越过去的,https://xueqiu.com/1301462220/158012610,0,0,0,0,2020-08-30_158012610_《步步惊心》中的会计：若曦是在“四大”打过工的现代人张晓穿越过去的.md
157797351,2020-08-27,有位男同事，每次出差回来报销时，他都强烈要求现金报销，为什么？,https://xueqiu.com/1301462220/157797351,0,0,0,0,2020-08-27_157797351_有位男同事，每次出差回来报销时，他都强烈要求现金报销，为什么？.md
157673785,2020-08-26,刘欢的《从头再来》竟然可以解说连续编制合并报表！,https://xueqiu.com/1301462220/157673785,0,0,0,0,2020-08-26_157673785_刘欢的《从头再来》竟然可以解说连续编制合并报表！.md
157657975,2020-08-26,人类已经无法阻止会计人的思维了！,https://xueqiu.com/1301462220/157657975,0,0,0,1,2020-08-26_157657975_人类已经无法阻止会计人的思维了！.md
157511763,2020-08-25,庖丁解表，剖析财务造假的“奥妙”！,https://xueqiu.com/1301462220/157511763,0,2,2,3,2020-08-25_157511763_庖丁解表，剖析财务造假的“奥妙”！.md
157359313,2020-08-23,突然发现某电商公司最有前途的岗位是出纳，不过，后来却没落了…,https://xueqiu.com/1301462220/157359313,0,1,0,0,2020-08-23_157359313_突然发现某电商公司最有前途的岗位是出纳，不过，后来却没落了….md
157282528,2020-08-21,大家对企业赚取了多少利润大可不必当真,https://xueqiu.com/1301462220/157282528,0,0,2,1,2020-08-21_157282528_大家对企业赚取了多少利润大可不必当真.md
157181336,2020-08-20,增值税税负率与毛利率的关系,https://xueqiu.com/1301462220/157181336,0,1,1,1,2020-08-20_157181336_增值税税负率与毛利率的关系.md
157076532,2020-08-19,太罕见！付了大量审计费却搞不定2017年财报，上市公司请求普华永道辞任了！,https://xueqiu.com/1301462220/157076532,0,1,0,0,2020-08-19_157076532_太罕见！付了大量审计费却搞不定2017年财报，上市公司请求普华永道辞任了！.md
156971311,2020-08-18,为何有些上市公司利润丰厚却不分红？,https://xueqiu.com/1301462220/156971311,0,1,1,0,2020-08-18_156971311_为何有些上市公司利润丰厚却不分红？.md
156863466,2020-08-17,美国要有一个Jinghao Ma，美国会计就不枯燥了,https://xueqiu.com/1301462220/156863466,0,0,1,0,2020-08-17_156863466_美国要有一个Jinghao Ma，美国会计就不枯燥了.md
156764321,2020-08-16,什么是财务危机？用两个字概括就是“没钱”！,https://xueqiu.com/1301462220/156764321,0,3,0,0,2020-08-16_156764321_什么是财务危机？用两个字概括就是“没钱”！.md
156493324,2020-08-12,企业有必要计提盈余公积金吗？,https://xueqiu.com/1301462220/156493324,0,0,0,0,2020-08-12_156493324_企业有必要计提盈余公积金吗？.md
156391959,2020-08-11,从一家企业的利润表上可以获取哪些有用的信息？,https://xueqiu.com/1301462220/156391959,0,1,0,1,2020-08-11_156391959_从一家企业的利润表上可以获取哪些有用的信息？.md
156279983,2020-08-10,审计武功之精髓：审计黑白道！,https://xueqiu.com/1301462220/156279983,0,1,1,0,2020-08-10_156279983_审计武功之精髓：审计黑白道！.md
155892773,2020-08-05,警钟长鸣：上市公司财务造假，财务负责人及会计主管等被判刑,https://xueqiu.com/1301462220/155892773,0,1,0,0,2020-08-05_155892773_警钟长鸣：上市公司财务造假，财务负责人及会计主管等被判刑.md
155782527,2020-08-04,任正非对财务人员的四点要求,https://xueqiu.com/1301462220/155782527,0,1,0,0,2020-08-04_155782527_任正非对财务人员的四点要求.md
155530065,2020-08-01,不要以为报表的“金额”中有一个“金”字就真的有“金”,https://xueqiu.com/1301462220/155530065,0,1,0,0,2020-08-01_155530065_不要以为报表的“金额”中有一个“金”字就真的有“金”.md
155484042,2020-07-31,现金流量表做假的高招！,https://xueqiu.com/1301462220/155484042,0,3,1,2,2020-07-31_155484042_现金流量表做假的高招！.md
155382388,2020-07-30,关于公积金，你应该知道的,https://xueqiu.com/1301462220/155382388,0,0,0,2,2020-07-30_155382388_关于公积金，你应该知道的.md
155282373,2020-07-29,审计工作，更多的是形式重于实质！,https://xueqiu.com/1301462220/155282373,0,1,0,1,2020-07-29_155282373_审计工作，更多的是形式重于实质！.md
155001274,2020-07-26,财务、会计以及审计的区别！,https://xueqiu.com/1301462220/155001274,0,2,0,0,2020-07-26_155001274_财务、会计以及审计的区别！.md
154926606,2020-07-24,戏说长期股权投资！,https://xueqiu.com/1301462220/154926606,0,0,1,1,2020-07-24_154926606_戏说长期股权投资！.md
154826054,2020-07-23,议一议：为什么清华大学会计学专业停止本科招生？,https://xueqiu.com/1301462220/154826054,0,0,0,0,2020-07-23_154826054_议一议：为什么清华大学会计学专业停止本科招生？.md
154723348,2020-07-22,所有做假账的秘密都在这张关系图中！,https://xueqiu.com/1301462220/154723348,0,1,1,2,2020-07-22_154723348_所有做假账的秘密都在这张关系图中！.md
154620231,2020-07-21,财务报表的三大逻辑切入点：盈利质量、资产质量和现金流量,https://xueqiu.com/1301462220/154620231,0,5,2,3,2020-07-21_154620231_财务报表的三大逻辑切入点：盈利质量、资产质量和现金流量.md
154519161,2020-07-20,差五毛钱平不了账，这笨蛋居然将五毛钱直接贴在现金账上！,https://xueqiu.com/1301462220/154519161,0,3,0,0,2020-07-20_154519161_差五毛钱平不了账，这笨蛋居然将五毛钱直接贴在现金账上！.md
154422217,2020-07-19,关于财务造假的本质，马靖昊老师说过一句话，言简意赅，八九不离十......,https://xueqiu.com/1301462220/154422217,0,3,1,3,2020-07-19_154422217_关于财务造假的本质，马靖昊老师说过一句话，言简意赅，八九不离十.......md
154385641,2020-07-18,9名大学生3个月内注册数百家公司！被跨省刑拘！,https://xueqiu.com/1301462220/154385641,0,0,0,1,2020-07-18_154385641_9名大学生3个月内注册数百家公司！被跨省刑拘！.md
154344605,2020-07-17,超全！财政部会计司收入准则应用案例！,https://xueqiu.com/1301462220/154344605,0,0,1,1,2020-07-17_154344605_超全！财政部会计司收入准则应用案例！.md
154248871,2020-07-16,现金流危急时的关键一招！,https://xueqiu.com/1301462220/154248871,0,0,0,1,2020-07-16_154248871_现金流危急时的关键一招！.md
153998629,2020-07-14,财务造假的一个重武器：长期股权投资核算方法的转换,https://xueqiu.com/1301462220/153998629,0,4,2,2,2020-07-14_153998629_财务造假的一个重武器：长期股权投资核算方法的转换.md
153800928,2020-07-13,“ 挂名 ” CPA对800万赔偿承担连带责任，注销证书！,https://xueqiu.com/1301462220/153800928,0,1,0,0,2020-07-13_153800928_“ 挂名 ” CPA对800万赔偿承担连带责任，注销证书！.md
153795078,2020-07-13,10个容易混淆的财务常识 ！,https://xueqiu.com/1301462220/153795078,0,1,1,1,2020-07-13_153795078_10个容易混淆的财务常识 ！.md
153321113,2020-07-07,牛！中国老祖宗发明的 “龙门账法” ！,https://xueqiu.com/1301462220/153321113,0,0,0,0,2020-07-07_153321113_牛！中国老祖宗发明的 “龙门账法” ！.md
153253381,2020-07-07,3年虚开近8000万增值税发票，补缴税款1000余万！,https://xueqiu.com/1301462220/153253381,0,0,3,0,2020-07-07_153253381_3年虚开近8000万增值税发票，补缴税款1000余万！.md
153065768,2020-07-05,3名CPA被判刑！6500万元应收款未函证，造成国企损失3316万元！,https://xueqiu.com/1301462220/153065768,0,0,4,0,2020-07-05_153065768_3名CPA被判刑！6500万元应收款未函证，造成国企损失3316万元！.md
152808247,2020-07-02,如何判断企业上市前业绩是否注水？,https://xueqiu.com/1301462220/152808247,0,3,0,1,2020-07-02_152808247_如何判断企业上市前业绩是否注水？.md
152687298,2020-06-30,净资产收益率这个指标很重要！,https://xueqiu.com/1301462220/152687298,0,3,5,3,2020-06-30_152687298_净资产收益率这个指标很重要！.md
152582667,2020-06-29,剥下会计的“画皮”－－兼论会计之道就是钱道！,https://xueqiu.com/1301462220/152582667,0,2,1,3,2020-06-29_152582667_剥下会计的“画皮”－－兼论会计之道就是钱道！.md
152459005,2020-06-27,让你秒懂视同销售与进项税额转出,https://xueqiu.com/1301462220/152459005,0,0,1,1,2020-06-27_152459005_让你秒懂视同销售与进项税额转出.md
152423161,2020-06-26,上市公司财务造假真如同小朋友玩的躲猫猫,https://xueqiu.com/1301462220/152423161,0,2,1,1,2020-06-26_152423161_上市公司财务造假真如同小朋友玩的躲猫猫.md
152384939,2020-06-25,“ 代账 ” 会计将自己带入监狱！,https://xueqiu.com/1301462220/152384939,0,2,0,0,2020-06-25_152384939_“ 代账 ” 会计将自己带入监狱！.md
152344777,2020-06-24,【重磅】社保减免政策延期至年底！,https://xueqiu.com/1301462220/152344777,0,1,0,0,2020-06-24_152344777_【重磅】社保减免政策延期至年底！.md
152344770,2020-06-24,任何忽视现金流而激进的企业，都是找死的节奏！,https://xueqiu.com/1301462220/152344770,0,3,1,1,2020-06-24_152344770_任何忽视现金流而激进的企业，都是找死的节奏！.md
152254775,2020-06-23,马靖昊：费用资本化处理其实是一场错误的游戏！,https://xueqiu.com/1301462220/152254775,0,2,0,2,2020-06-23_152254775_马靖昊：费用资本化处理其实是一场错误的游戏！.md
152079391,2020-06-21,利润分配是会计上一个最大的自欺欺人的概念,https://xueqiu.com/1301462220/152079391,0,3,1,1,2020-06-21_152079391_利润分配是会计上一个最大的自欺欺人的概念.md
151963084,2020-06-19,为什么*ST索菱自曝实际造假金额比证监会查出来的还多几个亿？事出反常必有妖！,https://xueqiu.com/1301462220/151963084,0,6,1,0,2020-06-19_151963084_为什么ST索菱自曝实际造假金额比证监会查出来的还多几个亿？事出反常必有妖！.md
151914740,2020-06-18,贵州茅台真的卖不动了吗？,https://xueqiu.com/1301462220/151914740,0,3,1,1,2020-06-18_151914740_贵州茅台真的卖不动了吗？.md
151823851,2020-06-17,给你说说会计利润和经济利润！,https://xueqiu.com/1301462220/151823851,0,1,0,0,2020-06-17_151823851_给你说说会计利润和经济利润！.md
151725761,2020-06-16,如何看待恒生电子2020年一季度的首亏？,https://xueqiu.com/1301462220/151725761,0,11,3,2,2020-06-16_151725761_如何看待恒生电子2020年一季度的首亏？.md
151725756,2020-06-16,会计美眉的“暗语”，你悟懂了没？,https://xueqiu.com/1301462220/151725756,0,2,0,0,2020-06-16_151725756_会计美眉的“暗语”，你悟懂了没？.md
151323521,2020-06-11,真牛！恒生电子！,https://xueqiu.com/1301462220/151323521,0,11,0,0,2020-06-11_151323521_真牛！恒生电子！.md
151130498,2020-06-09,有的人一看见生产成本，就想当然地觉得应该进利润表，这种思维要不得啊,https://xueqiu.com/1301462220/151130498,0,2,0,0,2020-06-09_151130498_有的人一看见生产成本，就想当然地觉得应该进利润表，这种思维要不得啊.md
151100236,2020-06-08,从一杯朱古力奶茶引发的一场没有讲完的财务管理课！,https://xueqiu.com/1301462220/151100236,0,1,0,0,2020-06-08_151100236_从一杯朱古力奶茶引发的一场没有讲完的财务管理课！.md
151003191,2020-06-07,想报考财经大学？刚刚！2020年财经院校最新排行榜公布！,https://xueqiu.com/1301462220/151003191,0,0,0,0,2020-06-07_151003191_想报考财经大学？刚刚！2020年财经院校最新排行榜公布！.md
150976076,2020-06-06,会计上有一个&#34;未分配利润&#34;的概念，非常蒙人，现在就给你捋一捋,https://xueqiu.com/1301462220/150976076,0,4,6,0,2020-06-06_150976076_会计上有一个&#34;未分配利润&#34;的概念，非常蒙人，现在就给你捋一捋.md
150849955,2020-06-04,如何全面且合理地分析财务报表间的勾稽关系？,https://xueqiu.com/1301462220/150849955,0,4,1,2,2020-06-04_150849955_如何全面且合理地分析财务报表间的勾稽关系？.md
150762431,2020-06-03,让你真正看懂三张报表：企业报表之间的本源关系,https://xueqiu.com/1301462220/150762431,0,7,2,5,2020-06-03_150762431_让你真正看懂三张报表：企业报表之间的本源关系.md
150666136,2020-06-02,美女要是不懂会计，可能落了个潘金莲下嫁武大郎的命运！,https://xueqiu.com/1301462220/150666136,0,0,0,0,2020-06-02_150666136_美女要是不懂会计，可能落了个潘金莲下嫁武大郎的命运！.md
150500162,2020-05-31,原来会计、财务分析、财务造假、审计就是这么一回事！,https://xueqiu.com/1301462220/150500162,0,2,0,0,2020-05-31_150500162_原来会计、财务分析、财务造假、审计就是这么一回事！.md
150471873,2020-05-30,马靖昊：财务造假其实很累，而且成本很高，为什么有些企业还乐此不疲？,https://xueqiu.com/1301462220/150471873,0,5,2,1,2020-05-30_150471873_马靖昊：财务造假其实很累，而且成本很高，为什么有些企业还乐此不疲？.md
150436258,2020-05-29,马老师，能否看出华熙生物的年报有没有造假，虚增收入或利润？,https://xueqiu.com/1301462220/150436258,0,33,26,10,2020-05-29_150436258_马老师，能否看出华熙生物的年报有没有造假，虚增收入或利润？.md
150436243,2020-05-29,什么样的非财务信息可以用来判断企业陷入财务困境？,https://xueqiu.com/1301462220/150436243,0,3,1,1,2020-05-29_150436243_什么样的非财务信息可以用来判断企业陷入财务困境？.md
150347690,2020-05-28,会计准则在某种程度上已经成为企业操纵利润的抓手,https://xueqiu.com/1301462220/150347690,0,3,1,0,2020-05-28_150347690_会计准则在某种程度上已经成为企业操纵利润的抓手.md
150265931,2020-05-27,如何看京东的财报？,https://xueqiu.com/1301462220/150265931,0,4,5,4,2020-05-27_150265931_如何看京东的财报？.md
150168739,2020-05-26,片仔癀的经营活动现金流为什么这么差？,https://xueqiu.com/1301462220/150168739,0,39,21,18,2020-05-26_150168739_片仔癀的经营活动现金流为什么这么差？.md
150032455,2020-05-25,一年时间收8份关注（问询）函！信息安全产品生产商—蓝盾股份并不安全！,https://xueqiu.com/1301462220/150032455,0,0,0,0,2020-05-25_150032455_一年时间收8份关注（问询）函！信息安全产品生产商—蓝盾股份并不安全！.md
150023715,2020-05-24,上市以来股价暴涨近4倍，63岁的董事长与4女董事非婚生子？回应来了！,https://xueqiu.com/1301462220/150023715,0,0,0,0,2020-05-24_150023715_上市以来股价暴涨近4倍，63岁的董事长与4女董事非婚生子？回应来了！.md
149995598,2020-05-23,注意！财务总监隐匿会计凭证、账簿被追刑！,https://xueqiu.com/1301462220/149995598,0,0,0,0,2020-05-23_149995598_注意！财务总监隐匿会计凭证、账簿被追刑！.md
149995594,2020-05-23,“搬运工”的盈利能力堪称惊艳，为什么呢？,https://xueqiu.com/1301462220/149995594,0,3,0,0,2020-05-23_149995594_“搬运工”的盈利能力堪称惊艳，为什么呢？.md
149962363,2020-05-22,一文看懂资产负债表、利润表与现金流量表之间的秘密,https://xueqiu.com/1301462220/149962363,0,18,4,12,2020-05-22_149962363_一文看懂资产负债表、利润表与现金流量表之间的秘密.md
149866831,2020-05-21,A股唯一一家没有聘任审计机构的上市公司，被证监会立案调查后居然涨停了！,https://xueqiu.com/1301462220/149866831,0,0,0,0,2020-05-21_149866831_A股唯一一家没有聘任审计机构的上市公司，被证监会立案调查后居然涨停了！.md
149775042,2020-05-20,520！！！,https://xueqiu.com/1301462220/149775042,0,1,0,0,2020-05-20_149775042_520！！！.md
149774974,2020-05-20,我见证了他的逆袭：一次过六门CPA，从普通会计到年薪百万，原来他靠这个方法！,https://xueqiu.com/1301462220/149774974,0,1,2,2,2020-05-20_149774974_我见证了他的逆袭：一次过六门CPA，从普通会计到年薪百万，原来他靠这个方法！.md
149674944,2020-05-19,问：买了只藏獒如何入账？,https://xueqiu.com/1301462220/149674944,0,2,0,0,2020-05-19_149674944_问：买了只藏獒如何入账？.md
149571893,2020-05-18,其他应付款！！！,https://xueqiu.com/1301462220/149571893,0,6,2,1,2020-05-18_149571893_其他应付款！！！.md
149471402,2020-05-17,采用自有资金进行体外循环的财务造假！,https://xueqiu.com/1301462220/149471402,0,0,1,1,2020-05-17_149471402_采用自有资金进行体外循环的财务造假！.md
149421690,2020-05-15,马老师，看一下神州泰岳财务报告，为啥一季报毛利那么高、净资产收益率那么低？,https://xueqiu.com/1301462220/149421690,0,5,5,0,2020-05-15_149421690_马老师，看一下神州泰岳财务报告，为啥一季报毛利那么高、净资产收益率那么低？.md
149335404,2020-05-14,一封史上最牛的会计情书！,https://xueqiu.com/1301462220/149335404,0,0,0,0,2020-05-14_149335404_一封史上最牛的会计情书！.md
149142978,2020-05-12,科大讯飞盈利能力偏低！,https://xueqiu.com/1301462220/149142978,0,3,17,10,2020-05-12_149142978_科大讯飞盈利能力偏低！.md
149053167,2020-05-11,应收账款周转率！！！,https://xueqiu.com/1301462220/149053167,0,8,2,1,2020-05-11_149053167_应收账款周转率！！！.md
148975062,2020-05-10,预收账款有哪些造假方式，如何辨别？,https://xueqiu.com/1301462220/148975062,0,10,10,3,2020-05-10_148975062_预收账款有哪些造假方式，如何辨别？.md
148945543,2020-05-09,戏说在建工程！！！,https://xueqiu.com/1301462220/148945543,0,2,0,0,2020-05-09_148945543_戏说在建工程！！！.md
148915261,2020-05-09,固定资产！！！,https://xueqiu.com/1301462220/148915261,0,0,1,1,2020-05-09_148915261_固定资产！！！.md
148915259,2020-05-09,2020-2021年财经类大学排名！中央财经大学排名第一,https://xueqiu.com/1301462220/148915259,0,2,0,0,2020-05-09_148915259_2020-2021年财经类大学排名！中央财经大学排名第一.md
148790587,2020-05-07,在建工程！！！,https://xueqiu.com/1301462220/148790587,0,5,3,2,2020-05-07_148790587_在建工程！！！.md
148608891,2020-05-05,资产负债率！！！,https://xueqiu.com/1301462220/148608891,0,5,1,1,2020-05-05_148608891_资产负债率！！！.md
148557901,2020-05-04,商誉！！！,https://xueqiu.com/1301462220/148557901,0,2,1,1,2020-05-04_148557901_商誉！！！.md
148525831,2020-05-03,存货周转率！！！,https://xueqiu.com/1301462220/148525831,0,3,2,3,2020-05-03_148525831_存货周转率！！！.md
148494088,2020-05-02,会计教主马靖昊，活活把这届会计玩懵,https://xueqiu.com/1301462220/148494088,0,3,1,1,2020-05-02_148494088_会计教主马靖昊，活活把这届会计玩懵.md
148461473,2020-05-01,一味粗暴地使用财务手段无法搞好公司！,https://xueqiu.com/1301462220/148461473,0,3,1,0,2020-05-01_148461473_一味粗暴地使用财务手段无法搞好公司！.md
148288659,2020-04-29,【马靖昊说会计】2020年4月29日（周三）一分钟会计夜宵（关键词：净资产收益率、净利率、...,https://xueqiu.com/1301462220/148288659,0,1,0,0,2020-04-29_148288659_【马靖昊说会计】2020年4月29日（周三）一分钟会计夜宵（关键词：净资产收益率.md
148126463,2020-04-28,对于资本市场的复苏，取决于企业的ROE和经济增速,https://xueqiu.com/1301462220/148126463,0,1,0,0,2020-04-28_148126463_对于资本市场的复苏，取决于企业的ROE和经济增速.md
147999312,2020-04-27,马老师，您好！对上市公司的预付款项能做出什么样的判断？会成为造假行为么？,https://xueqiu.com/1301462220/147999312,0,1,2,2,2020-04-27_147999312_马老师，您好！对上市公司的预付款项能做出什么样的判断？会成为造假行为么？.md
147883451,2020-04-26,立信遭举报！硬气回应称：不能举报人要求出什么报告就出什么报告,https://xueqiu.com/1301462220/147883451,0,0,1,1,2020-04-26_147883451_立信遭举报！硬气回应称：不能举报人要求出什么报告就出什么报告.md
147794461,2020-04-24,一图替你梳理个税汇算如何办理,https://xueqiu.com/1301462220/147794461,0,1,0,1,2020-04-24_147794461_一图替你梳理个税汇算如何办理.md
147794389,2020-04-24,证监会：上市公司财务造假案件呈现四大特点！严厉打击上市公司财务造假 ！,https://xueqiu.com/1301462220/147794389,0,1,1,1,2020-04-24_147794389_证监会：上市公司财务造假案件呈现四大特点！严厉打击上市公司财务造假 ！.md
147672899,2020-04-23,活久见 ？子公司实名举报母公司曾要求其财务造假 ！,https://xueqiu.com/1301462220/147672899,0,1,1,1,2020-04-23_147672899_活久见 ？子公司实名举报母公司曾要求其财务造假 ！.md
147569656,2020-04-22,马靖昊：总资产收益率不能作为一个管理上的考核指标！,https://xueqiu.com/1301462220/147569656,0,5,2,3,2020-04-22_147569656_马靖昊：总资产收益率不能作为一个管理上的考核指标！.md
147569645,2020-04-22,财政部：前3月全国财政收入45984亿元 同比下降14.3%,https://xueqiu.com/1301462220/147569645,0,0,0,0,2020-04-22_147569645_财政部：前3月全国财政收入45984亿元 同比下降14.3%.md
147461231,2020-04-21,思考：用财务上的二个指标打破传统的“劳资关系”,https://xueqiu.com/1301462220/147461231,0,1,1,1,2020-04-21_147461231_思考：用财务上的二个指标打破传统的“劳资关系”.md
147461228,2020-04-21,重磅！财政部就会计师事务所从事证券服务业务等有关情况答记者问,https://xueqiu.com/1301462220/147461228,0,1,0,0,2020-04-21_147461228_重磅！财政部就会计师事务所从事证券服务业务等有关情况答记者问.md
147150160,2020-04-17,5年前花了近17亿收购的子公司，如今卖1块钱，这算怎么回事？,https://xueqiu.com/1301462220/147150160,0,1,1,0,2020-04-17_147150160_5年前花了近17亿收购的子公司，如今卖1块钱，这算怎么回事？.md
147045110,2020-04-16,如何分析一家企业占用上下游资金的能力？,https://xueqiu.com/1301462220/147045110,0,5,7,2,2020-04-16_147045110_如何分析一家企业占用上下游资金的能力？.md
146941400,2020-04-15,财务分析的核心指标：净资产收益率的分解及其本质内涵,https://xueqiu.com/1301462220/146941400,0,13,2,6,2020-04-15_146941400_财务分析的核心指标：净资产收益率的分解及其本质内涵.md
146824977,2020-04-14,请问马老师，A股上市公司已披露的年报中，哪些个股最有潜力，具有长期投资价值？,https://xueqiu.com/1301462220/146824977,0,4,0,1,2020-04-14_146824977_请问马老师，A股上市公司已披露的年报中，哪些个股最有潜力，具有长期投资价值？.md
146731463,2020-04-13,金科股份，通过少数股东权益进行利润操纵,https://xueqiu.com/1301462220/146731463,0,10,9,6,2020-04-13_146731463_金科股份，通过少数股东权益进行利润操纵.md
146731367,2020-04-13,“住院72天，我卖了2套房”：买保险的坑，劝你千万想明白！,https://xueqiu.com/1301462220/146731367,0,1,0,0,2020-04-13_146731367_“住院72天，我卖了2套房”：买保险的坑，劝你千万想明白！.md
146643922,2020-04-12,对政府在抗 “ 疫 ” 拯救企业方面的五条建议,https://xueqiu.com/1301462220/146643922,0,1,1,0,2020-04-12_146643922_对政府在抗 “ 疫 ” 拯救企业方面的五条建议.md
146573453,2020-04-10,帮你解难：个税年度汇算权威解答来了！,https://xueqiu.com/1301462220/146573453,0,1,0,0,2020-04-10_146573453_帮你解难：个税年度汇算权威解答来了！.md
146353746,2020-04-08,记账单位虚开发票：代理记账人未获利判刑5年半,https://xueqiu.com/1301462220/146353746,0,1,0,0,2020-04-08_146353746_记账单位虚开发票：代理记账人未获利判刑5年半.md
146258699,2020-04-07,为什么不少上市公司直接通过虚增货币资金这种简单粗暴的方式造假呢？,https://xueqiu.com/1301462220/146258699,0,2,6,4,2020-04-07_146258699_为什么不少上市公司直接通过虚增货币资金这种简单粗暴的方式造假呢？.md
146020294,2020-04-03,海螺水泥，不是爬行的“海螺”，堪称“奔跑的大象”,https://xueqiu.com/1301462220/146020294,0,4,3,3,2020-04-03_146020294_海螺水泥，不是爬行的“海螺”，堪称“奔跑的大象”.md
145915227,2020-04-02,【财政部】国家档案局关于规范电子会计凭证报销入账归档的通知,https://xueqiu.com/1301462220/145915227,0,0,1,0,2020-04-02_145915227_【财政部】国家档案局关于规范电子会计凭证报销入账归档的通知.md
145729781,2020-04-01,应收票据背书用于支付采购款，能否“视同”计入现金流入和流出,https://xueqiu.com/1301462220/145729781,0,6,4,2,2020-04-01_145729781_应收票据背书用于支付采购款，能否“视同”计入现金流入和流出.md
145669254,2020-03-31,华润三九，情况有点不妙！,https://xueqiu.com/1301462220/145669254,0,8,1,4,2020-03-31_145669254_华润三九，情况有点不妙！.md
145497675,2020-03-30,上峰水泥，一家卖水泥的毛利率竟然比卖药的还高？,https://xueqiu.com/1301462220/145497675,0,62,20,16,2020-03-30_145497675_上峰水泥，一家卖水泥的毛利率竟然比卖药的还高？.md
145358283,2020-03-27,舍得酒业，日子不是很好过！,https://xueqiu.com/1301462220/145358283,0,12,9,6,2020-03-27_145358283_舍得酒业，日子不是很好过！.md
144814837,2020-03-23,同仁堂的问题与机会,https://xueqiu.com/1301462220/144814837,0,13,5,12,2020-03-23_144814837_同仁堂的问题与机会.md
144814823,2020-03-23,片仔癀，公司资产的一半都是现金，超牛！,https://xueqiu.com/1301462220/144814823,0,25,6,12,2020-03-23_144814823_片仔癀，公司资产的一半都是现金，超牛！.md
144814522,2020-03-23,重磅！商誉暴雷之后，汤臣倍健利空出尽了吗？,https://xueqiu.com/1301462220/144814522,0,15,9,4,2020-03-23_144814522_重磅！商誉暴雷之后，汤臣倍健利空出尽了吗？.md
144742796,2020-03-21,连续4年的所得税费用为负数，究竟发生了什么？,https://xueqiu.com/1301462220/144742796,0,7,5,2,2020-03-21_144742796_连续4年的所得税费用为负数，究竟发生了什么？.md
144593870,2020-03-19,高额债务泰山压顶，在建工程迷雾重重的天齐锂业！,https://xueqiu.com/1301462220/144593870,0,8,4,4,2020-03-19_144593870_高额债务泰山压顶，在建工程迷雾重重的天齐锂业！.md
144532126,2020-03-19,巨额商誉竟然消失了 ! 宋城演艺的财技，简直逆天了！,https://xueqiu.com/1301462220/144532126,0,20,8,9,2020-03-19_144532126_巨额商誉竟然消失了 ! 宋城演艺的财技，简直逆天了！.md
144367958,2020-03-18,紧急提醒：疫情期间福利、捐赠、补助等相关业务的财税处理方法,https://xueqiu.com/1301462220/144367958,0,0,0,0,2020-03-18_144367958_紧急提醒：疫情期间福利、捐赠、补助等相关业务的财税处理方法.md
144367912,2020-03-18,为什么当月增加的固定资产下月计提折旧？点破了，就很容易！,https://xueqiu.com/1301462220/144367912,0,1,0,0,2020-03-18_144367912_为什么当月增加的固定资产下月计提折旧？点破了，就很容易！.md
144197875,2020-03-17,马老师，请帮我分析泸州老窖三季度报表？现在的价格买合理吗？,https://xueqiu.com/1301462220/144197875,0,4,6,5,2020-03-17_144197875_马老师，请帮我分析泸州老窖三季度报表？现在的价格买合理吗？.md
144003569,2020-03-15,分红18.6亿元！但本期现金余额仅有6.39亿元，为的是哪般 ？！,https://xueqiu.com/1301462220/144003569,0,7,4,1,2020-03-15_144003569_分红18.6亿元！但本期现金余额仅有6.39亿元，为的是哪般 ？！.md
144002345,2020-03-15,要理解研发支出资本化，谈个恋爱就知道了！,https://xueqiu.com/1301462220/144002345,0,2,2,2,2020-03-15_144002345_要理解研发支出资本化，谈个恋爱就知道了！.md
143742020,2020-03-12,京东方，吃钱的巨兽！,https://xueqiu.com/1301462220/143742020,0,9,2,2,2020-03-12_143742020_京东方，吃钱的巨兽！.md
143628819,2020-03-11,东阿阿胶：暂时遇到困难，还是本身就不行了?,https://xueqiu.com/1301462220/143628819,0,7,2,1,2020-03-11_143628819_东阿阿胶：暂时遇到困难，还是本身就不行了.md
143399439,2020-03-10,梅花生物债务高企，为什么还要大手笔分红？,https://xueqiu.com/1301462220/143399439,0,9,8,5,2020-03-10_143399439_梅花生物债务高企，为什么还要大手笔分红？.md
143284190,2020-03-09,社保免征执行细则来了！,https://xueqiu.com/1301462220/143284190,0,0,0,0,2020-03-09_143284190_社保免征执行细则来了！.md
143214890,2020-03-08,那家竟然将手机玻璃盖做到800多亿市值的公司，它还好吗？,https://xueqiu.com/1301462220/143214890,0,16,1,2,2020-03-08_143214890_那家竟然将手机玻璃盖做到800多亿市值的公司，它还好吗？.md
143149508,2020-03-06,难道共享单车迎来了曙光？永安行净利大增三倍多 ！,https://xueqiu.com/1301462220/143149508,0,5,3,1,2020-03-06_143149508_难道共享单车迎来了曙光？永安行净利大增三倍多 ！.md
143034188,2020-03-05,市值近500亿！难道兖州煤业这样的公司挣的钱不是钱？,https://xueqiu.com/1301462220/143034188,0,17,8,2,2020-03-05_143034188_市值近500亿！难道兖州煤业这样的公司挣的钱不是钱？.md
142920677,2020-03-04,茅台的财报，你还用看吗？,https://xueqiu.com/1301462220/142920677,0,8,1,2,2020-03-04_142920677_茅台的财报，你还用看吗？.md
142805970,2020-03-03,复星医药面对资金链吃紧、负债不断上升的窘状，依靠融资以及并购就够了么？,https://xueqiu.com/1301462220/142805970,0,19,48,10,2020-03-03_142805970_复星医药面对资金链吃紧、负债不断上升的窘状，依靠融资以及并购就够了么？.md
142698247,2020-03-02,资产负债率的计算公式对茅台这类企业是错误的，必须调整！,https://xueqiu.com/1301462220/142698247,0,2,2,0,2020-03-02_142698247_资产负债率的计算公式对茅台这类企业是错误的，必须调整！.md
142603277,2020-03-01,鱼跃医疗，如何跃龙门 ？,https://xueqiu.com/1301462220/142603277,0,16,13,5,2020-03-01_142603277_鱼跃医疗，如何跃龙门 ？.md
142560578,2020-02-29,“抗疫”中深具社会责任感的华新水泥，财报也优秀！,https://xueqiu.com/1301462220/142560578,0,8,1,1,2020-02-29_142560578_“抗疫”中深具社会责任感的华新水泥，财报也优秀！.md
142496513,2020-02-28,80倍市盈率的宁德时代，贵吗？,https://xueqiu.com/1301462220/142496513,0,7,4,4,2020-02-28_142496513_80倍市盈率的宁德时代，贵吗？.md
142364258,2020-02-27,疫情之下，“某企业CEO骂HRD的邮件”引发的大讨论！你的意见呢？,https://xueqiu.com/1301462220/142364258,0,0,0,0,2020-02-27_142364258_疫情之下，“某企业CEO骂HRD的邮件”引发的大讨论！你的意见呢？.md
142253813,2020-02-26,2345公司，未来有一段难熬的日子,https://xueqiu.com/1301462220/142253813,0,9,1,1,2020-02-26_142253813_2345公司，未来有一段难熬的日子.md
142136306,2020-02-25,今日涨停 ! 欧菲光翻身有望 ？！,https://xueqiu.com/1301462220/142136306,0,4,3,0,2020-02-25_142136306_今日涨停 ! 欧菲光翻身有望 ？！.md
142019198,2020-02-24,欧菲光翻身有望 ？！,https://xueqiu.com/1301462220/142019198,0,9,5,1,2020-02-24_142019198_欧菲光翻身有望 ？！.md
141923163,2020-02-23,96.51% ！比茅台毛利率更牛的公司 !,https://xueqiu.com/1301462220/141923163,0,5,2,1,2020-02-23_141923163_96.51% ！比茅台毛利率更牛的公司 !.md
141875624,2020-02-22,康力电梯财报有问题吗？,https://xueqiu.com/1301462220/141875624,0,10,6,4,2020-02-22_141875624_康力电梯财报有问题吗？.md
141825756,2020-02-21,一家企业应收账款增长较快，存货大幅上升，未计提跌价准备，IPO申请遭否决！,https://xueqiu.com/1301462220/141825756,0,1,1,0,2020-02-21_141825756_一家企业应收账款增长较快，存货大幅上升，未计提跌价准备，IPO申请遭否决！.md
141720274,2020-02-20,又是一家潜亏的上市公司！读卫宁健康2019年第3季度财报,https://xueqiu.com/1301462220/141720274,0,10,13,4,2020-02-20_141720274_又是一家潜亏的上市公司！读卫宁健康2019年第3季度财报.md
141619219,2020-02-19,同济堂虚增资产、虚增利润或转移资金的可能性很大,https://xueqiu.com/1301462220/141619219,0,6,2,1,2020-02-19_141619219_同济堂虚增资产、虚增利润或转移资金的可能性很大.md
141524080,2020-02-18,大伙看下*ST仰帆如何拼了命地保壳,https://xueqiu.com/1301462220/141524080,0,2,0,0,2020-02-18_141524080_大伙看下ST仰帆如何拼了命地保壳.md
141356100,2020-02-16,马靖昊：“将研发费用资本化”有三美：一美化利润，二美化资产，三美化现金流,https://xueqiu.com/1301462220/141356100,0,21,17,15,2020-02-16_141356100_马靖昊：“将研发费用资本化”有三美：一美化利润，二美化资产，三美化现金流.md
141305256,2020-02-15,“大意失荆州”的爹来了！停职！,https://xueqiu.com/1301462220/141305256,0,2,1,0,2020-02-15_141305256_“大意失荆州”的爹来了！停职！.md
141264725,2020-02-14,如果一家公司应收账款周转天数为0，就可以说拿着望远镜都看不到对手了,https://xueqiu.com/1301462220/141264725,0,5,2,2,2020-02-14_141264725_如果一家公司应收账款周转天数为0，就可以说拿着望远镜都看不到对手了.md
140988584,2020-02-11,利润表可以美化，现金流量表也可以打扮成“好看”的模样！,https://xueqiu.com/1301462220/140988584,0,7,0,2,2020-02-11_140988584_利润表可以美化，现金流量表也可以打扮成“好看”的模样！.md
140902577,2020-02-10,新冠肺炎原来是这样被治愈的？,https://xueqiu.com/1301462220/140902577,0,2,0,0,2020-02-10_140902577_新冠肺炎原来是这样被治愈的？.md
140825165,2020-02-09,马靖昊 ：上市公司最容易从财报中的哪些部分动手？如何能从蛛丝马迹中识破？,https://xueqiu.com/1301462220/140825165,0,5,2,1,2020-02-09_140825165_马靖昊 ：上市公司最容易从财报中的哪些部分动手？如何能从蛛丝马迹中识破？.md
140789722,2020-02-08,在计算企业费用率时，不能简单地认为费用率=（销售费用+管理费用+财务费用）÷营业收入......,https://xueqiu.com/1301462220/140789722,0,3,3,3,2020-02-08_140789722_在计算企业费用率时，不能简单地认为费用率=（销售费用+管理费用+财务费用）÷营业.md
140745765,2020-02-07,你要是不清楚负债分为有息负债、无息负债，基本上就不懂企业的财务风险！,https://xueqiu.com/1301462220/140745765,0,5,0,3,2020-02-07_140745765_你要是不清楚负债分为有息负债、无息负债，基本上就不懂企业的财务风险！.md
140646723,2020-02-06,现金循环周期指标揭示了管理资产负债表的重要意义,https://xueqiu.com/1301462220/140646723,0,0,0,1,2020-02-06_140646723_现金循环周期指标揭示了管理资产负债表的重要意义.md
140559411,2020-02-05,你要了解应收账款周转率、存货周转率以及利息保障倍数等财务指标的局限性，否则，就会犯教条主义错误！,https://xueqiu.com/1301462220/140559411,0,5,4,3,2020-02-05_140559411_你要了解应收账款周转率、存货周转率以及利息保障倍数等财务指标的局限性，否则，就会.md
140465535,2020-02-04,自由现金流最简明计算方法：现金流量表中的“经营活动产生的现金流量净额”减去“购建固定资产、...,https://xueqiu.com/1301462220/140465535,0,13,5,7,2020-02-04_140465535_自由现金流最简明计算方法：现金流量表中的“经营活动产生的现金流量净额”减去“购建.md
140319235,2020-02-03,2020年的这八个时间节点，财务们要是不知道，损失就大了！,https://xueqiu.com/1301462220/140319235,0,0,0,0,2020-02-03_140319235_2020年的这八个时间节点，财务们要是不知道，损失就大了！.md
140161981,2020-01-30,那个吃蝙蝠的女人所引发的会计思考，要转出去！,https://xueqiu.com/1301462220/140161981,0,2,1,1,2020-01-30_140161981_那个吃蝙蝠的女人所引发的会计思考，要转出去！.md
140089679,2020-01-28,2019最值得读文章Top10 | 马靖昊说会计,https://xueqiu.com/1301462220/140089679,0,3,2,1,2020-01-28_140089679_2019最值得读文章Top10  马靖昊说会计.md
139742464,2020-01-20,读财报，要搞清楚毛利率与存货、存货周转率、销售费用率以及现金循环周期之间的关系,https://xueqiu.com/1301462220/139742464,0,5,2,1,2020-01-20_139742464_读财报，要搞清楚毛利率与存货、存货周转率、销售费用率以及现金循环周期之间的关系.md
139518698,2020-01-16,上市公司财报中的货币资金有三大陷阱,https://xueqiu.com/1301462220/139518698,0,5,3,0,2020-01-16_139518698_上市公司财报中的货币资金有三大陷阱.md
139165818,2020-01-11,会计夫妻的对话，懂财务的真可怕！,https://xueqiu.com/1301462220/139165818,0,8,2,1,2020-01-11_139165818_会计夫妻的对话，懂财务的真可怕！.md
139128850,2020-01-10,狗狗的表情竟然代表着会计师行以及公司的各个层级并遭到王宝强的调侃，I 服了 YOU！,https://xueqiu.com/1301462220/139128850,0,0,0,0,2020-01-10_139128850_狗狗的表情竟然代表着会计师行以及公司的各个层级并遭到王宝强的调侃，I 服了 YO.md
139047137,2020-01-09,财报会说话：如何由财报悟出企业的真实经营状况？,https://xueqiu.com/1301462220/139047137,0,4,2,3,2020-01-09_139047137_财报会说话：如何由财报悟出企业的真实经营状况？.md
138956485,2020-01-08,支付工资必须通过&#34;应付职工薪酬&#34;科目核算吗?能否直接贷记“银行存款”科目？,https://xueqiu.com/1301462220/138956485,0,1,0,0,2020-01-08_138956485_支付工资必须通过&#34;应付职工薪酬&#34;科目核算吗能否直接贷记“银行存款.md
138956469,2020-01-08,动图版2020年办税日历，快收藏！够用一年,https://xueqiu.com/1301462220/138956469,0,1,0,0,2020-01-08_138956469_动图版2020年办税日历，快收藏！够用一年.md
138773791,2020-01-06,试问，会计差错真可以成为财务造假的挡箭牌吗？,https://xueqiu.com/1301462220/138773791,0,1,0,1,2020-01-06_138773791_试问，会计差错真可以成为财务造假的挡箭牌吗？.md
138697703,2020-01-05,现金流量表是如何造假的？,https://xueqiu.com/1301462220/138697703,0,2,2,6,2020-01-05_138697703_现金流量表是如何造假的？.md
138669139,2020-01-04,点穴：财务造假与报表之间的互动关系,https://xueqiu.com/1301462220/138669139,0,4,1,2,2020-01-04_138669139_点穴：财务造假与报表之间的互动关系.md
138542744,2020-01-02,我有一个朋友在深圳注册了一家100亿元的公司，挺牛的，不过......,https://xueqiu.com/1301462220/138542744,0,1,1,0,2020-01-02_138542744_我有一个朋友在深圳注册了一家100亿元的公司，挺牛的，不过.......md
138455207,2020-01-01,重要！税务总局明确取消增值税扣税凭证认证确认期限等征管问题,https://xueqiu.com/1301462220/138455207,0,1,0,0,2020-01-01_138455207_重要！税务总局明确取消增值税扣税凭证认证确认期限等征管问题.md
138455199,2020-01-01,关于办理2019年度个人所得税综合所得汇算清缴事项的公告,https://xueqiu.com/1301462220/138455199,0,0,0,0,2020-01-01_138455199_关于办理2019年度个人所得税综合所得汇算清缴事项的公告.md
138308010,2019-12-30,现金流量表，“剩”者为王；利润表，“胜”者为王；资产负债表，“盛”者为王,https://xueqiu.com/1301462220/138308010,0,3,1,3,2019-12-30_138308010_现金流量表，“剩”者为王；利润表，“胜”者为王；资产负债表，“盛”者为王.md
138206593,2019-12-28,货币资金的账面金额可以为负数吗？,https://xueqiu.com/1301462220/138206593,0,0,0,1,2019-12-28_138206593_货币资金的账面金额可以为负数吗？.md
137725380,2019-12-20,查分 | 2019年注册会计师成绩正式公布！,https://xueqiu.com/1301462220/137725380,0,1,0,0,2019-12-20_137725380_查分  2019年注册会计师成绩正式公布！.md
137725376,2019-12-20,企业财务造假十大特征、强制退市以及洗大澡！,https://xueqiu.com/1301462220/137725376,0,7,0,3,2019-12-20_137725376_企业财务造假十大特征、强制退市以及洗大澡！.md
137466577,2019-12-16,如果一家上市公司的收入存在造假，为了不被发现，往往会保持一个行业内相对稳定的毛利率......,https://xueqiu.com/1301462220/137466577,0,2,0,2,2019-12-16_137466577_如果一家上市公司的收入存在造假，为了不被发现，往往会保持一个行业内相对稳定的毛利.md
137453833,2019-12-16,重磅消息：国家税务总局成立社会保险费司与税收大数据和风险管理局！,https://xueqiu.com/1301462220/137453833,0,0,0,0,2019-12-16_137453833_重磅消息：国家税务总局成立社会保险费司与税收大数据和风险管理局！.md
137452039,2019-12-16,中央经济工作会议重申了房住不炒的政策不变，2020年炒房者的日子将更加艰难,https://xueqiu.com/1301462220/137452039,0,0,1,0,2019-12-16_137452039_中央经济工作会议重申了房住不炒的政策不变，2020年炒房者的日子将更加艰难.md
137010433,2019-12-08,一家上市公司虚增利润通常会导致存货、固定资产、在建工程的确认、计量和报告严重失实,https://xueqiu.com/1301462220/137010433,0,3,0,2,2019-12-08_137010433_一家上市公司虚增利润通常会导致存货、固定资产、在建工程的确认、计量和报告严重失实.md
136897122,2019-12-05,企业家表面上是股东、是所有者，实质上是债务人！,https://xueqiu.com/1301462220/136897122,0,1,1,1,2019-12-05_136897122_企业家表面上是股东、是所有者，实质上是债务人！.md
136693242,2019-12-02,董事长坐庄自己的股票， 却被别人剪了羊毛，还申辩说，这不是操纵市场，是大股东增持,https://xueqiu.com/1301462220/136693242,0,0,0,1,2019-12-02_136693242_董事长坐庄自己的股票， 却被别人剪了羊毛，还申辩说，这不是操纵市场，是大股东增持.md
136512514,2019-11-28,应收账款周转率与存货周转率之间的关系、资产周转率对资本回报率的重要性以及利息保障倍数,https://xueqiu.com/1301462220/136512514,0,9,0,3,2019-11-28_136512514_应收账款周转率与存货周转率之间的关系、资产周转率对资本回报率的重要性以及利息保障.md
136411099,2019-11-27,重磅：《税收违法行为检举管理办法》公布！2020年1月1日起施行！,https://xueqiu.com/1301462220/136411099,0,0,2,1,2019-11-27_136411099_重磅：《税收违法行为检举管理办法》公布！2020年1月1日起施行！.md
136233052,2019-11-23,税负率以及金税三期施行以来税收评估的六大预警指标,https://xueqiu.com/1301462220/136233052,0,1,0,0,2019-11-23_136233052_税负率以及金税三期施行以来税收评估的六大预警指标.md
136006508,2019-11-19,还记得大明湖畔的夏雨荷吗？主营业务收入、其他业务收入以及营业外收入的区别：皇后娘娘、令妃娘娘和夏雨荷,https://xueqiu.com/1301462220/136006508,0,0,0,0,2019-11-19_136006508_还记得大明湖畔的夏雨荷吗？主营业务收入、其他业务收入以及营业外收入的区别：皇后娘.md
136006503,2019-11-19,定了！这4种“普通发票”也能抵扣进项税！会计不知道，老板很生气！,https://xueqiu.com/1301462220/136006503,0,0,0,1,2019-11-19_136006503_定了！这4种“普通发票”也能抵扣进项税！会计不知道，老板很生气！.md
135940442,2019-11-18,如果一家企业的营业收入和净利润的现金含量远低于1，说明“漂亮”的业绩只是“纸面富贵”，盈利质量差。,https://xueqiu.com/1301462220/135940442,0,4,1,2,2019-11-18_135940442_如果一家企业的营业收入和净利润的现金含量远低于1，说明“漂亮”的业绩只是“纸面富.md
135860436,2019-11-16,早上，指望着应付职工薪酬养家糊口，拖着快要减值正在加速折旧的固定资产开始了一天的工作,https://xueqiu.com/1301462220/135860436,0,1,1,1,2019-11-16_135860436_早上，指望着应付职工薪酬养家糊口，拖着快要减值正在加速折旧的固定资产开始了一天的.md
135633140,2019-11-12,上市公司收入舞弊的12种手段以及销售6类37种舞弊现象,https://xueqiu.com/1301462220/135633140,0,1,1,4,2019-11-12_135633140_上市公司收入舞弊的12种手段以及销售6类37种舞弊现象.md
135509787,2019-11-10,今天我们来学习：9项“核准类税收减免”如何办理,https://xueqiu.com/1301462220/135509787,0,0,0,0,2019-11-10_135509787_今天我们来学习：9项“核准类税收减免”如何办理.md
135509786,2019-11-10,21项税收减免备案咋办理？一篇文章告诉你,https://xueqiu.com/1301462220/135509786,0,0,0,0,2019-11-10_135509786_21项税收减免备案咋办理？一篇文章告诉你.md
135490641,2019-11-09,上市公司美化现金流的方法,https://xueqiu.com/1301462220/135490641,0,1,0,0,2019-11-09_135490641_上市公司美化现金流的方法.md
135200011,2019-11-04,推荐：从“道”的层面解读会计，让你更轻松理解会计！,https://xueqiu.com/1301462220/135200011,0,4,3,3,2019-11-04_135200011_推荐：从“道”的层面解读会计，让你更轻松理解会计！.md
134936687,2019-10-30,欣泰电气财务造假被“行政处罚+刑事处罚”的终局考验着退市制度的完善！,https://xueqiu.com/1301462220/134936687,0,0,1,0,2019-10-30_134936687_欣泰电气财务造假被“行政处罚+刑事处罚”的终局考验着退市制度的完善！.md
134313760,2019-10-20,央企航天通信惊天爆雷：70亿的巨坑，各种造假方法都试遍了，厉害了！,https://xueqiu.com/1301462220/134313760,0,1,7,6,2019-10-20_134313760_央企航天通信惊天爆雷：70亿的巨坑，各种造假方法都试遍了，厉害了！.md
134084468,2019-10-15,现金流优秀的企业一般在产业链中居于强势地位，可以压榨上下游，占用它们的资金！,https://xueqiu.com/1301462220/134084468,0,2,0,2,2019-10-15_134084468_现金流优秀的企业一般在产业链中居于强势地位，可以压榨上下游，占用它们的资金！.md
133961658,2019-10-13,商誉的英文是goodwill，从字面上理解是美好希望的意思，但它却成了伤害无数小散的噩梦,https://xueqiu.com/1301462220/133961658,0,0,1,3,2019-10-13_133961658_商誉的英文是goodwill，从字面上理解是美好希望的意思，但它却成了伤害无数小.md
133909895,2019-10-11,上市公司财务造假真如同小时候玩的躲猫猫,https://xueqiu.com/1301462220/133909895,0,0,0,2,2019-10-11_133909895_上市公司财务造假真如同小时候玩的躲猫猫.md
133743374,2019-10-08,企业是否存在财务危机，其实可以很简单地进行判断！,https://xueqiu.com/1301462220/133743374,0,0,1,3,2019-10-08_133743374_企业是否存在财务危机，其实可以很简单地进行判断！.md
133693575,2019-10-07,最直白的会计工作解释，这下彻底明白了！,https://xueqiu.com/1301462220/133693575,0,30,18,31,2019-10-07_133693575_最直白的会计工作解释，这下彻底明白了！.md
133136290,2019-09-21,现金流量表做假的高招,https://xueqiu.com/1301462220/133136290,0,0,0,1,2019-09-21_133136290_现金流量表做假的高招.md
132876909,2019-09-16,增值税留抵退税咋操作？15个问题帮你搞清楚！,https://xueqiu.com/1301462220/132876909,0,0,0,0,2019-09-16_132876909_增值税留抵退税咋操作？15个问题帮你搞清楚！.md
132876903,2019-09-16,错开、补开发票咋处理？这18个问题可以对照学习,https://xueqiu.com/1301462220/132876903,0,0,0,0,2019-09-16_132876903_错开、补开发票咋处理？这18个问题可以对照学习.md
132876890,2019-09-16,如何适用“加计抵减”优惠政策？这些热点问题要学习,https://xueqiu.com/1301462220/132876890,0,0,0,0,2019-09-16_132876890_如何适用“加计抵减”优惠政策？这些热点问题要学习.md
132876874,2019-09-16,15个问题，帮你厘清取得机票、火车票等凭证咋抵扣,https://xueqiu.com/1301462220/132876874,0,2,0,0,2019-09-16_132876874_15个问题，帮你厘清取得机票、火车票等凭证咋抵扣.md
132756685,2019-09-12,中国车祸为什么那么多? 一个海归的话可以挽救很多驾驶者的生命！,https://xueqiu.com/1301462220/132756685,0,186,89,86,2019-09-12_132756685_中国车祸为什么那么多 一个海归的话可以挽救很多驾驶者的生命！.md
132756673,2019-09-12,大康农业的营业收入增长得这么快，如同吃了猛药，不由得老马不质疑其虚增营业收入,https://xueqiu.com/1301462220/132756673,0,1,1,0,2019-09-12_132756673_大康农业的营业收入增长得这么快，如同吃了猛药，不由得老马不质疑其虚增营业收入.md
132485874,2019-09-07,CFO必读：我通过虚增利润而虚增的资产类项目，总结出财务造假的五重境界！,https://xueqiu.com/1301462220/132485874,0,3,2,6,2019-09-07_132485874_CFO必读：我通过虚增利润而虚增的资产类项目，总结出财务造假的五重境界！.md
132460198,2019-09-06,企业财务造假最好用的2个科目！会计可以不做但必须知道！,https://xueqiu.com/1301462220/132460198,0,0,0,2,2019-09-06_132460198_企业财务造假最好用的2个科目！会计可以不做但必须知道！.md
132394830,2019-09-05,狠！有一家上市公司为了虚增利润而虚构了销售量，并相应虚构了采购量、产量......假账真做...,https://xueqiu.com/1301462220/132394830,0,1,0,0,2019-09-05_132394830_狠！有一家上市公司为了虚增利润而虚构了销售量，并相应虚构了采购量、产量......md
132126763,2019-08-31,为什么政府要补贴上市公司？我猜是政府觉得好多上市公司做假账注水利润多交了税，赶脚不好意思收...,https://xueqiu.com/1301462220/132126763,0,1,0,0,2019-08-31_132126763_为什么政府要补贴上市公司？我猜是政府觉得好多上市公司做假账注水利润多交了税，赶脚.md
131796854,2019-08-26,马老师做一个简单的分析性复核就能看出来，你们这些签发审计报告的CPA怎么就看不出来呢？,https://xueqiu.com/1301462220/131796854,0,0,0,0,2019-08-26_131796854_马老师做一个简单的分析性复核就能看出来，你们这些签发审计报告的CPA怎么就看不出.md
131533099,2019-08-21,【热点】年中跳槽了，个人所得税如何处理？,https://xueqiu.com/1301462220/131533099,0,0,0,0,2019-08-21_131533099_【热点】年中跳槽了，个人所得税如何处理？.md
131533059,2019-08-21,【关注】都是“虚开”惹的祸，小窍门告诉你如何避“坑”,https://xueqiu.com/1301462220/131533059,0,0,0,0,2019-08-21_131533059_【关注】都是“虚开”惹的祸，小窍门告诉你如何避“坑”.md
131533016,2019-08-21,收藏！2019最新增值税税率表（附八年“十大步”改革时间图）,https://xueqiu.com/1301462220/131533016,0,0,0,0,2019-08-21_131533016_收藏！2019最新增值税税率表（附八年“十大步”改革时间图）.md
130585169,2019-08-03,上市公司财务造假越猛，交税越多，此谓吹牛税；主板、新三板上市的公司越多，交税越多，此谓补漏税。,https://xueqiu.com/1301462220/130585169,0,0,0,1,2019-08-03_130585169_上市公司财务造假越猛，交税越多，此谓吹牛税；主板、新三板上市的公司越多，交税越多.md
128251599,2019-06-15,居然制定了造假工作指南！虚增收入7亿多元，虚构银行流水，做三套账，不过，处罚却非常轻！,https://xueqiu.com/1301462220/128251599,0,1,0,1,2019-06-15_128251599_居然制定了造假工作指南！虚增收入7亿多元，虚构银行流水，做三套账，不过，处罚却非.md
126920125,2019-05-19,财务造假现在干脆连块遮羞布都可以不要了！,https://xueqiu.com/1301462220/126920125,0,0,0,1,2019-05-19_126920125_财务造假现在干脆连块遮羞布都可以不要了！.md
126660551,2019-05-14,马老师，您说为什么很多公司都烦财务，觉得财务部就会找麻烦？,https://xueqiu.com/1301462220/126660551,0,1,1,0,2019-05-14_126660551_马老师，您说为什么很多公司都烦财务，觉得财务部就会找麻烦？.md
126506937,2019-05-11,就赫美集团高管无法确保年报数据真实性等几个问题答记者问,https://xueqiu.com/1301462220/126506937,0,0,1,0,2019-05-11_126506937_就赫美集团高管无法确保年报数据真实性等几个问题答记者问.md
125514392,2019-04-24,奇葩：某上市公司的会计凭证、账薄都下落不明！,https://xueqiu.com/1301462220/125514392,0,1,0,0,2019-04-24_125514392_奇葩：某上市公司的会计凭证、账薄都下落不明！.md
125270689,2019-04-21,财经类大学排名出炉！央财排名第一,https://xueqiu.com/1301462220/125270689,0,31,78,20,2019-04-21_125270689_财经类大学排名出炉！央财排名第一.md
124272993,2019-04-01,社保断缴到底会有什么后果？此文全说清楚了！,https://xueqiu.com/1301462220/124272993,0,0,0,3,2019-04-01_124272993_社保断缴到底会有什么后果？此文全说清楚了！.md
123743062,2019-03-25,“减税降费”两万亿，是喜是悲？,https://xueqiu.com/1301462220/123743062,0,0,0,0,2019-03-25_123743062_“减税降费”两万亿，是喜是悲？.md
123743042,2019-03-25,会计美眉的“暗语”，你悟懂了没？,https://xueqiu.com/1301462220/123743042,0,2,0,1,2019-03-25_123743042_会计美眉的“暗语”，你悟懂了没？.md
122735528,2019-03-11,非常启发：在我眼中的企业毛利以及毛利率！,https://xueqiu.com/1301462220/122735528,0,3,0,1,2019-03-11_122735528_非常启发：在我眼中的企业毛利以及毛利率！.md
122617817,2019-03-09,想问大伙一句：“税收是算出来的吗？”,https://xueqiu.com/1301462220/122617817,0,0,0,0,2019-03-09_122617817_想问大伙一句：“税收是算出来的吗？”.md
121355878,2019-02-19,马靖昊：费用资本化处理其实是一场错误的游戏！,https://xueqiu.com/1301462220/121355878,0,1,2,1,2019-02-19_121355878_马靖昊：费用资本化处理其实是一场错误的游戏！.md
121105420,2019-02-14,今天是情人节，看看咱们会计人是如何表白的！,https://xueqiu.com/1301462220/121105420,0,3,0,0,2019-02-14_121105420_今天是情人节，看看咱们会计人是如何表白的！.md
120922144,2019-02-11,某公司一份完整版公司财务制度（适合中小企业），必须保存！,https://xueqiu.com/1301462220/120922144,0,2,0,1,2019-02-11_120922144_某公司一份完整版公司财务制度（适合中小企业），必须保存！.md
120671963,2019-02-01,要做一个减值测试时风采依旧、魅力迷人的女人－－让你瞬间明白商誉！,https://xueqiu.com/1301462220/120671963,0,3,1,0,2019-02-01_120671963_要做一个减值测试时风采依旧、魅力迷人的女人－－让你瞬间明白商誉！.md
120618927,2019-01-31,为什么今年由于商誉减值导致爆雷的上市公司很多？与其被摊销法“凌迟”，不如“洗一次大澡”来得痛快！,https://xueqiu.com/1301462220/120618927,0,2,1,1,2019-01-31_120618927_为什么今年由于商誉减值导致爆雷的上市公司很多？与其被摊销法“凌迟”，不如“洗一次.md
120215009,2019-01-23,财政部：2018年全国财政收入超过18万亿元，支出破22万亿元,https://xueqiu.com/1301462220/120215009,0,0,1,2,2019-01-23_120215009_财政部：2018年全国财政收入超过18万亿元，支出破22万亿元.md
120215005,2019-01-23,国税总局解读：小规模纳税人免征增值税相关问题,https://xueqiu.com/1301462220/120215005,0,0,0,0,2019-01-23_120215005_国税总局解读：小规模纳税人免征增值税相关问题.md
120158755,2019-01-22,财报会说话：如何由财报悟出企业的真实经营状况？,https://xueqiu.com/1301462220/120158755,0,2,0,1,2019-01-22_120158755_财报会说话：如何由财报悟出企业的真实经营状况？.md
120054318,2019-01-20,重磅消息：房屋出租人信息真可以不填了！,https://xueqiu.com/1301462220/120054318,0,0,0,0,2019-01-20_120054318_重磅消息：房屋出租人信息真可以不填了！.md
119836071,2019-01-15,注册公司是选择一般纳税人还是小规模纳税人？很多新创业者很纠结，请看如下建议！,https://xueqiu.com/1301462220/119836071,0,0,0,3,2019-01-15_119836071_注册公司是选择一般纳税人还是小规模纳税人？很多新创业者很纠结，请看如下建议！.md
119330524,2019-01-04,这个清华毕业的小学老师，凭什么赢了赌王儿子？,https://xueqiu.com/1301462220/119330524,0,4,0,0,2019-01-04_119330524_这个清华毕业的小学老师，凭什么赢了赌王儿子？.md
119202863,2019-01-02,2018年第四季度的全年一次性奖金个人所得税如何计算缴纳？,https://xueqiu.com/1301462220/119202863,0,0,0,1,2019-01-02_119202863_2018年第四季度的全年一次性奖金个人所得税如何计算缴纳？.md
118979505,2018-12-27,刚刚，财政部宣布：2022年前居民个人取得全年一次性奖金不并入当年综合所得,https://xueqiu.com/1301462220/118979505,0,35,21,11,2018-12-27_118979505_刚刚，财政部宣布：2022年前居民个人取得全年一次性奖金不并入当年综合所得.md
118598558,2018-12-20,重磅：国家税务总局关于全面实施新个人所得税法若干征管衔接问题的公告,https://xueqiu.com/1301462220/118598558,0,1,0,0,2018-12-20_118598558_重磅：国家税务总局关于全面实施新个人所得税法若干征管衔接问题的公告.md
118550707,2018-12-19,为什么这么多女CPA都是单身！？看完你就恍然大悟了......,https://xueqiu.com/1301462220/118550707,0,4,11,0,2018-12-19_118550707_为什么这么多女CPA都是单身！？看完你就恍然大悟了.......md
118437959,2018-12-18,马老师，请用最易懂的方式解释下“商誉”是什么？,https://xueqiu.com/1301462220/118437959,0,2,0,1,2018-12-18_118437959_马老师，请用最易懂的方式解释下“商誉”是什么？.md
118207986,2018-12-12,告诉您财务上的术语“洗大澡”是啥意思,https://xueqiu.com/1301462220/118207986,0,3,2,3,2018-12-12_118207986_告诉您财务上的术语“洗大澡”是啥意思.md
117438286,2018-11-27,财政部：1-10月国有企业利润总额28031.4亿元 同比增长17.3%,https://xueqiu.com/1301462220/117438286,0,0,0,0,2018-11-27_117438286_财政部：1-10月国有企业利润总额28031.4亿元 同比增长17.3%.md
117218504,2018-11-22,主营业务收入、其他业务收入以及营业外收入的区别：皇后娘娘、令妃娘娘和夏雨荷,https://xueqiu.com/1301462220/117218504,0,0,0,0,2018-11-22_117218504_主营业务收入、其他业务收入以及营业外收入的区别：皇后娘娘、令妃娘娘和夏雨荷.md
116597038,2018-11-10,紧急提醒！建议你公司在2018年12月31日之前把今年的年终奖发放了！,https://xueqiu.com/1301462220/116597038,0,0,0,0,2018-11-10_116597038_紧急提醒！建议你公司在2018年12月31日之前把今年的年终奖发放了！.md
116384956,2018-11-06,向所有财务人员发送的12条提醒！,https://xueqiu.com/1301462220/116384956,0,0,0,1,2018-11-06_116384956_向所有财务人员发送的12条提醒！.md
116142696,2018-11-01,某些上市公司将大部分造假的利润转入了存货、在建工程等资产中……,https://xueqiu.com/1301462220/116142696,0,1,6,0,2018-11-01_116142696_某些上市公司将大部分造假的利润转入了存货、在建工程等资产中…….md
115921927,2018-10-29,太突然了！主持人李咏因癌症在美国去世，也引发了我这个会计人对健康的反思！,https://xueqiu.com/1301462220/115921927,0,0,0,0,2018-10-29_115921927_太突然了！主持人李咏因癌症在美国去世，也引发了我这个会计人对健康的反思！.md
115710222,2018-10-25,看透这些财务造假乱象，做审计才更有方向！,https://xueqiu.com/1301462220/115710222,0,6,1,6,2018-10-25_115710222_看透这些财务造假乱象，做审计才更有方向！.md
115490470,2018-10-22,个税纳税专项抵扣，是把本来简单的事情搞复杂了！,https://xueqiu.com/1301462220/115490470,0,0,0,0,2018-10-22_115490470_个税纳税专项抵扣，是把本来简单的事情搞复杂了！.md
114737370,2018-10-09,会计是一门基于实践的艺术，它讲究说学逗唱！,https://xueqiu.com/1301462220/114737370,0,2,0,0,2018-10-09_114737370_会计是一门基于实践的艺术，它讲究说学逗唱！.md
114614845,2018-10-07,国务院“有数”帮你解答新个税法，一图看懂你的工资单本月开始将发生的变化！,https://xueqiu.com/1301462220/114614845,0,0,0,0,2018-10-07_114614845_国务院“有数”帮你解答新个税法，一图看懂你的工资单本月开始将发生的变化！.md
114360153,2018-09-27,【热点】10月起新个税法过渡期政策实施，在10月1日前，您必须了解的这3个新个人所得税问题,https://xueqiu.com/1301462220/114360153,0,0,0,0,2018-09-27_114360153_【热点】10月起新个税法过渡期政策实施，在10月1日前，您必须了解的这3个新个人.md
114197070,2018-09-24,我与著名税务专家李记有先生表达了对社保费的担忧，一致认为这是社保制度顶层设计出了问题！,https://xueqiu.com/1301462220/114197070,0,0,0,0,2018-09-24_114197070_我与著名税务专家李记有先生表达了对社保费的担忧，一致认为这是社保制度顶层设计出了.md
113853843,2018-09-16,如何依靠非主流财务信息去读懂一家企业？,https://xueqiu.com/1301462220/113853843,0,2,2,2,2018-09-16_113853843_如何依靠非主流财务信息去读懂一家企业？.md
113738178,2018-09-13,以企业的“税费/税后净利润”告诉你，中国企业的税负到底有多重！,https://xueqiu.com/1301462220/113738178,0,2,0,2,2018-09-13_113738178_以企业的“税费税后净利润”告诉你，中国企业的税负到底有多重！.md
113738175,2018-09-13,2018年第四季度个人所得税减除费用和税率适用问题明确,https://xueqiu.com/1301462220/113738175,0,0,0,0,2018-09-13_113738175_2018年第四季度个人所得税减除费用和税率适用问题明确.md
113683127,2018-09-12,为什么很多上市公司到处去收购吗？因为这是一桩永不亏损的买卖。,https://xueqiu.com/1301462220/113683127,0,1,0,1,2018-09-12_113683127_为什么很多上市公司到处去收购吗？因为这是一桩永不亏损的买卖。.md
113621595,2018-09-11,净资产收益率的分解及其本质内涵,https://xueqiu.com/1301462220/113621595,0,0,1,1,2018-09-11_113621595_净资产收益率的分解及其本质内涵.md
113404826,2018-09-06,一个儿子是建行，一个女儿是招行，一儿一女竟然是……太生动了！,https://xueqiu.com/1301462220/113404826,0,4,1,0,2018-09-06_113404826_一个儿子是建行，一个女儿是招行，一儿一女竟然是……太生动了！.md
113340908,2018-09-05,个人银行账户进账多少会被查？老板一定要知道！,https://xueqiu.com/1301462220/113340908,0,0,0,0,2018-09-05_113340908_个人银行账户进账多少会被查？老板一定要知道！.md
113279719,2018-09-04,税务局出手了！江苏常州一企业被追征十年的社保！,https://xueqiu.com/1301462220/113279719,0,0,0,0,2018-09-04_113279719_税务局出手了！江苏常州一企业被追征十年的社保！.md
113226929,2018-09-03,既然说增值税的最终买单人是消费者，但为什么企业对税负重还这么有意见呢？大伙说说！,https://xueqiu.com/1301462220/113226929,0,1,0,0,2018-09-03_113226929_既然说增值税的最终买单人是消费者，但为什么企业对税负重还这么有意见呢？大伙说说！.md
113151464,2018-09-01,重磅！新个税法案获得通过！并将于今年10月1日起正式开始实行！,https://xueqiu.com/1301462220/113151464,0,0,1,1,2018-09-01_113151464_重磅！新个税法案获得通过！并将于今年10月1日起正式开始实行！.md
112921109,2018-08-28,绝了！会计男的25封情书，快来学几招！,https://xueqiu.com/1301462220/112921109,0,0,0,0,2018-08-28_112921109_绝了！会计男的25封情书，快来学几招！.md
112586900,2018-08-23,给大伙说说企业所得税会计，真的很容易！,https://xueqiu.com/1301462220/112586900,0,1,1,0,2018-08-23_112586900_给大伙说说企业所得税会计，真的很容易！.md
112569033,2018-08-22,一对会计夫妻的精彩对白，太有才了！,https://xueqiu.com/1301462220/112569033,0,0,0,0,2018-08-22_112569033_一对会计夫妻的精彩对白，太有才了！.md
112502164,2018-08-21,来自蒋锡培先生的减税呐喊：大规模减税、大规模减少财税供养的人和机构,https://xueqiu.com/1301462220/112502164,0,0,0,0,2018-08-21_112502164_来自蒋锡培先生的减税呐喊：大规模减税、大规模减少财税供养的人和机构.md
112436939,2018-08-20,马靖昊：请逐步取消财政补贴，省下的钱用来减税！,https://xueqiu.com/1301462220/112436939,0,0,0,0,2018-08-20_112436939_马靖昊：请逐步取消财政补贴，省下的钱用来减税！.md
112372155,2018-08-19,有报道称，北京打响了控房租的第一枪。我认为，打响几枪都没有用！,https://xueqiu.com/1301462220/112372155,0,0,1,0,2018-08-19_112372155_有报道称，北京打响了控房租的第一枪。我认为，打响几枪都没有用！.md
112055778,2018-08-13,应收账款对现金流的危害以及对应收账款管理的建议,https://xueqiu.com/1301462220/112055778,0,0,0,0,2018-08-13_112055778_应收账款对现金流的危害以及对应收账款管理的建议.md
111998420,2018-08-12,【重磅】中国有一个地方高温补贴继续免征个人所得税！其他省份能否效仿这些做法？,https://xueqiu.com/1301462220/111998420,0,0,0,0,2018-08-12_111998420_【重磅】中国有一个地方高温补贴继续免征个人所得税！其他省份能否效仿这些做法？.md
111982196,2018-08-11,脑洞大开：一场关于“华融董事长赖小民被捉后，家中发现了2.7亿现钞”的大讨论！,https://xueqiu.com/1301462220/111982196,0,0,1,0,2018-08-11_111982196_脑洞大开：一场关于“华融董事长赖小民被捉后，家中发现了2.7亿现钞”的大讨论！.md
111818022,2018-08-08,马靖昊：会计五行及其相生相克关系！,https://xueqiu.com/1301462220/111818022,0,0,0,0,2018-08-08_111818022_马靖昊：会计五行及其相生相克关系！.md
111818021,2018-08-08,必读级推荐：应宁波市图书馆邀请所作的《会计之道》整理稿！,https://xueqiu.com/1301462220/111818021,0,1,0,0,2018-08-08_111818021_必读级推荐：应宁波市图书馆邀请所作的《会计之道》整理稿！.md
111750119,2018-08-07,大家如何看：有一位朋友的企业，表上有利润，但是现金流差，每次要纳税时，钱都不够，于是，借钱去交税。,https://xueqiu.com/1301462220/111750119,0,0,0,0,2018-08-07_111750119_大家如何看：有一位朋友的企业，表上有利润，但是现金流差，每次要纳税时，钱都不够，.md
111690781,2018-08-06,会计上有一个&#34;未分配利润&#34;的概念，非常蒙人，现在就给你捋一捋,https://xueqiu.com/1301462220/111690781,0,4,2,3,2018-08-06_111690781_会计上有一个&#34;未分配利润&#34;的概念，非常蒙人，现在就给你捋一捋.md
111617620,2018-08-05,你是人间的四月天：用会计语言戏说林徽因与三个男人的故事,https://xueqiu.com/1301462220/111617620,0,0,0,0,2018-08-05_111617620_你是人间的四月天：用会计语言戏说林徽因与三个男人的故事.md
111506670,2018-08-02,这次是真的，以后房价不能再涨了，连一分钱都不能涨了！,https://xueqiu.com/1301462220/111506670,0,1,0,0,2018-08-02_111506670_这次是真的，以后房价不能再涨了，连一分钱都不能涨了！.md
111418455,2018-08-01,在银行工作真挣得这么少吗？压力真的很大吗？大家来看看银行职工自己如何说！,https://xueqiu.com/1301462220/111418455,0,1,0,0,2018-08-01_111418455_在银行工作真挣得这么少吗？压力真的很大吗？大家来看看银行职工自己如何说！.md
111360502,2018-07-31,@所有人，马老师，您能帮我们小微企业呼吁一下社保的情况吗？,https://xueqiu.com/1301462220/111360502,0,0,0,0,2018-07-31_111360502_@所有人，马老师，您能帮我们小微企业呼吁一下社保的情况吗？.md
111294131,2018-07-30,逆天了，由报表间内在关系发现财报造假的惊心秘密！,https://xueqiu.com/1301462220/111294131,0,0,0,0,2018-07-30_111294131_逆天了，由报表间内在关系发现财报造假的惊心秘密！.md
111204961,2018-07-28,刚刚，教育部给出了全国会计专业学位水平排行榜，你的大学上榜了吗？,https://xueqiu.com/1301462220/111204961,0,0,0,0,2018-07-28_111204961_刚刚，教育部给出了全国会计专业学位水平排行榜，你的大学上榜了吗？.md
111190229,2018-07-27,个人所得税如果沦为穷人税，就失去了征收的意义！,https://xueqiu.com/1301462220/111190229,0,1,1,0,2018-07-27_111190229_个人所得税如果沦为穷人税，就失去了征收的意义！.md
111120262,2018-07-26,杜邦公式其实告诉了CEO应该如何才能经营好企业,https://xueqiu.com/1301462220/111120262,0,1,1,2,2018-07-26_111120262_杜邦公式其实告诉了CEO应该如何才能经营好企业.md
111085475,2018-07-26,目前多数小微民营企业主要是依靠老板的自有资金而不是利润留存在维持运转，多数大型的,https://xueqiu.com/1301462220/111085475,0,2,0,0,2018-07-26_111085475_目前多数小微民营企业主要是依靠老板的自有资金而不是利润留存在维持运转，多数大型的.md
111014054,2018-07-25,建立有中国特色的以低税收促投资保发展的制度体系！,https://xueqiu.com/1301462220/111014054,0,0,1,0,2018-07-25_111014054_建立有中国特色的以低税收促投资保发展的制度体系！.md
111002274,2018-07-24,我眼中的企业毛利率以及毛利！不懂会计的人也能明白！,https://xueqiu.com/1301462220/111002274,0,2,1,3,2018-07-24_111002274_我眼中的企业毛利率以及毛利！不懂会计的人也能明白！.md
110956881,2018-07-24,从奶粉到疫苗……为何一而再再而三地出现在中国？是制造者的问题还是监管者的问题？,https://xueqiu.com/1301462220/110956881,0,1,0,0,2018-07-24_110956881_从奶粉到疫苗……为何一而再再而三地出现在中国？是制造者的问题还是监管者的问题？.md
110955865,2018-07-24,长生生物疫苗毛利率达91.59%，巨额的销售费用中究竟藏了多少秘密？,https://xueqiu.com/1301462220/110955865,0,7,8,4,2018-07-24_110955865_长生生物疫苗毛利率达91.59%，巨额的销售费用中究竟藏了多少秘密？.md
26357720,2013-12-02,我刚下载了雪球访谈：财税专家马靖昊聊如何识别财务顽疾全文，也推荐给你。网页链接,https://xueqiu.com/1301462220/26357720,0,2,2,7,2013-12-02_26357720_我刚下载了雪球访谈：财税专家马靖昊聊如何识别财务顽疾全文，也推荐给你。网页链接.md
26101427,2013-11-13,对@马靖昊说会计 说：已经延长了一个小时了，整整2个小时！谢谢大家！,https://xueqiu.com/1301462220/26101427,0,0,4,1,2013-11-13_26101427_对@马靖昊说会计 说：已经延长了一个小时了，整整2个小时！谢谢大家！.md
26101419,2013-11-13,谢谢你，谢谢大家的参与！有什么问题，很多时候只要到我的微博中通过关键词搜索，多半,https://xueqiu.com/1301462220/26101419,0,0,0,0,2013-11-13_26101419_谢谢你，谢谢大家的参与！有什么问题，很多时候只要到我的微博中通过关键词搜索，多半.md
26101403,2013-11-13,确实存在这种情况，股是炒起来的，可能人为因素比较多，一个题材可能就是暴涨，并且与,https://xueqiu.com/1301462220/26101403,0,0,1,3,2013-11-13_26101403_确实存在这种情况，股是炒起来的，可能人为因素比较多，一个题材可能就是暴涨，并且与.md
26101386,2013-11-13,我这一文章《将利润埋在负债里－应付职工薪酬为例》说的差不多就是这个问题，贴在这里,https://xueqiu.com/1301462220/26101386,0,0,6,1,2013-11-13_26101386_我这一文章《将利润埋在负债里－应付职工薪酬为例》说的差不多就是这个问题，贴在这里.md
26101353,2013-11-13,我不是毛老师，我是马老师。对于房地产公司而言，其报表与其他报表是有一定的区别。比,https://xueqiu.com/1301462220/26101353,0,0,4,1,2013-11-13_26101353_我不是毛老师，我是马老师。对于房地产公司而言，其报表与其他报表是有一定的区别。比.md
26101087,2013-11-13,最好是要阅读财报，分析其财务状况，再来做投资决策。,https://xueqiu.com/1301462220/26101087,0,0,1,1,2013-11-13_26101087_最好是要阅读财报，分析其财务状况，再来做投资决策。.md
26101048,2013-11-13,哥们，这得读几本财务分析的书了。,https://xueqiu.com/1301462220/26101048,0,0,2,0,2013-11-13_26101048_哥们，这得读几本财务分析的书了。.md
26101035,2013-11-13,盈余管理是一个艺术性很强的问题。,https://xueqiu.com/1301462220/26101035,0,0,0,0,2013-11-13_26101035_盈余管理是一个艺术性很强的问题。.md
26101010,2013-11-13,不能说管理者不大懂财报，是不大懂权责发生制下的财报，管理者一定知道企业的资产价值,https://xueqiu.com/1301462220/26101010,0,0,0,0,2013-11-13_26101010_不能说管理者不大懂财报，是不大懂权责发生制下的财报，管理者一定知道企业的资产价值.md
26100944,2013-11-13,一起将会计娱乐起来，好玩起来！,https://xueqiu.com/1301462220/26100944,0,0,0,0,2013-11-13_26100944_一起将会计娱乐起来，好玩起来！.md
26100923,2013-11-13,经济学家也赚不到钱，它们办企业多半亏损的。刘翔一定比刘翔的教练牛逼！,https://xueqiu.com/1301462220/26100923,0,0,2,0,2013-11-13_26100923_经济学家也赚不到钱，它们办企业多半亏损的。刘翔一定比刘翔的教练牛逼！.md
26100908,2013-11-13,如果固定资产有问题，就是大问题，可能通过固定资产转移资金，你可以看一下我下面的《,https://xueqiu.com/1301462220/26100908,0,0,0,0,2013-11-13_26100908_如果固定资产有问题，就是大问题，可能通过固定资产转移资金，你可以看一下我下面的《.md
26100886,2013-11-13,资产实在不实在，就是一个资产质量的问题，最终当然只有评估了。当然，分析资产的质量,https://xueqiu.com/1301462220/26100886,0,0,0,0,2013-11-13_26100886_资产实在不实在，就是一个资产质量的问题，最终当然只有评估了。当然，分析资产的质量.md
26100751,2013-11-13,主要是精力不济，雪球是一个令人尊敬的财经社区，办得非常好，我以后会多来这里。,https://xueqiu.com/1301462220/26100751,0,1,2,0,2013-11-13_26100751_主要是精力不济，雪球是一个令人尊敬的财经社区，办得非常好，我以后会多来这里。.md
26100701,2013-11-13,当然有造假，给你看看：【现金流量表做假的高招】甲公司将价值500万的存货以900,https://xueqiu.com/1301462220/26100701,0,0,0,0,2013-11-13_26100701_当然有造假，给你看看：【现金流量表做假的高招】甲公司将价值500万的存货以900.md
26100690,2013-11-13,要结合补助资金的来源、补助用途来进行具体分析，不能简单地进行列示。,https://xueqiu.com/1301462220/26100690,0,0,0,0,2013-11-13_26100690_要结合补助资金的来源、补助用途来进行具体分析，不能简单地进行列示。.md
26100647,2013-11-13,读一本基本会计书和财务分析书就可以，但在分析企业时，一定要记住是要分析企业值多少,https://xueqiu.com/1301462220/26100647,0,1,0,0,2013-11-13_26100647_读一本基本会计书和财务分析书就可以，但在分析企业时，一定要记住是要分析企业值多少.md
26100634,2013-11-13,股权价值评估是一个大问题，需要请专业评估机构去作，股权价值评估常用方法主要有折现,https://xueqiu.com/1301462220/26100634,0,0,0,0,2013-11-13_26100634_股权价值评估是一个大问题，需要请专业评估机构去作，股权价值评估常用方法主要有折现.md
26100572,2013-11-13,根据行业毛利率，可以分析分析。,https://xueqiu.com/1301462220/26100572,0,0,0,0,2013-11-13_26100572_根据行业毛利率，可以分析分析。.md
26100563,2013-11-13,就是分析现金的真实性，有没有挪用、有没有冻结，有没有实际上根本就没有的现金。,https://xueqiu.com/1301462220/26100563,0,0,0,0,2013-11-13_26100563_就是分析现金的真实性，有没有挪用、有没有冻结，有没有实际上根本就没有的现金。.md
26100558,2013-11-13,这不能这么讲，你分析一下现金10亿是不是真实的。大家都知道在财报中，现金是最牛的,https://xueqiu.com/1301462220/26100558,0,0,0,0,2013-11-13_26100558_这不能这么讲，你分析一下现金10亿是不是真实的。大家都知道在财报中，现金是最牛的.md
26100418,2013-11-13,哪一个更严重，我真说不好。不过，也不要总是去想那些财务造假的事。财务造假的手段和,https://xueqiu.com/1301462220/26100418,0,0,0,0,2013-11-13_26100418_哪一个更严重，我真说不好。不过，也不要总是去想那些财务造假的事。财务造假的手段和.md
26100388,2013-11-13,这是我很早以前搞的一个分析系统，是一个分析辅助工具。主要是通过各种指标进行对比，,https://xueqiu.com/1301462220/26100388,0,0,0,0,2013-11-13_26100388_这是我很早以前搞的一个分析系统，是一个分析辅助工具。主要是通过各种指标进行对比，.md
26100356,2013-11-13,给你看一篇我写的文章《公允价值是一服毒药》：,https://xueqiu.com/1301462220/26100356,0,0,0,0,2013-11-13_26100356_给你看一篇我写的文章《公允价值是一服毒药》：.md
26100316,2013-11-13,请我喝酒，就一定是当面了。哈哈！,https://xueqiu.com/1301462220/26100316,0,0,0,0,2013-11-13_26100316_请我喝酒，就一定是当面了。哈哈！.md
26100264,2013-11-13,合并报表包括了需要合并的子公司，当然与母公司的报表是有区别，范围不同。合并报表中,https://xueqiu.com/1301462220/26100264,0,0,0,0,2013-11-13_26100264_合并报表包括了需要合并的子公司，当然与母公司的报表是有区别，范围不同。合并报表中.md
26100113,2013-11-13,同你的上一问题的回答！,https://xueqiu.com/1301462220/26100113,0,0,0,0,2013-11-13_26100113_同你的上一问题的回答！.md
26100105,2013-11-13,如果企业呈现：1.主营业务收入持续增长；2.利润增长率超过主营业务收入增长率；3,https://xueqiu.com/1301462220/26100105,0,0,1,2,2013-11-13_26100105_如果企业呈现：1.主营业务收入持续增长；2.利润增长率超过主营业务收入增长率；3.md
26100070,2013-11-13,这种增加看看与现金流关系大不大，看看是不是存在关联交易非关联化。根本以往的应收账,https://xueqiu.com/1301462220/26100070,0,0,0,0,2013-11-13_26100070_这种增加看看与现金流关系大不大，看看是不是存在关联交易非关联化。根本以往的应收账.md
26100007,2013-11-13,每股收益为每股收益=利润总股数；每股净资产= 股东权益总股数。两者没有直接的关系,https://xueqiu.com/1301462220/26100007,0,0,1,1,2013-11-13_26100007_每股收益为每股收益=利润总股数；每股净资产= 股东权益总股数。两者没有直接的关系.md
26099925,2013-11-13,杜邦分析法是以净资产收益率作为分析的起点。该指标的高低反映了投资者净资产获利能力,https://xueqiu.com/1301462220/26099925,0,0,0,0,2013-11-13_26099925_杜邦分析法是以净资产收益率作为分析的起点。该指标的高低反映了投资者净资产获利能力.md
26099832,2013-11-13,存在会计判断因素很重的科目，多关造假容易。公说公有理，婆说婆有理。,https://xueqiu.com/1301462220/26099832,0,0,0,0,2013-11-13_26099832_存在会计判断因素很重的科目，多关造假容易。公说公有理，婆说婆有理。.md
26099807,2013-11-13,不好意思，我一般不对上市公司进行刻意分析，而是就主要造假的方法进行研究，对于出了,https://xueqiu.com/1301462220/26099807,0,0,0,0,2013-11-13_26099807_不好意思，我一般不对上市公司进行刻意分析，而是就主要造假的方法进行研究，对于出了.md
26099776,2013-11-13,这个问题有点大，但上市公司造假主要涉及的是资产类，至于负债，因为有第三方验证，但,https://xueqiu.com/1301462220/26099776,0,1,1,1,2013-11-13_26099776_这个问题有点大，但上市公司造假主要涉及的是资产类，至于负债，因为有第三方验证，但.md
26099721,2013-11-13,分析财报的切入点实际上就三个：资产质量分析、利润质量分析以及现金流分析。通过资产,https://xueqiu.com/1301462220/26099721,0,1,2,1,2013-11-13_26099721_分析财报的切入点实际上就三个：资产质量分析、利润质量分析以及现金流分析。通过资产.md
26099697,2013-11-13,可以看一下下面的回答。,https://xueqiu.com/1301462220/26099697,0,0,0,0,2013-11-13_26099697_可以看一下下面的回答。.md
26099686,2013-11-13,可以的，比如当经营活动现金净流量出现负数，而利润表上的利润很好看时，就可以判断出,https://xueqiu.com/1301462220/26099686,0,1,3,2,2013-11-13_26099686_可以的，比如当经营活动现金净流量出现负数，而利润表上的利润很好看时，就可以判断出.md
26099493,2013-11-13,我一直在思考这个软件，实际上是可以通过很多指标间的横向、纵向历史对比，基本上可以,https://xueqiu.com/1301462220/26099493,0,0,0,0,2013-11-13_26099493_我一直在思考这个软件，实际上是可以通过很多指标间的横向、纵向历史对比，基本上可以.md
26099413,2013-11-13,关于研发费用资本化的问题是一个老问题了，主要是其资本化的过程中存在会计上的人为判,https://xueqiu.com/1301462220/26099413,0,0,0,0,2013-11-13_26099413_关于研发费用资本化的问题是一个老问题了，主要是其资本化的过程中存在会计上的人为判.md
26099321,2013-11-13,我分析财报，就回答一个问题：“企业有没有钱花”。从财报上看，如果它没有钱花，它赚,https://xueqiu.com/1301462220/26099321,0,0,1,1,2013-11-13_26099321_我分析财报，就回答一个问题：“企业有没有钱花”。从财报上看，如果它没有钱花，它赚.md
22134225,2012-08-19,收藏,https://xueqiu.com/1301462220/22134225,0,0,0,0,2012-08-19_22134225_收藏.md
22134222,2012-08-19,"【向爸借500,向妈借500,买双皮鞋用了970,剩30块,还爸10块,还妈10",https://xueqiu.com/1301462220/22134222,0,1,0,2,"2012-08-19_22134222_【向爸借500,向妈借500,买双皮鞋用了970,剩30块,还爸10块,还妈10.md"
